vehicle_id,ts,lat,lon,battery_pct,temp_c,status
V0003,2026-05-01T00:00:06+00:00,-34.61358708884229,-58.3904521306331,70.3,27.1,idle
V0013,2026-05-01T00:00:19+00:00,-34.6345946780681,-58.357063244757704,58.5,28.5,ok
V0079,2026-05-01T00:00:29+00:00,-34.598499680155875,-58.40632538983697,39.6,26.6,ok
V0047,2026-05-01T00:00:42+00:00,-34.56581807504104,-58.416821884047074,61.8,32.4,idle
V0044,2026-05-01T00:00:54+00:00,-34.611472546404215,-58.34163043710115,82.1,21.1,idle
V0044,2026-05-01T00:01:02+00:00,-34.625130707805475,-58.38887484884909,14.3,24.7,battery_low
V0039,2026-05-01T00:01:16+00:00,-34.6382171355916,-58.360156046364494,77.6,27.1,idle
V0017,2026-05-01T00:01:30+00:00,-34.63575728576432,-58.36031119089833,65.7,5.5,ok
V0048,2026-05-01T00:01:42+00:00,-34.63042927156619,-58.41487240514792,43.3,30.5,ok
V0009,2026-05-01T00:01:52+00:00,-34.606784417846825,-58.35855690246897,70.5,15.1,ok
V0069,2026-05-01T00:02:03+00:00,-34.56471033640392,-58.415491917873716,58.4,29.6,ok
V0070,2026-05-01T00:02:15+00:00,-34.58964421558218,-58.36900268234776,99.3,23.2,idle
V0008,2026-05-01T00:02:31+00:00,-34.57744744193332,-58.34445182045756,54.1,16.1,idle
V0036,2026-05-01T00:02:43+00:00,-34.57550776586609,-58.406698997765204,69.9,12.1,ok
V0060,2026-05-01T00:02:51+00:00,-34.64409685376545,-58.38643155390306,60.6,30.4,ok
V0002,2026-05-01T00:03:08+00:00,-34.626364352137905,-58.35887208564842,68.6,17.4,idle
V0007,2026-05-01T00:03:17+00:00,-34.63876264296847,-58.3749218237009,48.2,24.5,ok
V0074,2026-05-01T00:03:30+00:00,-34.588087030389445,-58.42310614868902,44.6,13.7,ok
V0072,2026-05-01T00:03:37+00:00,-34.635743510618575,-58.36229343340209,72.3,24.8,ok
V0000,2026-05-01T00:03:48+00:00,-34.63614921458899,-58.35784890261611,75.2,21.3,ok
V0009,2026-05-01T00:04:02+00:00,-34.56627776466045,-58.41672698178033,63.9,13.0,ok
V0034,2026-05-01T00:04:12+00:00,-34.62464945609965,-58.35726460677735,93.5,36.9,ok
V0053,2026-05-01T00:04:30+00:00,-34.63475511834501,-58.35804872867529,84.2,30.6,ok
V0049,2026-05-01T00:04:36+00:00,-34.567987276534765,-58.3845472530661,78.7,21.6,idle
V0008,2026-05-01T00:04:49+00:00,-34.6292675966031,-58.387067300593145,75.7,21.0,idle
V0017,2026-05-01T00:05:08+00:00,-34.60456569730484,-58.35132097950962,62.7,26.0,ok
V0014,2026-05-01T00:05:13+00:00,-34.62739581870828,-58.4167859224489,28.9,27.4,ok
V0026,2026-05-01T00:05:29+00:00,-34.605470450893925,-58.35279125710281,50.1,28.5,ok
V0003,2026-05-01T00:05:37+00:00,-34.57376444930271,-58.4079176339886,67.8,21.4,ok
V0048,2026-05-01T00:05:48+00:00,-34.58762288085817,-58.367073772009164,41.0,9.7,ok
V0029,2026-05-01T00:06:06+00:00,-34.627237960546175,-58.36806573868988,74.0,28.7,ok
V0048,2026-05-01T00:06:12+00:00,-34.570383003865004,-58.374974198417476,56.3,22.3,ok
V0037,2026-05-01T00:06:29+00:00,-34.610302973640785,-58.34141036822156,82.9,20.0,idle
V0049,2026-05-01T00:06:36+00:00,-34.6393245665528,-58.37541732843786,49.8,19.2,idle
V0038,2026-05-01T00:06:50+00:00,-34.61439769333078,-58.38249165428739,85.4,29.9,ok
V0018,2026-05-01T00:07:02+00:00,-34.637643541526316,-58.357673873523716,74.9,30.4,idle
V0029,2026-05-01T00:07:18+00:00,-34.63803450914458,-58.36234237502335,66.0,28.5,idle
V0028,2026-05-01T00:07:29+00:00,-34.5881864888527,-58.36964267814995,68.8,12.0,idle
V0036,2026-05-01T00:07:43+00:00,-34.626255763947015,-58.359983091764,51.9,21.5,ok
V0073,2026-05-01T00:07:48+00:00,-34.610767311431886,-58.34137768975233,77.4,22.1,ok
V0008,2026-05-01T00:08:03+00:00,-34.6363124913791,-58.36156593300145,77.6,12.9,ok
V0070,2026-05-01T00:08:20+00:00,-34.57666106837871,-58.34136082991901,75.1,19.8,idle
V0055,2026-05-01T00:08:29+00:00,-34.58806476422937,-58.36885834315156,72.2,29.5,ok
V0041,2026-05-01T00:08:40+00:00,-34.611182645901664,-58.390364700769126,68.9,16.6,ok
V0019,2026-05-01T00:08:49+00:00,-34.613107760335744,-58.342044257730414,98.1,23.7,idle
V0073,2026-05-01T00:09:02+00:00,-34.623187374725184,-58.35824472657942,46.1,27.3,ok
V0041,2026-05-01T00:09:19+00:00,-34.60487891655148,-58.358131355373985,70.7,25.9,idle
V0029,2026-05-01T00:09:31+00:00,-34.61102682291075,-58.39173214358532,42.5,17.6,idle
V0017,2026-05-01T00:09:40+00:00,-34.62867106706892,-58.388300598871346,59.2,21.2,idle
V0020,2026-05-01T00:09:51+00:00,-34.644108173318116,-58.3855445062197,51.3,20.4,idle
V0038,2026-05-01T00:10:02+00:00,-34.6353679368235,-58.35850500486836,65.4,15.1,ok
V0035,2026-05-01T00:10:20+00:00,-34.56455278448413,-58.41678519327655,57.8,31.3,ok
V0033,2026-05-01T00:10:30+00:00,-34.625230724400055,-58.385534093423054,55.7,18.3,idle
V0063,2026-05-01T00:10:41+00:00,-34.623751392919374,-58.357892454577154,34.7,15.1,ok
V0072,2026-05-01T00:10:51+00:00,-34.6107318679123,-58.39298396428227,81.2,30.2,idle
V0045,2026-05-01T00:11:01+00:00,-34.61171876889262,-58.34085115425458,70.7,22.1,idle
V0028,2026-05-01T00:11:14+00:00,-34.57627961213439,-58.34452805215037,97.0,16.3,ok
V0044,2026-05-01T00:11:29+00:00,-34.625026650055496,-58.36861641653675,81.6,19.5,ok
V0022,2026-05-01T00:11:43+00:00,-34.64392482103672,-58.38248356809591,90.1,22.8,ok
V0069,2026-05-01T00:11:51+00:00,-34.631330704640256,-58.38560695851981,89.5,14.9,ok
V0004,2026-05-01T00:12:06+00:00,-34.61347375712108,-58.3896223107074,64.9,19.9,ok
V0043,2026-05-01T00:12:13+00:00,-34.59724067327706,-58.40514214274818,36.1,17.6,ok
V0020,2026-05-01T00:12:32+00:00,-34.612491695643705,-58.34398257715894,65.8,14.2,ok
V0070,2026-05-01T00:12:44+00:00,-34.6326276373057,-58.384420485457625,68.8,21.9,ok
V0014,2026-05-01T00:12:50+00:00,-34.58729076950879,-58.421331003833636,67.9,21.6,idle
V0037,2026-05-01T00:13:06+00:00,-34.6242159503631,-58.357364385277315,48.2,27.0,ok
V0023,2026-05-01T00:13:15+00:00,-34.605540814745694,-58.352445243092475,76.1,12.8,idle
V0076,2026-05-01T00:13:28+00:00,-34.59068291023566,-58.42008814512961,76.6,15.3,ok
V0039,2026-05-01T00:13:44+00:00,-34.625034386386524,-58.35682863075912,95.5,8.5,idle
V0069,2026-05-01T00:13:49+00:00,-34.62794488647804,-58.36907231862039,74.1,17.3,ok
V0026,2026-05-01T00:14:04+00:00,-34.59606867722773,-58.40591973436307,57.5,21.8,idle
V0059,2026-05-01T00:14:17+00:00,-34.590182861457244,-58.42162689766811,76.6,29.2,ok
V0002,2026-05-01T00:14:25+00:00,-34.604557728354806,-58.35266975972232,75.7,21.6,ok
V0007,2026-05-01T00:14:43+00:00,-34.62720850789548,-58.36818889378338,58.5,18.5,ok
V0051,2026-05-01T00:14:48+00:00,-34.62708988691854,-58.386876867314,89.1,29.6,idle
V0078,2026-05-01T00:15:00+00:00,-34.573140701279044,-58.40677393023002,76.7,25.3,ok
V0015,2026-05-01T00:15:20+00:00,-34.602991700208854,-58.35991399514654,85.5,24.8,ok
V0046,2026-05-01T00:15:26+00:00,-34.628750550432116,-58.41824991151213,56.3,10.7,idle
V0044,2026-05-01T00:15:39+00:00,-34.637221610137985,-58.36241947280116,80.6,31.4,ok
V0063,2026-05-01T00:15:52+00:00,-34.597362897828546,-58.40647917479746,85.4,21.8,ok
V0005,2026-05-01T00:16:07+00:00,-34.64159537641457,-58.38597463520795,42.0,28.9,ok
V0077,2026-05-01T00:16:12+00:00,-34.579092108337036,-58.34391597738294,69.6,15.9,ok
V0040,2026-05-01T00:16:28+00:00,-34.5779256479046,-58.343183471177966,46.7,18.6,ok
V0019,2026-05-01T00:16:39+00:00,-34.64291788496856,-58.38386757505708,70.0,33.9,ok
V0046,2026-05-01T00:16:49+00:00,-34.6365638074796,-58.35725379186178,100.0,22.4,idle
V0076,2026-05-01T00:17:07+00:00,-34.63731169797872,-58.363869319919836,76.0,20.3,idle
V0077,2026-05-01T00:17:18+00:00,-34.60569941491803,-58.35219825242249,24.3,15.3,ok
V0005,2026-05-01T00:17:30+00:00,-34.57029920469325,-58.384389827442284,59.7,25.5,ok
V0066,2026-05-01T00:17:42+00:00,-34.642353073409936,-58.385688267689524,25.7,22.4,ok
V0041,2026-05-01T00:17:55+00:00,-34.62872783452201,-58.370736474806925,86.0,19.5,ok
V0023,2026-05-01T00:18:02+00:00,-34.59076924275197,-58.42236261790579,58.7,11.3,ok
V0057,2026-05-01T00:18:19+00:00,-34.59001331182258,-58.36746131521073,56.2,15.1,ok
V0034,2026-05-01T00:18:29+00:00,-34.636645181205516,-58.3566602595195,66.1,21.6,ok
V0062,2026-05-01T00:18:44+00:00,-34.59088939815531,-58.420169818808425,42.7,19.8,ok
V0060,2026-05-01T00:18:48+00:00,-34.610971377352215,-58.39168925940854,100.0,24.0,ok
V0068,2026-05-01T00:19:02+00:00,-34.64219818986324,-58.3851320691475,66.9,17.9,ok
V0026,2026-05-01T00:19:14+00:00,-34.637439284953054,-58.374720654177935,66.4,20.0,ok
V0065,2026-05-01T00:19:31+00:00,-34.613874363913226,-58.38926214996962,53.0,23.0,ok
V0054,2026-05-01T00:19:37+00:00,-34.61614462528834,-58.3851023166363,73.3,19.2,ok
V0074,2026-05-01T00:19:49+00:00,-34.62594102218737,-58.38839125786005,52.5,17.1,ok
V0025,2026-05-01T00:20:00+00:00,-34.56709016574657,-58.41482568668749,65.3,17.1,ok
V0031,2026-05-01T00:20:19+00:00,-34.6395546357147,-58.377536836291426,84.1,19.1,idle
V0061,2026-05-01T00:20:30+00:00,-34.611701776636586,-58.39152143401163,66.6,15.2,ok
V0006,2026-05-01T00:20:42+00:00,-34.606221475719536,-58.35942290557015,65.1,15.9,ok
V0036,2026-05-01T00:20:52+00:00,-34.63692804623808,-58.3561156077928,53.4,15.3,idle
V0000,2026-05-01T00:21:02+00:00,-34.57390727743306,-58.4051582652113,81.1,17.0,ok
V0014,2026-05-01T00:21:20+00:00,-34.61148143620249,-58.390160667866986,83.3,28.0,ok
V0049,2026-05-01T00:21:24+00:00,-34.63789544974529,-58.36292210248634,42.1,20.9,ok
V0031,2026-05-01T00:21:36+00:00,-34.578639399790305,-58.343998871616265,18.5,20.4,ok
V0020,2026-05-01T00:21:55+00:00,-34.64293987389021,-58.38345306650827,57.4,21.6,idle
V0030,2026-05-01T00:22:02+00:00,-34.635856943486885,-58.35963630604072,68.6,12.9,ok
V0050,2026-05-01T00:22:12+00:00,-34.63948331087827,-58.3774231052336,91.6,24.3,idle
V0000,2026-05-01T00:22:31+00:00,-34.56828206226468,-58.38261205068788,57.3,22.5,idle
V0067,2026-05-01T00:22:41+00:00,-34.627444949172244,-58.414486818821864,55.8,20.3,idle
V0014,2026-05-01T00:22:48+00:00,-34.641796620997546,-58.386178464411124,62.3,18.5,ok
V0015,2026-05-01T00:23:08+00:00,-34.60967480230161,-58.34199169413955,81.0,17.4,idle
V0034,2026-05-01T00:23:13+00:00,-34.639829656547896,-58.37403263177298,72.4,27.8,ok
V0065,2026-05-01T00:23:31+00:00,-34.643207905818876,-58.38321851086977,81.9,11.7,ok
V0009,2026-05-01T00:23:39+00:00,-34.59762007021881,-58.40737320805236,47.1,24.7,ok
V0049,2026-05-01T00:23:49+00:00,-34.606054907599535,-58.35755960200992,30.6,16.2,idle
V0033,2026-05-01T00:24:02+00:00,-34.57160986807656,-58.37595786227065,55.0,21.7,idle
V0044,2026-05-01T00:24:17+00:00,-34.58666170105443,-58.419495012830616,73.8,14.6,idle
V0017,2026-05-01T00:24:29+00:00,-34.58933908679465,-58.367360104336726,69.1,21.4,ok
V0019,2026-05-01T00:24:37+00:00,-34.63031908132604,-58.385325879489955,64.9,27.7,ok
V0059,2026-05-01T00:24:50+00:00,-34.630752472718875,-58.386165861329516,63.4,17.5,ok
V0060,2026-05-01T00:25:05+00:00,-34.6358227390751,-58.356916867416096,65.2,24.5,ok
V0069,2026-05-01T00:25:16+00:00,-34.62404021862497,-58.35727439692334,39.5,26.5,ok
V0077,2026-05-01T00:25:25+00:00,-34.63628134836906,-58.36302102885566,66.9,19.3,ok
V0059,2026-05-01T00:25:37+00:00,-34.63830691387212,-58.37511842628656,86.9,15.7,ok
V0000,2026-05-01T00:25:50+00:00,-34.610384697337935,-58.391379169638626,13.1,16.3,battery_low
V0022,2026-05-01T00:26:00+00:00,-34.58893631548049,-58.422302855530205,50.4,14.3,idle
V0033,2026-05-01T00:26:12+00:00,-34.57317228524702,-58.40664205914496,34.6,23.0,ok
V0021,2026-05-01T00:26:32+00:00,-34.604159932363466,-58.3579317389804,18.2,21.7,ok
V0026,2026-05-01T00:26:44+00:00,-34.62904792865089,-58.384646262936855,59.7,35.4,ok
V0031,2026-05-01T00:26:49+00:00,-34.570372640372035,-58.38569685816412,86.2,23.9,ok
V0012,2026-05-01T00:27:07+00:00,-34.57405733985812,-58.40820882000084,53.2,20.3,idle
V0045,2026-05-01T00:27:12+00:00,-34.6138778928813,-58.38469803782083,80.5,18.9,idle
V0019,2026-05-01T00:27:28+00:00,-34.58891934544648,-58.41962259011268,56.9,15.4,ok
V0013,2026-05-01T00:27:38+00:00,-34.6116752174203,-58.34095578332079,78.2,23.8,ok
V0035,2026-05-01T00:27:51+00:00,-34.605012802852094,-58.352835933156015,49.4,17.0,ok
V0038,2026-05-01T00:28:07+00:00,-34.634400035983205,-58.357193566784474,55.5,17.6,ok
V0018,2026-05-01T00:28:18+00:00,-34.6044384635477,-58.35197596444741,56.4,19.1,idle
V0063,2026-05-01T00:28:32+00:00,-34.58612109475906,-58.42065128853527,77.6,22.3,idle
V0009,2026-05-01T00:28:41+00:00,-34.61339398807516,-58.389933806269234,78.2,21.3,ok
V0054,2026-05-01T00:28:52+00:00,-34.64322954913492,-58.38543946602113,63.4,30.8,ok
V0061,2026-05-01T00:29:04+00:00,-34.57747802607401,-58.34357225837317,87.0,17.4,idle
V0003,2026-05-01T00:29:14+00:00,-34.62712526448943,-58.40239336593674,54.8,22.8,ok
V0043,2026-05-01T00:29:29+00:00,-34.62324068170187,-58.359380520183834,71.9,20.9,idle
V0043,2026-05-01T00:29:40+00:00,-34.579463535768994,-58.342876314107855,78.1,15.2,ok
V0021,2026-05-01T00:29:56+00:00,-34.6344505208768,-58.35967854584277,60.3,20.7,ok
V0053,2026-05-01T00:30:06+00:00,-34.60413376775284,-58.35340118433397,59.3,16.7,idle
V0065,2026-05-01T00:30:15+00:00,-34.625854122402416,-58.386474060899246,71.7,22.0,ok
V0008,2026-05-01T00:30:27+00:00,-34.602041632686486,-58.350029128230396,47.9,12.1,ok
V0060,2026-05-01T00:30:36+00:00,-34.613181249128225,-58.38211790704638,76.2,19.2,ok
V0052,2026-05-01T00:30:56+00:00,-34.586862019340025,-58.41885938572331,70.4,12.0,ok
V0052,2026-05-01T00:31:07+00:00,-34.628556999445486,-58.386239907768505,61.3,28.5,ok
V0024,2026-05-01T00:31:19+00:00,-34.62505062489233,-58.36971253720611,42.5,20.2,ok
V0024,2026-05-01T00:31:26+00:00,-34.604248386833575,-58.36007717246808,48.7,29.8,ok
V0010,2026-05-01T00:31:42+00:00,-34.6358182681848,-58.36115893250409,36.4,11.8,idle
V0023,2026-05-01T00:31:52+00:00,-34.613813310992114,-58.3904191975783,54.0,27.4,ok
V0010,2026-05-01T00:32:01+00:00,-34.57784424120043,-58.34195001020333,92.9,27.4,ok
V0017,2026-05-01T00:32:17+00:00,-34.64309183411636,-58.382796886168954,58.6,24.5,ok
V0048,2026-05-01T00:32:31+00:00,-34.61391061533458,-58.389609443727586,63.0,20.7,ok
V0008,2026-05-01T00:32:40+00:00,-34.63816073335868,-58.363281740527626,70.4,28.0,ok
V0062,2026-05-01T00:32:51+00:00,-34.62665858387979,-58.36805151518563,61.9,17.4,idle
V0019,2026-05-01T00:33:00+00:00,-34.63698246616157,-58.37579781238953,70.2,17.6,ok
V0010,2026-05-01T00:33:17+00:00,-34.587958756713675,-58.419257653150204,56.0,27.9,ok
V0056,2026-05-01T00:33:31+00:00,-34.60421111085246,-58.35184871420548,46.0,16.0,idle
V0002,2026-05-01T00:33:37+00:00,-34.571252486097144,-58.37557222166081,100.0,31.9,ok
V0026,2026-05-01T00:33:49+00:00,-34.636549753627826,-58.359898494109046,63.5,30.5,idle
V0033,2026-05-01T00:34:01+00:00,-34.62763680108642,-58.41742977999008,81.6,19.9,ok
V0021,2026-05-01T00:34:16+00:00,-34.6391718699772,-58.3747434582865,44.4,22.3,idle
V0001,2026-05-01T00:34:31+00:00,-34.57915374079791,-58.34122336502101,59.8,14.8,ok
V0004,2026-05-01T00:34:41+00:00,-34.63789389050137,-58.37425470490106,59.9,24.4,idle
V0024,2026-05-01T00:34:55+00:00,-34.6400120243114,-58.37572594434524,52.1,20.7,ok
V0073,2026-05-01T00:35:04+00:00,-34.56488779156513,-58.41527358009852,57.9,16.1,ok
V0064,2026-05-01T00:35:20+00:00,-34.63104034084506,-58.415617149942804,74.4,24.9,idle
V0057,2026-05-01T00:35:24+00:00,-34.57594290429805,-58.40880160130615,62.6,34.0,ok
V0006,2026-05-01T00:35:38+00:00,-34.630597592831094,-58.417571023671485,50.3,23.7,ok
V0000,2026-05-01T00:35:51+00:00,-34.6292198322982,-58.41710328984316,56.6,22.9,ok
V0004,2026-05-01T00:36:03+00:00,-34.58832773367823,-58.4193471515267,80.8,19.7,ok
V0002,2026-05-01T00:36:18+00:00,-34.60357844970816,-58.35797482102254,69.0,18.5,ok
V0022,2026-05-01T00:36:24+00:00,-34.59825196529501,-58.40632860435979,77.8,18.2,ok
V0013,2026-05-01T00:36:38+00:00,-34.635339412023036,-58.35721107060684,85.3,24.2,ok
V0008,2026-05-01T00:36:56+00:00,-34.62505411558183,-58.38647623302933,75.2,18.6,ok
V0059,2026-05-01T00:37:02+00:00,-34.57701948946668,-58.34301419441945,34.8,16.5,ok
V0010,2026-05-01T00:37:17+00:00,-34.63628797594463,-58.35665491763557,78.4,11.9,idle
V0044,2026-05-01T00:37:29+00:00,-34.63478811967419,-58.35745509743172,47.7,17.0,ok
V0009,2026-05-01T00:37:41+00:00,-34.62625479339358,-58.38543550058839,62.1,26.4,idle
V0044,2026-05-01T00:37:56+00:00,-34.612280733624196,-58.34088082657891,100.0,18.2,idle
V0026,2026-05-01T00:38:07+00:00,-34.56908045156729,-58.38422683249376,59.3,22.8,ok
V0028,2026-05-01T00:38:14+00:00,-34.62648205621097,-58.36837570937424,64.1,21.1,ok
V0008,2026-05-01T00:38:30+00:00,-34.63466830411506,-58.359138061476685,71.1,21.5,ok
V0063,2026-05-01T00:38:39+00:00,-34.5794867835835,-58.34252637153184,68.4,18.8,ok
V0016,2026-05-01T00:38:49+00:00,-34.56955606716728,-58.3854483356609,61.0,10.3,ok
V0050,2026-05-01T00:39:03+00:00,-34.59914328980368,-58.40603454520944,64.3,18.5,ok
V0013,2026-05-01T00:39:14+00:00,-34.602194448111426,-58.35098988396629,58.2,22.4,ok
V0053,2026-05-01T00:39:29+00:00,-34.59119758607458,-58.368675330010085,45.2,14.6,ok
V0026,2026-05-01T00:39:36+00:00,-34.60482145781535,-58.352688635875985,54.9,16.8,ok
V0054,2026-05-01T00:39:48+00:00,-34.624070561353214,-58.35892726926811,64.2,28.5,idle
V0076,2026-05-01T00:40:06+00:00,-34.57769981959298,-58.34461514855229,44.1,6.2,ok
V0043,2026-05-01T00:40:16+00:00,-34.6274298750287,-58.417933571342104,90.5,13.6,ok
V0043,2026-05-01T00:40:27+00:00,-34.610627793058065,-58.340775780832026,72.0,22.3,ok
V0063,2026-05-01T00:40:40+00:00,-34.61149694869828,-58.39007519521329,81.7,14.9,ok
V0001,2026-05-01T00:40:56+00:00,-34.628863745677826,-58.418224834765134,56.2,23.9,idle
V0054,2026-05-01T00:41:02+00:00,-34.60307585968628,-58.360411872237314,61.9,23.0,ok
V0000,2026-05-01T00:41:16+00:00,-34.63788552898616,-58.37634403264807,88.3,23.0,ok
V0060,2026-05-01T00:41:28+00:00,-34.60521148067823,-58.360093947351295,53.0,15.3,ok
V0073,2026-05-01T00:41:42+00:00,-34.58549604236744,-58.41915394148151,62.6,23.3,ok
V0026,2026-05-01T00:41:53+00:00,-34.627419757615804,-58.38658586492023,58.1,17.2,idle
V0043,2026-05-01T00:42:03+00:00,-34.587430225720986,-58.42280587053667,61.5,29.5,ok
V0079,2026-05-01T00:42:13+00:00,-34.62749770304204,-58.405653595745804,68.1,17.5,idle
V0043,2026-05-01T00:42:25+00:00,-34.56914237432308,-58.38501846781652,67.0,20.0,ok
V0041,2026-05-01T00:42:44+00:00,-34.613130892874985,-58.34301388574614,79.4,24.7,ok
V0027,2026-05-01T00:42:49+00:00,-34.61355594776328,-58.3902987535676,41.7,14.1,ok
V0074,2026-05-01T00:43:07+00:00,-34.58593576702946,-58.42224732947562,58.8,23.7,ok
V0037,2026-05-01T00:43:13+00:00,-34.61071493179102,-58.39021674608382,49.4,6.0,idle
V0034,2026-05-01T00:43:27+00:00,-34.62589874877952,-58.357727589654985,56.6,22.1,idle
V0041,2026-05-01T00:43:37+00:00,-34.63673034405915,-58.35669523599494,94.1,16.0,ok
V0074,2026-05-01T00:43:55+00:00,-34.60397081820334,-58.35865241291169,90.7,9.6,idle
V0072,2026-05-01T00:44:07+00:00,-34.641748331031465,-58.3828326291225,23.8,29.4,ok
V0043,2026-05-01T00:44:20+00:00,-34.6309115951726,-58.38603608804212,100.0,26.5,idle
V0032,2026-05-01T00:44:25+00:00,-34.62830165391497,-58.404297559198305,85.9,18.7,ok
V0007,2026-05-01T00:44:43+00:00,-34.63775365761427,-58.36353848974623,54.4,28.5,ok
V0056,2026-05-01T00:44:54+00:00,-34.64184532262019,-58.384715857585846,92.6,16.9,idle
V0030,2026-05-01T00:45:05+00:00,-34.62544368665607,-58.370159366166185,37.8,22.3,ok
V0006,2026-05-01T00:45:20+00:00,-34.636968762250916,-58.360694422275884,52.2,13.5,idle
V0045,2026-05-01T00:45:27+00:00,-34.625910581853574,-58.38724434943061,75.7,10.7,idle
V0065,2026-05-01T00:45:38+00:00,-34.624534357964095,-58.357102420954746,51.1,19.3,ok
V0045,2026-05-01T00:45:54+00:00,-34.63994084325128,-58.375996045910206,44.1,18.7,idle
V0020,2026-05-01T00:46:05+00:00,-34.5908270957714,-58.36961755190638,66.2,25.0,idle
V0078,2026-05-01T00:46:15+00:00,-34.627893579140085,-58.3883749248914,67.4,20.2,ok
V0018,2026-05-01T00:46:25+00:00,-34.62898336698569,-58.41475673053204,42.1,23.8,ok
V0072,2026-05-01T00:46:36+00:00,-34.57535724293955,-58.406666217686,58.5,17.3,idle
V0009,2026-05-01T00:46:53+00:00,-34.62395667288903,-58.35719180873623,59.7,17.9,idle
V0048,2026-05-01T00:47:01+00:00,-34.62758404532706,-58.36743759691769,56.2,14.3,ok
V0054,2026-05-01T00:47:16+00:00,-34.573928610920404,-58.40907788445204,58.7,14.7,ok
V0031,2026-05-01T00:47:32+00:00,-34.629385658486264,-58.41771281962108,47.4,19.5,ok
V0059,2026-05-01T00:47:40+00:00,-34.63261149118895,-58.38737638522104,65.3,21.3,ok
V0068,2026-05-01T00:47:50+00:00,-34.62727134498544,-58.405569313118896,68.7,32.4,ok
V0067,2026-05-01T00:48:03+00:00,-34.637389002816604,-58.361426760582546,84.7,18.5,ok
V0009,2026-05-01T00:48:18+00:00,-34.62529627200746,-58.40204402747036,56.3,26.2,ok
V0021,2026-05-01T00:48:27+00:00,-34.597993532883535,-58.40591586749057,73.0,16.9,ok
V0038,2026-05-01T00:48:36+00:00,-34.613762901511954,-58.38439394822609,68.0,21.8,ok
V0008,2026-05-01T00:48:50+00:00,-34.62461010924967,-58.358899812351964,67.8,19.4,idle
V0071,2026-05-01T00:49:03+00:00,-34.602979441242965,-58.359710801763356,64.6,22.5,ok
V0057,2026-05-01T00:49:12+00:00,-34.57290572115562,-58.40676538946483,94.0,19.3,ok
V0054,2026-05-01T00:49:31+00:00,-34.61035126842774,-58.34178507306408,76.4,17.3,ok
V0031,2026-05-01T00:49:40+00:00,-34.61465202244197,-58.38585351060338,78.0,28.9,ok
V0057,2026-05-01T00:49:51+00:00,-34.63484725052141,-58.35647412148883,13.9,21.3,battery_low
V0010,2026-05-01T00:50:00+00:00,-34.62501287378781,-58.35727146269449,57.6,17.5,ok
V0020,2026-05-01T00:50:18+00:00,-34.57396336978812,-58.4062345671477,100.0,21.3,ok
V0075,2026-05-01T00:50:26+00:00,-34.57061844410135,-58.38362732466075,39.5,22.3,idle
V0027,2026-05-01T00:50:43+00:00,-34.5871118131648,-58.42250841829944,55.4,30.2,idle
V0018,2026-05-01T00:50:53+00:00,-34.63805956566069,-58.36391829644237,66.2,10.6,ok
V0013,2026-05-01T00:51:06+00:00,-34.63684708129694,-58.3740248830113,69.1,23.4,ok
V0005,2026-05-01T00:51:17+00:00,-34.63584858537466,-58.36195894770619,100.0,21.9,idle
V0073,2026-05-01T00:51:32+00:00,-34.639424993025585,-58.373641279822316,45.9,24.4,ok
V0064,2026-05-01T00:51:44+00:00,-34.59662047563742,-58.40426544725054,74.9,29.9,ok
V0029,2026-05-01T00:51:56+00:00,-34.63565966774144,-58.360194097498244,50.4,28.9,ok
V0063,2026-05-01T00:52:07+00:00,-34.58646571936117,-58.42245477926464,77.1,16.0,ok
V0008,2026-05-01T00:52:18+00:00,-34.63713770964451,-58.356288689743195,54.0,12.1,idle
V0060,2026-05-01T00:52:24+00:00,-34.610834795134444,-58.34340132600981,66.6,25.0,ok
V0000,2026-05-01T00:52:40+00:00,-34.626002584206184,-58.369742469441164,96.8,27.9,ok
V0013,2026-05-01T00:52:51+00:00,-34.58872700408299,-58.4205727317314,92.1,32.6,ok
V0053,2026-05-01T00:53:08+00:00,-34.569574117625415,-58.3839903021214,44.0,25.1,ok
V0072,2026-05-01T00:53:16+00:00,-34.60191131732252,-58.34981790915284,58.6,23.2,idle
V0078,2026-05-01T00:53:25+00:00,-34.63205067819695,-58.38670211887823,61.7,18.5,ok
V0044,2026-05-01T00:53:44+00:00,-34.610701770191035,-58.38966355777396,55.3,23.0,ok
V0077,2026-05-01T00:53:52+00:00,-34.63073227321231,-58.41664394186393,73.0,22.5,idle
V0028,2026-05-01T00:54:08+00:00,-34.587667626092575,-58.368240498661166,25.9,15.8,ok
V0034,2026-05-01T00:54:19+00:00,-34.625806965373386,-58.40568759944948,61.8,30.7,ok
V0072,2026-05-01T00:54:30+00:00,-34.60338316130511,-58.3518270426004,73.8,8.2,ok
V0031,2026-05-01T00:54:40+00:00,-34.639074977732086,-58.36246960551501,62.5,14.3,ok
V0059,2026-05-01T00:54:55+00:00,-34.61292035931435,-58.383122377693404,56.1,19.2,ok
V0012,2026-05-01T00:55:05+00:00,-34.57119955282732,-58.3859675662724,67.0,10.4,ok
V0007,2026-05-01T00:55:20+00:00,-34.59105565946637,-58.36672477633329,52.2,12.2,ok
V0013,2026-05-01T00:55:25+00:00,-34.62697705962611,-58.38606706922819,81.2,20.4,ok
V0039,2026-05-01T00:55:43+00:00,-34.63770630870535,-58.37456526329843,72.1,21.7,idle
V0063,2026-05-01T00:55:56+00:00,-34.62282122675234,-58.36020821944633,98.7,17.3,idle
V0076,2026-05-01T00:56:02+00:00,-34.64448200607931,-58.38616301519348,76.9,28.5,ok
V0027,2026-05-01T00:56:13+00:00,-34.6251897083941,-58.40499500913325,53.1,26.5,idle
V0072,2026-05-01T00:56:29+00:00,-34.56659336058404,-58.417415663555545,65.0,19.8,idle
V0077,2026-05-01T00:56:43+00:00,-34.57243068430074,-58.40871925215966,66.3,17.7,ok
V0048,2026-05-01T00:56:54+00:00,-34.59022405795904,-58.41928696551788,62.6,17.1,ok
V0032,2026-05-01T00:57:02+00:00,-34.56950524322465,-58.383887497083215,70.9,19.5,ok
V0039,2026-05-01T00:57:19+00:00,-34.62661126239709,-58.40346025049792,60.3,17.5,ok
V0029,2026-05-01T00:57:28+00:00,-34.604502076833676,-58.35270410930381,65.2,24.3,ok
V0061,2026-05-01T00:57:36+00:00,-34.63805430360344,-58.37430732490033,62.3,9.5,ok
V0028,2026-05-01T00:57:56+00:00,-34.637573338992624,-58.36066650115537,47.9,16.6,ok
V0034,2026-05-01T00:58:07+00:00,-34.62902773492351,-58.387628927043636,30.1,11.4,ok
V0029,2026-05-01T00:58:12+00:00,-34.61164392752813,-58.38936765103929,89.6,23.5,ok
V0021,2026-05-01T00:58:26+00:00,-34.61299544580647,-58.343353057808116,35.3,32.6,ok
V0058,2026-05-01T00:58:36+00:00,-34.64333564132577,-58.382823515131165,84.7,19.5,ok
V0031,2026-05-01T00:58:51+00:00,-34.63685732269937,-58.37520628071263,69.7,19.5,ok
V0055,2026-05-01T00:59:06+00:00,-34.61398240097436,-58.38341714271073,46.6,13.2,ok
V0075,2026-05-01T00:59:14+00:00,-34.62598919345948,-58.404632061850066,63.5,24.5,ok
V0026,2026-05-01T00:59:32+00:00,-34.58669896821759,-58.41946071935894,78.4,32.7,ok
V0035,2026-05-01T00:59:44+00:00,-34.598235640133176,-58.40796328157411,72.3,21.0,ok
V0066,2026-05-01T00:59:52+00:00,-34.61018888368338,-58.39140971060156,53.1,19.3,idle
V0000,2026-05-01T01:00:01+00:00,-34.576187019576636,-58.34238009852704,24.4,16.8,idle
V0017,2026-05-01T01:00:18+00:00,-34.57764707700206,-58.342879721553025,57.1,20.3,ok
V0038,2026-05-01T01:00:28+00:00,-34.59535611429278,-58.407963747030976,51.0,27.2,ok
V0000,2026-05-01T01:00:43+00:00,-34.58941141545578,-58.36936037569299,67.1,7.4,ok
V0056,2026-05-01T01:00:55+00:00,-34.589063826267356,-58.420512255748704,77.8,12.0,idle
V0010,2026-05-01T01:01:03+00:00,-34.63275533356858,-58.384152205641584,49.0,21.0,ok
V0074,2026-05-01T01:01:15+00:00,-34.62746743567599,-58.40473266673871,34.5,28.2,ok
V0000,2026-05-01T01:01:26+00:00,-34.60557659976586,-58.35807939621569,75.2,13.7,ok
V0061,2026-05-01T01:01:43+00:00,-34.59081604303568,-58.42225607850805,85.9,17.7,idle
V0031,2026-05-01T01:01:56+00:00,-34.63646676571075,-58.375999278789486,43.9,24.6,idle
V0052,2026-05-01T01:02:06+00:00,-34.63171159482663,-58.384754410517175,40.2,18.8,ok
V0039,2026-05-01T01:02:15+00:00,-34.63612282076681,-58.36217185940442,69.6,18.0,ok
V0073,2026-05-01T01:02:28+00:00,-34.61631004084555,-58.38518302391808,67.9,24.5,idle
V0030,2026-05-01T01:02:40+00:00,-34.62834262610607,-58.38574000898052,99.9,29.8,idle
V0042,2026-05-01T01:02:50+00:00,-34.63755070908478,-58.376007402674595,76.9,16.9,idle
V0069,2026-05-01T01:03:01+00:00,-34.58839681690122,-58.41953963089263,78.0,24.0,idle
V0029,2026-05-01T01:03:20+00:00,-34.60658125542387,-58.35958980480591,55.4,16.4,ok
V0033,2026-05-01T01:03:28+00:00,-34.61297192798516,-58.39122204730042,64.6,16.0,idle
V0030,2026-05-01T01:03:42+00:00,-34.604444885934754,-58.351193147160735,80.9,14.7,ok
V0074,2026-05-01T01:03:52+00:00,-34.572602404521234,-58.40663464154499,68.4,14.8,ok
V0056,2026-05-01T01:04:02+00:00,-34.58543537958173,-58.419141751802876,58.1,24.9,ok
V0076,2026-05-01T01:04:20+00:00,-34.64299622619026,-58.38441318483871,81.7,26.8,ok
V0040,2026-05-01T01:04:31+00:00,-34.6272346238756,-58.402802203613795,89.8,25.6,idle
V0017,2026-05-01T01:04:38+00:00,-34.59021974943883,-58.36642686202373,25.9,21.5,ok
V0003,2026-05-01T01:04:51+00:00,-34.6254058592733,-58.36754169404045,79.4,30.2,ok
V0008,2026-05-01T01:05:04+00:00,-34.61185879365828,-58.39023558650584,63.7,14.1,ok
V0066,2026-05-01T01:05:17+00:00,-34.625760447469574,-58.37068904398262,67.7,31.2,ok
V0039,2026-05-01T01:05:24+00:00,-34.627501257752925,-58.38818124717032,68.4,22.5,ok
V0009,2026-05-01T01:05:42+00:00,-34.603782950889546,-58.358704080515864,70.7,27.4,idle
V0073,2026-05-01T01:05:51+00:00,-34.603154615752345,-58.359429501578525,50.6,9.4,idle
V0011,2026-05-01T01:06:07+00:00,-34.62924002517965,-58.38614476737729,75.6,30.3,idle
V0005,2026-05-01T01:06:20+00:00,-34.63132015843899,-58.38575618993666,60.6,24.3,ok
V0072,2026-05-01T01:06:32+00:00,-34.64269728024157,-58.38385569540473,96.8,25.9,ok
V0007,2026-05-01T01:06:37+00:00,-34.62818343795796,-58.4030316749423,54.1,13.2,ok
V0028,2026-05-01T01:06:56+00:00,-34.566480153539885,-58.41442245754685,63.3,17.7,ok
V0042,2026-05-01T01:07:01+00:00,-34.631851940686,-58.38423513843589,47.0,26.1,ok
V0056,2026-05-01T01:07:15+00:00,-34.60483269989382,-58.35789580777986,85.4,13.1,ok
V0060,2026-05-01T01:07:25+00:00,-34.573422567562965,-58.40880573584481,69.6,14.8,ok
V0062,2026-05-01T01:07:36+00:00,-34.5730088375959,-58.377464605993254,45.9,24.4,ok
V0018,2026-05-01T01:07:52+00:00,-34.58899612567205,-58.3702144221396,66.0,22.9,idle
V0031,2026-05-01T01:08:02+00:00,-34.61123175228729,-58.389401128124824,48.0,23.6,ok
V0006,2026-05-01T01:08:16+00:00,-34.56862938732866,-58.385327080664986,63.3,21.2,idle
V0029,2026-05-01T01:08:30+00:00,-34.587233407414715,-58.419147490860546,80.4,21.7,ok
V0030,2026-05-01T01:08:42+00:00,-34.625728673753834,-58.367846371072474,54.8,13.0,ok
V0049,2026-05-01T01:08:55+00:00,-34.587656576469776,-58.36955560006201,91.7,20.6,ok
V0076,2026-05-01T01:09:06+00:00,-34.606805715965784,-58.3589497564123,78.4,16.2,ok
V0039,2026-05-01T01:09:18+00:00,-34.60460347413704,-58.35316363577214,56.8,16.5,ok
V0065,2026-05-01T01:09:25+00:00,-34.63112245715516,-58.3843778548054,74.0,21.3,ok
V0044,2026-05-01T01:09:42+00:00,-34.605810787929975,-58.35702030416542,72.0,15.1,ok
V0045,2026-05-01T01:09:53+00:00,-34.5703900952912,-58.37723243915777,59.7,19.1,ok
V0010,2026-05-01T01:10:08+00:00,-34.568340454947176,-58.385354570394654,69.5,17.0,ok
V0025,2026-05-01T01:10:15+00:00,-34.62751821161519,-58.41487255029056,97.4,21.1,idle
V0041,2026-05-01T01:10:30+00:00,-34.58799252993726,-58.42123407125949,30.0,16.7,ok
V0070,2026-05-01T01:10:36+00:00,-34.640345474140226,-58.37489301897765,55.7,7.1,ok
V0022,2026-05-01T01:10:54+00:00,-34.63715926394928,-58.37408495029434,51.4,23.2,ok
V0053,2026-05-01T01:11:08+00:00,-34.57261244009025,-58.37584107215737,68.9,25.8,idle
V0040,2026-05-01T01:11:17+00:00,-34.612540380792076,-58.392197934451346,47.1,16.0,idle
V0035,2026-05-01T01:11:25+00:00,-34.565199614300646,-58.41764312006847,91.5,16.0,ok
V0065,2026-05-01T01:11:37+00:00,-34.573390292679896,-58.37514514852761,47.4,15.4,ok
V0063,2026-05-01T01:11:49+00:00,-34.570612663586935,-58.38341265454568,61.4,29.2,ok
V0014,2026-05-01T01:12:07+00:00,-34.574883239692326,-58.40530502386048,37.6,25.5,idle
V0033,2026-05-01T01:12:18+00:00,-34.62928067947742,-58.417239484214576,52.7,21.2,ok
V0060,2026-05-01T01:12:32+00:00,-34.610980628026795,-58.341940443010245,33.6,10.8,ok
V0007,2026-05-01T01:12:40+00:00,-34.64452555037654,-58.38624193652002,73.2,17.3,ok
V0049,2026-05-01T01:12:55+00:00,-34.59706919351348,-58.40568445165011,46.3,20.6,ok
V0013,2026-05-01T01:13:05+00:00,-34.60486173887521,-58.35868924511508,77.6,10.0,ok
V0016,2026-05-01T01:13:12+00:00,-34.63564012388554,-58.358200818724846,56.9,17.9,ok
V0075,2026-05-01T01:13:26+00:00,-34.64405175138889,-58.38382753388268,12.2,19.2,battery_low
V0043,2026-05-01T01:13:43+00:00,-34.62882869138014,-58.416006902159964,45.3,26.3,idle
V0050,2026-05-01T01:13:53+00:00,-34.62497072149505,-58.358998204581525,42.1,23.1,ok
V0061,2026-05-01T01:14:01+00:00,-34.62702848053278,-58.40374601282533,60.7,10.0,ok
V0063,2026-05-01T01:14:14+00:00,-34.60546975577324,-58.3574216231573,75.8,24.2,ok
V0021,2026-05-01T01:14:24+00:00,-34.56517841439742,-58.41642395600414,92.8,18.5,idle
V0010,2026-05-01T01:14:42+00:00,-34.58997248821601,-58.36805762167306,76.4,13.5,ok
V0039,2026-05-01T01:14:51+00:00,-34.57386836951909,-58.40705466232641,65.7,21.6,idle
V0056,2026-05-01T01:15:01+00:00,-34.571443906323566,-58.383929617575184,67.9,26.4,ok
V0043,2026-05-01T01:15:13+00:00,-34.62806949875846,-58.415813988066986,64.8,21.7,ok
V0073,2026-05-01T01:15:26+00:00,-34.58571114969889,-58.420736482099635,94.7,25.6,ok
V0026,2026-05-01T01:15:39+00:00,-34.62726083579778,-58.36906601763528,42.0,18.2,ok
V0001,2026-05-01T01:15:48+00:00,-34.61306863926652,-58.39004161739699,61.0,25.6,ok
V0012,2026-05-01T01:16:02+00:00,-34.59061544803121,-58.42177408912736,100.0,26.4,ok
V0026,2026-05-01T01:16:18+00:00,-34.62778525834169,-58.38801115910891,52.9,22.7,ok
V0036,2026-05-01T01:16:24+00:00,-34.63114838364305,-58.38621639656553,88.7,7.7,ok
V0017,2026-05-01T01:16:37+00:00,-34.62545499894174,-58.3879895496783,91.6,12.4,idle
V0016,2026-05-01T01:16:52+00:00,-34.6226953420572,-58.356673264838506,58.9,24.6,ok
V0056,2026-05-01T01:17:01+00:00,-34.57334665078474,-58.407447708847066,78.9,11.7,ok
V0062,2026-05-01T01:17:17+00:00,-34.58787343053518,-58.42162315695471,39.6,29.1,ok
V0052,2026-05-01T01:17:27+00:00,-34.57479462224424,-58.406082955664324,49.7,23.6,idle
V0014,2026-05-01T01:17:39+00:00,-34.629832050236345,-58.38581026273209,39.0,23.4,ok
V0050,2026-05-01T01:17:51+00:00,-34.613498492214205,-58.38328950495961,85.8,19.6,ok
V0078,2026-05-01T01:18:02+00:00,-34.61137591123956,-58.343680670946185,63.0,21.3,ok
V0002,2026-05-01T01:18:15+00:00,-34.61302177602868,-58.393125719829975,92.5,24.7,ok
V0043,2026-05-01T01:18:28+00:00,-34.61174796457633,-58.39150526392672,73.1,33.9,ok
V0001,2026-05-01T01:18:38+00:00,-34.64411645875074,-58.385205886223545,81.3,23.7,ok
V0044,2026-05-01T01:18:51+00:00,-34.57486496502604,-58.40705433146194,38.6,27.3,idle
V0022,2026-05-01T01:19:08+00:00,-34.588634364909886,-58.36801150698258,35.1,15.1,ok
V0004,2026-05-01T01:19:20+00:00,-34.56928915030503,-58.38392900619329,85.0,25.3,ok
V0050,2026-05-01T01:19:29+00:00,-34.63524325601554,-58.359852879868164,79.6,27.7,ok
V0050,2026-05-01T01:19:44+00:00,-34.57704164135912,-58.3414183303439,54.8,23.1,ok
V0031,2026-05-01T01:19:52+00:00,-34.62734763339055,-58.403611414110856,78.6,15.0,ok
V0013,2026-05-01T01:20:02+00:00,-34.57126612022965,-58.38302651086602,56.2,30.0,ok
V0041,2026-05-01T01:20:16+00:00,-34.638187916882075,-58.36072536552545,49.4,18.7,ok
V0047,2026-05-01T01:20:31+00:00,-34.57127348213623,-58.37452322105998,50.3,20.0,ok
V0024,2026-05-01T01:20:38+00:00,-34.64219561936845,-58.38266022636289,51.9,8.8,ok
V0022,2026-05-01T01:20:56+00:00,-34.61525702278563,-58.38465763231571,75.6,16.1,ok
V0061,2026-05-01T01:21:02+00:00,-34.63646720533615,-58.36242940034075,68.7,18.8,ok
V0031,2026-05-01T01:21:12+00:00,-34.597588866287715,-58.405667876264495,90.8,27.5,ok
V0054,2026-05-01T01:21:30+00:00,-34.611008066944386,-58.34341535868339,75.2,32.5,ok
V0059,2026-05-01T01:21:41+00:00,-34.638404278178854,-58.363009886974645,84.0,21.6,ok
V0028,2026-05-01T01:21:56+00:00,-34.58556995296742,-58.42191874828465,88.0,13.5,ok
V0018,2026-05-01T01:22:03+00:00,-34.604083758035706,-58.353082486951386,65.6,26.8,idle
V0043,2026-05-01T01:22:12+00:00,-34.63728668372032,-58.36062790642004,57.2,29.7,idle
V0020,2026-05-01T01:22:28+00:00,-34.58850699004452,-58.36998072519441,76.3,23.6,ok
V0016,2026-05-01T01:22:36+00:00,-34.59095694924775,-58.4199514165438,21.4,20.2,ok
V0047,2026-05-01T01:22:55+00:00,-34.627778469074094,-58.405613182881396,85.2,33.6,ok
V0002,2026-05-01T01:23:07+00:00,-34.58013103043181,-58.344485453006925,34.3,18.7,ok
V0018,2026-05-01T01:23:15+00:00,-34.571520922375505,-58.38530962059275,53.5,16.5,idle
V0011,2026-05-01T01:23:26+00:00,-34.58815203806415,-58.36941714299322,77.4,25.5,ok
V0033,2026-05-01T01:23:44+00:00,-34.602919031513515,-58.35056086217269,74.4,28.3,idle
V0014,2026-05-01T01:23:48+00:00,-34.579298342291445,-58.34359962964441,65.1,20.0,ok
V0054,2026-05-01T01:24:00+00:00,-34.64290552061718,-58.38495190068813,65.1,3.0,idle
V0036,2026-05-01T01:24:15+00:00,-34.63003679782885,-58.4174534832821,45.4,21.9,ok
V0061,2026-05-01T01:24:29+00:00,-34.61278769632469,-58.391369437170056,89.3,24.3,idle
V0057,2026-05-01T01:24:36+00:00,-34.63100904303759,-58.41613192506295,63.1,22.3,ok
V0046,2026-05-01T01:24:48+00:00,-34.62565237441305,-58.370608799677164,81.7,25.2,ok
V0037,2026-05-01T01:25:02+00:00,-34.56662237694511,-58.41488508653812,40.7,24.0,ok
V0059,2026-05-01T01:25:17+00:00,-34.58794677520597,-58.41967045636944,85.4,23.9,ok
V0018,2026-05-01T01:25:26+00:00,-34.62578353137624,-58.38735200908821,78.5,23.8,ok
V0073,2026-05-01T01:25:42+00:00,-34.63707258486179,-58.363238573651685,38.8,19.3,idle
V0065,2026-05-01T01:25:55+00:00,-34.586507312270165,-58.42082787808657,55.7,21.0,ok
V0061,2026-05-01T01:26:03+00:00,-34.62813702199795,-58.38798594092132,57.6,7.6,ok
V0069,2026-05-01T01:26:18+00:00,-34.61228225399766,-58.34302364671601,64.3,23.3,ok
V0040,2026-05-01T01:26:29+00:00,-34.56773472677234,-58.41790577840352,87.2,22.1,ok
V0012,2026-05-01T01:26:36+00:00,-34.57329821898543,-58.376814734453575,64.9,7.9,ok
V0026,2026-05-01T01:26:49+00:00,-34.61310175808543,-58.39188804229533,45.2,30.6,ok
V0015,2026-05-01T01:27:02+00:00,-34.63772733699128,-58.36371393180501,75.8,18.7,idle
V0048,2026-05-01T01:27:15+00:00,-34.57124253763806,-58.38468457379024,69.8,24.4,idle
V0053,2026-05-01T01:27:29+00:00,-34.60272191180057,-58.3513242077172,50.0,18.9,idle
V0053,2026-05-01T01:27:36+00:00,-34.57342931588272,-58.40771143679373,53.4,25.8,ok
V0064,2026-05-01T01:27:54+00:00,-34.63732106576585,-58.37605087665279,71.1,19.7,ok
V0013,2026-05-01T01:28:05+00:00,-34.63016756838209,-58.41590209373578,71.2,13.7,ok
V0041,2026-05-01T01:28:19+00:00,-34.57084720715124,-58.37736916642132,59.0,28.9,idle
V0031,2026-05-01T01:28:32+00:00,-34.64287141640157,-58.38274190199931,62.3,22.0,idle
V0001,2026-05-01T01:28:44+00:00,-34.58848699481088,-58.42254637153242,78.3,14.3,ok
V0064,2026-05-01T01:28:53+00:00,-34.63881096478927,-58.37359597439699,41.7,20.4,ok
V0033,2026-05-01T01:29:05+00:00,-34.58712805557943,-58.42014099701474,86.4,9.8,ok
V0021,2026-05-01T01:29:17+00:00,-34.59895889395617,-58.406947345855315,71.4,20.4,ok
V0069,2026-05-01T01:29:28+00:00,-34.61313918405601,-58.39178829550005,82.8,20.7,ok
V0001,2026-05-01T01:29:40+00:00,-34.62943852824971,-58.417647067762516,39.6,22.5,ok
V0047,2026-05-01T01:29:49+00:00,-34.61092807635637,-58.340697718954836,44.8,18.9,idle
V0027,2026-05-01T01:30:04+00:00,-34.62607900106062,-58.35982884716258,77.5,24.4,idle
V0078,2026-05-01T01:30:15+00:00,-34.638794222088805,-58.37676756169718,78.3,31.1,ok
V0049,2026-05-01T01:30:28+00:00,-34.6268443849206,-58.38711963810739,71.8,27.5,ok
V0001,2026-05-01T01:30:39+00:00,-34.58888664207163,-58.42213489777466,39.5,10.5,ok
V0058,2026-05-01T01:30:53+00:00,-34.62760143423928,-58.36789586300214,25.8,35.0,ok
V0039,2026-05-01T01:31:02+00:00,-34.60313386862842,-58.35707668471002,73.4,18.7,ok
V0021,2026-05-01T01:31:13+00:00,-34.63085677802018,-58.41751029407886,78.7,30.4,ok
V0004,2026-05-01T01:31:27+00:00,-34.57732991792882,-58.34180922262903,77.1,21.1,ok
V0063,2026-05-01T01:31:37+00:00,-34.58901285358377,-58.42288447201472,59.7,14.3,ok
V0073,2026-05-01T01:31:56+00:00,-34.62619612622928,-58.38837042934032,85.6,15.7,ok
V0058,2026-05-01T01:32:05+00:00,-34.626202867265,-58.35882550343843,87.5,11.7,ok
V0055,2026-05-01T01:32:17+00:00,-34.604464750235984,-58.35709291992808,54.3,16.5,ok
V0013,2026-05-01T01:32:30+00:00,-34.62719661638938,-58.38859612554037,59.0,19.9,ok
V0004,2026-05-01T01:32:40+00:00,-34.570477092957326,-58.37709969147895,43.1,20.2,ok
V0003,2026-05-01T01:32:51+00:00,-34.609929179581876,-58.34312787335637,88.4,10.8,ok
V0065,2026-05-01T01:33:06+00:00,-34.57555229874964,-58.40841373796498,66.8,26.7,ok
V0042,2026-05-01T01:33:13+00:00,-34.62887122835011,-58.41613959547987,77.6,21.0,ok
V0064,2026-05-01T01:33:26+00:00,-34.64487244003686,-58.38397765850048,55.6,11.1,ok
V0061,2026-05-01T01:33:38+00:00,-34.610015962840016,-58.34231428624617,90.2,18.6,idle
V0048,2026-05-01T01:33:50+00:00,-34.63727801479798,-58.362678163716346,64.0,23.0,ok
V0061,2026-05-01T01:34:08+00:00,-34.63733545769568,-58.36194853840869,70.1,20.1,ok
V0027,2026-05-01T01:34:19+00:00,-34.63463908057305,-58.35967709809189,82.1,15.2,idle
V0073,2026-05-01T01:34:32+00:00,-34.57317517983772,-58.40667160978679,88.6,15.5,idle
V0000,2026-05-01T01:34:41+00:00,-34.591106930537634,-58.37011401544721,80.9,25.3,ok
V0000,2026-05-01T01:34:55+00:00,-34.627545596149375,-58.36953402983466,42.1,18.2,ok
V0060,2026-05-01T01:35:08+00:00,-34.57069186916652,-58.38344593422792,31.9,20.6,ok
V0061,2026-05-01T01:35:18+00:00,-34.637907103548336,-58.376297122875386,44.7,22.9,ok
V0061,2026-05-01T01:35:29+00:00,-34.62620723526374,-58.40380765511031,86.7,15.9,ok
V0038,2026-05-01T01:35:41+00:00,-34.62749974454794,-58.370299437088526,56.1,17.5,idle
V0042,2026-05-01T01:35:52+00:00,-34.60585108065082,-58.35999630444138,58.8,11.8,ok
V0001,2026-05-01T01:36:08+00:00,-34.60297363342375,-58.351866190712805,42.3,21.7,idle
V0033,2026-05-01T01:36:17+00:00,-34.62553040403299,-58.37123249556806,80.2,23.0,ok
V0049,2026-05-01T01:36:24+00:00,-34.63673398517447,-58.36237134982024,83.7,21.6,idle
V0068,2026-05-01T01:36:39+00:00,-34.626276636449575,-58.38714315189711,61.3,17.0,ok
V0027,2026-05-01T01:36:49+00:00,-34.62674272885578,-58.36912328798787,69.4,23.1,ok
V0073,2026-05-01T01:37:03+00:00,-34.63762355834589,-58.35803879990846,75.5,13.0,ok
V0063,2026-05-01T01:37:16+00:00,-34.629381706494485,-58.38505820000248,100.0,18.9,ok
V0008,2026-05-01T01:37:32+00:00,-34.60207950795264,-58.35311400763073,97.1,16.5,ok
V0078,2026-05-01T01:37:36+00:00,-34.62871525976047,-58.4172593308301,85.7,16.5,ok
V0049,2026-05-01T01:37:55+00:00,-34.636454298862596,-58.36125433885936,49.5,17.0,idle
V0044,2026-05-01T01:38:04+00:00,-34.628254230578015,-58.40452553608197,41.8,16.2,ok
V0005,2026-05-01T01:38:14+00:00,-34.57053431640769,-58.37474688326259,85.6,24.9,idle
V0077,2026-05-01T01:38:31+00:00,-34.61138989333284,-58.39069707054816,29.2,10.5,idle
V0003,2026-05-01T01:38:43+00:00,-34.631430490202995,-58.387563954066444,62.9,28.0,ok
V0064,2026-05-01T01:38:51+00:00,-34.58845687619533,-58.36800829875899,71.5,16.2,ok
V0025,2026-05-01T01:39:08+00:00,-34.641681846370275,-58.38554160586012,44.9,15.5,ok
V0021,2026-05-01T01:39:19+00:00,-34.57319718470809,-58.37460022517818,65.3,23.4,ok
V0064,2026-05-01T01:39:30+00:00,-34.57630891762443,-58.34079141754342,55.6,12.5,idle
V0029,2026-05-01T01:39:42+00:00,-34.60938218471525,-58.34262129553608,69.7,23.8,ok
V0034,2026-05-01T01:39:52+00:00,-34.63726430621458,-58.359764792662716,66.0,9.9,ok
V0061,2026-05-01T01:40:06+00:00,-34.58821378279469,-58.36749039349258,77.6,24.7,ok
V0064,2026-05-01T01:40:17+00:00,-34.572759132671976,-58.40877427352354,88.5,25.7,ok
V0024,2026-05-01T01:40:26+00:00,-34.569663052189476,-58.38511908469132,58.8,16.8,ok
V0062,2026-05-01T01:40:39+00:00,-34.57800001925594,-58.343717606477114,64.9,20.1,ok
V0064,2026-05-01T01:40:54+00:00,-34.62992920917585,-58.414691930959755,71.5,23.9,ok
V0058,2026-05-01T01:41:03+00:00,-34.62651544634456,-58.35918179480294,51.7,30.1,idle
V0000,2026-05-01T01:41:12+00:00,-34.626198886396,-58.36791051413826,83.8,14.7,ok
V0054,2026-05-01T01:41:31+00:00,-34.644281776636,-58.38505878856523,66.7,28.8,ok
V0039,2026-05-01T01:41:39+00:00,-34.614122030738166,-58.39023780012888,40.5,22.3,ok
V0063,2026-05-01T01:41:55+00:00,-34.610587742381995,-58.34092886872621,61.4,17.7,idle
V0010,2026-05-01T01:42:08+00:00,-34.62708406559716,-58.36968900367435,50.3,28.3,ok
V0049,2026-05-01T01:42:16+00:00,-34.58551065497884,-58.42136071016344,85.6,24.3,ok
V0068,2026-05-01T01:42:30+00:00,-34.62504003451289,-58.370109073898725,51.8,22.1,ok
V0001,2026-05-01T01:42:39+00:00,-34.60300652973919,-58.349991246488,42.9,17.8,ok
V0058,2026-05-01T01:42:48+00:00,-34.629304165196025,-58.38788510265535,35.3,19.2,idle
V0028,2026-05-01T01:43:05+00:00,-34.57489491471163,-58.4077724656375,100.0,8.9,idle
V0062,2026-05-01T01:43:19+00:00,-34.580109293502126,-58.34303817430908,48.3,16.9,idle
V0066,2026-05-01T01:43:32+00:00,-34.60626665973448,-58.359655799904395,68.4,16.9,ok
V0031,2026-05-01T01:43:40+00:00,-34.62610895100383,-58.359161848498914,79.1,13.8,ok
V0017,2026-05-01T01:43:50+00:00,-34.572459956262016,-58.40843898371024,57.6,22.5,ok
V0023,2026-05-01T01:44:06+00:00,-34.60249205883904,-58.351369779912226,76.6,13.5,ok
V0010,2026-05-01T01:44:12+00:00,-34.58596147119637,-58.419230338518,47.1,20.4,ok
V0024,2026-05-01T01:44:30+00:00,-34.57754533671983,-58.34405912994971,54.5,17.3,ok
V0050,2026-05-01T01:44:36+00:00,-34.60522872958064,-58.36022668580802,100.0,27.5,ok
V0067,2026-05-01T01:44:52+00:00,-34.61255644153382,-58.38542061267481,75.6,17.4,ok
V0056,2026-05-01T01:45:04+00:00,-34.587701031135424,-58.368557122725775,69.7,26.7,ok
V0006,2026-05-01T01:45:16+00:00,-34.572716825413714,-58.37534875071859,75.3,13.5,ok
V0038,2026-05-01T01:45:27+00:00,-34.64120946633989,-58.383686133682716,52.2,27.6,ok
V0012,2026-05-01T01:45:39+00:00,-34.601942187053474,-58.35328711417896,59.7,26.0,ok
V0071,2026-05-01T01:45:52+00:00,-34.62999329317241,-58.38771668011322,80.6,32.0,ok
V0048,2026-05-01T01:46:08+00:00,-34.567269159804816,-58.415449862983415,59.1,21.8,ok
V0041,2026-05-01T01:46:18+00:00,-34.630877800167795,-58.41625306237298,73.8,28.7,ok
V0061,2026-05-01T01:46:24+00:00,-34.56870295063956,-58.38490810034856,97.5,23.0,ok
V0066,2026-05-01T01:46:39+00:00,-34.565514613807615,-58.4144525092666,88.4,26.4,ok
V0046,2026-05-01T01:46:55+00:00,-34.62639403158958,-58.36746333172982,37.6,23.0,ok
V0077,2026-05-01T01:47:03+00:00,-34.639328555550584,-58.363896892356166,62.7,23.4,ok
V0006,2026-05-01T01:47:13+00:00,-34.62637960726161,-58.3703387380189,87.4,22.6,idle
V0033,2026-05-01T01:47:27+00:00,-34.61177005688964,-58.34207154373441,53.3,19.6,ok
V0012,2026-05-01T01:47:37+00:00,-34.62390116776942,-58.35694655390194,67.9,20.5,ok
V0023,2026-05-01T01:47:48+00:00,-34.64458626810051,-58.383572652215484,68.0,20.9,ok
V0016,2026-05-01T01:48:01+00:00,-34.644689719291854,-58.384081129148846,56.6,24.3,ok
V0036,2026-05-01T01:48:13+00:00,-34.59808151452239,-58.405378425348744,88.6,26.6,ok
V0042,2026-05-01T01:48:32+00:00,-34.57678618241916,-58.34133476836025,48.3,13.8,ok
V0058,2026-05-01T01:48:39+00:00,-34.63668982141471,-58.36156135378731,33.5,15.9,idle
V0004,2026-05-01T01:48:48+00:00,-34.589885348941685,-58.42216646213608,80.4,6.7,idle
V0025,2026-05-01T01:49:06+00:00,-34.60399118091717,-58.36056404305966,100.0,16.1,ok
V0005,2026-05-01T01:49:13+00:00,-34.6360561682034,-58.36275486579126,63.3,16.2,ok
V0029,2026-05-01T01:49:24+00:00,-34.60399469913206,-58.357393098549274,60.4,18.6,ok
V0062,2026-05-01T01:49:38+00:00,-34.63110347684034,-58.38772457311538,55.2,20.2,idle
V0049,2026-05-01T01:49:49+00:00,-34.62841423721991,-58.404091319176054,58.0,20.8,ok
V0016,2026-05-01T01:50:03+00:00,-34.569956513660955,-58.38496135689383,50.9,35.8,ok
V0016,2026-05-01T01:50:12+00:00,-34.62873569879893,-58.38879712269224,65.2,24.8,ok
V0056,2026-05-01T01:50:28+00:00,-34.64166543057918,-58.38484887660862,82.8,27.9,idle
V0010,2026-05-01T01:50:41+00:00,-34.577171862253785,-58.34403483956681,85.1,22.1,ok
V0033,2026-05-01T01:50:51+00:00,-34.61014642464686,-58.39200957126778,29.0,24.6,ok
V0068,2026-05-01T01:51:00+00:00,-34.57876031498147,-58.34441309900087,40.7,24.7,ok
V0058,2026-05-01T01:51:16+00:00,-34.62604539616549,-58.40190754448017,41.9,22.1,ok
V0009,2026-05-01T01:51:27+00:00,-34.63535854738746,-58.35665570836152,58.8,24.6,idle
V0014,2026-05-01T01:51:37+00:00,-34.60426499694571,-58.360814484366585,49.1,22.7,ok
V0000,2026-05-01T01:51:48+00:00,-34.629219730191885,-58.38633333162111,48.6,14.5,idle
V0020,2026-05-01T01:52:07+00:00,-34.57647688407025,-58.34305834059683,94.8,22.4,idle
V0056,2026-05-01T01:52:19+00:00,-34.612527331929094,-58.383709239943904,82.7,12.2,ok
V0000,2026-05-01T01:52:28+00:00,-34.63647867543638,-58.35824895931093,96.5,28.8,ok
V0045,2026-05-01T01:52:40+00:00,-34.57076736301673,-58.38232358111479,87.8,21.1,ok
V0018,2026-05-01T01:52:52+00:00,-34.59778302503764,-58.40622126638631,86.8,21.1,ok
V0076,2026-05-01T01:53:00+00:00,-34.63884748884106,-58.363606518981186,55.5,23.0,ok
V0039,2026-05-01T01:53:20+00:00,-34.63846024366281,-58.37638032080709,50.5,16.7,idle
V0004,2026-05-01T01:53:25+00:00,-34.61262200337613,-58.39221332338883,89.9,29.2,idle
V0069,2026-05-01T01:53:39+00:00,-34.628389069142706,-58.404469836740496,65.6,25.1,ok
V0018,2026-05-01T01:53:54+00:00,-34.566478391731046,-58.41756479928667,70.5,25.3,ok
V0013,2026-05-01T01:54:01+00:00,-34.62607661741685,-58.36882204099075,56.0,22.1,ok
V0076,2026-05-01T01:54:19+00:00,-34.61634000629018,-58.38320567409933,74.0,27.0,ok
V0072,2026-05-01T01:54:28+00:00,-34.630067156904566,-58.41806865561595,80.1,21.4,idle
V0006,2026-05-01T01:54:44+00:00,-34.56792728506291,-58.41481158318441,57.8,31.6,ok
V0044,2026-05-01T01:54:51+00:00,-34.62852083592278,-58.36858933542493,51.2,22.3,ok
V0037,2026-05-01T01:55:01+00:00,-34.63204801134779,-58.38709498155991,62.0,25.1,idle
V0002,2026-05-01T01:55:19+00:00,-34.63097658582975,-58.386539347581895,62.4,17.2,ok
V0025,2026-05-01T01:55:27+00:00,-34.60650988682568,-58.357891766784206,98.9,21.7,ok
V0013,2026-05-01T01:55:44+00:00,-34.57304585064382,-58.375682393733385,68.0,28.8,idle
V0015,2026-05-01T01:55:54+00:00,-34.61273539956985,-58.38394460614068,45.2,32.6,ok
V0014,2026-05-01T01:56:07+00:00,-34.57554990962467,-58.40537957806355,73.5,17.8,ok
V0026,2026-05-01T01:56:17+00:00,-34.58546314858059,-58.41945272755243,63.9,16.2,idle
V0007,2026-05-01T01:56:30+00:00,-34.59747426172529,-58.4043818648262,52.6,19.4,ok
V0042,2026-05-01T01:56:37+00:00,-34.5883933075034,-58.42242808056009,55.7,27.6,ok
V0048,2026-05-01T01:56:48+00:00,-34.63967360317801,-58.37690733460213,100.0,19.7,ok
V0060,2026-05-01T01:57:07+00:00,-34.566611134834375,-58.41578567512869,74.4,17.1,ok
V0030,2026-05-01T01:57:18+00:00,-34.6367221598023,-58.375484779655906,83.3,25.4,ok
V0027,2026-05-01T01:57:27+00:00,-34.616266451365256,-58.38222730556779,69.7,13.3,ok
V0039,2026-05-01T01:57:39+00:00,-34.61300389289234,-58.391965893219705,72.5,25.0,ok
V0009,2026-05-01T01:57:52+00:00,-34.628567177147026,-58.41525052626259,92.7,27.2,ok
V0052,2026-05-01T01:58:05+00:00,-34.605762121137026,-58.360947958767554,81.9,13.8,idle
V0036,2026-05-01T01:58:13+00:00,-34.56749748524344,-58.41474184796134,32.0,24.7,ok
V0076,2026-05-01T01:58:24+00:00,-34.610384090075364,-58.341036959069086,76.0,14.9,ok
V0031,2026-05-01T01:58:43+00:00,-34.588766274302365,-58.36953597453928,55.9,20.7,idle
V0053,2026-05-01T01:58:53+00:00,-34.63703726118669,-58.37625304770441,88.8,26.4,idle
V0075,2026-05-01T01:59:05+00:00,-34.575159957721745,-58.40604369013883,47.4,24.3,idle
V0055,2026-05-01T01:59:20+00:00,-34.630848062944196,-58.38710614004488,62.0,17.6,ok
V0035,2026-05-01T01:59:29+00:00,-34.57886020001376,-58.343323554974006,71.0,21.1,idle
V0039,2026-05-01T01:59:37+00:00,-34.579924084499474,-58.341740470091146,95.8,11.9,idle
V0056,2026-05-01T01:59:56+00:00,-34.56979912036173,-58.385456223042105,25.7,16.9,ok
V0062,2026-05-01T02:00:06+00:00,-34.60534737175265,-58.35914585548838,60.2,18.9,ok
V0000,2026-05-01T02:00:13+00:00,-34.630193516462384,-58.41541862669279,55.8,22.5,ok
V0033,2026-05-01T02:00:28+00:00,-34.63867869587349,-58.36141230857412,59.0,17.8,ok
V0025,2026-05-01T02:00:37+00:00,-34.595328115577246,-58.40616405976503,29.0,20.0,ok
V0004,2026-05-01T02:00:52+00:00,-34.56728304300025,-58.41534669230235,68.8,23.1,ok
V0054,2026-05-01T02:01:04+00:00,-34.62634385835064,-58.40581830240158,70.3,16.3,ok
V0009,2026-05-01T02:01:20+00:00,-34.63655119071646,-58.37612116915203,31.6,25.4,idle
V0017,2026-05-01T02:01:27+00:00,-34.58966685022488,-58.422653404789905,85.1,18.3,idle
V0026,2026-05-01T02:01:40+00:00,-34.62289928298275,-58.35989446763903,65.5,24.0,idle
V0005,2026-05-01T02:01:48+00:00,-34.62955258650555,-58.4147920751344,85.4,13.4,ok
V0005,2026-05-01T02:02:06+00:00,-34.564167727177,-58.416374346485156,72.0,19.0,ok
V0057,2026-05-01T02:02:12+00:00,-34.63930835026607,-58.37708627876323,48.5,22.9,idle
V0076,2026-05-01T02:02:27+00:00,-34.5780772996987,-58.342395786954356,69.1,25.2,ok
V0057,2026-05-01T02:02:36+00:00,-34.57502998432256,-58.40741662047298,93.3,25.0,ok
V0037,2026-05-01T02:02:51+00:00,-34.639082711002956,-58.37647962442111,64.6,15.2,ok
V0019,2026-05-01T02:03:00+00:00,-34.624785516894946,-58.35928536238322,76.8,17.9,ok
V0052,2026-05-01T02:03:17+00:00,-34.56779290606355,-58.416931644502576,81.1,21.5,ok
V0056,2026-05-01T02:03:30+00:00,-34.63792496200133,-58.361217320914264,57.1,19.4,ok
V0009,2026-05-01T02:03:39+00:00,-34.61242831570373,-58.39119093817091,47.5,19.9,ok
V0061,2026-05-01T02:03:56+00:00,-34.605616744195494,-58.35905502407021,52.8,13.4,ok
V0049,2026-05-01T02:04:06+00:00,-34.63618113760284,-58.357200220656104,66.0,30.0,ok
V0051,2026-05-01T02:04:20+00:00,-34.639377024523064,-58.375806728878885,72.4,20.1,ok
V0061,2026-05-01T02:04:32+00:00,-34.639432937921654,-58.376738791250006,74.1,13.6,ok
V0027,2026-05-01T02:04:42+00:00,-34.57774763578464,-58.342072364048704,67.6,28.4,ok
V0064,2026-05-01T02:04:48+00:00,-34.62604929550235,-58.36003074168158,74.1,15.2,ok
V0033,2026-05-01T02:05:08+00:00,-34.62724646161392,-58.403870367046764,72.9,24.2,ok
V0055,2026-05-01T02:05:15+00:00,-34.58574870934081,-58.41917381183677,33.6,15.3,ok
V0044,2026-05-01T02:05:25+00:00,-34.596045404628484,-58.40405728304852,36.0,17.9,ok
V0073,2026-05-01T02:05:36+00:00,-34.62455109340957,-58.357667358259235,88.6,21.7,idle
V0048,2026-05-01T02:05:48+00:00,-34.62898588617429,-58.38580286883516,80.4,23.0,ok
V0011,2026-05-01T02:06:08+00:00,-34.604637086542986,-58.358277002332834,73.2,10.3,ok
V0079,2026-05-01T02:06:15+00:00,-34.57051107274527,-58.38429466787951,41.8,18.0,ok
V0074,2026-05-01T02:06:25+00:00,-34.613261441253535,-58.39059735689555,63.1,22.0,ok
V0029,2026-05-01T02:06:44+00:00,-34.56633630930221,-58.416544193776176,60.1,18.1,ok
V0048,2026-05-01T02:06:51+00:00,-34.569130344590704,-58.38261086385135,69.0,18.3,idle
V0015,2026-05-01T02:07:02+00:00,-34.604607462871954,-58.35002967652622,59.5,15.4,idle
V0073,2026-05-01T02:07:18+00:00,-34.630079621595584,-58.38465813396543,46.0,15.0,ok
V0009,2026-05-01T02:07:27+00:00,-34.628590250531275,-58.387494071417954,42.0,29.1,idle
V0017,2026-05-01T02:07:38+00:00,-34.625291271305684,-58.38845769244891,46.6,29.3,ok
V0075,2026-05-01T02:07:55+00:00,-34.58603321343541,-58.41899955794663,86.1,21.7,ok
V0046,2026-05-01T02:08:03+00:00,-34.613545920414495,-58.392210729455286,72.4,15.1,ok
V0009,2026-05-01T02:08:19+00:00,-34.6119440601858,-58.34191051217728,80.2,26.0,idle
V0050,2026-05-01T02:08:25+00:00,-34.630349521244185,-58.41504314538157,86.6,17.8,ok
V0071,2026-05-01T02:08:39+00:00,-34.61031023077496,-58.34135722011752,53.7,14.4,ok
V0058,2026-05-01T02:08:51+00:00,-34.64373315812806,-58.38636920893775,75.8,23.4,idle
V0034,2026-05-01T02:09:05+00:00,-34.63585465572478,-58.35882107707826,86.5,20.2,ok
V0061,2026-05-01T02:09:12+00:00,-34.638129786832145,-58.37453120598536,81.7,28.9,ok
V0062,2026-05-01T02:09:26+00:00,-34.638167536097164,-58.36350555198483,93.7,14.2,ok
V0059,2026-05-01T02:09:44+00:00,-34.638882938018384,-58.37383187293883,82.6,20.6,ok
V0046,2026-05-01T02:09:49+00:00,-34.627121047130004,-58.369620500711115,72.9,14.4,ok
V0028,2026-05-01T02:10:04+00:00,-34.642343732907584,-58.38556679503354,55.4,15.4,idle
V0032,2026-05-01T02:10:17+00:00,-34.60495739212469,-58.352466397743584,30.0,15.8,idle
V0072,2026-05-01T02:10:28+00:00,-34.57301750322254,-58.40905116458149,47.5,21.0,ok
V0029,2026-05-01T02:10:38+00:00,-34.635123897031534,-58.356645338601936,41.5,23.7,ok
V0008,2026-05-01T02:10:51+00:00,-34.56534167286545,-58.416135123395726,32.4,26.9,idle
V0010,2026-05-01T02:11:07+00:00,-34.6370567864273,-58.36153803809634,42.4,18.8,ok
V0021,2026-05-01T02:11:13+00:00,-34.62863024918985,-58.387029381679994,19.4,21.7,ok
V0050,2026-05-01T02:11:29+00:00,-34.598153945994824,-58.406250738547804,73.2,27.3,idle
V0015,2026-05-01T02:11:43+00:00,-34.62868483642727,-58.36765803385486,67.3,17.5,ok
V0078,2026-05-01T02:11:51+00:00,-34.569544172399354,-58.383385876857105,57.9,32.7,ok
V0053,2026-05-01T02:12:04+00:00,-34.632113535686116,-58.387210520189925,58.4,25.9,idle
V0005,2026-05-01T02:12:16+00:00,-34.64450639677087,-58.384238281057755,94.7,22.0,ok
V0027,2026-05-01T02:12:26+00:00,-34.60220297009664,-58.349756334980306,67.2,9.3,ok
V0078,2026-05-01T02:12:36+00:00,-34.64010092260425,-58.37474226431244,100.0,13.4,ok
V0026,2026-05-01T02:12:52+00:00,-34.572833109249395,-58.376475479923585,62.9,24.3,idle
V0026,2026-05-01T02:13:06+00:00,-34.60345852157513,-58.35053480974998,50.4,20.4,ok
V0008,2026-05-01T02:13:16+00:00,-34.611425997649256,-58.391174671955305,79.3,20.0,ok
V0000,2026-05-01T02:13:27+00:00,-34.642030410501334,-58.38276294191222,80.7,27.9,ok
V0020,2026-05-01T02:13:39+00:00,-34.575131972453065,-58.40524841559804,72.4,28.7,ok
V0057,2026-05-01T02:13:53+00:00,-34.60358214207856,-58.352637821757305,79.9,31.6,ok
V0045,2026-05-01T02:14:08+00:00,-34.6119669497555,-58.340380794057964,71.8,21.0,ok
V0017,2026-05-01T02:14:13+00:00,-34.62702636754626,-58.40339999631584,84.8,29.8,idle
V0067,2026-05-01T02:14:26+00:00,-34.62521283413506,-58.38853227303607,30.2,30.3,idle
V0016,2026-05-01T02:14:38+00:00,-34.635678827356834,-58.360425493866195,25.9,20.3,ok
V0007,2026-05-01T02:14:50+00:00,-34.59125545723857,-58.366483000132234,62.5,30.2,ok
V0024,2026-05-01T02:15:01+00:00,-34.59069611719121,-58.370363452673026,23.7,17.1,idle
V0037,2026-05-01T02:15:12+00:00,-34.570301407455425,-58.376961475002865,82.8,9.3,ok
V0057,2026-05-01T02:15:29+00:00,-34.56716940390871,-58.41421819297907,76.8,28.6,idle
V0013,2026-05-01T02:15:40+00:00,-34.6381810760595,-58.36105566844531,47.4,20.9,idle
V0035,2026-05-01T02:15:53+00:00,-34.62879575985131,-58.41502090087992,48.0,9.6,ok
V0048,2026-05-01T02:16:04+00:00,-34.63781397285713,-58.36397123562196,64.6,15.1,idle
V0053,2026-05-01T02:16:20+00:00,-34.57034352066802,-58.38619183815739,34.4,8.4,ok
V0032,2026-05-01T02:16:32+00:00,-34.64406071688443,-58.3846824314712,67.2,24.0,ok
V0034,2026-05-01T02:16:40+00:00,-34.57146633053375,-58.385500632448974,31.2,23.1,ok
V0044,2026-05-01T02:16:51+00:00,-34.60556185598629,-58.359575664980504,100.0,9.4,ok
V0048,2026-05-01T02:17:00+00:00,-34.603896449934254,-58.36007421736131,35.2,17.9,ok
V0030,2026-05-01T02:17:19+00:00,-34.5874172208824,-58.369326997847494,56.9,21.8,ok
V0057,2026-05-01T02:17:31+00:00,-34.628936643583664,-58.387701189536685,54.8,19.2,ok
V0011,2026-05-01T02:17:43+00:00,-34.6236079213764,-58.35893451726705,76.4,18.3,idle
V0057,2026-05-01T02:17:48+00:00,-34.60577511943916,-58.358211681945974,100.0,24.4,ok
V0024,2026-05-01T02:18:04+00:00,-34.61468278704512,-58.382142523426495,85.3,20.9,ok
V0078,2026-05-01T02:18:13+00:00,-34.613225074629824,-58.39306900979265,71.1,12.7,idle
V0001,2026-05-01T02:18:26+00:00,-34.5656260377338,-58.417252307897655,87.5,20.7,idle
V0032,2026-05-01T02:18:37+00:00,-34.63249666137506,-58.38675046458885,60.3,4.6,ok
V0023,2026-05-01T02:18:55+00:00,-34.56447745874691,-58.41621423673188,42.0,22.1,idle
V0056,2026-05-01T02:19:08+00:00,-34.63154624506087,-58.38409202156856,62.7,29.0,ok
V0039,2026-05-01T02:19:15+00:00,-34.59748621819048,-58.40733137340468,58.1,17.3,ok
V0036,2026-05-01T02:19:25+00:00,-34.62730673025879,-58.41819879479972,68.3,20.4,ok
V0045,2026-05-01T02:19:41+00:00,-34.62644453129841,-58.40273438267617,62.0,22.3,ok
V0003,2026-05-01T02:19:50+00:00,-34.61184038239232,-58.341842854767386,84.0,13.0,ok
V0077,2026-05-01T02:20:00+00:00,-34.60314786446822,-58.35864634260447,48.9,28.2,ok
V0021,2026-05-01T02:20:12+00:00,-34.624017135808494,-58.356838253784936,82.0,30.1,ok
V0079,2026-05-01T02:20:27+00:00,-34.628093025515156,-58.40425267970081,41.2,19.9,ok
V0037,2026-05-01T02:20:40+00:00,-34.56686601534414,-58.41765591533914,71.5,23.3,ok
V0060,2026-05-01T02:20:48+00:00,-34.56768704519384,-58.41570048847159,47.3,21.9,ok
V0048,2026-05-01T02:21:08+00:00,-34.569529737912696,-58.38298022338601,47.6,16.1,ok
V0003,2026-05-01T02:21:16+00:00,-34.60404885700435,-58.35180287891348,54.4,24.1,ok
V0058,2026-05-01T02:21:31+00:00,-34.639838346572695,-58.37521441006084,32.6,19.9,ok
V0079,2026-05-01T02:21:42+00:00,-34.60404722128284,-58.358431615123315,68.1,15.6,idle
V0038,2026-05-01T02:21:48+00:00,-34.56478860350362,-58.41514375090726,90.7,21.4,idle
V0076,2026-05-01T02:22:03+00:00,-34.57348528693251,-58.405313117215904,86.0,13.1,ok
V0034,2026-05-01T02:22:12+00:00,-34.64243656612268,-58.38516424811836,70.0,26.3,ok
V0076,2026-05-01T02:22:29+00:00,-34.5646873889694,-58.413972253681095,34.2,22.5,ok
V0010,2026-05-01T02:22:38+00:00,-34.628540360731414,-58.3887983849727,20.5,19.0,ok
V0031,2026-05-01T02:22:54+00:00,-34.59012062857741,-58.41950992432579,57.2,10.5,ok
V0058,2026-05-01T02:23:04+00:00,-34.625423634817146,-58.35847493069048,56.4,24.1,idle
V0015,2026-05-01T02:23:19+00:00,-34.628229305518786,-58.40312918524436,71.4,16.9,ok
V0040,2026-05-01T02:23:26+00:00,-34.61333111672091,-58.3904830141687,76.5,19.6,idle
V0064,2026-05-01T02:23:41+00:00,-34.615694547067946,-58.38220500119986,70.3,16.6,ok
V0031,2026-05-01T02:23:53+00:00,-34.60946338626795,-58.34133316925944,69.7,34.9,idle
V0034,2026-05-01T02:24:04+00:00,-34.57063360484987,-58.38504925033352,48.9,20.0,ok
V0005,2026-05-01T02:24:16+00:00,-34.5709199108155,-58.378000858161826,68.0,19.9,ok
V0011,2026-05-01T02:24:24+00:00,-34.58790986075392,-58.366539850275686,47.9,28.5,ok
V0055,2026-05-01T02:24:39+00:00,-34.60442405771547,-58.351097399018805,31.1,17.5,ok
V0051,2026-05-01T02:24:50+00:00,-34.629721384803474,-58.41731584858685,28.7,26.5,ok
V0058,2026-05-01T02:25:05+00:00,-34.63794454225164,-58.359431644513656,56.4,28.8,ok
V0066,2026-05-01T02:25:12+00:00,-34.577089946704035,-58.341684202124675,75.9,21.1,ok
V0063,2026-05-01T02:25:26+00:00,-34.643673566955194,-58.38485270114801,64.5,15.2,ok
V0028,2026-05-01T02:25:40+00:00,-34.612639963259,-58.3409513751221,48.6,24.6,idle
V0041,2026-05-01T02:25:52+00:00,-34.62695619432334,-58.40267518872783,65.0,9.2,ok
V0075,2026-05-01T02:26:08+00:00,-34.638616963478476,-58.36103246453908,88.1,26.4,ok
V0066,2026-05-01T02:26:15+00:00,-34.63578293960423,-58.36107302574136,32.2,27.7,idle
V0057,2026-05-01T02:26:25+00:00,-34.644502926036544,-58.38457263506078,42.7,11.3,ok
V0073,2026-05-01T02:26:36+00:00,-34.60292114397149,-58.35696734187185,86.2,27.5,idle
V0001,2026-05-01T02:26:54+00:00,-34.61340571236097,-58.39271665762609,76.9,24.4,idle
V0011,2026-05-01T02:27:08+00:00,-34.63875759563052,-58.36350869282953,94.8,10.7,idle
V0064,2026-05-01T02:27:12+00:00,-34.63225381256643,-58.38538728012631,76.7,23.1,ok
V0016,2026-05-01T02:27:24+00:00,-34.64291633172022,-58.385340121101,79.9,23.4,ok
V0015,2026-05-01T02:27:42+00:00,-34.610019646848926,-58.343888996797496,46.3,18.3,idle
V0007,2026-05-01T02:27:53+00:00,-34.60402154733277,-58.36010614599147,88.9,32.1,idle
V0030,2026-05-01T02:28:01+00:00,-34.629455470941274,-58.41458751108736,85.2,21.8,ok
V0031,2026-05-01T02:28:20+00:00,-34.626803865488235,-58.40265091091109,69.2,29.0,ok
V0049,2026-05-01T02:28:28+00:00,-34.59520927855156,-58.406800485872495,100.0,20.2,ok
V0039,2026-05-01T02:28:41+00:00,-34.644514700175755,-58.38342222155103,44.9,18.4,ok
V0043,2026-05-01T02:28:51+00:00,-34.57418210382888,-58.406101233324385,48.5,21.0,ok
V0023,2026-05-01T02:29:02+00:00,-34.59764014745606,-58.40666581292178,49.6,26.2,ok
V0024,2026-05-01T02:29:16+00:00,-34.58698273207279,-58.42105617837654,79.0,24.4,ok
V0073,2026-05-01T02:29:30+00:00,-34.638532545528065,-58.36363429578335,60.7,22.8,ok
V0018,2026-05-01T02:29:36+00:00,-34.626556414405094,-58.36920193023066,54.8,17.7,ok
V0043,2026-05-01T02:29:56+00:00,-34.62803189455092,-58.370090569410365,82.3,13.4,ok
V0032,2026-05-01T02:30:01+00:00,-34.63777050402866,-58.35785692007908,41.8,11.7,ok
V0062,2026-05-01T02:30:20+00:00,-34.57883724061623,-58.34439497189036,61.2,28.5,ok
V0053,2026-05-01T02:30:24+00:00,-34.62558085014752,-58.38728946012036,95.4,18.1,ok
V0072,2026-05-01T02:30:39+00:00,-34.59119885072664,-58.36828903902527,65.3,35.7,ok
V0051,2026-05-01T02:30:50+00:00,-34.61017678905564,-58.343650481124115,58.5,13.0,ok
V0066,2026-05-01T02:31:00+00:00,-34.615935812180005,-58.38220991876698,53.3,24.5,ok
V0056,2026-05-01T02:31:17+00:00,-34.63020512305655,-58.384262735087475,53.7,31.7,ok
V0073,2026-05-01T02:31:24+00:00,-34.62538083818985,-58.38598944637864,46.0,29.5,idle
V0006,2026-05-01T02:31:38+00:00,-34.62761002271684,-58.36765243629529,85.6,23.9,ok
V0022,2026-05-01T02:31:51+00:00,-34.639481413963324,-58.363834207041975,56.8,20.5,ok
V0062,2026-05-01T02:32:01+00:00,-34.63426964381234,-58.357269308973756,66.0,31.1,ok
V0006,2026-05-01T02:32:15+00:00,-34.5727442427408,-58.40528498086135,23.9,19.3,idle
V0052,2026-05-01T02:32:30+00:00,-34.59613419131161,-58.4062105375775,57.0,22.7,ok
V0063,2026-05-01T02:32:38+00:00,-34.576351211507735,-58.34461422447027,79.3,20.0,ok
V0022,2026-05-01T02:32:54+00:00,-34.58829288591194,-58.42213405471618,61.2,6.6,ok
V0047,2026-05-01T02:33:03+00:00,-34.623720846711606,-58.35921327598916,92.7,14.1,ok
V0073,2026-05-01T02:33:13+00:00,-34.636501767640915,-58.364002453813505,53.6,13.0,ok
V0070,2026-05-01T02:33:32+00:00,-34.626008937708654,-58.37045022373629,39.7,12.7,ok
V0057,2026-05-01T02:33:38+00:00,-34.60560850751932,-58.35273859337962,32.8,19.0,ok
V0012,2026-05-01T02:33:52+00:00,-34.63064202868499,-58.38587711448576,63.4,12.2,idle
V0010,2026-05-01T02:34:02+00:00,-34.58933449111374,-58.368872106410876,100.0,18.7,ok
V0076,2026-05-01T02:34:15+00:00,-34.6277291153561,-58.40277187874274,54.6,13.8,ok
V0035,2026-05-01T02:34:26+00:00,-34.564664734845614,-58.417173759036025,30.5,28.4,ok
V0014,2026-05-01T02:34:42+00:00,-34.5977074430399,-58.407849758845984,50.6,20.4,ok
V0060,2026-05-01T02:34:51+00:00,-34.57557058906987,-58.40619415614787,67.0,19.8,idle
V0051,2026-05-01T02:35:03+00:00,-34.62816906414234,-58.41536165003858,69.9,14.7,ok
V0072,2026-05-01T02:35:13+00:00,-34.629253435337894,-58.41626146135172,95.8,14.4,idle
V0018,2026-05-01T02:35:32+00:00,-34.60351930728179,-58.357326501004124,84.0,18.7,ok
V0079,2026-05-01T02:35:37+00:00,-34.61246752205486,-58.38319824792587,77.5,24.9,idle
V0066,2026-05-01T02:35:56+00:00,-34.5729394750254,-58.40608259140783,53.3,25.8,ok
V0049,2026-05-01T02:36:03+00:00,-34.603445683892,-58.35952508122364,44.8,20.4,ok
V0064,2026-05-01T02:36:16+00:00,-34.589379681468856,-58.366518318627676,100.0,18.3,idle
V0079,2026-05-01T02:36:25+00:00,-34.636460415356225,-58.3754909667924,62.9,16.5,ok
V0019,2026-05-01T02:36:43+00:00,-34.636017961709584,-58.35918083793312,60.6,19.3,ok
V0009,2026-05-01T02:36:53+00:00,-34.62461036362573,-58.35786249318116,51.8,12.2,ok
V0032,2026-05-01T02:37:01+00:00,-34.58844003503432,-58.36891561037914,68.0,20.8,idle
V0012,2026-05-01T02:37:15+00:00,-34.63095797790493,-58.41833781776259,77.7,26.5,ok
V0017,2026-05-01T02:37:26+00:00,-34.63103758981752,-58.38653367023976,36.2,26.4,ok
V0000,2026-05-01T02:37:36+00:00,-34.57278737249637,-58.376070047094636,53.7,6.4,ok
V0042,2026-05-01T02:37:51+00:00,-34.59764558630981,-58.40679432374769,61.1,23.9,ok
V0032,2026-05-01T02:38:06+00:00,-34.635089870256195,-58.356980485486915,53.8,23.2,ok
V0073,2026-05-01T02:38:14+00:00,-34.60295088144224,-58.35217879528914,56.1,22.8,ok
V0020,2026-05-01T02:38:24+00:00,-34.62502222089858,-58.37007273121412,77.3,17.5,ok
V0008,2026-05-01T02:38:42+00:00,-34.613754623250955,-58.38333532793302,63.5,16.2,ok
V0023,2026-05-01T02:38:55+00:00,-34.57236971686479,-58.40709179659392,52.3,31.4,idle
V0072,2026-05-01T02:39:04+00:00,-34.63625307381626,-58.356565088549225,45.2,32.3,ok
V0004,2026-05-01T02:39:17+00:00,-34.58789000474628,-58.42047987956044,85.0,16.4,idle
V0018,2026-05-01T02:39:26+00:00,-34.6304973495026,-58.41686303136237,77.4,13.7,ok
V0053,2026-05-01T02:39:44+00:00,-34.63513725803981,-58.35634947820284,31.3,20.1,ok
V0028,2026-05-01T02:39:50+00:00,-34.56579013608573,-58.41714624100427,54.8,21.9,ok
V0050,2026-05-01T02:40:06+00:00,-34.62633507885704,-58.37008878776513,61.9,12.1,idle
V0045,2026-05-01T02:40:19+00:00,-34.62521404058833,-58.402905561112014,58.1,24.3,ok
V0072,2026-05-01T02:40:28+00:00,-34.62757184077797,-58.37009318997621,58.2,13.5,ok
V0037,2026-05-01T02:40:42+00:00,-34.57234692715149,-58.40576361856907,97.9,17.9,ok
V0032,2026-05-01T02:40:54+00:00,-34.57751471339349,-58.341811189407174,88.5,18.5,ok
V0070,2026-05-01T02:41:06+00:00,-34.60631099344505,-58.3595783585797,84.6,11.1,idle
V0006,2026-05-01T02:41:14+00:00,-34.60969675024474,-58.341552015996754,59.1,28.2,ok
V0076,2026-05-01T02:41:31+00:00,-34.59621486900232,-58.407911455154995,79.1,16.8,ok
V0053,2026-05-01T02:41:43+00:00,-34.6444499642321,-58.384128805125485,89.5,17.4,idle
V0046,2026-05-01T02:41:50+00:00,-34.57061007101187,-58.38478904571668,50.2,20.4,idle
V0008,2026-05-01T02:42:01+00:00,-34.63592285783361,-58.36321769033683,32.6,37.0,ok
V0034,2026-05-01T02:42:17+00:00,-34.63800900571637,-58.36101213244865,58.2,19.3,ok
V0072,2026-05-01T02:42:25+00:00,-34.62965422911747,-58.387261010762735,62.2,19.1,ok
V0013,2026-05-01T02:42:44+00:00,-34.62735032954363,-58.40322550288992,51.5,27.0,idle
V0019,2026-05-01T02:42:51+00:00,-34.63879886806789,-58.37528156279233,98.2,17.1,ok
V0079,2026-05-01T02:43:04+00:00,-34.63870244180516,-58.375133604188996,28.2,30.5,ok
V0067,2026-05-01T02:43:14+00:00,-34.63812053227085,-58.35737864972396,49.6,20.8,ok
V0060,2026-05-01T02:43:30+00:00,-34.58917029644976,-58.36721768091286,55.8,23.4,idle
V0068,2026-05-01T02:43:39+00:00,-34.57451983758749,-58.40852561089982,76.0,21.9,idle
V0078,2026-05-01T02:43:53+00:00,-34.58679656743519,-58.422824178790925,68.3,19.0,ok
V0004,2026-05-01T02:44:06+00:00,-34.58739654954067,-58.42083540548451,47.3,34.2,ok
V0020,2026-05-01T02:44:17+00:00,-34.59006123153549,-58.368814150970024,71.2,21.6,idle
V0071,2026-05-01T02:44:28+00:00,-34.6231237132963,-58.36018481753074,90.9,27.0,ok
V0030,2026-05-01T02:44:43+00:00,-34.624503530940544,-58.359318185071935,77.5,18.7,idle
V0064,2026-05-01T02:44:50+00:00,-34.62491904493711,-58.403891157258,56.7,15.1,idle
V0002,2026-05-01T02:45:03+00:00,-34.625511708330436,-58.387126818483914,32.5,18.8,ok
V0025,2026-05-01T02:45:17+00:00,-34.603916138150296,-58.34984107207895,94.3,13.8,idle
V0030,2026-05-01T02:45:31+00:00,-34.63594164595908,-58.36397657005028,61.6,14.2,ok
V0060,2026-05-01T02:45:39+00:00,-34.56401507468336,-58.41536750897252,66.4,21.4,idle
V0073,2026-05-01T02:45:53+00:00,-34.63891577963479,-58.374602750823286,82.4,15.3,ok
V0000,2026-05-01T02:46:03+00:00,-34.615870044520996,-58.38331266950853,19.9,25.4,idle
V0061,2026-05-01T02:46:13+00:00,-34.63696217075401,-58.36389158891298,61.4,29.2,ok
V0075,2026-05-01T02:46:26+00:00,-34.60419620577863,-58.35072121383903,79.4,20.2,ok
V0003,2026-05-01T02:46:43+00:00,-34.62572443085232,-58.402695320613105,40.7,32.9,ok
V0039,2026-05-01T02:46:52+00:00,-34.60510451468122,-58.360205695002506,75.0,23.2,ok
V0047,2026-05-01T02:47:05+00:00,-34.6290275857383,-58.386839653045016,44.8,24.1,ok
V0030,2026-05-01T02:47:14+00:00,-34.58870371773244,-58.42239316722568,43.9,16.2,ok
V0051,2026-05-01T02:47:32+00:00,-34.574727630212706,-58.40512538603496,71.3,31.8,ok
V0012,2026-05-01T02:47:42+00:00,-34.62575786172745,-58.40364618678082,69.4,32.1,ok
V0013,2026-05-01T02:47:51+00:00,-34.61121972712195,-58.38972275754199,76.5,20.0,ok
V0020,2026-05-01T02:48:08+00:00,-34.61612159766351,-58.38268009530753,49.7,32.2,ok
V0065,2026-05-01T02:48:13+00:00,-34.60324895756393,-58.360204203114854,83.4,18.5,ok
V0019,2026-05-01T02:48:30+00:00,-34.58652533526131,-58.42008841718526,45.5,26.8,ok
V0065,2026-05-01T02:48:41+00:00,-34.639481901111594,-58.36320951995295,61.2,5.9,ok
V0073,2026-05-01T02:48:54+00:00,-34.60412412994068,-58.35079047406188,82.8,25.0,ok
V0054,2026-05-01T02:49:07+00:00,-34.626053447961965,-58.35967099453514,67.2,24.1,ok
V0000,2026-05-01T02:49:20+00:00,-34.64150364567881,-58.38612132474885,54.2,21.1,idle
V0024,2026-05-01T02:49:27+00:00,-34.595651042202626,-58.40748744923718,66.2,26.4,ok
V0060,2026-05-01T02:49:42+00:00,-34.597990893062345,-58.40591386900532,65.6,22.7,idle
V0076,2026-05-01T02:49:53+00:00,-34.56647174490498,-58.41766247405791,35.5,24.0,idle
V0018,2026-05-01T02:50:01+00:00,-34.63857930132692,-58.37617758646196,77.6,19.7,ok
V0024,2026-05-01T02:50:17+00:00,-34.61195019517805,-58.34068437868151,58.4,26.6,ok
V0016,2026-05-01T02:50:24+00:00,-34.572280234600555,-58.376419322401986,85.9,18.8,ok
V0061,2026-05-01T02:50:36+00:00,-34.57046455199106,-58.38295663235932,88.0,23.1,ok
V0074,2026-05-01T02:50:48+00:00,-34.57646082756768,-58.34462424168284,76.7,27.1,ok
V0047,2026-05-01T02:51:05+00:00,-34.62914646935026,-58.38501213168273,31.5,17.3,ok
V0017,2026-05-01T02:51:12+00:00,-34.62585318930019,-58.38625616260693,81.1,28.0,ok
V0030,2026-05-01T02:51:24+00:00,-34.5649820223157,-58.41507391400632,52.1,19.5,ok
V0061,2026-05-01T02:51:39+00:00,-34.6125308425358,-58.39068958413488,37.9,20.5,ok
V0033,2026-05-01T02:51:54+00:00,-34.627107511189536,-58.370371712952455,80.6,28.0,idle
V0071,2026-05-01T02:52:03+00:00,-34.6048911412547,-58.35161696295776,98.6,13.2,idle
V0037,2026-05-01T02:52:14+00:00,-34.62718692559811,-58.369095749992795,95.7,17.9,ok
V0042,2026-05-01T02:52:25+00:00,-34.58579504617298,-58.419641823372125,65.3,18.2,idle
V0055,2026-05-01T02:52:44+00:00,-34.62555591975364,-58.3678198215449,82.7,11.3,idle
V0036,2026-05-01T02:52:52+00:00,-34.62356796360682,-58.35740106711266,57.0,24.6,ok
V0005,2026-05-01T02:53:00+00:00,-34.62750594786305,-58.3877786854354,60.3,10.2,ok
V0049,2026-05-01T02:53:12+00:00,-34.63995346135816,-58.37595520106278,48.0,17.2,ok
V0059,2026-05-01T02:53:31+00:00,-34.63639602749573,-58.357202866523544,88.5,27.1,idle
V0000,2026-05-01T02:53:41+00:00,-34.626995039947445,-58.36873228244639,57.9,30.4,ok
V0031,2026-05-01T02:53:52+00:00,-34.637767315150164,-58.37406181125528,77.9,16.4,ok
V0074,2026-05-01T02:54:03+00:00,-34.638970877980576,-58.37511303237086,60.2,19.8,idle
V0064,2026-05-01T02:54:14+00:00,-34.56982709758794,-58.382602038719504,45.0,24.5,ok
V0076,2026-05-01T02:54:27+00:00,-34.589633563911775,-58.36801152319904,40.2,11.4,ok
V0055,2026-05-01T02:54:38+00:00,-34.57688150130646,-58.34208124630624,49.4,23.6,ok
V0062,2026-05-01T02:54:50+00:00,-34.637540965761666,-58.361937387348085,78.6,11.4,ok
V0022,2026-05-01T02:55:04+00:00,-34.62690116352097,-58.40237649769577,42.6,31.8,idle
V0032,2026-05-01T02:55:15+00:00,-34.606569391919535,-58.35729484069278,57.6,21.4,ok
V0074,2026-05-01T02:55:32+00:00,-34.60340333997346,-58.3602045670621,83.7,15.9,ok
V0062,2026-05-01T02:55:40+00:00,-34.629527899558035,-58.38570799647682,63.4,22.7,ok
V0061,2026-05-01T02:55:49+00:00,-34.625131535476804,-58.37043614956683,50.2,29.9,idle
V0076,2026-05-01T02:56:04+00:00,-34.60582312090983,-58.360551786113305,77.9,15.5,idle
V0037,2026-05-01T02:56:17+00:00,-34.57556458940923,-58.40517653719462,63.6,19.7,idle
V0076,2026-05-01T02:56:28+00:00,-34.57346790869839,-58.40694298572185,60.7,19.0,ok
V0057,2026-05-01T02:56:36+00:00,-34.62703907652376,-58.38613015977056,46.3,13.7,ok
V0042,2026-05-01T02:56:50+00:00,-34.61520461657593,-58.38336789864091,85.9,20.8,ok
V0006,2026-05-01T02:57:03+00:00,-34.63872522760619,-58.37706667142684,51.2,21.4,ok
V0021,2026-05-01T02:57:20+00:00,-34.632630780667405,-58.38722730671142,95.0,5.1,ok
V0013,2026-05-01T02:57:27+00:00,-34.63558484561069,-58.36008346001731,41.0,29.0,idle
V0028,2026-05-01T02:57:40+00:00,-34.61367067759333,-58.384117085465725,65.8,24.7,ok
V0050,2026-05-01T02:57:51+00:00,-34.61113470916318,-58.39076923336562,46.7,19.6,idle
V0060,2026-05-01T02:58:07+00:00,-34.627325817817194,-58.3862670674469,61.8,35.1,ok
V0045,2026-05-01T02:58:16+00:00,-34.57619849806663,-58.343500715732425,60.5,14.7,ok
V0001,2026-05-01T02:58:32+00:00,-34.62743579818694,-58.368312818577316,85.2,19.5,ok
V0072,2026-05-01T02:58:38+00:00,-34.62744217847531,-58.37007843838846,32.7,35.7,ok
V0014,2026-05-01T02:58:53+00:00,-34.62756122527039,-58.40215852030496,75.1,24.1,idle
V0005,2026-05-01T02:59:05+00:00,-34.610107337175364,-58.34269601636869,57.1,13.9,ok
V0073,2026-05-01T02:59:13+00:00,-34.63811020810472,-58.37633774770245,65.7,33.7,ok
V0005,2026-05-01T02:59:27+00:00,-34.61096005102718,-58.39317822783151,14.6,26.5,battery_low
V0051,2026-05-01T02:59:44+00:00,-34.572255858453,-58.374346482171056,59.1,25.9,idle
V0054,2026-05-01T02:59:56+00:00,-34.605714891026174,-58.3506650699026,61.5,20.3,ok
V0029,2026-05-01T03:00:02+00:00,-34.635747496385235,-58.356192339693955,50.7,17.1,ok
V0008,2026-05-01T03:00:20+00:00,-34.57444076594848,-58.406840032570635,79.4,23.6,ok
V0028,2026-05-01T03:00:31+00:00,-34.57643626611386,-58.34135720560866,58.8,17.8,ok
V0049,2026-05-01T03:00:43+00:00,-34.60326668935306,-58.349895916649814,73.1,24.1,idle
V0023,2026-05-01T03:00:52+00:00,-34.6055146131335,-58.359427696890826,78.8,9.9,ok
V0024,2026-05-01T03:01:05+00:00,-34.58929921269332,-58.36867242823119,76.5,26.2,ok
V0073,2026-05-01T03:01:19+00:00,-34.62781815261251,-58.3872299871179,71.4,19.3,ok
V0057,2026-05-01T03:01:32+00:00,-34.58912709814393,-58.42163571754223,62.5,24.3,ok
V0010,2026-05-01T03:01:42+00:00,-34.58804863553105,-58.42075214401302,56.5,21.6,idle
V0050,2026-05-01T03:01:55+00:00,-34.631044099367266,-58.414853570236644,35.9,15.1,idle
V0037,2026-05-01T03:02:01+00:00,-34.635668712432825,-58.35803753280699,50.5,16.0,ok
V0051,2026-05-01T03:02:12+00:00,-34.62739850371588,-58.36965737030182,28.4,16.4,idle
V0031,2026-05-01T03:02:28+00:00,-34.62664630029034,-58.3884669148155,51.0,16.5,ok
V0049,2026-05-01T03:02:42+00:00,-34.63966223421828,-58.37700236263922,84.0,30.8,idle
V0012,2026-05-01T03:02:49+00:00,-34.58856440196085,-58.41996989739978,55.8,21.8,ok
V0058,2026-05-01T03:03:08+00:00,-34.57644102802353,-58.344522387848535,68.8,25.6,idle
V0047,2026-05-01T03:03:20+00:00,-34.57259707178842,-58.37418383696358,73.7,13.4,ok
V0061,2026-05-01T03:03:25+00:00,-34.61029936445746,-58.39234549380711,31.2,24.6,ok
V0051,2026-05-01T03:03:43+00:00,-34.597229442406295,-58.40453261114994,43.3,28.2,ok
V0030,2026-05-01T03:03:50+00:00,-34.63089440001577,-58.384574487564414,73.6,26.1,ok
V0011,2026-05-01T03:04:08+00:00,-34.613671866958214,-58.38310320590765,63.6,17.1,idle
V0019,2026-05-01T03:04:13+00:00,-34.574236725849644,-58.4088794521686,66.2,28.9,idle
V0047,2026-05-01T03:04:29+00:00,-34.625120561394354,-58.35770880008734,97.7,15.6,idle
V0026,2026-05-01T03:04:43+00:00,-34.62815379277155,-58.37090780121873,57.0,21.7,idle
V0047,2026-05-01T03:04:49+00:00,-34.57356118858651,-58.40596365458836,55.3,7.0,ok
V0067,2026-05-01T03:05:08+00:00,-34.624323159006956,-58.35825699179109,63.6,36.4,ok
V0075,2026-05-01T03:05:14+00:00,-34.639174086668596,-58.36165944890108,38.5,21.1,idle
V0020,2026-05-01T03:05:27+00:00,-34.6288941168304,-58.41694413290576,70.5,19.3,ok
V0021,2026-05-01T03:05:36+00:00,-34.63794043615582,-58.36340370890418,87.0,23.9,ok
V0075,2026-05-01T03:05:49+00:00,-34.62489509214078,-58.3710061704132,80.1,16.1,ok
V0076,2026-05-01T03:06:08+00:00,-34.59109685692696,-58.3683419257651,45.7,11.5,ok
V0049,2026-05-01T03:06:14+00:00,-34.57140365716481,-58.38313708842954,80.7,27.8,ok
V0020,2026-05-01T03:06:29+00:00,-34.56888603527534,-58.38301572316253,54.5,13.3,ok
V0077,2026-05-01T03:06:41+00:00,-34.62824597915057,-58.40509063663579,94.6,23.2,ok
V0063,2026-05-01T03:06:56+00:00,-34.63157956735129,-58.38523278546079,49.6,29.9,ok
V0036,2026-05-01T03:07:05+00:00,-34.62623259901591,-58.386188405571914,47.8,24.7,ok
V0067,2026-05-01T03:07:17+00:00,-34.569688311683514,-58.38358434008903,85.3,22.0,idle
V0017,2026-05-01T03:07:31+00:00,-34.59600418579803,-58.40623538946351,77.9,19.9,ok
V0039,2026-05-01T03:07:38+00:00,-34.57125235316306,-58.38620533112273,77.4,11.3,ok
V0073,2026-05-01T03:07:54+00:00,-34.596726313304366,-58.406885589849765,77.6,26.8,ok
V0066,2026-05-01T03:08:03+00:00,-34.62465010825678,-58.35639405837888,58.2,14.0,ok
V0058,2026-05-01T03:08:13+00:00,-34.63092696219406,-58.41598944617638,100.0,18.1,ok
V0032,2026-05-01T03:08:32+00:00,-34.60673328953177,-58.35768850078416,57.4,27.5,ok
V0069,2026-05-01T03:08:37+00:00,-34.5891665907845,-58.42050982181002,42.1,27.1,idle
V0056,2026-05-01T03:08:53+00:00,-34.57211537117358,-58.377183394444366,67.3,19.7,ok
V0006,2026-05-01T03:09:06+00:00,-34.60327102036664,-58.35143551079042,70.9,24.4,idle
V0001,2026-05-01T03:09:12+00:00,-34.59034313790254,-58.3666017481995,54.1,25.3,idle
V0013,2026-05-01T03:09:32+00:00,-34.61529791323327,-58.385587829623056,43.8,10.6,idle
V0035,2026-05-01T03:09:42+00:00,-34.62833270573227,-58.418285417271385,93.2,24.5,ok
V0036,2026-05-01T03:09:48+00:00,-34.571169829858384,-58.376972014683886,41.5,28.5,ok
V0005,2026-05-01T03:10:08+00:00,-34.60345762661907,-58.35265203308712,67.0,17.5,idle
V0053,2026-05-01T03:10:13+00:00,-34.565132825966444,-58.41580982191283,94.7,19.9,idle
V0052,2026-05-01T03:10:26+00:00,-34.642025584073025,-58.38284947741784,77.3,22.7,ok
V0048,2026-05-01T03:10:38+00:00,-34.59762497744275,-58.406432186715996,95.1,14.1,idle
V0076,2026-05-01T03:10:52+00:00,-34.57737423637432,-58.34203192777451,63.0,13.7,ok
V0009,2026-05-01T03:11:00+00:00,-34.57296249840097,-58.40594732685375,52.8,13.0,idle
V0015,2026-05-01T03:11:13+00:00,-34.603688064839275,-58.35784898618616,85.1,13.1,idle
V0043,2026-05-01T03:11:31+00:00,-34.63685496694242,-58.35927517742563,39.4,18.6,ok
V0025,2026-05-01T03:11:37+00:00,-34.61074361697122,-58.38984184178427,78.0,25.4,idle
V0062,2026-05-01T03:11:49+00:00,-34.57714031121949,-58.34172694251286,80.8,14.0,idle
V0007,2026-05-01T03:12:04+00:00,-34.6124728735663,-58.34305716649436,59.8,20.8,ok
V0027,2026-05-01T03:12:19+00:00,-34.56704733833628,-58.41471543969825,72.0,13.7,idle
V0067,2026-05-01T03:12:32+00:00,-34.63693139165968,-58.375028212535895,66.8,24.0,ok
V0047,2026-05-01T03:12:38+00:00,-34.63770844440677,-58.375428218417156,50.0,24.7,ok
V0000,2026-05-01T03:12:48+00:00,-34.57397819979183,-58.40580987930104,67.2,33.1,ok
V0029,2026-05-01T03:13:03+00:00,-34.613880891147005,-58.38212463837431,46.8,31.0,ok
V0055,2026-05-01T03:13:13+00:00,-34.58779015790603,-58.36862404602535,57.7,24.3,ok
V0026,2026-05-01T03:13:32+00:00,-34.57140583063627,-58.38278350439639,71.7,23.6,idle
V0018,2026-05-01T03:13:40+00:00,-34.61444919047998,-58.38501268512077,96.7,22.8,ok
V0067,2026-05-01T03:13:56+00:00,-34.59700257199163,-58.40459660987635,64.4,34.4,ok
V0072,2026-05-01T03:14:04+00:00,-34.63738597998509,-58.374399775370755,72.3,22.5,idle
V0043,2026-05-01T03:14:13+00:00,-34.62485797096217,-58.40343942201314,50.8,21.1,ok
V0035,2026-05-01T03:14:26+00:00,-34.62882580385093,-58.416835750958896,71.9,14.6,ok
V0076,2026-05-01T03:14:40+00:00,-34.628515028709266,-58.387323742542684,60.6,8.6,ok
V0076,2026-05-01T03:14:49+00:00,-34.589009072802384,-58.42218655977074,79.7,27.4,ok
V0036,2026-05-01T03:15:06+00:00,-34.62494398058581,-58.40479570188167,67.6,23.1,ok
V0021,2026-05-01T03:15:15+00:00,-34.572601939394964,-58.40596504471674,79.3,19.9,idle
V0077,2026-05-01T03:15:27+00:00,-34.609787783502405,-58.34185117595148,57.2,17.0,ok
V0022,2026-05-01T03:15:39+00:00,-34.57953148338898,-58.343586604995004,57.2,17.8,idle
V0024,2026-05-01T03:15:52+00:00,-34.59773436122671,-58.40643878219765,62.9,19.2,idle
V0073,2026-05-01T03:16:03+00:00,-34.57060500647286,-58.383801884249266,67.4,32.3,ok
V0002,2026-05-01T03:16:15+00:00,-34.57228373857197,-58.40708012785401,76.2,22.7,ok
V0079,2026-05-01T03:16:27+00:00,-34.572545809070476,-58.37575945920049,64.8,20.3,idle
V0045,2026-05-01T03:16:38+00:00,-34.57319364991934,-58.408130038513946,77.9,26.1,idle
V0053,2026-05-01T03:16:48+00:00,-34.62632017751748,-58.35745882467955,43.0,23.3,ok
V0078,2026-05-01T03:17:06+00:00,-34.58747277099874,-58.42278384734125,46.4,24.5,idle
V0062,2026-05-01T03:17:19+00:00,-34.628606659993984,-58.41704535529003,41.9,17.2,ok
V0026,2026-05-01T03:17:24+00:00,-34.62758934733505,-58.38795134460946,100.0,15.8,ok
V0054,2026-05-01T03:17:44+00:00,-34.64317226697039,-58.3844172873653,59.7,11.4,ok
V0072,2026-05-01T03:17:48+00:00,-34.62527890131797,-58.38794107024513,64.3,12.3,idle
V0072,2026-05-01T03:18:04+00:00,-34.63880258811921,-58.36246009521115,14.0,19.0,battery_low
V0049,2026-05-01T03:18:13+00:00,-34.62859369479097,-58.386791203711745,82.6,26.5,idle
V0073,2026-05-01T03:18:29+00:00,-34.63651917821039,-58.356817808858615,46.1,21.0,ok
V0010,2026-05-01T03:18:43+00:00,-34.574396214343125,-58.40857248846947,24.3,22.1,idle
V0002,2026-05-01T03:18:55+00:00,-34.58637205432956,-58.422375179545135,65.5,32.2,idle
V0045,2026-05-01T03:19:07+00:00,-34.64241463521998,-58.38566852759601,69.0,21.1,idle
V0045,2026-05-01T03:19:20+00:00,-34.644575869030795,-58.383140506185065,43.2,14.8,idle
V0039,2026-05-01T03:19:26+00:00,-34.61283718213412,-58.34184911439159,74.3,24.5,ok
V0029,2026-05-01T03:19:41+00:00,-34.57876512807098,-58.342462539445144,83.5,18.3,idle
V0045,2026-05-01T03:19:51+00:00,-34.64035623830611,-58.37462173819556,60.0,26.8,ok
V0065,2026-05-01T03:20:06+00:00,-34.59746146975526,-58.40552300350415,60.7,25.1,ok
V0058,2026-05-01T03:20:15+00:00,-34.59081266620809,-58.422269963047924,72.1,9.4,ok
V0041,2026-05-01T03:20:26+00:00,-34.568428552902105,-58.38604390415584,42.4,20.3,idle
V0058,2026-05-01T03:20:36+00:00,-34.57907503112017,-58.344438812046214,67.4,31.1,ok
V0002,2026-05-01T03:20:49+00:00,-34.62598526562672,-58.357112017391685,46.7,19.1,idle
V0038,2026-05-01T03:21:08+00:00,-34.56617193601731,-58.41689781989197,62.8,22.6,ok
V0055,2026-05-01T03:21:15+00:00,-34.63205727980042,-58.38502779720842,79.9,13.2,ok
V0063,2026-05-01T03:21:29+00:00,-34.58932592643582,-58.422571745029316,72.6,18.1,ok
V0047,2026-05-01T03:21:38+00:00,-34.57080875523047,-58.383717489655076,71.4,30.8,ok
V0020,2026-05-01T03:21:51+00:00,-34.62776893136889,-58.36970386356816,99.2,27.6,ok
V0012,2026-05-01T03:22:03+00:00,-34.61159248647391,-58.39072889787752,46.8,15.8,idle
V0076,2026-05-01T03:22:13+00:00,-34.62629974020138,-58.368087124056466,66.9,28.7,ok
V0035,2026-05-01T03:22:25+00:00,-34.5705948908628,-58.3846930986394,79.4,14.0,ok
V0065,2026-05-01T03:22:39+00:00,-34.599034547636656,-58.40620586796331,56.3,20.0,ok
V0009,2026-05-01T03:22:53+00:00,-34.58810833289431,-58.42217835888072,40.6,23.3,ok
V0048,2026-05-01T03:23:08+00:00,-34.63711644927368,-58.36374466562252,70.2,22.0,ok
V0047,2026-05-01T03:23:20+00:00,-34.63210259288651,-58.384036237304606,62.2,28.2,idle
V0001,2026-05-01T03:23:26+00:00,-34.63743438919166,-58.3744617367455,78.9,26.6,idle
V0076,2026-05-01T03:23:43+00:00,-34.62560065700177,-58.35912552868017,47.0,26.6,ok
V0074,2026-05-01T03:23:52+00:00,-34.64328496100052,-58.383405074792044,82.4,17.4,idle
V0076,2026-05-01T03:24:00+00:00,-34.569394292198176,-58.38278028987433,47.4,34.4,ok
V0054,2026-05-01T03:24:15+00:00,-34.62843482585651,-58.36813440148211,39.3,17.9,ok
V0047,2026-05-01T03:24:26+00:00,-34.63963389604552,-58.37682102823363,59.9,31.4,idle
V0078,2026-05-01T03:24:36+00:00,-34.575131894151475,-58.406576162825445,57.9,16.5,ok
V0030,2026-05-01T03:24:53+00:00,-34.62605630883905,-58.35744090784772,47.5,10.0,ok
V0072,2026-05-01T03:25:01+00:00,-34.63669220006408,-58.36339687671703,83.2,25.4,idle
V0051,2026-05-01T03:25:13+00:00,-34.614803429948566,-58.38349111785858,95.5,20.9,idle
V0036,2026-05-01T03:25:29+00:00,-34.62788555011548,-58.405769302834464,36.8,17.0,ok
V0068,2026-05-01T03:25:37+00:00,-34.636854210595665,-58.356744828455426,69.1,17.3,ok
V0069,2026-05-01T03:25:54+00:00,-34.59094811909357,-58.420987818583725,68.1,23.1,ok
V0012,2026-05-01T03:26:05+00:00,-34.567361192880554,-58.415596909661886,67.0,19.5,ok
V0024,2026-05-01T03:26:16+00:00,-34.64128679774665,-58.38287910453835,63.2,20.5,ok
V0074,2026-05-01T03:26:32+00:00,-34.62606936835925,-58.36982801138967,73.9,17.7,ok
V0006,2026-05-01T03:26:36+00:00,-34.6318629874027,-58.3842185556038,82.2,22.0,ok
V0026,2026-05-01T03:26:49+00:00,-34.634661341285344,-58.35957994519821,58.9,18.7,ok
V0074,2026-05-01T03:27:08+00:00,-34.62859842371838,-58.41795648899935,65.7,23.0,ok
V0034,2026-05-01T03:27:12+00:00,-34.64300327790849,-58.38488992762032,57.5,15.3,ok
V0053,2026-05-01T03:27:31+00:00,-34.62920140597349,-58.41628977183306,18.7,15.7,ok
V0067,2026-05-01T03:27:37+00:00,-34.62908924709606,-58.384975851085215,51.7,25.7,idle
V0064,2026-05-01T03:27:51+00:00,-34.60313922628889,-58.35127566734361,65.1,18.3,idle
V0061,2026-05-01T03:28:04+00:00,-34.58712243111271,-58.42070269951305,46.4,21.7,ok
V0003,2026-05-01T03:28:20+00:00,-34.63180167903821,-58.386003935675696,52.4,10.7,ok
V0022,2026-05-01T03:28:30+00:00,-34.63206550543926,-58.38481930891931,73.9,25.4,idle
V0064,2026-05-01T03:28:40+00:00,-34.637004495900065,-58.357553062551396,61.7,21.0,ok
V0026,2026-05-01T03:28:49+00:00,-34.587521418432,-58.41933223277729,35.4,19.2,ok
V0024,2026-05-01T03:29:06+00:00,-34.58844219800462,-58.423112965781264,59.2,21.2,ok
V0027,2026-05-01T03:29:20+00:00,-34.63796568638237,-58.36018728262316,63.8,31.1,ok
V0042,2026-05-01T03:29:25+00:00,-34.643495042144345,-58.38484999096797,77.7,19.4,ok
V0033,2026-05-01T03:29:37+00:00,-34.60314846008716,-58.35702890288389,73.0,12.9,ok
V0050,2026-05-01T03:29:55+00:00,-34.62495714392427,-58.40300708093273,79.9,25.4,idle
V0072,2026-05-01T03:30:06+00:00,-34.6367234479218,-58.37595494014359,84.6,16.7,idle
V0002,2026-05-01T03:30:12+00:00,-34.63675356256125,-58.358255192797195,78.9,28.3,ok
V0038,2026-05-01T03:30:30+00:00,-34.62528751490825,-58.402923253678715,55.4,25.8,ok
V0046,2026-05-01T03:30:43+00:00,-34.5882900804561,-58.367677911302906,55.0,21.7,ok
V0056,2026-05-01T03:30:51+00:00,-34.58808450255564,-58.42021651098417,43.7,20.8,ok
V0009,2026-05-01T03:31:05+00:00,-34.62603435980617,-58.40508464612573,82.0,22.0,ok
V0076,2026-05-01T03:31:12+00:00,-34.63895407503874,-58.37531500194254,67.7,7.8,ok
V0033,2026-05-01T03:31:24+00:00,-34.61175717002225,-58.3911105295808,66.1,24.3,ok
V0040,2026-05-01T03:31:42+00:00,-34.62518821942067,-58.3568700217734,77.6,13.5,ok
V0047,2026-05-01T03:31:53+00:00,-34.62781754271389,-58.415339642393825,67.1,21.7,idle
V0023,2026-05-01T03:32:03+00:00,-34.56894211022442,-58.3847629570519,73.6,16.5,ok
V0039,2026-05-01T03:32:14+00:00,-34.57320719997086,-58.37759547308604,69.0,21.2,ok
V0037,2026-05-01T03:32:27+00:00,-34.63584657045025,-58.362595252958805,57.3,30.1,ok
V0026,2026-05-01T03:32:38+00:00,-34.637987489290246,-58.358411826895754,77.5,24.4,idle
V0032,2026-05-01T03:32:48+00:00,-34.606499096008015,-58.35956506677322,84.9,21.8,ok
V0071,2026-05-01T03:33:06+00:00,-34.6262353074574,-58.3689338275349,80.0,23.5,ok
V0028,2026-05-01T03:33:14+00:00,-34.63116696492596,-58.4148830683081,79.6,22.0,ok
V0053,2026-05-01T03:33:28+00:00,-34.62692680526154,-58.387251550582185,49.1,12.2,ok
V0064,2026-05-01T03:33:42+00:00,-34.62843311837826,-58.414759868501044,57.3,14.0,ok
V0010,2026-05-01T03:33:50+00:00,-34.60357577742851,-58.35170871251426,80.0,19.0,ok
V0053,2026-05-01T03:34:08+00:00,-34.62272729953895,-58.36013381866518,67.2,29.6,ok
V0042,2026-05-01T03:34:14+00:00,-34.64385240260033,-58.38253123969378,91.5,19.7,ok
V0027,2026-05-01T03:34:29+00:00,-34.60321559620945,-58.357670897288415,74.4,-0.1,idle
V0037,2026-05-01T03:34:41+00:00,-34.62932474147359,-58.4151312095014,72.8,14.2,ok
V0018,2026-05-01T03:34:55+00:00,-34.6251176131518,-58.35775851556386,58.8,26.0,ok
V0077,2026-05-01T03:35:01+00:00,-34.57097809189161,-58.37619187583876,52.9,21.9,ok
V0029,2026-05-01T03:35:20+00:00,-34.590202295907076,-58.36873458384394,65.7,18.2,ok
V0055,2026-05-01T03:35:29+00:00,-34.58798737541166,-58.36907880517702,66.8,13.3,ok
V0060,2026-05-01T03:35:38+00:00,-34.630471418358454,-58.387056321091976,22.0,26.9,ok
V0067,2026-05-01T03:35:49+00:00,-34.5972447331296,-58.407699504745345,78.2,21.2,ok
V0062,2026-05-01T03:36:08+00:00,-34.588038627412175,-58.42027733436334,42.3,33.7,ok
V0001,2026-05-01T03:36:13+00:00,-34.57260927754952,-58.408723247192796,45.7,28.2,ok
V0031,2026-05-01T03:36:24+00:00,-34.59524382329301,-58.40407250306627,66.9,21.3,ok
V0028,2026-05-01T03:36:36+00:00,-34.64155422045938,-58.38252868528288,62.0,24.6,ok
V0043,2026-05-01T03:36:51+00:00,-34.612552357657876,-58.34431180863352,85.3,23.6,ok
V0070,2026-05-01T03:37:04+00:00,-34.62940835292746,-58.3844781648983,31.2,9.4,ok
V0064,2026-05-01T03:37:14+00:00,-34.58840294975064,-58.42007576850064,71.8,26.4,ok
V0052,2026-05-01T03:37:25+00:00,-34.63724838692197,-58.35881716746162,48.3,25.4,ok
V0049,2026-05-01T03:37:38+00:00,-34.57374897850075,-58.40770251415093,65.2,15.5,idle
V0063,2026-05-01T03:37:49+00:00,-34.62852830849058,-58.388615715441986,38.9,19.7,ok
V0023,2026-05-01T03:38:07+00:00,-34.638644111132876,-58.374131656691084,38.3,23.2,idle
V0073,2026-05-01T03:38:14+00:00,-34.57254081706077,-58.37583396928792,79.9,10.4,ok
V0017,2026-05-01T03:38:31+00:00,-34.62773811971454,-58.41529259853269,80.1,15.1,ok
V0054,2026-05-01T03:38:43+00:00,-34.56490828069934,-58.414037454453364,80.5,34.4,ok
V0035,2026-05-01T03:38:52+00:00,-34.60532840637585,-58.35866024882594,52.7,9.3,ok
V0079,2026-05-01T03:39:07+00:00,-34.59600497416942,-58.407385001041156,65.3,22.2,idle
V0061,2026-05-01T03:39:13+00:00,-34.573428990288114,-58.40884378320866,71.7,26.2,ok
V0059,2026-05-01T03:39:24+00:00,-34.603616579856755,-58.36043880219967,48.6,15.4,ok
V0019,2026-05-01T03:39:44+00:00,-34.63758292387931,-58.3753253822746,41.8,28.4,ok
V0023,2026-05-01T03:39:52+00:00,-34.57416517069845,-58.40544905404674,77.3,28.2,ok
V0009,2026-05-01T03:40:08+00:00,-34.59628378823419,-58.40423063185487,70.7,11.3,ok
V0020,2026-05-01T03:40:13+00:00,-34.63952501320068,-58.36274008005092,86.2,7.1,ok
V0003,2026-05-01T03:40:29+00:00,-34.59903138845439,-58.406396571753945,60.3,21.4,idle
V0035,2026-05-01T03:40:38+00:00,-34.58877030572785,-58.36844778697169,87.7,24.4,ok
V0041,2026-05-01T03:40:49+00:00,-34.578165345869245,-58.343114016269276,73.6,23.9,ok
V0030,2026-05-01T03:41:08+00:00,-34.62517569307074,-58.35989384915951,59.6,26.7,ok
V0047,2026-05-01T03:41:20+00:00,-34.62832060556834,-58.40444482203801,42.5,21.2,ok
V0019,2026-05-01T03:41:29+00:00,-34.58539887026088,-58.422106738184574,63.3,22.0,ok
V0038,2026-05-01T03:41:44+00:00,-34.61354862787469,-58.38222985618433,22.9,15.4,ok
V0019,2026-05-01T03:41:56+00:00,-34.58826580564904,-58.42154497366484,71.1,10.0,ok
V0036,2026-05-01T03:42:06+00:00,-34.58943531658607,-58.36966293374079,71.0,29.5,ok
V0031,2026-05-01T03:42:12+00:00,-34.61305939773285,-58.39071754052151,72.9,25.1,ok
V0062,2026-05-01T03:42:25+00:00,-34.6124848154935,-58.341033659588774,76.2,18.7,ok
V0064,2026-05-01T03:42:43+00:00,-34.61318664938407,-58.38198819953052,44.6,23.5,idle
V0037,2026-05-01T03:42:50+00:00,-34.60576937923371,-58.35142895056981,47.6,11.1,ok
V0037,2026-05-01T03:43:00+00:00,-34.58934458909942,-58.422026680604326,67.2,31.0,ok
V0058,2026-05-01T03:43:18+00:00,-34.628169772500385,-58.40329609144358,68.3,26.5,ok
V0031,2026-05-01T03:43:32+00:00,-34.590185198210165,-58.420053258506734,53.6,24.3,ok
V0009,2026-05-01T03:43:39+00:00,-34.624939068033456,-58.40324270311418,51.9,24.7,ok
V0052,2026-05-01T03:43:54+00:00,-34.579041528023474,-58.34319345181964,70.3,19.9,ok
V0041,2026-05-01T03:44:05+00:00,-34.57753170529329,-58.34431993912111,91.0,17.3,ok
V0077,2026-05-01T03:44:12+00:00,-34.564539545658384,-58.41590120476541,50.0,27.3,ok
V0018,2026-05-01T03:44:30+00:00,-34.62919944907247,-58.41664873020929,25.1,20.8,idle
V0000,2026-05-01T03:44:39+00:00,-34.57738821552684,-58.34280791297633,76.1,17.0,ok
V0066,2026-05-01T03:44:49+00:00,-34.58806425347859,-58.42250967356457,63.4,26.0,ok
V0037,2026-05-01T03:45:03+00:00,-34.598828458976726,-58.407004672627295,70.9,29.1,ok
V0069,2026-05-01T03:45:18+00:00,-34.598970497472415,-58.40666860991315,72.1,14.4,ok
V0058,2026-05-01T03:45:32+00:00,-34.64294248420366,-58.38264878933413,72.6,23.3,idle
V0053,2026-05-01T03:45:39+00:00,-34.62495044113405,-58.35969308317581,81.6,24.5,ok
V0035,2026-05-01T03:45:53+00:00,-34.63559130228102,-58.35655206920989,82.4,21.6,idle
V0072,2026-05-01T03:46:06+00:00,-34.58710041099093,-58.422377194030425,100.0,15.5,ok
V0011,2026-05-01T03:46:17+00:00,-34.56783874066926,-58.3838338697336,37.4,19.9,ok
V0053,2026-05-01T03:46:26+00:00,-34.641469000717066,-58.38600930313832,91.3,14.7,ok
V0060,2026-05-01T03:46:37+00:00,-34.63684711951431,-58.37474826532453,69.1,15.4,idle
V0026,2026-05-01T03:46:51+00:00,-34.61574760860862,-58.384303382431746,67.7,13.8,ok
V0034,2026-05-01T03:47:06+00:00,-34.57827748378137,-58.34424529301522,76.8,30.6,ok
V0012,2026-05-01T03:47:13+00:00,-34.595618680410624,-58.40430800814693,28.6,23.4,ok
V0077,2026-05-01T03:47:29+00:00,-34.605111954925434,-58.35832185977435,37.9,33.1,ok
V0017,2026-05-01T03:47:37+00:00,-34.627482033425,-58.368302814466645,47.6,19.6,ok
V0016,2026-05-01T03:47:53+00:00,-34.62781953901547,-58.36931775898633,54.9,22.5,ok
V0034,2026-05-01T03:48:08+00:00,-34.625703668956724,-58.36764841664831,38.0,34.8,idle
V0063,2026-05-01T03:48:20+00:00,-34.62919041279586,-58.414563514540205,79.1,25.7,ok
V0010,2026-05-01T03:48:30+00:00,-34.61350970938179,-58.385617235006634,60.8,17.3,ok
V0008,2026-05-01T03:48:37+00:00,-34.643277045998595,-58.38517034626158,69.5,24.1,idle
V0000,2026-05-01T03:48:48+00:00,-34.57083168048242,-58.37519982562308,65.5,38.2,idle
V0055,2026-05-01T03:49:03+00:00,-34.60454960161751,-58.34971391464122,72.3,9.2,ok
V0064,2026-05-01T03:49:14+00:00,-34.61345481727511,-58.38417801221132,46.5,17.5,ok
V0016,2026-05-01T03:49:29+00:00,-34.63119537468099,-58.41502432683504,72.2,10.6,idle
V0012,2026-05-01T03:49:42+00:00,-34.57358134010758,-58.376456516529046,74.8,12.3,ok
V0056,2026-05-01T03:49:54+00:00,-34.62500687317562,-58.40359375899473,61.0,20.1,ok
V0063,2026-05-01T03:50:00+00:00,-34.56788444828096,-58.38550218889003,83.4,20.0,ok
V0064,2026-05-01T03:50:20+00:00,-34.59687773691073,-58.40781987996632,76.2,29.1,ok
V0011,2026-05-01T03:50:27+00:00,-34.59002871369463,-58.42185345519521,60.1,9.7,ok
V0062,2026-05-01T03:50:40+00:00,-34.62751189131954,-58.38698563113153,49.9,20.1,ok
V0007,2026-05-01T03:50:54+00:00,-34.578630860546376,-58.34160047206433,47.5,17.0,ok
V0063,2026-05-01T03:51:05+00:00,-34.57496895777055,-58.40548719878302,53.0,13.2,idle
V0031,2026-05-01T03:51:12+00:00,-34.579528490893125,-58.34403536693547,43.6,12.7,ok
V0034,2026-05-01T03:51:32+00:00,-34.627903102264426,-58.38671154069642,59.3,18.2,ok
V0019,2026-05-01T03:51:41+00:00,-34.577398103550735,-58.343002444770995,63.0,14.1,idle
V0049,2026-05-01T03:51:54+00:00,-34.6046251275525,-58.351409063958926,91.0,23.3,ok
V0002,2026-05-01T03:52:05+00:00,-34.629717142266244,-58.385551021641064,54.7,21.4,ok
V0006,2026-05-01T03:52:12+00:00,-34.6357689557856,-58.360882118615606,51.3,22.6,ok
V0042,2026-05-01T03:52:32+00:00,-34.57862354085732,-58.34439271118927,80.6,22.7,ok
V0079,2026-05-01T03:52:38+00:00,-34.630746557896465,-58.38453259941689,58.1,15.7,ok
V0063,2026-05-01T03:52:53+00:00,-34.58659389255203,-58.41929092235956,84.6,21.2,idle
V0012,2026-05-01T03:53:08+00:00,-34.59892163626126,-58.40688816087933,65.1,35.1,ok
V0035,2026-05-01T03:53:13+00:00,-34.641913146377235,-58.38331646530124,59.6,28.9,ok
V0012,2026-05-01T03:53:26+00:00,-34.64278875324149,-58.382756359557476,55.5,16.0,ok
V0025,2026-05-01T03:53:37+00:00,-34.63622779272921,-58.35690481918426,75.9,31.1,ok
V0026,2026-05-01T03:53:54+00:00,-34.61368777565193,-58.392320648037234,45.1,23.9,idle
V0049,2026-05-01T03:54:02+00:00,-34.6308889526735,-58.41627616322017,36.0,19.6,ok
V0012,2026-05-01T03:54:14+00:00,-34.5641110501461,-58.414573252450964,61.0,27.6,ok
V0024,2026-05-01T03:54:25+00:00,-34.63514191231583,-58.35868835070436,67.6,21.7,idle
V0012,2026-05-01T03:54:36+00:00,-34.589893335704026,-58.41930722002778,55.2,31.5,ok
V0054,2026-05-01T03:54:48+00:00,-34.58822090883815,-58.36767648255232,58.2,15.6,idle
V0035,2026-05-01T03:55:06+00:00,-34.61149165987763,-58.39099196309061,82.3,33.8,idle
V0073,2026-05-01T03:55:14+00:00,-34.56956074780398,-58.38514738916579,91.6,8.5,ok
V0053,2026-05-01T03:55:26+00:00,-34.626352671876475,-58.35848109344186,81.7,14.9,ok
V0058,2026-05-01T03:55:41+00:00,-34.638435683971956,-58.375533769756245,65.2,24.7,ok
V0018,2026-05-01T03:55:56+00:00,-34.61023986715888,-58.340691239707574,50.8,19.7,ok
V0045,2026-05-01T03:56:00+00:00,-34.613333119763055,-58.38932463817011,100.0,20.7,ok
V0013,2026-05-01T03:56:17+00:00,-34.64385774388784,-58.38459607807171,80.5,16.5,ok
V0068,2026-05-01T03:56:26+00:00,-34.61211606151342,-58.39304935302181,57.0,20.1,ok
V0079,2026-05-01T03:56:42+00:00,-34.57336246209225,-58.377221299877874,52.2,26.5,ok
V0028,2026-05-01T03:56:56+00:00,-34.61353288838373,-58.39046833727666,81.3,33.1,idle
V0067,2026-05-01T03:57:08+00:00,-34.61269282278314,-58.34267452437515,43.2,21.8,ok
V0061,2026-05-01T03:57:14+00:00,-34.59764430713204,-58.40703522902727,61.7,26.1,ok
V0015,2026-05-01T03:57:27+00:00,-34.625757842205466,-58.405679092247304,61.6,14.5,ok
V0034,2026-05-01T03:57:39+00:00,-34.63860984888433,-58.37678681740595,49.8,30.1,ok
V0061,2026-05-01T03:57:54+00:00,-34.596578380664326,-58.406709243196985,86.8,21.4,ok
V0077,2026-05-01T03:58:06+00:00,-34.611213085604035,-58.390588842776836,41.0,17.2,ok
V0073,2026-05-01T03:58:18+00:00,-34.628827349347134,-58.417991220295164,56.1,9.8,ok
V0000,2026-05-01T03:58:31+00:00,-34.63709388324292,-58.37702829138036,57.9,16.0,ok
V0065,2026-05-01T03:58:40+00:00,-34.57249630005589,-58.407754171886616,45.5,19.4,idle
V0023,2026-05-01T03:58:53+00:00,-34.62637214034428,-58.40376651472963,68.9,22.7,ok
V0042,2026-05-01T03:59:00+00:00,-34.59080314730003,-58.42267759101651,55.2,17.3,idle
V0064,2026-05-01T03:59:19+00:00,-34.626244831318566,-58.386221755927,52.1,25.9,ok
V0014,2026-05-01T03:59:30+00:00,-34.60684081987989,-58.3594730612313,64.0,27.1,ok
V0044,2026-05-01T03:59:36+00:00,-34.6278077486404,-58.38891024018722,20.3,27.4,idle
V0001,2026-05-01T03:59:56+00:00,-34.62812501932735,-58.4163377883224,59.6,12.0,ok
V0064,2026-05-01T04:00:01+00:00,-34.60346828633859,-58.350020494418395,64.8,24.5,ok
V0016,2026-05-01T04:00:14+00:00,-34.61254576573115,-58.383217862247406,73.6,10.5,ok
V0035,2026-05-01T04:00:27+00:00,-34.5710922479895,-58.37717999832451,42.3,15.0,ok
V0033,2026-05-01T04:00:40+00:00,-34.62617662812068,-58.38644669642678,70.0,23.0,idle
V0002,2026-05-01T04:00:48+00:00,-34.62737212997106,-58.41746439456865,33.7,20.4,ok
V0010,2026-05-01T04:01:02+00:00,-34.62981724897454,-58.38757675780955,52.5,27.8,ok
V0053,2026-05-01T04:01:12+00:00,-34.634352753614266,-58.359590980940595,71.8,18.2,ok
V0069,2026-05-01T04:01:30+00:00,-34.591045297434675,-58.36730777483104,79.7,19.1,ok
V0007,2026-05-01T04:01:40+00:00,-34.629023859134094,-58.3858734091814,42.9,23.7,idle
V0037,2026-05-01T04:01:50+00:00,-34.63708296258731,-58.357419624334455,74.2,24.1,ok
V0056,2026-05-01T04:02:07+00:00,-34.642025665339666,-58.383796679247595,53.9,16.7,idle
V0003,2026-05-01T04:02:12+00:00,-34.614559819491966,-58.38349303701552,76.0,18.1,ok
V0007,2026-05-01T04:02:30+00:00,-34.63798512299332,-58.37635641104444,72.6,19.2,ok
V0013,2026-05-01T04:02:36+00:00,-34.62776049913179,-58.417452418433804,69.3,24.9,idle
V0031,2026-05-01T04:02:49+00:00,-34.63856772570564,-58.36031528802457,87.3,16.4,ok
V0042,2026-05-01T04:03:01+00:00,-34.63148545730335,-58.38704304843588,49.6,26.9,ok
V0078,2026-05-01T04:03:18+00:00,-34.638987611014194,-58.37464194797354,69.6,12.9,ok
V0060,2026-05-01T04:03:27+00:00,-34.60360621823999,-58.35261501500408,51.8,27.1,ok
V0038,2026-05-01T04:03:41+00:00,-34.57315027410433,-58.40550869993989,41.7,16.1,idle
V0061,2026-05-01T04:03:55+00:00,-34.57254861288438,-58.40544905681994,42.9,29.4,ok
V0010,2026-05-01T04:04:08+00:00,-34.63646380488352,-58.36251636878868,60.1,31.0,ok
V0046,2026-05-01T04:04:20+00:00,-34.603598841546784,-58.35303313474865,74.3,16.6,ok
V0024,2026-05-01T04:04:27+00:00,-34.627999027013466,-58.40312995418822,38.2,13.5,ok
V0049,2026-05-01T04:04:40+00:00,-34.567441305646184,-58.414844214520855,80.6,38.2,ok
V0079,2026-05-01T04:04:51+00:00,-34.572781519586606,-58.37546336572702,34.1,17.8,ok
V0045,2026-05-01T04:05:02+00:00,-34.63740379233135,-58.36128184506947,85.5,22.3,idle
V0027,2026-05-01T04:05:15+00:00,-34.63635761682531,-58.359503382902844,42.4,21.4,ok
V0047,2026-05-01T04:05:28+00:00,-34.57561881283787,-58.40692382976552,66.2,31.9,ok
V0010,2026-05-01T04:05:41+00:00,-34.6266642203854,-58.3858781737555,60.7,13.3,ok
V0013,2026-05-01T04:05:49+00:00,-34.636560015528524,-58.374072815276406,52.9,35.5,ok
V0047,2026-05-01T04:06:04+00:00,-34.63712526702484,-58.357156317096546,51.8,25.6,idle
V0017,2026-05-01T04:06:20+00:00,-34.64021042453473,-58.375164530042504,87.9,31.7,ok
V0027,2026-05-01T04:06:24+00:00,-34.6278175229552,-58.38739035699825,57.5,23.7,idle
V0067,2026-05-01T04:06:43+00:00,-34.63828641720475,-58.363194525849416,94.6,26.1,ok
V0056,2026-05-01T04:06:53+00:00,-34.64337778594585,-58.385269955636616,56.2,18.5,ok
V0019,2026-05-01T04:07:06+00:00,-34.63051197185641,-58.384005642391266,39.1,24.7,ok
V0021,2026-05-01T04:07:13+00:00,-34.58622713590157,-58.42186156481329,84.1,26.6,ok
V0073,2026-05-01T04:07:25+00:00,-34.61168719914903,-58.39199474266413,53.9,7.9,ok
V0045,2026-05-01T04:07:44+00:00,-34.5882402764735,-58.41975679963865,75.1,26.0,ok
V0017,2026-05-01T04:07:54+00:00,-34.62698424249349,-58.40389690031035,56.5,18.2,idle
V0045,2026-05-01T04:08:02+00:00,-34.63182829764583,-58.38618074592874,82.7,17.2,idle
V0044,2026-05-01T04:08:14+00:00,-34.61383597055214,-58.39240712308706,60.7,19.4,ok
V0019,2026-05-01T04:08:25+00:00,-34.58763083711941,-58.41890457682772,50.9,13.3,ok
V0041,2026-05-01T04:08:43+00:00,-34.6125469018096,-58.38215593612371,73.5,21.4,ok
V0000,2026-05-01T04:08:55+00:00,-34.576660442883046,-58.343933684768054,74.9,23.9,idle
V0010,2026-05-01T04:09:02+00:00,-34.613802107376486,-58.39175794302196,76.8,24.7,ok
V0033,2026-05-01T04:09:15+00:00,-34.626934152558945,-58.36761124695135,66.0,21.5,ok
V0011,2026-05-01T04:09:27+00:00,-34.63073284035537,-58.38752756709139,88.7,20.9,ok
V0064,2026-05-01T04:09:39+00:00,-34.57649791538282,-58.34127326404601,42.2,32.8,ok
V0057,2026-05-01T04:09:54+00:00,-34.629877398720346,-58.38519835967486,65.6,18.9,ok
V0060,2026-05-01T04:10:07+00:00,-34.63004439336947,-58.387352062899325,89.1,24.7,idle
V0048,2026-05-01T04:10:15+00:00,-34.57070970477886,-58.38473194301719,65.6,31.4,ok
V0029,2026-05-01T04:10:31+00:00,-34.60264008222115,-58.34993736511286,75.8,16.6,ok
V0063,2026-05-01T04:10:40+00:00,-34.56935976010407,-58.384189386519324,77.4,17.0,ok
V0076,2026-05-01T04:10:49+00:00,-34.63616430922869,-58.3576981202499,29.5,25.8,ok
V0061,2026-05-01T04:11:05+00:00,-34.58930676310088,-58.42012325317011,95.8,26.3,ok
V0025,2026-05-01T04:11:12+00:00,-34.624752860062216,-58.4058027443499,59.4,25.3,ok
V0038,2026-05-01T04:11:27+00:00,-34.63262431337367,-58.38666609577716,34.9,26.6,ok
V0030,2026-05-01T04:11:43+00:00,-34.628017088843286,-58.386989401993354,100.0,12.3,idle
V0017,2026-05-01T04:11:55+00:00,-34.63064345526734,-58.417658533207515,43.4,25.8,ok
V0015,2026-05-01T04:12:08+00:00,-34.570076673566106,-58.37544395847121,53.7,20.5,ok
V0025,2026-05-01T04:12:16+00:00,-34.63717756258707,-58.361658432664946,69.0,28.5,ok
V0049,2026-05-01T04:12:32+00:00,-34.644377669951844,-58.38348107657124,32.4,20.2,ok
V0075,2026-05-01T04:12:42+00:00,-34.56866698502258,-58.386104145256986,70.4,28.9,idle
V0008,2026-05-01T04:12:50+00:00,-34.635837008547526,-58.356796244034314,78.5,25.6,ok
V0054,2026-05-01T04:13:00+00:00,-34.59763996282156,-58.406434831956055,41.7,17.4,ok
V0045,2026-05-01T04:13:12+00:00,-34.63635184538735,-58.36160353076846,35.2,19.4,ok
V0003,2026-05-01T04:13:24+00:00,-34.572267238296185,-58.375694946086774,46.8,27.3,ok
V0009,2026-05-01T04:13:44+00:00,-34.58822236971147,-58.42108036060353,57.8,20.1,ok
V0072,2026-05-01T04:13:49+00:00,-34.569547598040415,-58.38270035885752,68.4,11.6,ok
V0069,2026-05-01T04:14:01+00:00,-34.57258102968209,-58.406197686047776,73.3,18.1,idle
V0045,2026-05-01T04:14:15+00:00,-34.59853315564202,-58.406329568119084,47.7,33.1,ok
V0014,2026-05-01T04:14:24+00:00,-34.62638792669421,-58.40582147459575,56.2,26.5,ok
V0012,2026-05-01T04:14:39+00:00,-34.5985335840468,-58.4067447576025,94.3,18.9,ok
V0055,2026-05-01T04:14:53+00:00,-34.612991924360536,-58.382265331354375,48.2,23.9,ok
V0010,2026-05-01T04:15:02+00:00,-34.60411722632227,-58.35205087628708,59.4,23.6,idle
V0033,2026-05-01T04:15:12+00:00,-34.61327639523619,-58.3916139420401,57.6,23.9,ok
V0006,2026-05-01T04:15:24+00:00,-34.63586854245903,-58.36016081067159,56.8,37.0,idle
V0025,2026-05-01T04:15:36+00:00,-34.56763767578753,-58.414136205650884,67.3,28.9,ok
V0069,2026-05-01T04:15:50+00:00,-34.627463017483194,-58.37092988242403,33.5,17.5,ok
V0075,2026-05-01T04:16:05+00:00,-34.58793455025914,-58.36693290327881,52.1,19.7,ok
V0003,2026-05-01T04:16:12+00:00,-34.613410649720855,-58.39197510966041,74.3,23.5,ok
V0079,2026-05-01T04:16:27+00:00,-34.63796604162553,-58.37714370721254,68.8,18.3,ok
V0045,2026-05-01T04:16:40+00:00,-34.576276669570305,-58.34086914772965,72.3,14.8,idle
V0004,2026-05-01T04:16:50+00:00,-34.6362109285766,-58.358259038377106,36.0,16.9,ok
V0042,2026-05-01T04:17:04+00:00,-34.627418122564734,-58.40194296990802,69.2,30.7,ok
V0040,2026-05-01T04:17:20+00:00,-34.6122767582824,-58.340566555966426,50.8,25.1,ok
V0010,2026-05-01T04:17:25+00:00,-34.61065731350497,-58.393106219192696,96.3,12.6,idle
V0033,2026-05-01T04:17:44+00:00,-34.62733478281653,-58.36922769796908,100.0,31.2,idle
V0071,2026-05-01T04:17:51+00:00,-34.62905359921709,-58.38400853218829,33.3,24.3,ok
V0045,2026-05-01T04:18:00+00:00,-34.636608124969406,-58.362470801696205,58.5,22.7,ok
V0012,2026-05-01T04:18:19+00:00,-34.64393519168921,-58.38355568834177,62.6,13.2,ok
V0024,2026-05-01T04:18:24+00:00,-34.62643761633985,-58.405547440218385,49.4,12.7,idle
V0034,2026-05-01T04:18:36+00:00,-34.573884982858694,-58.37663724623188,67.3,18.0,ok
V0077,2026-05-01T04:18:52+00:00,-34.57654363583938,-58.34433438249505,53.9,18.8,idle
V0008,2026-05-01T04:19:01+00:00,-34.612040942013785,-58.39321424288587,63.7,20.0,idle
V0004,2026-05-01T04:19:15+00:00,-34.58671738298294,-58.42073177300947,56.6,7.0,ok
V0075,2026-05-01T04:19:28+00:00,-34.62454608570162,-58.4027959797527,32.7,6.0,ok
V0060,2026-05-01T04:19:39+00:00,-34.62915758779274,-58.38628942594102,72.6,9.0,ok
V0034,2026-05-01T04:19:49+00:00,-34.63047340631069,-58.38633870444914,65.0,33.4,idle
V0013,2026-05-01T04:20:04+00:00,-34.63736537611841,-58.36038610780713,64.3,28.1,ok
V0016,2026-05-01T04:20:20+00:00,-34.62480765437243,-58.36848507580695,62.8,16.4,ok
V0076,2026-05-01T04:20:29+00:00,-34.626037624161604,-58.36816851667604,54.5,16.1,ok
V0067,2026-05-01T04:20:36+00:00,-34.603059153745626,-58.35746859627444,86.6,18.5,idle
V0070,2026-05-01T04:20:48+00:00,-34.62766771165249,-58.38757739971707,81.4,23.7,ok
V0022,2026-05-01T04:21:00+00:00,-34.59698333025762,-58.40441417761223,65.3,18.6,ok
V0028,2026-05-01T04:21:14+00:00,-34.588381926606154,-58.41895456515272,79.6,18.2,ok
V0040,2026-05-01T04:21:28+00:00,-34.590178766098134,-58.36918972217426,39.0,18.2,ok
V0074,2026-05-01T04:21:37+00:00,-34.641890159063,-58.38283252529449,64.0,25.4,idle
V0020,2026-05-01T04:21:53+00:00,-34.62406002470799,-58.35909597618668,84.5,14.3,ok
V0049,2026-05-01T04:22:00+00:00,-34.56846580582555,-58.38226950786623,58.9,10.7,ok
V0049,2026-05-01T04:22:12+00:00,-34.63867324936353,-58.376429784532206,70.8,29.8,ok
V0013,2026-05-01T04:22:29+00:00,-34.58860390639543,-58.42149859777297,63.5,25.1,ok
V0069,2026-05-01T04:22:42+00:00,-34.573979213379424,-58.376843757563165,47.9,18.7,ok
V0040,2026-05-01T04:22:49+00:00,-34.62711542287317,-58.402301426819456,82.6,20.1,idle
V0037,2026-05-01T04:23:04+00:00,-34.624967046677696,-58.40424784671045,100.0,9.8,ok
V0064,2026-05-01T04:23:19+00:00,-34.62837958343261,-58.36928576801817,56.3,19.5,idle
V0025,2026-05-01T04:23:32+00:00,-34.58719592246794,-58.42279572256114,57.7,12.7,ok
V0059,2026-05-01T04:23:44+00:00,-34.628109349919704,-58.40491146620502,34.9,20.6,idle
V0036,2026-05-01T04:23:53+00:00,-34.56719803057623,-58.41647436824334,54.0,24.9,ok
V0020,2026-05-01T04:24:05+00:00,-34.57418827724515,-58.40721739296349,70.1,33.9,idle
V0005,2026-05-01T04:24:20+00:00,-34.60249268305583,-58.35305891500245,44.4,24.7,idle
V0038,2026-05-01T04:24:26+00:00,-34.61309571558652,-58.38246992965845,33.3,21.3,ok
V0066,2026-05-01T04:24:42+00:00,-34.628908619955205,-58.38531572634495,65.2,31.8,ok
V0075,2026-05-01T04:24:48+00:00,-34.615735263224366,-58.385339929749094,66.5,16.9,ok
V0042,2026-05-01T04:25:02+00:00,-34.63075432951391,-58.38792979059785,75.5,30.3,ok
V0022,2026-05-01T04:25:18+00:00,-34.60328251126361,-58.35073238073624,65.0,20.0,ok
V0033,2026-05-01T04:25:27+00:00,-34.611815510285446,-58.39042326380568,60.1,12.8,ok
V0079,2026-05-01T04:25:36+00:00,-34.623791555521215,-58.35882474044727,78.8,19.5,idle
V0001,2026-05-01T04:25:50+00:00,-34.59916339675031,-58.40616264027404,30.5,28.2,ok
V0050,2026-05-01T04:26:07+00:00,-34.64483973217213,-58.38602998279641,10.0,21.7,battery_low
V0058,2026-05-01T04:26:18+00:00,-34.58748369952344,-58.4221250900502,57.7,9.8,idle
V0016,2026-05-01T04:26:27+00:00,-34.60346940556771,-58.35028350768009,38.2,14.3,ok
V0024,2026-05-01T04:26:41+00:00,-34.64286373187482,-58.38485107096594,67.2,20.2,idle
V0002,2026-05-01T04:26:54+00:00,-34.570045865050155,-58.38234260018637,53.6,14.8,ok
V0011,2026-05-01T04:27:00+00:00,-34.579563504078116,-58.34170116661317,75.8,26.5,ok
V0043,2026-05-01T04:27:16+00:00,-34.570521375028825,-58.37785731023754,68.6,26.8,ok
V0023,2026-05-01T04:27:27+00:00,-34.56417835241143,-58.416387372926856,68.4,18.2,ok
V0058,2026-05-01T04:27:38+00:00,-34.60428993158718,-58.352706516059364,25.4,28.4,ok
V0064,2026-05-01T04:27:53+00:00,-34.638024264141585,-58.3772351016429,62.9,21.8,ok
V0078,2026-05-01T04:28:04+00:00,-34.57618529696469,-58.344302132891585,71.4,12.6,idle
V0056,2026-05-01T04:28:20+00:00,-34.63619405335805,-58.36268967142958,55.9,20.9,ok
V0071,2026-05-01T04:28:24+00:00,-34.57347465988033,-58.40576965237246,29.0,24.7,ok
V0020,2026-05-01T04:28:42+00:00,-34.61582113287856,-58.3826492387498,92.1,25.3,ok
V0068,2026-05-01T04:28:49+00:00,-34.626035165939484,-58.38889464231067,29.6,20.5,idle
V0057,2026-05-01T04:29:06+00:00,-34.627397654228474,-58.40535478921562,61.1,13.0,ok
V0029,2026-05-01T04:29:14+00:00,-34.60462368675884,-58.35092398168833,80.5,23.2,ok
V0032,2026-05-01T04:29:29+00:00,-34.636264474175945,-58.362182812215806,56.0,16.1,idle
V0047,2026-05-01T04:29:36+00:00,-34.59723598912286,-58.40485457033198,87.6,23.0,ok
V0067,2026-05-01T04:29:48+00:00,-34.637875017312666,-58.36167350190806,35.9,14.2,ok
V0066,2026-05-01T04:30:05+00:00,-34.57788000666676,-58.34297337008807,20.2,25.5,idle
V0045,2026-05-01T04:30:14+00:00,-34.63670340246704,-58.363717661957615,48.2,21.6,ok
V0021,2026-05-01T04:30:29+00:00,-34.609389416220665,-58.342990840904314,33.2,28.9,idle
V0059,2026-05-01T04:30:40+00:00,-34.58836024610605,-58.420969007540144,55.0,20.6,ok
V0025,2026-05-01T04:30:54+00:00,-34.639397466153405,-58.37750553930016,67.8,23.8,idle
V0006,2026-05-01T04:31:07+00:00,-34.58804683969198,-58.41996817860691,43.2,23.6,ok
V0021,2026-05-01T04:31:17+00:00,-34.636772690647796,-58.35654285209515,54.4,29.3,ok
V0070,2026-05-01T04:31:31+00:00,-34.56574750791126,-58.41763702185832,69.1,24.4,idle
V0077,2026-05-01T04:31:43+00:00,-34.605722438945556,-58.35807698048613,42.4,19.8,ok
V0056,2026-05-01T04:31:55+00:00,-34.62467886413106,-58.40359473894164,64.4,16.4,ok
V0030,2026-05-01T04:32:05+00:00,-34.64231601051042,-58.38540808888226,52.2,19.1,ok
V0075,2026-05-01T04:32:17+00:00,-34.62790363252948,-58.386580127680496,45.3,6.8,ok
V0071,2026-05-01T04:32:25+00:00,-34.570208221037184,-58.386008763272685,49.7,25.6,ok
V0005,2026-05-01T04:32:41+00:00,-34.60973531169197,-58.3405042810716,50.4,14.1,idle
V0048,2026-05-01T04:32:52+00:00,-34.63634332125662,-58.36032865037733,43.9,27.2,ok
V0011,2026-05-01T04:33:01+00:00,-34.63769886218966,-58.36151951163931,36.9,21.9,ok
V0065,2026-05-01T04:33:19+00:00,-34.59755807279539,-58.40473721381888,54.0,24.4,idle
V0051,2026-05-01T04:33:30+00:00,-34.61263166840936,-58.39119747696007,86.6,38.3,ok
V0019,2026-05-01T04:33:37+00:00,-34.60404518987184,-58.35164955006172,47.9,27.3,ok
V0039,2026-05-01T04:33:50+00:00,-34.61004120113599,-58.34425918749965,68.3,19.8,idle
V0020,2026-05-01T04:34:03+00:00,-34.60660219459315,-58.35797671384525,88.4,25.9,idle
V0045,2026-05-01T04:34:15+00:00,-34.637082024115024,-58.36223939377034,59.5,10.7,ok
V0043,2026-05-01T04:34:25+00:00,-34.57397300818886,-58.37753036818339,64.2,34.1,idle
V0055,2026-05-01T04:34:39+00:00,-34.59645620580699,-58.4041876391014,77.0,26.9,idle
V0035,2026-05-01T04:34:51+00:00,-34.63740176085924,-58.36348467193689,56.0,16.4,idle
V0075,2026-05-01T04:35:05+00:00,-34.602728722781556,-58.35034199751772,54.0,24.8,ok
V0026,2026-05-01T04:35:14+00:00,-34.606064746893566,-58.357273476357605,52.4,21.1,ok
V0066,2026-05-01T04:35:27+00:00,-34.59050850939028,-58.36888001548036,87.6,13.0,idle
V0064,2026-05-01T04:35:37+00:00,-34.56690989049275,-58.417447250121405,59.9,10.8,ok
V0068,2026-05-01T04:35:52+00:00,-34.64021058646102,-58.37614265196654,75.4,16.3,ok
V0041,2026-05-01T04:36:07+00:00,-34.587238214580125,-58.42144142758719,55.6,29.3,ok
V0014,2026-05-01T04:36:19+00:00,-34.632595628783754,-58.38766282404647,72.7,27.2,ok
V0072,2026-05-01T04:36:30+00:00,-34.62944936404001,-58.41628154448565,47.9,28.4,ok
V0037,2026-05-01T04:36:43+00:00,-34.570165107736265,-58.37735918566722,59.3,23.1,ok
V0023,2026-05-01T04:36:53+00:00,-34.61120691033471,-58.34316967282479,81.7,15.6,ok
V0050,2026-05-01T04:37:05+00:00,-34.578674971918446,-58.343136571792456,54.8,16.7,ok
V0068,2026-05-01T04:37:18+00:00,-34.635540371153645,-58.35641250615707,52.7,11.4,ok
V0054,2026-05-01T04:37:31+00:00,-34.575434636988604,-58.406990913530606,77.8,19.7,idle
V0028,2026-05-01T04:37:39+00:00,-34.60554905268374,-58.35346954704656,58.5,19.4,ok
V0051,2026-05-01T04:37:56+00:00,-34.62711330779182,-58.3681551541468,34.8,19.0,ok
V0071,2026-05-01T04:38:01+00:00,-34.604638914122695,-58.35809243864534,34.2,10.5,ok
V0058,2026-05-01T04:38:16+00:00,-34.63568611145246,-58.36155938684201,34.0,25.8,ok
V0036,2026-05-01T04:38:26+00:00,-34.62837292091003,-58.36846412077829,80.0,12.8,ok
V0046,2026-05-01T04:38:43+00:00,-34.597507588845275,-58.40622903167758,63.9,20.6,ok
V0058,2026-05-01T04:38:49+00:00,-34.56781731323639,-58.38399852222035,37.6,19.6,ok
V0001,2026-05-01T04:39:00+00:00,-34.60503966542419,-58.35306142754948,44.0,22.2,idle
V0007,2026-05-01T04:39:20+00:00,-34.629556281733684,-58.38728615649248,53.7,22.1,idle
V0008,2026-05-01T04:39:27+00:00,-34.57769807238783,-58.34378169946666,71.3,11.4,idle
V0035,2026-05-01T04:39:43+00:00,-34.62606625012238,-58.388427305833076,83.8,19.0,ok
V0072,2026-05-01T04:39:50+00:00,-34.62420243241214,-58.359915117980236,30.9,15.2,idle
V0025,2026-05-01T04:40:00+00:00,-34.61293953409324,-58.34415193090798,56.8,20.6,ok
V0001,2026-05-01T04:40:19+00:00,-34.605447400229366,-58.350268849937684,51.8,16.3,ok
V0062,2026-05-01T04:40:24+00:00,-34.61289541196952,-58.393220372361135,58.6,14.7,ok
V0057,2026-05-01T04:40:36+00:00,-34.58590128564417,-58.41928904899423,54.7,15.9,ok
V0079,2026-05-01T04:40:51+00:00,-34.58758714842165,-58.42111895031729,54.2,23.1,ok
V0038,2026-05-01T04:41:04+00:00,-34.59585121580448,-58.405319269925926,59.9,12.6,ok
V0008,2026-05-01T04:41:17+00:00,-34.62607633826709,-58.36009505755618,89.5,14.6,ok
V0071,2026-05-01T04:41:26+00:00,-34.63776378507249,-58.37674870292848,57.7,21.2,ok
V0002,2026-05-01T04:41:42+00:00,-34.58808737407487,-58.36908350039529,87.9,23.4,ok
V0015,2026-05-01T04:41:51+00:00,-34.62819354942364,-58.386638604395635,62.0,29.5,idle
V0078,2026-05-01T04:42:05+00:00,-34.63040425354457,-58.38461193715037,62.9,17.7,ok
V0023,2026-05-01T04:42:17+00:00,-34.60452715573021,-58.35336212269072,72.1,19.3,ok
V0072,2026-05-01T04:42:28+00:00,-34.58972192093878,-58.370097514565884,59.4,26.8,ok
V0002,2026-05-01T04:42:39+00:00,-34.63655890215541,-58.357627145605186,35.6,20.8,idle
V0028,2026-05-01T04:42:54+00:00,-34.63707281195793,-58.37637029496072,56.2,32.9,ok
V0058,2026-05-01T04:43:05+00:00,-34.61550280506216,-58.383985396129695,59.9,23.2,idle
V0052,2026-05-01T04:43:18+00:00,-34.56682145413343,-58.41600224977769,39.3,24.0,ok
V0033,2026-05-01T04:43:29+00:00,-34.62739983596656,-58.41464368565195,60.5,12.5,idle
V0050,2026-05-01T04:43:36+00:00,-34.62336684461053,-58.3597477245845,38.8,15.8,ok
V0018,2026-05-01T04:43:53+00:00,-34.61361426833935,-58.38959313508217,42.1,7.7,ok
V0040,2026-05-01T04:44:07+00:00,-34.61241985558714,-58.34376407377708,64.5,16.4,ok
V0043,2026-05-01T04:44:18+00:00,-34.629217415179156,-58.387052068192595,93.5,24.9,ok
V0039,2026-05-01T04:44:27+00:00,-34.63168984569116,-58.385317732969646,60.7,18.7,ok
V0051,2026-05-01T04:44:36+00:00,-34.57304140313261,-58.377067445291644,70.8,23.3,idle
V0003,2026-05-01T04:44:54+00:00,-34.63129728860562,-58.38522987735832,78.2,21.6,ok
V0048,2026-05-01T04:45:08+00:00,-34.644467389042525,-58.385009339226286,49.7,18.0,idle
V0007,2026-05-01T04:45:14+00:00,-34.57114117310811,-58.37777050612186,43.9,39.8,ok
V0001,2026-05-01T04:45:32+00:00,-34.56830092060822,-58.38593394796559,64.8,21.9,ok
V0051,2026-05-01T04:45:41+00:00,-34.61427203789938,-58.38427742873099,51.1,13.9,ok
V0069,2026-05-01T04:45:54+00:00,-34.6259303637743,-58.35816215619871,81.9,27.2,ok
V0011,2026-05-01T04:46:01+00:00,-34.5666627398113,-58.41571787590831,57.5,25.9,ok
V0007,2026-05-01T04:46:15+00:00,-34.626705472789205,-58.40318568646872,58.4,21.0,ok
V0044,2026-05-01T04:46:31+00:00,-34.611370481981,-58.390431154707784,76.7,9.7,ok
V0063,2026-05-01T04:46:44+00:00,-34.64297265710241,-58.38489418835555,86.6,21.9,ok
V0013,2026-05-01T04:46:56+00:00,-34.64318494494826,-58.383781905197765,59.2,23.3,idle
V0020,2026-05-01T04:47:05+00:00,-34.62776638650077,-58.41652449110987,68.7,14.3,ok
V0030,2026-05-01T04:47:17+00:00,-34.625947543805644,-58.38559281661971,50.7,8.3,ok
V0016,2026-05-01T04:47:31+00:00,-34.571216850488575,-58.37428577097795,63.0,23.6,idle
V0028,2026-05-01T04:47:37+00:00,-34.62582638398906,-58.38546593377152,34.8,22.7,ok
V0001,2026-05-01T04:47:50+00:00,-34.63785888739563,-58.373698279388314,93.4,30.4,idle
V0015,2026-05-01T04:48:02+00:00,-34.57545424617528,-58.406554948369255,38.5,18.9,ok
V0012,2026-05-01T04:48:20+00:00,-34.57547591515157,-58.40868669804288,57.0,25.6,ok
V0015,2026-05-01T04:48:27+00:00,-34.63477045562687,-58.35727243251656,38.5,17.8,idle
V0020,2026-05-01T04:48:44+00:00,-34.56710595487953,-58.41445283054344,69.7,19.2,ok
V0056,2026-05-01T04:48:50+00:00,-34.63903580322415,-58.36113268566175,74.4,30.0,ok
V0045,2026-05-01T04:49:07+00:00,-34.61059768851811,-58.389392524261005,94.1,26.5,ok
V0048,2026-05-01T04:49:14+00:00,-34.626669662705915,-58.38671497225464,65.6,22.5,idle
V0042,2026-05-01T04:49:26+00:00,-34.57574459453677,-58.40799948991673,70.0,14.7,ok
V0045,2026-05-01T04:49:40+00:00,-34.57598408585244,-58.40742707553658,82.6,18.7,ok
V0053,2026-05-01T04:49:49+00:00,-34.588021428733114,-58.367837637239894,87.5,21.8,ok
V0039,2026-05-01T04:50:06+00:00,-34.624531661921075,-58.35875513833258,65.4,21.2,ok
V0033,2026-05-01T04:50:17+00:00,-34.61210715630925,-58.3918147162453,71.2,22.3,ok
V0040,2026-05-01T04:50:32+00:00,-34.62990386107306,-58.41534987073706,81.9,13.9,ok
V0077,2026-05-01T04:50:43+00:00,-34.57080510887768,-58.38325085213007,88.2,24.0,idle
V0004,2026-05-01T04:50:54+00:00,-34.61461056500048,-58.382871993074914,79.0,13.9,ok
V0078,2026-05-01T04:51:08+00:00,-34.63764909968941,-58.36365664374225,69.1,20.7,ok
V0011,2026-05-01T04:51:20+00:00,-34.631767794967644,-58.38727086759955,44.2,23.9,ok
V0061,2026-05-01T04:51:26+00:00,-34.58900484807527,-58.41891332319733,62.5,6.5,ok
V0069,2026-05-01T04:51:43+00:00,-34.63805566638443,-58.375542016544884,68.6,14.3,ok
V0013,2026-05-01T04:51:50+00:00,-34.609908243546165,-58.34196276576482,97.7,30.7,ok
V0039,2026-05-01T04:52:05+00:00,-34.5667763510877,-58.41440068120257,45.7,27.1,idle
V0078,2026-05-01T04:52:15+00:00,-34.59001153405129,-58.421310051824484,92.4,26.8,idle
V0020,2026-05-01T04:52:27+00:00,-34.625820877739464,-58.36874083238619,94.2,11.6,ok
V0011,2026-05-01T04:52:43+00:00,-34.62481079337415,-58.35729299621388,69.8,14.7,ok
V0076,2026-05-01T04:52:52+00:00,-34.59747540362973,-58.4057627688226,66.6,15.9,idle
V0053,2026-05-01T04:53:05+00:00,-34.62699788857914,-58.40550952050529,64.5,25.2,ok
V0012,2026-05-01T04:53:19+00:00,-34.5717681516872,-58.37565467476956,68.6,24.2,ok
V0013,2026-05-01T04:53:25+00:00,-34.6271879466867,-58.36926134908655,8.3,15.2,battery_low
V0053,2026-05-01T04:53:38+00:00,-34.61209188456365,-58.39258343242222,63.6,24.0,ok
V0031,2026-05-01T04:53:55+00:00,-34.62809616576812,-58.36901006846093,89.1,13.1,ok
V0032,2026-05-01T04:54:07+00:00,-34.57731777166028,-58.34135470016668,63.7,10.0,ok
V0014,2026-05-01T04:54:17+00:00,-34.576903153720004,-58.34244117031115,53.2,20.5,ok
V0000,2026-05-01T04:54:32+00:00,-34.62573148234761,-58.368069570957246,47.0,27.8,ok
V0032,2026-05-01T04:54:42+00:00,-34.624659821801586,-58.40233471896173,42.0,21.5,ok
V0063,2026-05-01T04:54:54+00:00,-34.63795870165727,-58.35767854122573,39.9,20.9,idle
V0032,2026-05-01T04:55:03+00:00,-34.642514043026836,-58.3844601094622,71.7,25.8,ok
V0077,2026-05-01T04:55:13+00:00,-34.604453026966695,-58.35095018005391,69.9,23.2,ok
V0002,2026-05-01T04:55:26+00:00,-34.57203771629122,-58.378052235271916,51.6,25.7,idle
V0052,2026-05-01T04:55:39+00:00,-34.62859697068819,-58.417994707807274,60.1,20.1,ok
V0037,2026-05-01T04:55:55+00:00,-34.609676921684546,-58.34109842339326,62.8,27.2,idle
V0072,2026-05-01T04:56:03+00:00,-34.56412740030606,-58.41714437191541,73.8,32.2,ok
V0005,2026-05-01T04:56:12+00:00,-34.62536619963734,-58.35937519934248,67.8,22.2,ok
V0069,2026-05-01T04:56:27+00:00,-34.57706728796813,-58.34258301869693,59.3,38.6,ok
V0060,2026-05-01T04:56:38+00:00,-34.56756894784044,-58.414185498690586,100.0,25.0,idle
V0030,2026-05-01T04:56:53+00:00,-34.57053296817886,-58.377682315186505,17.9,23.4,battery_low
V0024,2026-05-01T04:57:01+00:00,-34.58684648165893,-58.41985584781781,54.1,16.0,idle
V0051,2026-05-01T04:57:12+00:00,-34.57327940314366,-58.408963690773426,54.9,16.0,idle
V0077,2026-05-01T04:57:30+00:00,-34.587375405377486,-58.42148410110619,72.2,15.4,ok
V0047,2026-05-01T04:57:44+00:00,-34.61637564509397,-58.38395650952052,70.8,17.8,ok
V0003,2026-05-01T04:57:52+00:00,-34.565788232987884,-58.4163722510975,57.3,25.2,idle
V0012,2026-05-01T04:58:02+00:00,-34.64299856906302,-58.38496744367711,51.6,20.0,ok
V0068,2026-05-01T04:58:14+00:00,-34.626334187690205,-58.38537483303839,64.7,12.6,ok
V0042,2026-05-01T04:58:27+00:00,-34.60304976536238,-58.35724630476624,57.7,14.8,idle
V0039,2026-05-01T04:58:38+00:00,-34.596186359706394,-58.405780837678655,69.9,19.7,ok
V0002,2026-05-01T04:58:48+00:00,-34.586151059722255,-58.4217611423161,72.5,18.7,ok
V0015,2026-05-01T04:59:00+00:00,-34.609738667388115,-58.34150377529275,64.9,23.5,ok
V0009,2026-05-01T04:59:18+00:00,-34.589201934721956,-58.420529564093094,58.3,26.7,ok
V0070,2026-05-01T04:59:26+00:00,-34.612886535251505,-58.34066907854809,36.9,28.7,idle
V0020,2026-05-01T04:59:39+00:00,-34.598247315219155,-58.40626540257858,69.9,26.2,ok
V0034,2026-05-01T04:59:54+00:00,-34.604369830805965,-58.35164501233937,82.0,22.2,ok
V0046,2026-05-01T05:00:05+00:00,-34.62830079849764,-58.40453920396762,47.5,14.6,idle
V0057,2026-05-01T05:00:16+00:00,-34.570252942803236,-58.38313698001981,62.4,24.8,ok
V0058,2026-05-01T05:00:31+00:00,-34.570940200302964,-58.38501333930333,65.7,23.9,ok
V0071,2026-05-01T05:00:44+00:00,-34.6394028513532,-58.37550172662222,44.8,12.4,ok
V0022,2026-05-01T05:00:56+00:00,-34.60354657615805,-58.359269507159,79.8,22.0,ok
V0004,2026-05-01T05:01:06+00:00,-34.62479409898095,-58.35773442694681,45.5,27.2,idle
V0040,2026-05-01T05:01:12+00:00,-34.637787641847666,-58.375843092768214,53.3,22.7,ok
V0030,2026-05-01T05:01:29+00:00,-34.61213601643867,-58.3924106788646,78.8,20.2,ok
V0063,2026-05-01T05:01:40+00:00,-34.575124768658746,-58.40518850635295,59.2,22.7,ok
V0061,2026-05-01T05:01:55+00:00,-34.57301632448152,-58.40696009038346,54.9,20.0,ok
V0027,2026-05-01T05:02:08+00:00,-34.637906422813074,-58.374380253638044,75.1,22.0,ok
V0050,2026-05-01T05:02:20+00:00,-34.611776913526086,-58.38927981696963,48.9,16.8,ok
V0026,2026-05-01T05:02:25+00:00,-34.58760447811498,-58.422666581206784,80.5,25.7,idle
V0031,2026-05-01T05:02:36+00:00,-34.60329199552156,-58.35970610009587,84.1,24.8,ok
V0054,2026-05-01T05:02:54+00:00,-34.638131481153714,-58.360471411513004,49.8,21.2,ok
V0034,2026-05-01T05:03:04+00:00,-34.57368961190204,-58.374132582901176,73.9,11.4,ok
V0047,2026-05-01T05:03:15+00:00,-34.57268382071842,-58.37807026240345,63.4,26.5,ok
V0071,2026-05-01T05:03:31+00:00,-34.60235853835711,-58.35336687481404,71.9,7.6,ok
V0028,2026-05-01T05:03:44+00:00,-34.57033935512713,-58.38363953467206,69.2,10.7,ok
V0047,2026-05-01T05:03:56+00:00,-34.58725271898795,-58.419632767410924,48.6,14.2,ok
V0031,2026-05-01T05:04:07+00:00,-34.644640008126174,-58.384048056733576,44.6,18.6,ok
V0051,2026-05-01T05:04:17+00:00,-34.62367057787829,-58.35693193088457,59.1,27.0,ok
V0060,2026-05-01T05:04:26+00:00,-34.61034415082073,-58.341675717521376,98.0,18.4,ok
V0004,2026-05-01T05:04:37+00:00,-34.637184967755424,-58.361153293176116,35.7,21.9,ok
V0020,2026-05-01T05:04:49+00:00,-34.63496713222856,-58.35734243186777,33.7,35.7,ok
V0054,2026-05-01T05:05:00+00:00,-34.5666798381649,-58.41792015431952,60.7,15.1,ok
V0076,2026-05-01T05:05:16+00:00,-34.5955706238775,-58.40437138194361,50.0,21.2,ok
V0036,2026-05-01T05:05:29+00:00,-34.61143570808303,-58.39164359134591,61.8,25.0,ok
V0058,2026-05-01T05:05:36+00:00,-34.60328764903467,-58.35032927769719,50.4,18.7,ok
V0045,2026-05-01T05:05:52+00:00,-34.56864279769216,-58.3850720390121,48.0,24.9,ok
V0030,2026-05-01T05:06:00+00:00,-34.625244717188906,-58.36881073342863,53.5,22.9,ok
V0035,2026-05-01T05:06:19+00:00,-34.58795053018772,-58.36823793080451,70.4,25.5,idle
V0009,2026-05-01T05:06:27+00:00,-34.58823006784939,-58.36945711532275,84.1,21.7,ok
V0049,2026-05-01T05:06:36+00:00,-34.62807021301396,-58.38883917401515,59.7,20.8,idle
V0018,2026-05-01T05:06:54+00:00,-34.63582083777825,-58.36047074040402,58.8,18.7,idle
V0004,2026-05-01T05:07:06+00:00,-34.62718243528842,-58.387142158294964,93.7,20.3,ok
V0000,2026-05-01T05:07:15+00:00,-34.56415397618192,-58.41684034542265,69.1,20.0,ok
V0070,2026-05-01T05:07:30+00:00,-34.63835987883265,-58.360899394751705,83.8,21.8,ok
V0012,2026-05-01T05:07:44+00:00,-34.643961000313304,-58.38593603788739,68.8,19.5,ok
V0055,2026-05-01T05:07:48+00:00,-34.640095491346294,-58.373678703613095,82.1,13.0,ok
V0013,2026-05-01T05:08:03+00:00,-34.57360041205065,-58.40829859630315,71.9,22.1,idle
V0076,2026-05-01T05:08:12+00:00,-34.6281242254609,-58.368512825632436,84.2,18.7,ok
V0044,2026-05-01T05:08:24+00:00,-34.610652464130844,-58.34154362670563,62.3,22.0,ok
V0024,2026-05-01T05:08:43+00:00,-34.63906373872165,-58.375077722848445,56.6,19.7,ok
V0012,2026-05-01T05:08:56+00:00,-34.570409958186886,-58.376730206901556,21.7,23.0,ok
V0051,2026-05-01T05:09:05+00:00,-34.610412262791286,-58.34251949255026,39.1,11.3,ok
V0029,2026-05-01T05:09:16+00:00,-34.63591900544702,-58.35781117022593,57.8,11.5,ok
V0011,2026-05-01T05:09:27+00:00,-34.59681674053821,-58.405074089379646,77.3,21.5,ok
V0024,2026-05-01T05:09:37+00:00,-34.62720929381236,-58.38903900237779,81.3,20.6,ok
V0073,2026-05-01T05:09:54+00:00,-34.60417022713132,-58.35212870296953,92.6,16.7,ok
V0033,2026-05-01T05:10:08+00:00,-34.612700835291186,-58.384636996169434,80.5,12.7,ok
V0009,2026-05-01T05:10:15+00:00,-34.64285450572288,-58.38515417445779,93.6,19.6,idle
V0068,2026-05-01T05:10:31+00:00,-34.63613959164618,-58.36204642505132,55.6,26.2,ok
V0049,2026-05-01T05:10:38+00:00,-34.58890182546781,-58.42201809326739,73.4,23.0,idle
V0069,2026-05-01T05:10:48+00:00,-34.61205013839098,-58.39097858416564,42.7,17.8,idle
V0021,2026-05-01T05:11:08+00:00,-34.63917509032776,-58.37498608425088,60.8,26.0,idle
V0044,2026-05-01T05:11:13+00:00,-34.56442112906246,-58.41568629235259,63.6,19.9,ok
V0068,2026-05-01T05:11:31+00:00,-34.606108358696446,-58.35878256638614,74.5,12.8,ok
V0074,2026-05-01T05:11:44+00:00,-34.596185978952676,-58.40793447234098,66.9,26.4,ok
V0025,2026-05-01T05:11:53+00:00,-34.628381117053294,-58.37079623806288,78.6,24.3,ok
V0035,2026-05-01T05:12:00+00:00,-34.613325745871705,-58.392680061020506,55.2,20.1,idle
V0044,2026-05-01T05:12:17+00:00,-34.61323436228066,-58.39270155296232,86.4,16.1,ok
V0018,2026-05-01T05:12:29+00:00,-34.613816873359056,-58.39030749702296,68.5,15.5,ok
V0062,2026-05-01T05:12:37+00:00,-34.62544592253159,-58.36750724476222,87.1,21.9,ok
V0032,2026-05-01T05:12:50+00:00,-34.61316414777086,-58.38343314285769,71.4,15.7,idle
V0014,2026-05-01T05:13:07+00:00,-34.57067854241685,-58.37698411587164,44.7,33.8,ok
V0032,2026-05-01T05:13:13+00:00,-34.56489909510394,-58.41731234711259,79.3,12.3,ok
V0067,2026-05-01T05:13:28+00:00,-34.56917649799235,-58.38365724402437,71.0,25.2,ok
V0079,2026-05-01T05:13:42+00:00,-34.628158207406415,-58.38779833927906,55.9,24.0,ok
V0049,2026-05-01T05:13:53+00:00,-34.62918180143224,-58.416658497926136,95.3,18.7,ok
V0060,2026-05-01T05:14:01+00:00,-34.63601956203511,-58.361187887484405,39.7,8.6,idle
V0040,2026-05-01T05:14:14+00:00,-34.60293211456671,-58.35752424001952,73.8,21.9,idle
V0027,2026-05-01T05:14:26+00:00,-34.570453220497285,-58.375036277902915,76.7,23.5,ok
V0054,2026-05-01T05:14:38+00:00,-34.59090753111978,-58.420953986261765,71.7,23.4,ok
V0034,2026-05-01T05:14:53+00:00,-34.57344801134908,-58.406905031942465,53.2,34.6,ok
V0030,2026-05-01T05:15:04+00:00,-34.564697143761194,-58.41454576889559,52.2,28.0,ok
V0020,2026-05-01T05:15:16+00:00,-34.63087738202123,-58.41480366155126,81.0,28.6,ok
V0057,2026-05-01T05:15:24+00:00,-34.62513060854315,-58.36019242175024,71.2,25.0,idle
V0018,2026-05-01T05:15:41+00:00,-34.60253979265129,-58.352843121044664,20.1,28.0,ok
V0025,2026-05-01T05:15:54+00:00,-34.63961452013987,-58.376605459736695,74.4,19.6,ok
V0027,2026-05-01T05:16:06+00:00,-34.637572715342074,-58.36017570314699,59.3,5.3,ok
V0070,2026-05-01T05:16:17+00:00,-34.60444126203267,-58.350365586712606,92.7,17.8,ok
V0052,2026-05-01T05:16:30+00:00,-34.5771336111328,-58.341949987909054,56.9,28.6,ok
V0012,2026-05-01T05:16:38+00:00,-34.58715472437682,-58.42061957416623,46.4,17.9,ok
V0059,2026-05-01T05:16:50+00:00,-34.611983503520605,-58.342645092225766,32.8,21.2,ok
V0036,2026-05-01T05:17:03+00:00,-34.59779815431412,-58.40746882354757,96.7,19.6,ok
V0036,2026-05-01T05:17:19+00:00,-34.64377942211872,-58.38426499612929,48.0,20.4,ok
V0035,2026-05-01T05:17:27+00:00,-34.57098053475923,-58.374760632576155,53.0,30.0,ok
V0000,2026-05-01T05:17:36+00:00,-34.58857669475449,-58.42256381323789,100.0,19.5,ok
V0075,2026-05-01T05:17:51+00:00,-34.58857244289919,-58.42029363237879,55.6,24.5,ok
V0016,2026-05-01T05:18:04+00:00,-34.56770392804173,-58.41640741696498,64.9,19.0,idle
V0044,2026-05-01T05:18:20+00:00,-34.60481229786746,-58.35294517362789,72.9,13.1,ok
V0043,2026-05-01T05:18:27+00:00,-34.62952936714067,-58.41777644858549,71.8,15.3,ok
V0077,2026-05-01T05:18:43+00:00,-34.60327308257758,-58.35866959167743,63.5,22.1,ok
V0013,2026-05-01T05:18:48+00:00,-34.62778999282891,-58.38633702205265,52.0,25.5,ok
V0016,2026-05-01T05:19:07+00:00,-34.61192788261693,-58.34398083287182,84.3,31.1,idle
V0003,2026-05-01T05:19:17+00:00,-34.578792958356,-58.341329114873766,68.2,22.4,idle
V0068,2026-05-01T05:19:26+00:00,-34.58896273759739,-58.41968504098589,53.3,17.7,idle
V0027,2026-05-01T05:19:42+00:00,-34.5867492413303,-58.422812165423636,48.5,27.4,idle
V0016,2026-05-01T05:19:55+00:00,-34.627500127076374,-58.38685581085487,32.7,25.6,ok
V0006,2026-05-01T05:20:03+00:00,-34.611589289880996,-58.34212891004033,100.0,31.6,ok
V0026,2026-05-01T05:20:20+00:00,-34.567162576864284,-58.415676972256,38.9,20.9,idle
V0016,2026-05-01T05:20:25+00:00,-34.61230323222002,-58.392920389346564,56.9,25.8,ok
V0035,2026-05-01T05:20:36+00:00,-34.58835011437907,-58.42083724742986,60.1,15.9,ok
V0077,2026-05-01T05:20:52+00:00,-34.62679105314058,-58.3679987615553,57.1,28.0,ok
V0042,2026-05-01T05:21:03+00:00,-34.638517903489486,-58.37392478250196,46.6,20.8,ok
V0070,2026-05-01T05:21:12+00:00,-34.62782856476255,-58.40510186140271,45.8,10.3,ok
V0033,2026-05-01T05:21:24+00:00,-34.56917295318517,-58.38410872444206,67.3,24.6,idle
V0028,2026-05-01T05:21:40+00:00,-34.58966637431772,-58.36883075898899,27.3,16.9,ok
V0032,2026-05-01T05:21:49+00:00,-34.60420605792803,-58.35940288319419,64.8,20.3,ok
V0048,2026-05-01T05:22:01+00:00,-34.598295493343635,-58.40487106125047,37.2,24.5,ok
V0004,2026-05-01T05:22:16+00:00,-34.62889078330143,-58.386922946772366,84.2,13.2,idle
V0072,2026-05-01T05:22:25+00:00,-34.57056605808609,-58.376357735506936,73.0,24.5,ok
V0049,2026-05-01T05:22:36+00:00,-34.57058112839466,-58.374542973148365,70.8,10.1,idle
V0000,2026-05-01T05:22:49+00:00,-34.64502120610699,-58.38546594500296,46.8,18.8,ok
V0078,2026-05-01T05:23:05+00:00,-34.64274943501743,-58.38473185017031,87.0,17.4,ok
V0010,2026-05-01T05:23:14+00:00,-34.63154049262594,-58.384663814237676,57.3,17.6,ok
V0045,2026-05-01T05:23:24+00:00,-34.6238193407755,-58.35689564980452,64.6,18.4,ok
V0075,2026-05-01T05:23:40+00:00,-34.60522024436975,-58.36088904663564,77.5,25.8,ok
V0051,2026-05-01T05:23:51+00:00,-34.62823728930351,-58.371230581846746,59.6,14.4,ok
V0049,2026-05-01T05:24:00+00:00,-34.61057723467092,-58.342143272791446,28.1,23.1,idle
V0075,2026-05-01T05:24:19+00:00,-34.6423925180212,-58.383371606227556,66.3,14.0,ok
V0044,2026-05-01T05:24:30+00:00,-34.62565666547376,-58.388009504879335,77.6,23.0,ok
V0022,2026-05-01T05:24:36+00:00,-34.613646307109065,-58.38966874962865,37.5,15.6,ok
V0055,2026-05-01T05:24:55+00:00,-34.63765783053095,-58.37611595510893,95.0,26.7,ok
V0001,2026-05-01T05:25:00+00:00,-34.636697931655924,-58.375378652146686,58.6,27.6,ok
V0006,2026-05-01T05:25:20+00:00,-34.642571008085426,-58.38519778623789,76.1,23.2,ok
V0072,2026-05-01T05:25:26+00:00,-34.61008140154491,-58.344242392666814,68.2,31.3,ok
V0051,2026-05-01T05:25:42+00:00,-34.6132708647524,-58.39192978604503,30.6,28.9,ok
V0062,2026-05-01T05:25:48+00:00,-34.588846635107664,-58.42289970115589,41.7,23.7,ok
V0034,2026-05-01T05:26:04+00:00,-34.63775250552807,-58.36033953214576,75.0,23.1,idle
V0027,2026-05-01T05:26:13+00:00,-34.61229612533667,-58.392474129715616,83.2,26.5,idle
V0017,2026-05-01T05:26:28+00:00,-34.63835214440424,-58.36008550525729,49.5,20.8,ok
V0060,2026-05-01T05:26:42+00:00,-34.6312002158745,-58.41523282277011,97.5,11.7,ok
V0057,2026-05-01T05:26:56+00:00,-34.635317896744496,-58.356022606357314,65.4,31.2,ok
V0078,2026-05-01T05:27:02+00:00,-34.610309737173445,-58.34098369057181,34.1,13.5,ok
V0053,2026-05-01T05:27:13+00:00,-34.589327957196744,-58.36923800115401,85.3,24.1,ok
V0001,2026-05-01T05:27:27+00:00,-34.62733123396315,-58.40469571097436,76.8,22.4,ok
V0055,2026-05-01T05:27:37+00:00,-34.62520515916098,-58.38750049310706,74.0,27.1,ok
V0025,2026-05-01T05:27:53+00:00,-34.5859037617715,-58.42208791806849,84.4,13.5,ok
V0033,2026-05-01T05:28:05+00:00,-34.57271705193499,-58.4062582840776,47.1,23.5,idle
V0060,2026-05-01T05:28:16+00:00,-34.616205964485964,-58.38388205208189,75.3,20.6,ok
V0031,2026-05-01T05:28:30+00:00,-34.62553079952792,-58.40547487686509,77.4,26.2,ok
V0002,2026-05-01T05:28:38+00:00,-34.62308382050715,-58.360202895791375,65.4,17.6,ok
V0037,2026-05-01T05:28:52+00:00,-34.625381670732125,-58.40331284930635,67.6,21.1,ok
V0017,2026-05-01T05:29:07+00:00,-34.613435821544215,-58.384696715797915,62.1,20.1,idle
V0067,2026-05-01T05:29:14+00:00,-34.626044471413934,-58.357014748281316,56.8,16.3,ok
V0043,2026-05-01T05:29:27+00:00,-34.626910513767626,-58.3861786790546,45.2,17.1,ok
V0072,2026-05-01T05:29:43+00:00,-34.644986517571155,-58.38535500604243,43.4,20.4,idle
V0045,2026-05-01T05:29:52+00:00,-34.62842365417442,-58.402035885262656,59.4,17.4,ok
V0049,2026-05-01T05:30:04+00:00,-34.61495773702063,-58.383705990178555,81.4,23.3,ok
V0062,2026-05-01T05:30:19+00:00,-34.58810312059347,-58.42213655628259,73.8,15.1,ok
V0056,2026-05-01T05:30:29+00:00,-34.57052728921058,-58.37556169349488,92.0,23.3,idle
V0019,2026-05-01T05:30:39+00:00,-34.6248613933383,-58.358151665816436,46.9,16.2,idle
V0050,2026-05-01T05:30:53+00:00,-34.599159881955714,-58.40459755519848,70.3,25.9,ok
V0060,2026-05-01T05:31:03+00:00,-34.63048700816256,-58.38705394554902,75.0,16.7,ok
V0039,2026-05-01T05:31:14+00:00,-34.63758054077134,-58.35708020636385,46.8,14.0,ok
V0005,2026-05-01T05:31:27+00:00,-34.63744616196953,-58.357827454883136,58.9,21.0,ok
V0037,2026-05-01T05:31:44+00:00,-34.567677210396766,-58.41430891080613,60.8,25.5,ok
V0017,2026-05-01T05:31:49+00:00,-34.57521715855513,-58.40786699811269,72.7,19.6,ok
V0015,2026-05-01T05:32:05+00:00,-34.605226803112245,-58.3573907225168,30.0,23.4,ok
V0012,2026-05-01T05:32:15+00:00,-34.62690742333485,-58.40454270441398,86.1,8.9,ok
V0001,2026-05-01T05:32:25+00:00,-34.629283364448284,-58.41667025426463,62.1,29.5,idle
V0016,2026-05-01T05:32:41+00:00,-34.57027212512251,-58.37740250032827,60.7,17.1,ok
V0040,2026-05-01T05:32:55+00:00,-34.615950036599045,-58.38370053732634,49.7,23.3,ok
V0015,2026-05-01T05:33:00+00:00,-34.611334528086196,-58.34259683100239,67.3,14.7,ok
V0022,2026-05-01T05:33:20+00:00,-34.57333118757389,-58.37439355306213,63.2,16.7,ok
V0034,2026-05-01T05:33:29+00:00,-34.62657789383433,-58.38847369271478,59.3,9.1,idle
V0059,2026-05-01T05:33:39+00:00,-34.598816001947334,-58.40427124320924,76.5,26.3,ok
V0078,2026-05-01T05:33:50+00:00,-34.63095638847528,-58.38765186914549,100.0,12.1,idle
V0001,2026-05-01T05:34:03+00:00,-34.636843716450855,-58.3562383500906,15.1,32.3,battery_low
V0004,2026-05-01T05:34:14+00:00,-34.62914438752859,-58.41546712910919,57.1,25.9,idle
V0009,2026-05-01T05:34:32+00:00,-34.580037438686574,-58.34142823718447,63.3,27.4,idle
V0077,2026-05-01T05:34:43+00:00,-34.62296879322623,-58.35798712848561,52.5,12.6,ok
V0021,2026-05-01T05:34:56+00:00,-34.59039123684807,-58.366655928381654,67.8,31.1,idle
V0013,2026-05-01T05:35:02+00:00,-34.56870340125235,-58.38243583813851,70.2,29.4,ok
V0034,2026-05-01T05:35:13+00:00,-34.60433115428258,-58.358258563303785,81.7,19.3,ok
V0068,2026-05-01T05:35:24+00:00,-34.63663616168115,-58.35725327202288,53.6,25.8,ok
V0018,2026-05-01T05:35:39+00:00,-34.61132585209667,-58.3904526175941,86.6,23.5,ok
V0055,2026-05-01T05:35:56+00:00,-34.597267645726866,-58.405013353621484,100.0,16.2,idle
V0014,2026-05-01T05:36:01+00:00,-34.627573887823345,-58.403834743455484,60.4,20.1,ok
V0011,2026-05-01T05:36:20+00:00,-34.58772924716552,-58.36766866138574,67.9,24.2,idle
V0033,2026-05-01T05:36:28+00:00,-34.602256731850694,-58.35080866614147,27.8,14.5,ok
V0060,2026-05-01T05:36:38+00:00,-34.64001401309788,-58.375097709183116,60.4,23.1,ok
V0036,2026-05-01T05:36:54+00:00,-34.57893110931927,-58.341569730391974,82.1,23.1,ok
V0051,2026-05-01T05:37:08+00:00,-34.61290502916066,-58.34145167688184,43.4,18.4,ok
V0024,2026-05-01T05:37:18+00:00,-34.64127195235124,-58.38413801789687,46.9,16.7,ok
V0037,2026-05-01T05:37:27+00:00,-34.612985271581536,-58.38410671954973,51.3,28.4,idle
V0022,2026-05-01T05:37:40+00:00,-34.566085527051364,-58.416931098927,67.9,21.5,ok
V0057,2026-05-01T05:37:55+00:00,-34.64176628924665,-58.383758028965936,88.8,21.7,ok
V0037,2026-05-01T05:38:07+00:00,-34.624745613212525,-58.402659107073106,74.4,16.8,ok
V0029,2026-05-01T05:38:18+00:00,-34.62654804845209,-58.36022476362843,34.4,35.5,ok
V0061,2026-05-01T05:38:26+00:00,-34.5678295831808,-58.38434804015275,34.4,21.9,ok
V0018,2026-05-01T05:38:36+00:00,-34.60388674386417,-58.358097053288,72.0,20.9,ok
V0069,2026-05-01T05:38:48+00:00,-34.587559121584164,-58.41970609957729,34.9,21.6,ok
V0013,2026-05-01T05:39:06+00:00,-34.57535583047843,-58.40810349463423,56.9,21.1,ok
V0020,2026-05-01T05:39:14+00:00,-34.60589558837454,-58.360786183818156,29.7,34.7,ok
V0008,2026-05-01T05:39:26+00:00,-34.57566188901363,-58.4082692461472,69.2,25.0,ok
V0056,2026-05-01T05:39:44+00:00,-34.62653887760275,-58.38827743490484,65.8,10.3,ok
V0036,2026-05-01T05:39:54+00:00,-34.60478417510492,-58.350426939503116,44.1,28.2,ok
V0007,2026-05-01T05:40:03+00:00,-34.61171696270938,-58.3900499082112,97.6,30.6,idle
V0050,2026-05-01T05:40:19+00:00,-34.57620777756064,-58.34255392863533,47.5,6.2,ok
V0075,2026-05-01T05:40:26+00:00,-34.61263889749726,-58.38288653209495,50.9,19.3,ok
V0047,2026-05-01T05:40:40+00:00,-34.56637871348614,-58.417236670470686,52.4,28.1,ok
V0049,2026-05-01T05:40:54+00:00,-34.64229266299977,-58.38566807325459,44.4,25.6,ok
V0044,2026-05-01T05:41:02+00:00,-34.61197828446499,-58.342604389632946,77.2,16.9,idle
V0040,2026-05-01T05:41:15+00:00,-34.63912191172802,-58.375968625906815,67.8,11.8,ok
V0020,2026-05-01T05:41:30+00:00,-34.565680661432665,-58.41787610087769,86.2,25.9,ok
V0018,2026-05-01T05:41:43+00:00,-34.61325832323782,-58.38927044922714,63.6,22.6,idle
V0026,2026-05-01T05:41:53+00:00,-34.63805758059823,-58.35876407312355,87.1,25.2,ok
V0059,2026-05-01T05:42:05+00:00,-34.56595361127608,-58.41582382073649,46.3,26.8,ok
V0062,2026-05-01T05:42:14+00:00,-34.63858766612969,-58.36196634856184,75.1,26.2,ok
V0029,2026-05-01T05:42:30+00:00,-34.62550136317716,-58.402785792794354,80.1,17.2,ok
V0072,2026-05-01T05:42:37+00:00,-34.58813280785826,-58.420142830702716,76.0,13.7,idle
V0060,2026-05-01T05:42:52+00:00,-34.56515886747838,-58.415124552188445,75.4,27.4,idle
V0037,2026-05-01T05:43:02+00:00,-34.612444873280396,-58.38580836576872,64.6,14.4,ok
V0058,2026-05-01T05:43:14+00:00,-34.57025744355885,-58.38361109890088,43.1,27.0,idle
V0044,2026-05-01T05:43:25+00:00,-34.59678371227496,-58.406124496528726,53.5,21.7,ok
V0007,2026-05-01T05:43:44+00:00,-34.58905232562469,-58.42183061987781,54.8,30.1,ok
V0063,2026-05-01T05:43:51+00:00,-34.564778298367415,-58.41790472444936,31.7,33.1,ok
V0041,2026-05-01T05:44:05+00:00,-34.58917813080292,-58.36818783678951,82.4,9.6,ok
V0049,2026-05-01T05:44:16+00:00,-34.63560322665696,-58.36264753353235,36.7,17.6,ok
V0044,2026-05-01T05:44:30+00:00,-34.58831571802425,-58.367288301813616,41.8,26.0,ok
V0027,2026-05-01T05:44:38+00:00,-34.57766478536123,-58.34407648020167,54.6,9.5,ok
V0013,2026-05-01T05:44:50+00:00,-34.6266248530526,-58.37070860800339,48.4,25.1,idle
V0022,2026-05-01T05:45:02+00:00,-34.569967378239106,-58.38446951163925,36.5,27.8,ok
V0053,2026-05-01T05:45:20+00:00,-34.637067890292386,-58.362608848398644,53.2,14.7,ok
V0008,2026-05-01T05:45:30+00:00,-34.631466472578296,-58.38625862998884,57.3,28.2,ok
V0060,2026-05-01T05:45:38+00:00,-34.63019201672336,-58.41767195693772,58.2,19.8,ok
V0019,2026-05-01T05:45:54+00:00,-34.57296917941637,-58.40698325502711,61.3,19.2,idle
V0010,2026-05-01T05:46:01+00:00,-34.623629343419644,-58.357895662698446,94.1,19.8,ok
V0040,2026-05-01T05:46:12+00:00,-34.61251310427687,-58.38365498355353,67.9,23.4,ok
V0077,2026-05-01T05:46:25+00:00,-34.603438272455755,-58.35944125720982,73.3,15.9,ok
V0079,2026-05-01T05:46:37+00:00,-34.63857314667264,-58.36046476532112,63.7,19.6,ok
V0032,2026-05-01T05:46:48+00:00,-34.59586828387198,-58.40663847212277,100.0,19.6,ok
V0072,2026-05-01T05:47:03+00:00,-34.63647797330464,-58.37361482802815,62.6,3.4,idle
V0028,2026-05-01T05:47:16+00:00,-34.61526751524519,-58.385070338561896,37.7,15.7,idle
V0032,2026-05-01T05:47:24+00:00,-34.64278968045322,-58.383411783540936,46.0,11.7,idle
V0046,2026-05-01T05:47:39+00:00,-34.63952700199525,-58.36259811457081,81.0,22.3,ok
V0078,2026-05-01T05:47:49+00:00,-34.64175655356906,-58.38329211381069,78.7,20.3,ok
V0031,2026-05-01T05:48:07+00:00,-34.58807654017941,-58.370118607231184,67.5,22.3,ok
V0003,2026-05-01T05:48:20+00:00,-34.629117869823936,-58.38570491329962,38.6,35.1,idle
V0041,2026-05-01T05:48:30+00:00,-34.59860252155297,-58.40711779473496,62.8,26.3,ok
V0020,2026-05-01T05:48:36+00:00,-34.61213352217361,-58.341553122680324,62.0,29.4,idle
V0045,2026-05-01T05:48:56+00:00,-34.56657852041092,-58.41569822388157,92.3,16.8,ok
V0061,2026-05-01T05:49:05+00:00,-34.588434175018904,-58.422205297924066,73.2,26.0,ok
V0032,2026-05-01T05:49:16+00:00,-34.586869738173284,-58.42274273163576,100.0,17.3,ok
V0031,2026-05-01T05:49:28+00:00,-34.63874541751455,-58.37732533669443,60.8,20.3,ok
V0057,2026-05-01T05:49:42+00:00,-34.605262860865956,-58.35034477039907,58.5,18.7,ok
V0057,2026-05-01T05:49:49+00:00,-34.588311523785734,-58.36921754459888,88.1,16.4,ok
V0000,2026-05-01T05:50:04+00:00,-34.6373590003106,-58.376760390636676,70.1,14.3,ok
V0026,2026-05-01T05:50:16+00:00,-34.63483918961849,-58.35642714600276,39.5,28.9,ok
V0035,2026-05-01T05:50:31+00:00,-34.63736521696684,-58.356078731822656,70.5,8.7,ok
V0006,2026-05-01T05:50:39+00:00,-34.5743939945798,-58.40645634740362,47.3,20.1,ok
V0076,2026-05-01T05:50:50+00:00,-34.57341268901336,-58.37531305849497,67.1,13.5,ok
V0019,2026-05-01T05:51:03+00:00,-34.628166104314275,-58.38555840549391,46.1,32.3,ok
V0048,2026-05-01T05:51:15+00:00,-34.58779070901219,-58.36868005973493,85.7,12.8,ok
V0070,2026-05-01T05:51:27+00:00,-34.61026918799608,-58.34093974690617,86.8,17.6,ok
V0027,2026-05-01T05:51:38+00:00,-34.58014637663364,-58.342802816723555,45.1,31.5,ok
V0019,2026-05-01T05:51:51+00:00,-34.60431909684324,-58.35895793912519,67.2,26.2,ok
V0000,2026-05-01T05:52:02+00:00,-34.60630018650918,-58.360361605161486,40.0,16.6,ok
V0060,2026-05-01T05:52:13+00:00,-34.61256553914637,-58.384656008548674,81.0,19.3,ok
V0049,2026-05-01T05:52:28+00:00,-34.62843545648212,-58.38576464727253,58.7,20.9,idle
V0031,2026-05-01T05:52:38+00:00,-34.595695346215486,-58.40565324001699,93.6,23.8,idle
V0053,2026-05-01T05:52:51+00:00,-34.57246387652238,-58.407994253943244,84.8,28.3,idle
V0050,2026-05-01T05:53:03+00:00,-34.63001669377485,-58.414895168898504,98.5,24.8,idle
V0077,2026-05-01T05:53:16+00:00,-34.63923931132455,-58.375663396188706,75.6,20.8,idle
V0017,2026-05-01T05:53:28+00:00,-34.588865640283224,-58.37029926594955,64.3,15.6,ok
V0070,2026-05-01T05:53:37+00:00,-34.61298846461393,-58.34200191488166,47.7,17.6,ok
V0061,2026-05-01T05:53:51+00:00,-34.58969070647726,-58.419213957726264,52.4,23.7,ok
V0054,2026-05-01T05:54:00+00:00,-34.572189476472936,-58.375150234545224,49.4,17.6,idle
V0062,2026-05-01T05:54:13+00:00,-34.615390219662984,-58.38351988172267,55.3,15.1,ok
V0047,2026-05-01T05:54:27+00:00,-34.58875632270117,-58.42207712589482,53.1,20.1,ok
V0005,2026-05-01T05:54:39+00:00,-34.63027845587354,-58.414991000932616,72.5,24.9,idle
V0029,2026-05-01T05:54:55+00:00,-34.61252542399983,-58.39287429007318,65.2,25.6,idle
V0000,2026-05-01T05:55:06+00:00,-34.56717749604788,-58.416355971440645,91.5,13.2,idle
V0031,2026-05-01T05:55:19+00:00,-34.61513710376475,-58.38420435726859,77.1,14.6,idle
V0031,2026-05-01T05:55:24+00:00,-34.57237623857899,-58.40894724677584,74.3,29.3,ok
V0000,2026-05-01T05:55:37+00:00,-34.63650970314681,-58.37376647272232,51.5,12.5,idle
V0078,2026-05-01T05:55:49+00:00,-34.63199208818353,-58.38476002579282,73.2,17.4,ok
V0076,2026-05-01T05:56:00+00:00,-34.61472854225305,-58.38323920180452,82.8,26.4,ok
V0040,2026-05-01T05:56:15+00:00,-34.63674694631213,-58.375672667460684,72.7,20.1,ok
V0033,2026-05-01T05:56:28+00:00,-34.629828503514936,-58.41441794683092,65.2,28.8,ok
V0026,2026-05-01T05:56:43+00:00,-34.6120716430994,-58.34371099907516,66.4,10.6,ok
V0044,2026-05-01T05:56:54+00:00,-34.5709717559927,-58.38461761884053,35.5,11.9,ok
V0038,2026-05-01T05:57:05+00:00,-34.56796165207049,-58.41765568741034,33.4,18.7,ok
V0020,2026-05-01T05:57:12+00:00,-34.639342062500795,-58.37474311936624,78.2,17.3,idle
V0073,2026-05-01T05:57:30+00:00,-34.61287039044276,-58.38358405395197,43.2,13.0,ok
V0035,2026-05-01T05:57:41+00:00,-34.57294100296325,-58.37562683970609,40.3,27.5,ok
V0000,2026-05-01T05:57:49+00:00,-34.628617919506745,-58.38777738709806,89.8,17.5,ok
V0067,2026-05-01T05:58:06+00:00,-34.62893894827914,-58.4157178871473,87.6,20.1,ok
V0046,2026-05-01T05:58:13+00:00,-34.62618701193343,-58.36781969490811,73.7,18.7,ok
V0013,2026-05-01T05:58:24+00:00,-34.63643985418355,-58.373802780149525,88.3,17.9,ok
V0047,2026-05-01T05:58:36+00:00,-34.60382255099887,-58.34972064017056,45.8,24.0,ok
V0033,2026-05-01T05:58:51+00:00,-34.57143138392402,-58.37476049292888,63.6,24.3,ok
V0042,2026-05-01T05:59:06+00:00,-34.62500504335561,-58.40423662118523,64.4,19.7,ok
V0038,2026-05-01T05:59:15+00:00,-34.62602230190132,-58.40439131182884,67.3,23.0,ok
V0037,2026-05-01T05:59:24+00:00,-34.57279031934206,-58.376108124511674,67.4,18.9,ok
V0074,2026-05-01T05:59:42+00:00,-34.630037491805524,-58.38683686792718,72.1,21.3,ok
V0010,2026-05-01T05:59:55+00:00,-34.57260041619992,-58.408869526755325,93.5,22.0,ok
V0045,2026-05-01T06:00:03+00:00,-34.637976026454346,-58.36076401573765,78.4,26.8,idle
V0002,2026-05-01T06:00:12+00:00,-34.57700389483498,-58.34339421852542,43.7,22.0,ok
V0000,2026-05-01T06:00:24+00:00,-34.636449781642796,-58.37634051372175,51.5,24.6,ok
V0004,2026-05-01T06:00:41+00:00,-34.577098177684526,-58.34148741453859,46.9,25.1,ok
V0013,2026-05-01T06:00:52+00:00,-34.57483341097245,-58.40907230591118,60.3,22.3,ok
V0012,2026-05-01T06:01:05+00:00,-34.629788696763306,-58.41583216136353,49.1,21.6,ok
V0076,2026-05-01T06:01:17+00:00,-34.61420956898065,-58.38509400116103,77.3,21.3,idle
V0022,2026-05-01T06:01:29+00:00,-34.604188942118135,-58.35056705037473,39.9,15.7,ok
V0063,2026-05-01T06:01:41+00:00,-34.61352563892136,-58.38535075441792,60.7,14.8,ok
V0050,2026-05-01T06:01:50+00:00,-34.58762016837472,-58.366654792413435,66.2,11.2,ok
V0021,2026-05-01T06:02:02+00:00,-34.577910977581105,-58.34303409741562,71.7,17.0,ok
V0071,2026-05-01T06:02:14+00:00,-34.63609160665777,-58.359758877682204,87.1,15.0,ok
V0070,2026-05-01T06:02:25+00:00,-34.56907296296478,-58.382897526427264,93.0,19.7,ok
V0074,2026-05-01T06:02:37+00:00,-34.636510577617365,-58.35975170445131,67.2,12.8,idle
V0002,2026-05-01T06:02:48+00:00,-34.59050552353051,-58.36770480046683,60.9,23.0,ok
V0020,2026-05-01T06:03:08+00:00,-34.56828922613831,-58.38557481845879,59.5,28.2,ok
V0069,2026-05-01T06:03:18+00:00,-34.56729149054585,-58.41706987297901,54.4,22.5,ok
V0003,2026-05-01T06:03:27+00:00,-34.595534513690154,-58.40487257776397,72.1,29.8,ok
V0068,2026-05-01T06:03:41+00:00,-34.613305320624264,-58.391196848761695,68.4,25.8,ok
V0079,2026-05-01T06:03:55+00:00,-34.56847784805838,-58.385489418027746,67.8,11.1,ok
V0078,2026-05-01T06:04:02+00:00,-34.625552791525685,-58.35705723691221,60.1,18.2,idle
V0025,2026-05-01T06:04:20+00:00,-34.62891696978997,-58.41776517126537,19.3,15.7,idle
V0073,2026-05-01T06:04:28+00:00,-34.590023911132576,-58.41995242571563,67.4,27.4,ok
V0052,2026-05-01T06:04:39+00:00,-34.56780892560688,-58.38319760755771,73.7,26.1,ok
V0063,2026-05-01T06:04:48+00:00,-34.62855592570576,-58.38864283897213,82.4,15.1,ok
V0003,2026-05-01T06:05:01+00:00,-34.606499820529976,-58.360885893267316,47.4,18.7,ok
V0049,2026-05-01T06:05:19+00:00,-34.59663669211934,-58.404746645192226,74.3,15.7,idle
V0064,2026-05-01T06:05:31+00:00,-34.61255189631565,-58.3898169667266,67.4,15.4,ok
V0064,2026-05-01T06:05:37+00:00,-34.626245780801874,-58.40382962785949,61.3,21.8,ok
V0042,2026-05-01T06:05:56+00:00,-34.569993785094574,-58.38286235203118,57.8,19.0,idle
V0055,2026-05-01T06:06:05+00:00,-34.635419231604054,-58.35859741913096,38.4,16.7,ok
V0069,2026-05-01T06:06:20+00:00,-34.62921086792268,-58.41758119961612,68.5,26.6,ok
V0006,2026-05-01T06:06:29+00:00,-34.62802168748092,-58.41575114924533,92.2,27.9,idle
V0016,2026-05-01T06:06:44+00:00,-34.5969978917358,-58.40739763717288,39.9,26.1,ok
V0055,2026-05-01T06:06:54+00:00,-34.62697193557241,-58.40579346696453,55.1,34.9,ok
V0070,2026-05-01T06:07:05+00:00,-34.56737836325019,-58.41527244689019,57.9,14.2,ok
V0021,2026-05-01T06:07:13+00:00,-34.6310140046717,-58.38739069675393,78.9,20.1,ok
V0069,2026-05-01T06:07:30+00:00,-34.62763865691875,-58.3889665335715,64.8,18.2,ok
V0035,2026-05-01T06:07:36+00:00,-34.5737627910522,-58.4073551483573,52.0,14.4,idle
V0074,2026-05-01T06:07:53+00:00,-34.636091961095495,-58.359667525530824,87.0,16.0,ok
V0074,2026-05-01T06:08:01+00:00,-34.64472096732336,-58.38487249967398,49.0,17.8,ok
V0044,2026-05-01T06:08:17+00:00,-34.64512577894239,-58.38613128584599,99.4,14.8,ok
V0046,2026-05-01T06:08:25+00:00,-34.60485562746674,-58.35698963842159,42.3,21.9,ok
V0031,2026-05-01T06:08:41+00:00,-34.601961225137735,-58.35340164988227,25.4,16.4,ok
V0010,2026-05-01T06:08:54+00:00,-34.62519468192232,-58.36867138720957,93.2,12.6,ok
V0012,2026-05-01T06:09:01+00:00,-34.624797119938165,-58.35755209785212,47.9,13.4,ok
V0053,2026-05-01T06:09:20+00:00,-34.58808533640303,-58.422223562621156,49.4,29.0,idle
V0059,2026-05-01T06:09:28+00:00,-34.63530713260009,-58.358162568459036,67.6,23.7,ok
V0049,2026-05-01T06:09:37+00:00,-34.57005389815839,-58.37447407617504,57.2,18.7,ok
V0041,2026-05-01T06:09:49+00:00,-34.60337170825877,-58.353445311954864,50.3,7.0,ok
V0012,2026-05-01T06:10:00+00:00,-34.59565696106021,-58.40633399102688,87.6,21.0,idle
V0053,2026-05-01T06:10:20+00:00,-34.574029106423765,-58.40602459202764,62.3,27.2,idle
V0030,2026-05-01T06:10:32+00:00,-34.59772084851993,-58.40423122631749,59.1,20.1,ok
V0079,2026-05-01T06:10:37+00:00,-34.628000733839364,-58.38893632757972,61.8,20.4,idle
V0029,2026-05-01T06:10:52+00:00,-34.58797032650975,-58.37024243439759,71.0,26.6,ok
V0048,2026-05-01T06:11:08+00:00,-34.63737352459688,-58.375530115799734,79.2,22.9,ok
V0048,2026-05-01T06:11:20+00:00,-34.63825580482189,-58.37695049264235,32.4,17.2,ok
V0015,2026-05-01T06:11:24+00:00,-34.588642052295825,-58.4197042979172,54.2,8.3,ok
V0036,2026-05-01T06:11:44+00:00,-34.57747892816477,-58.341795216737594,72.6,23.8,ok
V0056,2026-05-01T06:11:53+00:00,-34.604882019359955,-58.35699280163338,68.6,28.9,idle
V0023,2026-05-01T06:12:02+00:00,-34.612049902357036,-58.39298482375828,53.9,28.8,idle
V0036,2026-05-01T06:12:15+00:00,-34.613126116129166,-58.385315671329586,72.6,17.9,ok
V0061,2026-05-01T06:12:28+00:00,-34.60657044918085,-58.35731670945492,60.1,21.7,ok
V0007,2026-05-01T06:12:37+00:00,-34.637126348016245,-58.362005257158714,60.0,14.0,idle
V0069,2026-05-01T06:12:56+00:00,-34.62739930153437,-58.415652431686354,70.6,12.7,ok
V0047,2026-05-01T06:13:08+00:00,-34.63488091288196,-58.35909237287225,71.5,31.3,ok
V0001,2026-05-01T06:13:15+00:00,-34.56612020024698,-58.415709110295985,75.6,17.6,ok
V0070,2026-05-01T06:13:28+00:00,-34.6375310241005,-58.36356951149119,68.2,22.6,ok
V0056,2026-05-01T06:13:40+00:00,-34.61126493788814,-58.34400577812157,74.9,20.6,ok
V0033,2026-05-01T06:13:49+00:00,-34.577130064356425,-58.34284276947266,61.5,17.3,ok
V0073,2026-05-01T06:14:02+00:00,-34.639714526101926,-58.374465195910965,60.0,20.1,ok
V0054,2026-05-01T06:14:18+00:00,-34.604832885903086,-58.357912467958364,52.2,22.5,ok
V0045,2026-05-01T06:14:32+00:00,-34.63649536084082,-58.356117087250574,45.1,14.4,ok
V0038,2026-05-01T06:14:36+00:00,-34.570969222625436,-58.383705220713274,67.8,30.0,ok
V0012,2026-05-01T06:14:51+00:00,-34.58955818006924,-58.42116523539387,48.0,22.5,ok
V0079,2026-05-01T06:15:01+00:00,-34.62658698672002,-58.35976897887555,83.7,26.1,idle
V0067,2026-05-01T06:15:20+00:00,-34.603697115246064,-58.360218219300044,70.7,20.5,ok
V0020,2026-05-01T06:15:29+00:00,-34.62742853169483,-58.36799341234444,69.6,22.9,idle
V0022,2026-05-01T06:15:40+00:00,-34.56778386896225,-58.41628263105408,53.4,22.8,ok
V0021,2026-05-01T06:15:56+00:00,-34.63748967283147,-58.37670214210462,45.9,15.7,ok
V0015,2026-05-01T06:16:04+00:00,-34.62632168243755,-58.35836637004837,83.6,16.1,ok
V0023,2026-05-01T06:16:20+00:00,-34.57315017223601,-58.37719230394909,43.6,24.1,idle
V0044,2026-05-01T06:16:32+00:00,-34.58939290726256,-58.36975687154763,73.3,21.4,ok
V0025,2026-05-01T06:16:42+00:00,-34.62373046538376,-58.36010878899245,89.3,16.8,ok
V0058,2026-05-01T06:16:53+00:00,-34.612324958511245,-58.39015383821124,67.0,15.0,idle
V0064,2026-05-01T06:17:06+00:00,-34.62831442704318,-58.40343595745355,73.9,20.5,ok
V0049,2026-05-01T06:17:18+00:00,-34.588844349510794,-58.4213827949851,40.4,13.2,ok
V0021,2026-05-01T06:17:29+00:00,-34.63192179834931,-58.38741946449171,65.8,24.1,ok
V0047,2026-05-01T06:17:37+00:00,-34.573571539702925,-58.40812670571781,57.6,21.4,ok
V0078,2026-05-01T06:17:52+00:00,-34.63056022573823,-58.417447683804504,100.0,12.6,ok
V0021,2026-05-01T06:18:07+00:00,-34.624997839543674,-58.35662759162116,44.9,20.8,ok
V0065,2026-05-01T06:18:16+00:00,-34.63019837524319,-58.38403648020856,60.7,18.6,ok
V0068,2026-05-01T06:18:24+00:00,-34.57949795031614,-58.344149668602476,37.4,15.7,ok
V0054,2026-05-01T06:18:36+00:00,-34.573606958361914,-58.37655737060714,54.2,19.1,ok
V0001,2026-05-01T06:18:48+00:00,-34.628068744502706,-58.405642181914516,55.2,20.5,ok
V0006,2026-05-01T06:19:07+00:00,-34.587289379322826,-58.36711052297918,93.2,27.4,ok
V0074,2026-05-01T06:19:17+00:00,-34.56799001376931,-58.3844528974127,72.8,14.8,ok
V0014,2026-05-01T06:19:26+00:00,-34.56563082695841,-58.41423839540358,100.0,19.8,ok
V0071,2026-05-01T06:19:41+00:00,-34.588031566089235,-58.4193614491759,75.0,23.9,ok
V0068,2026-05-01T06:19:50+00:00,-34.629693386300126,-58.415518307445396,50.3,25.5,ok
V0060,2026-05-01T06:20:06+00:00,-34.6370886224329,-58.36030840422087,73.7,24.9,ok
V0028,2026-05-01T06:20:13+00:00,-34.637636336161094,-58.35645641534839,65.4,16.0,ok
V0042,2026-05-01T06:20:25+00:00,-34.59041205096928,-58.422223982550825,68.1,17.9,idle
V0059,2026-05-01T06:20:37+00:00,-34.59847547112649,-58.405029192344074,47.5,12.0,ok
V0004,2026-05-01T06:20:51+00:00,-34.59049622353087,-58.42109922928595,83.3,22.6,idle
V0072,2026-05-01T06:21:06+00:00,-34.62530400458405,-58.370169414755544,72.0,16.3,ok
V0072,2026-05-01T06:21:20+00:00,-34.62752481211464,-58.36745634061088,73.9,17.4,ok
V0006,2026-05-01T06:21:24+00:00,-34.63638749616865,-58.35606304522243,68.7,29.6,idle
V0042,2026-05-01T06:21:39+00:00,-34.63071116333818,-58.38727143827536,49.8,35.5,ok
V0024,2026-05-01T06:21:54+00:00,-34.637195727272484,-58.36056484407684,88.7,12.6,idle
V0035,2026-05-01T06:22:05+00:00,-34.58905285299972,-58.36843296249823,100.0,25.2,ok
V0037,2026-05-01T06:22:16+00:00,-34.564150503824365,-58.4162488032364,42.3,11.1,ok
V0073,2026-05-01T06:22:24+00:00,-34.598124343244656,-58.40605102768491,61.1,7.4,ok
V0048,2026-05-01T06:22:42+00:00,-34.60562823803575,-58.35056350190687,61.5,26.1,ok
V0050,2026-05-01T06:22:52+00:00,-34.59080583772501,-58.36856184892695,39.6,20.0,ok
V0064,2026-05-01T06:23:01+00:00,-34.60525386716445,-58.35906694217127,47.1,20.5,ok
V0055,2026-05-01T06:23:12+00:00,-34.62470140220155,-58.359071658099225,30.3,12.2,ok
V0074,2026-05-01T06:23:29+00:00,-34.60525568227112,-58.35947184953051,59.3,21.1,ok
V0056,2026-05-01T06:23:38+00:00,-34.63836530034052,-58.37483593725722,46.3,39.8,idle
V0034,2026-05-01T06:23:48+00:00,-34.568426380664484,-58.38342952841685,39.3,17.0,idle
V0075,2026-05-01T06:24:03+00:00,-34.641353028980454,-58.3841841676407,92.9,18.9,ok
V0014,2026-05-01T06:24:20+00:00,-34.588452039130175,-58.37034514824469,28.4,21.7,ok
V0033,2026-05-01T06:24:27+00:00,-34.61091205666876,-58.34329211280632,69.4,17.7,idle
V0019,2026-05-01T06:24:42+00:00,-34.58782404233198,-58.42101129141031,73.9,20.3,idle
V0005,2026-05-01T06:24:55+00:00,-34.62419580738667,-58.357497894035085,75.8,21.8,ok
V0029,2026-05-01T06:25:07+00:00,-34.566760829213294,-58.41542588225283,68.8,19.5,idle
V0070,2026-05-01T06:25:13+00:00,-34.632383957838115,-58.38689282026621,59.0,11.9,ok
V0012,2026-05-01T06:25:31+00:00,-34.586235941000275,-58.421511244143225,49.7,36.4,ok
V0077,2026-05-01T06:25:36+00:00,-34.63058101262874,-58.38568918046911,79.1,19.8,ok
V0043,2026-05-01T06:25:55+00:00,-34.60346533731802,-58.35252881281615,45.1,20.2,idle
V0044,2026-05-01T06:26:00+00:00,-34.62575416997613,-58.38653672422825,68.3,30.0,ok
V0028,2026-05-01T06:26:20+00:00,-34.587018249608676,-58.42166071514281,69.4,14.8,idle
V0066,2026-05-01T06:26:29+00:00,-34.603541703251196,-58.35885240152565,62.6,12.5,idle
V0019,2026-05-01T06:26:43+00:00,-34.610609214932104,-58.39081084619473,74.1,18.4,ok
V0020,2026-05-01T06:26:54+00:00,-34.61400228276148,-58.384966399343405,81.4,11.3,idle
V0055,2026-05-01T06:27:03+00:00,-34.61031247335311,-58.39120945554156,67.1,20.2,ok
V0023,2026-05-01T06:27:14+00:00,-34.59687407310098,-58.404064186556624,99.0,20.6,idle
V0044,2026-05-01T06:27:27+00:00,-34.59847300164954,-58.40632435925138,56.2,16.7,ok
V0068,2026-05-01T06:27:39+00:00,-34.62616286505397,-58.35682257766029,43.3,28.7,ok
V0047,2026-05-01T06:27:54+00:00,-34.63933980073269,-58.36267007838733,23.9,18.6,ok
V0025,2026-05-01T06:28:01+00:00,-34.58776852324047,-58.367792656086046,75.6,20.4,idle
V0077,2026-05-01T06:28:14+00:00,-34.57030387825226,-58.376261721658025,56.4,17.5,ok
V0061,2026-05-01T06:28:26+00:00,-34.58774705300809,-58.42178643385027,52.2,14.8,ok
V0054,2026-05-01T06:28:37+00:00,-34.56780505522751,-58.417004129672584,58.4,25.4,ok
V0029,2026-05-01T06:28:51+00:00,-34.58875318308255,-58.36746413052909,72.3,15.0,ok
V0071,2026-05-01T06:29:00+00:00,-34.63054457511678,-58.385305087144765,75.8,17.1,ok
V0020,2026-05-01T06:29:16+00:00,-34.62642147644319,-58.38566979816234,72.6,26.8,ok
V0047,2026-05-01T06:29:32+00:00,-34.59009067980552,-58.3700016461752,87.0,27.7,ok
V0037,2026-05-01T06:29:37+00:00,-34.625950467755224,-58.38901072278198,29.0,29.3,ok
V0031,2026-05-01T06:29:56+00:00,-34.61303491832815,-58.3832085521628,46.5,20.4,ok
V0069,2026-05-01T06:30:03+00:00,-34.62516299091294,-58.36893516518827,40.6,26.5,ok
V0042,2026-05-01T06:30:14+00:00,-34.59095528611915,-58.41998719337667,60.1,20.8,ok
V0045,2026-05-01T06:30:27+00:00,-34.63230383384229,-58.38698542063835,67.3,25.9,ok
V0000,2026-05-01T06:30:40+00:00,-34.628936746915976,-58.41596263725872,71.5,16.7,idle
V0010,2026-05-01T06:30:50+00:00,-34.636809705213786,-58.373907990843634,64.9,15.1,ok
V0012,2026-05-01T06:31:00+00:00,-34.567397859890576,-58.41467151397928,54.6,8.7,idle
V0008,2026-05-01T06:31:16+00:00,-34.613548187829075,-58.38304940139501,100.0,19.9,ok
V0016,2026-05-01T06:31:26+00:00,-34.58601360809706,-58.420640560394204,21.2,20.3,ok
V0027,2026-05-01T06:31:39+00:00,-34.56669996387341,-58.41682624098799,44.2,30.2,ok
V0015,2026-05-01T06:31:53+00:00,-34.57149374894552,-58.382452341143,79.6,17.2,ok
V0061,2026-05-01T06:32:04+00:00,-34.60567144746793,-58.35882013332672,44.1,32.0,ok
V0006,2026-05-01T06:32:18+00:00,-34.565569656552526,-58.41718775281604,51.8,16.4,ok
V0065,2026-05-01T06:32:30+00:00,-34.57253027916725,-58.37601095549203,44.3,24.1,idle
V0042,2026-05-01T06:32:37+00:00,-34.62685741850625,-58.37006335752292,53.1,25.3,ok
V0049,2026-05-01T06:32:53+00:00,-34.567803534768416,-58.382274879340066,47.0,34.5,ok
V0055,2026-05-01T06:33:00+00:00,-34.628007481425826,-58.402797971241796,77.1,23.1,idle
V0013,2026-05-01T06:33:17+00:00,-34.5718466995239,-58.37669187770082,49.4,24.5,ok
V0051,2026-05-01T06:33:27+00:00,-34.603077118378046,-58.35075766104999,63.8,18.1,ok
V0069,2026-05-01T06:33:37+00:00,-34.61182901119314,-58.391095022527466,75.4,18.4,ok
V0057,2026-05-01T06:33:56+00:00,-34.63020702468951,-58.38575570305721,65.2,22.1,ok
V0059,2026-05-01T06:34:01+00:00,-34.627375573503876,-58.40189066964234,85.4,23.5,idle
V0045,2026-05-01T06:34:12+00:00,-34.612058250265214,-58.39008992175225,83.8,14.6,idle
V0012,2026-05-01T06:34:32+00:00,-34.56609910638969,-58.415250017969925,41.5,19.4,ok
V0016,2026-05-01T06:34:40+00:00,-34.57366807052041,-58.407357680224486,37.6,17.5,ok
V0071,2026-05-01T06:34:49+00:00,-34.62753070036748,-58.36953395407927,47.5,17.4,ok
V0013,2026-05-01T06:35:00+00:00,-34.63550230948287,-58.35797727239406,39.7,27.8,ok
V0051,2026-05-01T06:35:15+00:00,-34.6378142005649,-58.374949698483825,100.0,29.0,ok
V0028,2026-05-01T06:35:25+00:00,-34.58537125363975,-58.41898406104142,58.2,21.4,ok
V0009,2026-05-01T06:35:41+00:00,-34.639685242571474,-58.376980159753295,99.9,28.6,idle
V0013,2026-05-01T06:35:56+00:00,-34.63993611760827,-58.37698109874571,53.0,20.1,ok
V0012,2026-05-01T06:36:06+00:00,-34.58968593281768,-58.41968260561605,54.4,30.0,ok
V0023,2026-05-01T06:36:19+00:00,-34.62878741681021,-58.388868637724336,67.2,20.4,ok
V0047,2026-05-01T06:36:29+00:00,-34.57037326144443,-58.38547539392835,56.6,32.8,ok
V0008,2026-05-01T06:36:43+00:00,-34.588261974847065,-58.42039943114916,91.2,19.0,ok
V0071,2026-05-01T06:36:48+00:00,-34.61635851443498,-58.38560369886187,100.0,19.6,ok
V0050,2026-05-01T06:37:08+00:00,-34.56424349627632,-58.417257205817656,60.8,13.6,ok
V0055,2026-05-01T06:37:15+00:00,-34.6114767745569,-58.39114736054617,76.8,21.1,idle
V0031,2026-05-01T06:37:29+00:00,-34.639900922735144,-58.374384724623745,92.3,23.0,idle
V0057,2026-05-01T06:37:36+00:00,-34.62690887087943,-58.3691541786516,95.5,12.5,ok
V0025,2026-05-01T06:37:56+00:00,-34.57619209450213,-58.34183632619616,59.4,15.1,ok
V0003,2026-05-01T06:38:08+00:00,-34.61224878003719,-58.39266260601246,53.3,14.3,ok
V0055,2026-05-01T06:38:20+00:00,-34.62636472815546,-58.40489326536416,57.9,16.5,ok
V0050,2026-05-01T06:38:30+00:00,-34.62495996032443,-58.358140397061376,84.6,18.9,ok
V0032,2026-05-01T06:38:37+00:00,-34.61077088422946,-58.392094139567995,80.4,16.6,ok
V0055,2026-05-01T06:38:53+00:00,-34.63146688229292,-58.38540165842335,60.7,16.4,idle
V0056,2026-05-01T06:39:03+00:00,-34.602359989132175,-58.35220230683289,35.6,19.0,ok
V0035,2026-05-01T06:39:20+00:00,-34.637249637309,-58.357801516647605,15.4,21.1,battery_low
V0054,2026-05-01T06:39:32+00:00,-34.5893124069104,-58.42228306951904,59.0,28.7,ok
V0026,2026-05-01T06:39:39+00:00,-34.636049909310046,-58.36200999706983,54.2,22.9,ok
V0030,2026-05-01T06:39:48+00:00,-34.568743811584774,-58.38493902685579,56.9,25.0,ok
V0039,2026-05-01T06:40:02+00:00,-34.63049297178312,-58.416667391715706,100.0,20.8,ok
V0041,2026-05-01T06:40:15+00:00,-34.5891424389738,-58.4203347835862,100.0,13.4,ok
V0049,2026-05-01T06:40:24+00:00,-34.56784177493826,-58.414932270556506,63.1,26.0,ok
V0023,2026-05-01T06:40:38+00:00,-34.6288979229275,-58.387725841666125,47.6,26.9,ok
V0066,2026-05-01T06:40:50+00:00,-34.61278258378856,-58.39097060023426,61.4,19.3,ok
V0017,2026-05-01T06:41:06+00:00,-34.5873650281109,-58.42017230175928,68.7,8.4,ok
V0018,2026-05-01T06:41:12+00:00,-34.57041915901462,-58.383060002282136,73.9,23.1,ok
V0067,2026-05-01T06:41:25+00:00,-34.58834034393811,-58.420974203238465,99.7,22.5,ok
V0051,2026-05-01T06:41:37+00:00,-34.62664906565478,-58.36971683059761,54.5,27.3,idle
V0008,2026-05-01T06:41:53+00:00,-34.63163041190872,-58.38735630228202,49.2,16.1,idle
V0002,2026-05-01T06:42:02+00:00,-34.63703257853934,-58.36249905213378,54.3,28.6,ok
V0008,2026-05-01T06:42:17+00:00,-34.60187568997886,-58.351894480556254,69.6,20.3,ok
V0043,2026-05-01T06:42:31+00:00,-34.59089829111579,-58.419809053338454,79.3,19.8,idle
V0049,2026-05-01T06:42:42+00:00,-34.58779819531524,-58.42218975337389,79.9,17.6,ok
V0017,2026-05-01T06:42:48+00:00,-34.62640806666516,-58.388461098542805,54.1,20.2,ok
V0022,2026-05-01T06:43:05+00:00,-34.62529164271149,-58.3857080491341,90.6,15.2,ok
V0058,2026-05-01T06:43:18+00:00,-34.61537528483148,-58.38223740765034,79.7,16.8,idle
V0027,2026-05-01T06:43:32+00:00,-34.62573380952288,-58.37119640906259,58.0,35.0,idle
V0031,2026-05-01T06:43:43+00:00,-34.628823623220725,-58.417356014663135,91.4,8.3,ok
V0017,2026-05-01T06:43:54+00:00,-34.628230552606254,-58.368840591560776,45.7,12.4,idle
V0057,2026-05-01T06:44:04+00:00,-34.56665111687491,-58.41665673268149,37.2,27.5,ok
V0059,2026-05-01T06:44:15+00:00,-34.56976392056379,-58.383754148597944,67.5,23.5,ok
V0000,2026-05-01T06:44:30+00:00,-34.569456461763394,-58.38244281658877,22.8,21.9,ok
V0044,2026-05-01T06:44:40+00:00,-34.61259830825142,-58.391028657794905,48.1,23.6,ok
V0013,2026-05-01T06:44:53+00:00,-34.602505740144096,-58.3506485521776,72.2,21.8,ok
V0024,2026-05-01T06:45:04+00:00,-34.62631967749399,-58.3602821993845,66.7,26.3,ok
V0006,2026-05-01T06:45:14+00:00,-34.603728495632815,-58.35288423680368,100.0,14.4,ok
V0025,2026-05-01T06:45:30+00:00,-34.589142941298995,-58.420135429829394,43.9,16.6,idle
V0022,2026-05-01T06:45:41+00:00,-34.6262454096552,-58.38527100684202,56.8,22.0,idle
V0053,2026-05-01T06:45:56+00:00,-34.588654881672674,-58.41920814637466,49.7,17.5,ok
V0034,2026-05-01T06:46:07+00:00,-34.61199637143395,-58.39024656343402,50.7,11.9,idle
V0010,2026-05-01T06:46:17+00:00,-34.63462323426924,-58.35687998780197,40.0,13.6,ok
V0061,2026-05-01T06:46:25+00:00,-34.634529110585305,-58.357251068649035,49.7,24.9,ok
V0066,2026-05-01T06:46:42+00:00,-34.6124502957702,-58.34423296499626,53.6,24.8,idle
V0020,2026-05-01T06:46:48+00:00,-34.59051340887346,-58.42017798726314,98.2,22.7,ok
V0050,2026-05-01T06:47:05+00:00,-34.57087771394676,-58.38575734235376,50.9,23.7,idle
V0071,2026-05-01T06:47:17+00:00,-34.59521248507807,-58.405097218370756,64.4,14.8,ok
V0077,2026-05-01T06:47:30+00:00,-34.627808434546495,-58.38584673018992,44.4,18.3,ok
V0027,2026-05-01T06:47:43+00:00,-34.64038435520905,-58.37504633603752,58.8,26.4,ok
V0067,2026-05-01T06:47:48+00:00,-34.64243530741255,-58.38396855839529,66.5,24.6,ok
V0013,2026-05-01T06:48:04+00:00,-34.63576353072193,-58.362338430941065,36.4,18.1,ok
V0042,2026-05-01T06:48:13+00:00,-34.60385033415207,-58.358962219293275,24.5,23.2,idle
V0003,2026-05-01T06:48:25+00:00,-34.630743252654405,-58.414689674723085,81.0,14.0,ok
V0003,2026-05-01T06:48:37+00:00,-34.56517712770165,-58.417124230905664,39.6,22.9,ok
V0004,2026-05-01T06:48:56+00:00,-34.579170446689936,-58.34223736636477,47.0,25.2,ok
V0055,2026-05-01T06:49:03+00:00,-34.59885569099645,-58.406247962674264,69.1,12.8,ok
V0053,2026-05-01T06:49:17+00:00,-34.569749168498035,-58.382387395497254,31.0,34.0,idle
V0025,2026-05-01T06:49:26+00:00,-34.62909425161196,-58.41649165192352,76.3,9.6,idle
V0051,2026-05-01T06:49:41+00:00,-34.589799329772084,-58.36992336520547,54.7,20.5,ok
V0073,2026-05-01T06:49:51+00:00,-34.641452997293456,-58.38566911413968,64.0,23.6,idle
V0022,2026-05-01T06:50:06+00:00,-34.63904462577315,-58.376580686981505,29.8,12.3,ok
V0050,2026-05-01T06:50:17+00:00,-34.62469069636689,-58.357530806658396,57.1,16.9,ok
V0001,2026-05-01T06:50:28+00:00,-34.64159870321973,-58.38287929809309,45.5,23.5,idle
V0075,2026-05-01T06:50:41+00:00,-34.62814022623116,-58.36761071029604,76.9,13.1,ok
V0051,2026-05-01T06:50:56+00:00,-34.56996650047008,-58.38471933398036,56.1,13.4,ok
V0066,2026-05-01T06:51:06+00:00,-34.58996984419438,-58.36890877388052,91.4,32.4,ok
V0061,2026-05-01T06:51:15+00:00,-34.60273846865614,-58.351893932086945,75.8,14.9,idle
V0011,2026-05-01T06:51:24+00:00,-34.645122424945626,-58.385492100353005,68.1,17.7,ok
V0064,2026-05-01T06:51:37+00:00,-34.63848621456768,-58.37720726066909,44.5,29.0,idle
V0051,2026-05-01T06:51:49+00:00,-34.58658858899101,-58.41984522334841,30.1,27.3,ok
V0003,2026-05-01T06:52:01+00:00,-34.57535073647244,-58.40621446913105,63.0,16.4,ok
V0046,2026-05-01T06:52:16+00:00,-34.637914899936725,-58.377471472341014,97.8,27.5,ok
V0000,2026-05-01T06:52:32+00:00,-34.62453509658775,-58.357834931889926,74.0,20.0,idle
V0021,2026-05-01T06:52:39+00:00,-34.63426632550863,-58.35611098277313,27.1,22.6,ok
V0020,2026-05-01T06:52:48+00:00,-34.57528720526392,-58.40854211620662,43.3,17.1,ok
V0052,2026-05-01T06:53:08+00:00,-34.62813257635599,-58.388158352255005,100.0,14.7,ok
V0037,2026-05-01T06:53:17+00:00,-34.60430444042224,-58.3602882296226,67.5,19.2,ok
V0036,2026-05-01T06:53:28+00:00,-34.61150555815677,-58.391406129184645,73.0,17.2,ok
V0010,2026-05-01T06:53:44+00:00,-34.60302651475808,-58.3598435211706,26.8,25.4,ok
V0045,2026-05-01T06:53:48+00:00,-34.61059659730623,-58.34334180249907,80.1,22.8,idle
V0065,2026-05-01T06:54:02+00:00,-34.627573759208175,-58.41505468093338,64.5,18.3,ok
V0033,2026-05-01T06:54:13+00:00,-34.586503417382715,-58.41927826534636,95.2,31.8,idle
V0029,2026-05-01T06:54:26+00:00,-34.62515817501644,-58.35996579407351,97.9,21.8,ok
V0026,2026-05-01T06:54:39+00:00,-34.63738260025982,-58.36045906482907,59.0,19.0,ok
V0008,2026-05-01T06:54:52+00:00,-34.57338370453151,-58.3762472325944,78.4,16.0,idle
V0007,2026-05-01T06:55:01+00:00,-34.61249873106374,-58.34073656917293,60.6,21.5,idle
V0043,2026-05-01T06:55:20+00:00,-34.579419242956014,-58.34378465649843,56.7,18.7,ok
V0013,2026-05-01T06:55:25+00:00,-34.63715143158087,-58.37506784723114,83.9,4.7,ok
V0017,2026-05-01T06:55:36+00:00,-34.57014698627911,-58.38417303424395,73.7,12.1,ok
V0074,2026-05-01T06:55:51+00:00,-34.61287441038946,-58.38231596961743,47.8,22.8,ok
V0005,2026-05-01T06:56:03+00:00,-34.63731388791953,-58.37430369523645,36.5,15.8,ok
V0021,2026-05-01T06:56:16+00:00,-34.61088790677475,-58.391991451451915,39.8,16.4,idle
V0059,2026-05-01T06:56:32+00:00,-34.60347078015087,-58.3596338293496,51.3,22.2,ok
V0005,2026-05-01T06:56:40+00:00,-34.58863357715688,-58.419389344144136,28.6,25.9,ok
V0049,2026-05-01T06:56:50+00:00,-34.61629357263199,-58.38477375117388,63.3,15.9,ok
V0074,2026-05-01T06:57:05+00:00,-34.61142682902667,-58.34355296289693,83.3,26.0,idle
V0010,2026-05-01T06:57:13+00:00,-34.58684923050684,-58.419316331191354,100.0,27.9,ok
V0039,2026-05-01T06:57:25+00:00,-34.62504004962144,-58.359640324376166,56.6,20.9,ok
V0021,2026-05-01T06:57:42+00:00,-34.585610159423474,-58.422356405241835,21.5,34.9,ok
V0036,2026-05-01T06:57:52+00:00,-34.57553410113405,-58.40905111372285,69.1,18.7,idle
V0025,2026-05-01T06:58:08+00:00,-34.627620475137626,-58.38697463493664,47.7,26.7,ok
V0019,2026-05-01T06:58:16+00:00,-34.5961711229307,-58.40664079115083,79.2,22.3,ok
V0073,2026-05-01T06:58:31+00:00,-34.5724802627346,-58.377534261246836,75.2,20.7,ok
V0023,2026-05-01T06:58:38+00:00,-34.63774701102704,-58.36361172639006,51.2,21.6,ok
V0076,2026-05-01T06:58:54+00:00,-34.60453889656233,-58.35078904428214,56.4,23.0,idle
V0004,2026-05-01T06:59:06+00:00,-34.605491168323994,-58.35058990792839,43.7,17.5,ok
V0074,2026-05-01T06:59:13+00:00,-34.61513899912176,-58.382300860728165,43.3,29.1,idle
V0041,2026-05-01T06:59:32+00:00,-34.625016342407484,-58.35639469704363,60.1,29.6,ok
V0068,2026-05-01T06:59:41+00:00,-34.58542804772902,-58.42090071240354,56.9,20.1,ok
V0027,2026-05-01T06:59:56+00:00,-34.61086853785173,-58.34366213904392,71.0,32.8,ok
V0066,2026-05-01T07:00:07+00:00,-34.62662526646189,-58.38848264264403,89.9,22.0,ok
V0026,2026-05-01T07:00:13+00:00,-34.63632894830517,-58.35707483678528,61.1,20.4,idle
V0067,2026-05-01T07:00:32+00:00,-34.62535836179273,-58.35998868189474,36.9,25.5,ok
V0000,2026-05-01T07:00:36+00:00,-34.6273092250486,-58.41471778727238,83.3,32.1,idle
V0017,2026-05-01T07:00:51+00:00,-34.63635426666876,-58.36091880613787,47.0,15.4,idle
V0065,2026-05-01T07:01:03+00:00,-34.58829627277289,-58.41975175089436,65.8,26.3,ok
V0070,2026-05-01T07:01:18+00:00,-34.63545994458176,-58.35727153373001,63.2,35.0,ok
V0069,2026-05-01T07:01:28+00:00,-34.62466017538939,-58.35735794252936,62.8,19.6,ok
V0066,2026-05-01T07:01:37+00:00,-34.60293789890927,-58.358330043041335,48.6,17.3,ok
V0027,2026-05-01T07:01:50+00:00,-34.61103513020257,-58.34293838949461,35.1,29.9,ok
V0013,2026-05-01T07:02:01+00:00,-34.626140367133125,-58.40404883890067,52.5,16.1,ok
V0019,2026-05-01T07:02:19+00:00,-34.62534684966041,-58.38844199968306,88.4,23.4,ok
V0078,2026-05-01T07:02:24+00:00,-34.57259965854409,-58.407254808027275,58.0,17.6,ok
V0050,2026-05-01T07:02:42+00:00,-34.60464187610398,-58.35032096171566,73.1,31.6,ok
V0076,2026-05-01T07:02:48+00:00,-34.571630319611636,-58.3852778526886,62.8,28.5,ok
V0020,2026-05-01T07:03:03+00:00,-34.57683334675096,-58.34105807671233,47.9,27.0,idle
V0058,2026-05-01T07:03:14+00:00,-34.63612685985967,-58.35931038231299,76.8,18.2,ok
V0079,2026-05-01T07:03:27+00:00,-34.63068704598988,-58.384813400358965,75.9,17.8,idle
V0019,2026-05-01T07:03:37+00:00,-34.634844142457126,-58.35884984670499,46.2,20.2,ok
V0042,2026-05-01T07:03:53+00:00,-34.61514201238589,-58.3840607611371,65.4,11.3,ok
V0078,2026-05-01T07:04:07+00:00,-34.625059606938116,-58.35932998880107,89.3,23.3,ok
V0047,2026-05-01T07:04:17+00:00,-34.612469697785045,-58.39263841025505,46.1,26.7,ok
V0022,2026-05-01T07:04:25+00:00,-34.61419885392123,-58.384813851259416,42.8,30.0,ok
V0024,2026-05-01T07:04:37+00:00,-34.613955657343226,-58.3856560556023,72.5,21.5,idle
V0072,2026-05-01T07:04:53+00:00,-34.62873264526251,-58.387814137468176,24.7,22.4,idle
V0039,2026-05-01T07:05:08+00:00,-34.61216381794179,-58.34396429685852,73.6,26.7,ok
V0052,2026-05-01T07:05:20+00:00,-34.611762445689116,-58.39221640215091,58.7,23.4,ok
V0041,2026-05-01T07:05:27+00:00,-34.62686293511052,-58.404484377366956,44.7,18.4,ok
V0002,2026-05-01T07:05:37+00:00,-34.637630571905326,-58.363984022790284,50.0,16.8,idle
V0044,2026-05-01T07:05:48+00:00,-34.62754401324447,-58.3886765466347,69.7,26.7,ok
V0071,2026-05-01T07:06:07+00:00,-34.62682074196044,-58.367958645399774,61.4,25.9,ok
V0040,2026-05-01T07:06:20+00:00,-34.57687187527106,-58.344216278367156,66.7,16.6,ok
V0071,2026-05-01T07:06:30+00:00,-34.624032437635165,-58.357854734114795,78.7,23.6,ok
V0043,2026-05-01T07:06:41+00:00,-34.574578769480254,-58.40860703586102,74.2,19.6,ok
V0070,2026-05-01T07:06:51+00:00,-34.61020075035978,-58.34152357773791,69.4,23.4,ok
V0076,2026-05-01T07:07:06+00:00,-34.637975033586855,-58.374269940525465,73.8,21.6,ok
V0003,2026-05-01T07:07:18+00:00,-34.641995669571635,-58.38552371334418,48.8,30.4,ok
V0019,2026-05-01T07:07:31+00:00,-34.62773090032409,-58.36893105647457,42.2,24.4,ok
V0009,2026-05-01T07:07:43+00:00,-34.60414245945082,-58.351040710997005,66.6,23.2,ok
V0042,2026-05-01T07:07:50+00:00,-34.588205576510106,-58.36935259406442,54.9,23.2,ok
V0034,2026-05-01T07:08:01+00:00,-34.62998787318919,-58.41448177431843,56.8,36.2,ok
V0079,2026-05-01T07:08:15+00:00,-34.57303358411387,-58.37711931850543,60.4,18.0,ok
V0012,2026-05-01T07:08:31+00:00,-34.56624381354812,-58.417207047918154,71.3,16.7,idle
V0018,2026-05-01T07:08:37+00:00,-34.62802401601454,-58.414798180534056,71.8,25.1,ok
V0027,2026-05-01T07:08:55+00:00,-34.56701528472933,-58.414521347969924,55.7,18.8,idle
V0024,2026-05-01T07:09:03+00:00,-34.59024025634688,-58.36802107030037,88.3,11.5,idle
V0041,2026-05-01T07:09:12+00:00,-34.56778713237745,-58.3842851637259,66.1,11.9,ok
V0030,2026-05-01T07:09:31+00:00,-34.596888075200454,-58.40726062360344,55.9,21.2,ok
V0068,2026-05-01T07:09:39+00:00,-34.58943919967432,-58.36860453233173,53.0,30.4,ok
V0024,2026-05-01T07:09:52+00:00,-34.57270974992025,-58.40860124846582,84.8,19.8,idle
V0004,2026-05-01T07:10:08+00:00,-34.62838749340487,-58.3875019835658,67.0,14.3,idle
V0027,2026-05-01T07:10:20+00:00,-34.623371635781524,-58.35780575697834,94.2,25.5,ok
V0074,2026-05-01T07:10:26+00:00,-34.59582291361867,-58.406980846058126,41.7,31.9,ok
V0053,2026-05-01T07:10:41+00:00,-34.56654883230719,-58.41460305463846,66.0,14.9,ok
V0073,2026-05-01T07:10:48+00:00,-34.61152974025255,-58.340487354253725,49.8,19.9,ok
V0026,2026-05-01T07:11:04+00:00,-34.56760261740819,-58.41778563770021,100.0,17.5,ok
V0075,2026-05-01T07:11:14+00:00,-34.59612172378179,-58.40454307742756,75.5,21.8,ok
V0061,2026-05-01T07:11:27+00:00,-34.63869590268434,-58.37538961645135,78.3,31.6,ok
V0009,2026-05-01T07:11:44+00:00,-34.57227094322994,-58.37801464805473,82.0,27.6,ok
V0074,2026-05-01T07:11:49+00:00,-34.62885538496232,-58.38747794089054,64.6,33.1,ok
V0074,2026-05-01T07:12:08+00:00,-34.62756453882513,-58.41750920863323,52.7,16.8,ok
V0072,2026-05-01T07:12:15+00:00,-34.605226635878076,-58.359416636317555,30.2,15.0,ok
V0007,2026-05-01T07:12:31+00:00,-34.57192228856906,-58.374510497140115,52.9,14.5,ok
V0031,2026-05-01T07:12:44+00:00,-34.59541102270953,-58.40404534983311,86.6,21.0,ok
V0071,2026-05-01T07:12:51+00:00,-34.62781678475763,-58.41488055858193,64.7,18.1,ok
V0044,2026-05-01T07:13:07+00:00,-34.6350171268965,-58.35807064940678,81.0,24.7,ok
V0024,2026-05-01T07:13:19+00:00,-34.641245747362504,-58.38328940061101,72.8,32.2,ok
V0069,2026-05-01T07:13:30+00:00,-34.645168439927176,-58.3861681227653,55.2,20.7,ok
V0009,2026-05-01T07:13:39+00:00,-34.570144797408254,-58.385286167024205,48.6,16.7,ok
V0008,2026-05-01T07:13:52+00:00,-34.613498722454025,-58.38286125737338,80.5,28.3,ok
V0064,2026-05-01T07:14:06+00:00,-34.58657546728247,-58.41959695137087,34.6,26.0,ok
V0007,2026-05-01T07:14:20+00:00,-34.62495564571911,-58.405603020179434,82.0,24.3,ok
V0057,2026-05-01T07:14:26+00:00,-34.595984678141434,-58.40576903208922,22.9,29.2,ok
V0015,2026-05-01T07:14:42+00:00,-34.58878065589128,-58.41980484555279,54.6,12.9,idle
V0026,2026-05-01T07:14:49+00:00,-34.5888833401325,-58.41942381084266,93.2,21.0,idle
V0053,2026-05-01T07:15:03+00:00,-34.59109199502309,-58.37036367518492,91.6,21.2,ok
V0071,2026-05-01T07:15:20+00:00,-34.63716167079141,-58.37369168879554,58.1,15.4,ok
V0057,2026-05-01T07:15:24+00:00,-34.579925231679425,-58.34313533485029,48.1,18.9,idle
V0061,2026-05-01T07:15:44+00:00,-34.62705433532305,-58.40237025877662,52.9,16.8,ok
V0026,2026-05-01T07:15:53+00:00,-34.565519484095276,-58.41624365721855,70.0,8.8,ok
V0064,2026-05-01T07:16:06+00:00,-34.61302278347286,-58.343771628593785,59.7,27.9,ok
V0053,2026-05-01T07:16:19+00:00,-34.61351247708599,-58.3824384968065,96.7,20.9,ok
V0022,2026-05-01T07:16:25+00:00,-34.60431535379669,-58.36006309609675,49.3,20.4,ok
V0003,2026-05-01T07:16:44+00:00,-34.627884593603575,-58.368469571270765,62.1,26.5,idle
V0030,2026-05-01T07:16:48+00:00,-34.589014621580326,-58.36686826699965,85.9,20.8,ok
V0032,2026-05-01T07:17:05+00:00,-34.62525595172398,-58.367479185911776,46.4,20.5,idle
V0052,2026-05-01T07:17:20+00:00,-34.62574983749078,-58.40295085201743,39.3,20.9,ok
V0025,2026-05-01T07:17:32+00:00,-34.637056890048676,-58.36228420883642,99.2,15.2,ok
V0009,2026-05-01T07:17:37+00:00,-34.63820051392781,-58.37679724831178,59.2,28.1,idle
V0054,2026-05-01T07:17:55+00:00,-34.626233649304126,-58.37002563951924,52.2,28.0,ok
V0016,2026-05-01T07:18:04+00:00,-34.62618812849125,-58.38715446665914,41.1,25.1,ok
V0016,2026-05-01T07:18:14+00:00,-34.6033783743687,-58.35157751364809,41.0,25.2,idle
V0003,2026-05-01T07:18:28+00:00,-34.61529411510109,-58.38367702133138,81.9,19.9,ok
V0063,2026-05-01T07:18:39+00:00,-34.60389503685951,-58.35029830849018,39.7,20.9,ok
V0047,2026-05-01T07:18:51+00:00,-34.586422178784986,-58.42241853652821,82.1,19.8,ok
V0004,2026-05-01T07:19:07+00:00,-34.63415468105589,-58.35941370284584,42.2,20.9,ok
V0079,2026-05-01T07:19:15+00:00,-34.64517328532391,-58.38590290457995,48.2,11.4,idle
V0015,2026-05-01T07:19:32+00:00,-34.63574430158723,-58.35748532141914,80.7,10.7,ok
V0078,2026-05-01T07:19:40+00:00,-34.574068327770604,-58.40871927848927,70.8,22.5,ok
V0025,2026-05-01T07:19:56+00:00,-34.605490900666574,-58.353235621501724,39.8,11.8,idle
V0028,2026-05-01T07:20:06+00:00,-34.62875927133502,-58.41625377112063,82.0,14.0,ok
V0054,2026-05-01T07:20:15+00:00,-34.59062074934177,-58.366660660342205,54.2,14.0,ok
V0058,2026-05-01T07:20:31+00:00,-34.63093917210284,-58.41454693221867,100.0,27.0,ok
V0027,2026-05-01T07:20:40+00:00,-34.616169808890405,-58.384595692395656,65.1,28.8,ok
V0024,2026-05-01T07:20:48+00:00,-34.62738243496966,-58.388418630515055,71.5,30.9,ok
V0014,2026-05-01T07:21:08+00:00,-34.62587961881815,-58.404395316149674,87.6,9.3,ok
V0049,2026-05-01T07:21:13+00:00,-34.58887976979426,-58.367170214197166,75.3,9.1,ok
V0033,2026-05-01T07:21:31+00:00,-34.624081216949925,-58.356519702707544,44.2,27.0,ok
V0036,2026-05-01T07:21:40+00:00,-34.64457203253832,-58.38575789334757,92.9,26.7,ok
V0067,2026-05-01T07:21:52+00:00,-34.578705953290154,-58.34414776171798,47.2,12.8,ok
V0006,2026-05-01T07:22:00+00:00,-34.58863078753388,-58.42172805770007,56.9,16.0,idle
V0037,2026-05-01T07:22:17+00:00,-34.62276621451611,-58.359828292469984,97.0,16.9,ok
V0011,2026-05-01T07:22:26+00:00,-34.5714372591928,-58.376698932597826,69.7,16.4,idle
V0015,2026-05-01T07:22:37+00:00,-34.61331281640219,-58.38326580638327,47.6,28.3,ok
V0038,2026-05-01T07:22:50+00:00,-34.586928075380406,-58.42240118306777,83.1,9.7,ok
V0038,2026-05-01T07:23:08+00:00,-34.569663697671864,-58.38319311412025,69.1,27.1,idle
V0018,2026-05-01T07:23:16+00:00,-34.58772341256494,-58.42176457986388,89.0,18.7,ok
V0054,2026-05-01T07:23:31+00:00,-34.63788856491283,-58.357941770352866,55.6,11.5,ok
V0066,2026-05-01T07:23:41+00:00,-34.63087959350655,-58.418143483621904,69.5,17.8,ok
V0008,2026-05-01T07:23:49+00:00,-34.56847421354571,-58.384766021965014,63.2,21.8,ok
V0043,2026-05-01T07:24:07+00:00,-34.573561302465045,-58.40658069132265,46.0,22.2,ok
V0073,2026-05-01T07:24:20+00:00,-34.60456108871862,-58.34972182978053,61.3,20.6,idle
V0016,2026-05-01T07:24:32+00:00,-34.63110410609501,-58.38557443870372,59.1,28.2,ok
V0010,2026-05-01T07:24:41+00:00,-34.6421005549722,-58.385413373015346,52.6,22.9,idle
V0042,2026-05-01T07:24:55+00:00,-34.57259654546791,-58.40719068491655,67.2,26.4,idle
V0009,2026-05-01T07:25:07+00:00,-34.62557743432503,-58.40400907790583,43.3,25.9,ok
V0021,2026-05-01T07:25:12+00:00,-34.570824691625056,-58.37764920135084,50.6,7.8,idle
V0039,2026-05-01T07:25:29+00:00,-34.61299654160221,-58.38960649012158,59.9,23.8,ok
V0061,2026-05-01T07:25:42+00:00,-34.572887535859714,-58.407061236990096,82.0,29.3,ok
V0007,2026-05-01T07:25:50+00:00,-34.61272600532816,-58.384476968754655,65.5,29.1,ok
V0007,2026-05-01T07:26:00+00:00,-34.598817435945676,-58.406387549155,43.3,25.5,ok
V0017,2026-05-01T07:26:13+00:00,-34.63628768239306,-58.356640436105685,52.7,28.2,idle
V0072,2026-05-01T07:26:27+00:00,-34.637873759904714,-58.356719179303404,69.4,30.2,ok
V0036,2026-05-01T07:26:39+00:00,-34.567475464490414,-58.41613008821331,51.7,26.5,ok
V0049,2026-05-01T07:26:56+00:00,-34.568988588001325,-58.3846953734572,47.2,18.9,ok
V0057,2026-05-01T07:27:07+00:00,-34.60508902924425,-58.351244778659016,72.9,18.1,ok
V0078,2026-05-01T07:27:13+00:00,-34.58848456543686,-58.420003341798434,65.7,28.6,ok
V0079,2026-05-01T07:27:28+00:00,-34.56419767188564,-58.41549288372638,67.9,29.4,ok
V0056,2026-05-01T07:27:37+00:00,-34.64329193343565,-58.38350847943181,68.5,16.3,ok
V0013,2026-05-01T07:27:55+00:00,-34.62479846671531,-58.36952676060163,52.7,20.8,ok
V0032,2026-05-01T07:28:04+00:00,-34.57018332560349,-58.383080305011646,68.7,9.5,ok
V0018,2026-05-01T07:28:18+00:00,-34.60297513720472,-58.34983595677238,81.8,13.4,ok
V0079,2026-05-01T07:28:32+00:00,-34.62513418926426,-58.358392914093386,74.8,16.8,ok
V0017,2026-05-01T07:28:44+00:00,-34.62767858607309,-58.36991922321609,24.3,22.2,ok
V0065,2026-05-01T07:28:53+00:00,-34.58636789599129,-58.42160532767348,66.3,17.3,ok
V0073,2026-05-01T07:29:02+00:00,-34.57953486675214,-58.341729458957566,7.1,29.8,battery_low
V0054,2026-05-01T07:29:14+00:00,-34.605956817889464,-58.358634396406224,68.2,25.7,ok
V0051,2026-05-01T07:29:30+00:00,-34.60362480991876,-58.35279286922164,65.3,13.1,ok
V0035,2026-05-01T07:29:43+00:00,-34.573126417481504,-58.37743243434632,66.2,25.0,idle
V0072,2026-05-01T07:29:54+00:00,-34.5891417849241,-58.4225206742733,77.2,24.5,ok
V0025,2026-05-01T07:30:02+00:00,-34.63781924826442,-58.36105849098765,67.0,19.5,ok
V0077,2026-05-01T07:30:19+00:00,-34.5730533843747,-58.40732508987593,83.3,27.4,ok
V0020,2026-05-01T07:30:32+00:00,-34.5660057834562,-58.41411032800041,54.4,17.6,idle
V0016,2026-05-01T07:30:43+00:00,-34.63055840602207,-58.385135347280695,44.9,29.1,ok
V0058,2026-05-01T07:30:48+00:00,-34.574984029963915,-58.407609349275575,54.7,9.7,ok
V0043,2026-05-01T07:31:04+00:00,-34.61173913361606,-58.38935365113974,64.8,20.8,ok
V0032,2026-05-01T07:31:15+00:00,-34.58782912012638,-58.419793531970626,27.3,30.7,idle
V0021,2026-05-01T07:31:32+00:00,-34.631258254004536,-58.38465139945903,67.3,22.1,ok
V0049,2026-05-01T07:31:44+00:00,-34.628265140567635,-58.387478312996016,61.9,21.5,ok
V0066,2026-05-01T07:31:51+00:00,-34.61379175551626,-58.38262131671852,75.2,20.1,idle
V0078,2026-05-01T07:32:06+00:00,-34.576180614687715,-58.40724430251297,73.9,29.7,idle
V0067,2026-05-01T07:32:20+00:00,-34.637463596664176,-58.35684437400144,73.5,16.5,ok
V0007,2026-05-01T07:32:32+00:00,-34.596446082601936,-58.40543758107051,66.5,11.2,ok
V0056,2026-05-01T07:32:37+00:00,-34.576165796387414,-58.408290640562036,57.3,28.9,ok
V0061,2026-05-01T07:32:55+00:00,-34.59047920259877,-58.42264142615001,97.3,23.0,ok
V0044,2026-05-01T07:33:03+00:00,-34.57255003600159,-58.406063070070005,100.0,6.5,ok
V0020,2026-05-01T07:33:12+00:00,-34.63602322542097,-58.36110342611194,49.6,19.3,ok
V0018,2026-05-01T07:33:24+00:00,-34.624031617843464,-58.359757952089204,94.5,23.7,idle
V0043,2026-05-01T07:33:40+00:00,-34.57342485477453,-58.377726123678,71.4,16.5,idle
V0055,2026-05-01T07:33:49+00:00,-34.573099365728105,-58.40542660416301,64.9,30.1,ok
V0030,2026-05-01T07:34:08+00:00,-34.57499518261876,-58.40888101974114,63.2,23.7,ok
V0006,2026-05-01T07:34:15+00:00,-34.62720596510312,-58.40450804321772,50.3,24.0,idle
V0065,2026-05-01T07:34:25+00:00,-34.56736335260658,-58.414535740265116,58.9,17.4,ok
V0046,2026-05-01T07:34:43+00:00,-34.625209395930966,-58.37081095880997,55.7,18.5,ok
V0076,2026-05-01T07:34:49+00:00,-34.62754711956899,-58.40503455618013,70.7,24.8,ok
V0018,2026-05-01T07:35:08+00:00,-34.57296151688984,-58.40583385057752,59.1,14.5,ok
V0002,2026-05-01T07:35:13+00:00,-34.637341607872536,-58.357214665466984,78.4,2.9,ok
V0009,2026-05-01T07:35:28+00:00,-34.61548537075701,-58.382917539864906,78.5,18.1,ok
V0009,2026-05-01T07:35:43+00:00,-34.62388513310096,-58.358186686959186,70.1,30.5,ok
V0064,2026-05-01T07:35:51+00:00,-34.62815369211399,-58.415495835388235,94.7,25.5,ok
V0049,2026-05-01T07:36:05+00:00,-34.63870316726207,-58.37694090066485,62.0,25.8,ok
V0018,2026-05-01T07:36:19+00:00,-34.643011244046484,-58.382988705438116,23.9,27.8,idle
V0075,2026-05-01T07:36:28+00:00,-34.63886907927314,-58.37494041176172,48.1,24.6,idle
V0035,2026-05-01T07:36:38+00:00,-34.63494386018958,-58.357899735420055,56.8,26.6,idle
V0004,2026-05-01T07:36:54+00:00,-34.585951877551935,-58.42120750938317,74.6,23.4,ok
V0014,2026-05-01T07:37:08+00:00,-34.64029774710621,-58.37396460694302,73.6,12.1,idle
V0070,2026-05-01T07:37:17+00:00,-34.59736093372891,-58.4048069403911,80.5,11.2,ok
V0022,2026-05-01T07:37:29+00:00,-34.635190309556044,-58.35864150292509,45.4,24.2,ok
V0028,2026-05-01T07:37:41+00:00,-34.60258692684123,-58.35320570647152,28.3,16.1,ok
V0032,2026-05-01T07:37:54+00:00,-34.578610592047795,-58.3435565532005,82.4,24.1,ok
V0024,2026-05-01T07:38:07+00:00,-34.625823669980754,-58.37043805969989,74.3,23.3,ok
V0009,2026-05-01T07:38:20+00:00,-34.564552586382476,-58.41658242951931,86.7,33.4,idle
V0011,2026-05-01T07:38:30+00:00,-34.634151344604426,-58.35658692827433,69.5,21.6,idle
V0076,2026-05-01T07:38:41+00:00,-34.58879706740028,-58.41938792989792,63.9,18.0,ok
V0029,2026-05-01T07:38:56+00:00,-34.62751627831565,-58.41791255619279,63.0,5.9,ok
V0034,2026-05-01T07:39:02+00:00,-34.57812836084869,-58.34106498415398,64.8,22.0,ok
V0062,2026-05-01T07:39:19+00:00,-34.586114377144696,-58.42028728154234,87.8,20.9,idle
V0025,2026-05-01T07:39:30+00:00,-34.63856791113308,-58.3771620946223,70.2,27.1,ok
V0033,2026-05-01T07:39:39+00:00,-34.60306126641511,-58.357919520455184,51.1,23.0,idle
V0027,2026-05-01T07:39:52+00:00,-34.58953578982823,-58.369702995304515,87.3,10.5,ok
V0079,2026-05-01T07:40:00+00:00,-34.61311571692861,-58.38558414913782,58.3,24.0,ok
V0052,2026-05-01T07:40:20+00:00,-34.60445946017955,-58.359880879107905,69.9,24.2,ok
V0043,2026-05-01T07:40:30+00:00,-34.639338866315256,-58.361526424016915,23.4,17.5,idle
V0036,2026-05-01T07:40:44+00:00,-34.62848781988319,-58.40321712443619,40.9,27.0,ok
V0058,2026-05-01T07:40:55+00:00,-34.57752495511472,-58.34090976652001,32.7,23.2,idle
V0010,2026-05-01T07:41:04+00:00,-34.58904043621246,-58.422363881931716,64.5,24.8,ok
V0007,2026-05-01T07:41:19+00:00,-34.628730959713195,-58.41472688374964,62.7,12.6,idle
V0055,2026-05-01T07:41:24+00:00,-34.62922834986054,-58.38409643760718,100.0,31.7,ok
V0065,2026-05-01T07:41:37+00:00,-34.631330314683154,-58.38736520909927,69.0,16.9,ok
V0052,2026-05-01T07:41:48+00:00,-34.572719050468805,-58.40550384369606,66.5,24.3,idle
V0059,2026-05-01T07:42:00+00:00,-34.63795509421839,-58.36393014257566,55.1,32.2,ok
V0025,2026-05-01T07:42:19+00:00,-34.63523400599807,-58.357013354322824,35.8,24.5,ok
V0060,2026-05-01T07:42:31+00:00,-34.61331209793327,-58.34339127769373,65.7,26.6,ok
V0005,2026-05-01T07:42:39+00:00,-34.57093103519043,-58.38376272613182,78.8,13.2,ok
V0011,2026-05-01T07:42:49+00:00,-34.62950990529794,-58.41540616570098,100.0,18.6,idle
V0046,2026-05-01T07:43:00+00:00,-34.61017047271613,-58.39144408310676,63.4,22.4,ok
V0031,2026-05-01T07:43:19+00:00,-34.63804451320702,-58.37604806780898,44.1,18.1,idle
V0043,2026-05-01T07:43:29+00:00,-34.60579489937235,-58.35350634153732,81.0,22.5,ok
V0012,2026-05-01T07:43:37+00:00,-34.62489171869723,-58.371095316413054,59.6,6.2,idle
V0033,2026-05-01T07:43:50+00:00,-34.63665082990432,-58.37510992183697,57.8,13.8,ok
V0043,2026-05-01T07:44:07+00:00,-34.58848939683291,-58.42299570296999,69.7,24.6,ok
V0021,2026-05-01T07:44:13+00:00,-34.59011419896736,-58.419135181589404,39.1,29.1,ok
V0038,2026-05-01T07:44:25+00:00,-34.632610339995196,-58.387422652498174,76.2,20.4,idle
V0001,2026-05-01T07:44:38+00:00,-34.62563825048574,-58.35708403247694,71.8,20.3,ok
V0066,2026-05-01T07:44:48+00:00,-34.574660453260115,-58.40616772200799,91.8,25.0,ok
V0054,2026-05-01T07:45:03+00:00,-34.644093443974285,-58.38485017762754,59.5,16.3,ok
V0067,2026-05-01T07:45:16+00:00,-34.60221872845205,-58.35212462264727,70.4,16.1,ok
V0003,2026-05-01T07:45:32+00:00,-34.62605190467161,-58.35667092344438,100.0,26.3,ok
V0011,2026-05-01T07:45:39+00:00,-34.5886544357859,-58.4222919287057,100.0,16.8,idle
V0067,2026-05-01T07:45:50+00:00,-34.57057778810257,-58.37576543849867,46.4,34.9,ok
V0058,2026-05-01T07:46:06+00:00,-34.58998252712552,-58.3674341461707,56.9,24.4,ok
V0039,2026-05-01T07:46:15+00:00,-34.62715532711252,-58.402288436429295,54.4,16.9,ok
V0018,2026-05-01T07:46:29+00:00,-34.638695588190025,-58.360557133525035,49.7,17.8,ok
V0017,2026-05-01T07:46:44+00:00,-34.57108702673606,-58.38500866739687,41.4,26.2,ok
V0026,2026-05-01T07:46:54+00:00,-34.59678502674355,-58.404523068927844,50.9,24.7,idle
V0034,2026-05-01T07:47:07+00:00,-34.625842318467,-58.36943025052369,56.1,20.0,ok
V0056,2026-05-01T07:47:16+00:00,-34.625331640387294,-58.388957664643755,58.6,30.1,ok
V0041,2026-05-01T07:47:24+00:00,-34.63424414623797,-58.35943064884661,65.1,27.7,ok
V0072,2026-05-01T07:47:36+00:00,-34.63920446326267,-58.36118481228489,40.9,21.4,idle
V0055,2026-05-01T07:47:49+00:00,-34.63698831791563,-58.357927474745004,79.4,22.9,idle
V0025,2026-05-01T07:48:03+00:00,-34.62776652003038,-58.38560747325174,72.9,15.9,ok
V0015,2026-05-01T07:48:16+00:00,-34.610233478241675,-58.39286566589122,40.3,18.7,ok
V0016,2026-05-01T07:48:24+00:00,-34.58825919225721,-58.4215722220866,26.5,17.5,ok
V0073,2026-05-01T07:48:39+00:00,-34.63842891238418,-58.375117933886386,94.7,29.5,ok
V0031,2026-05-01T07:48:51+00:00,-34.6375718119413,-58.361866412055946,67.7,14.7,ok
V0018,2026-05-01T07:49:00+00:00,-34.62812374683322,-58.36779552310199,46.7,23.8,ok
V0013,2026-05-01T07:49:20+00:00,-34.638453222597654,-58.37668303731214,59.8,10.5,idle
V0030,2026-05-01T07:49:26+00:00,-34.63864761356209,-58.3625023297081,66.1,17.3,idle
V0047,2026-05-01T07:49:41+00:00,-34.57726305547669,-58.34375664919414,88.0,24.9,ok
V0037,2026-05-01T07:49:51+00:00,-34.589311519355135,-58.42130940638855,64.4,27.2,ok
V0049,2026-05-01T07:50:01+00:00,-34.590878090695284,-58.41941149927846,60.1,19.5,ok
V0066,2026-05-01T07:50:18+00:00,-34.60546645508952,-58.35879601831548,89.1,26.1,ok
V0063,2026-05-01T07:50:27+00:00,-34.58596061551506,-58.42236593940524,47.1,30.2,ok
V0048,2026-05-01T07:50:43+00:00,-34.571240884029855,-58.37569099486847,80.4,22.3,ok
V0078,2026-05-01T07:50:51+00:00,-34.568595670147424,-58.384849522277705,75.7,21.7,ok
V0068,2026-05-01T07:51:01+00:00,-34.5780352593744,-58.3427663476257,60.2,20.6,ok
V0042,2026-05-01T07:51:13+00:00,-34.597183587227164,-58.404467487307905,62.2,28.6,idle
V0007,2026-05-01T07:51:28+00:00,-34.624786261052684,-58.35672982824794,47.2,16.3,ok
V0006,2026-05-01T07:51:38+00:00,-34.642774072940234,-58.383425919959095,76.9,19.8,ok
V0003,2026-05-01T07:51:48+00:00,-34.573794166320845,-58.37537316844037,73.6,20.4,ok
V0032,2026-05-01T07:52:02+00:00,-34.63805372253013,-58.37554261691873,46.4,9.1,ok
V0037,2026-05-01T07:52:20+00:00,-34.60359485660881,-58.35091971493481,70.3,39.0,ok
V0066,2026-05-01T07:52:31+00:00,-34.5866521401184,-58.41885694490538,54.0,23.3,idle
V0028,2026-05-01T07:52:39+00:00,-34.63680876216852,-58.37467192175443,100.0,13.1,ok
V0040,2026-05-01T07:52:49+00:00,-34.585481645781805,-58.42250760073758,73.6,34.7,ok
V0056,2026-05-01T07:53:00+00:00,-34.61213223241757,-58.34296909025122,62.9,19.8,ok
V0041,2026-05-01T07:53:20+00:00,-34.60446101366044,-58.349625198871834,65.8,20.4,ok
V0003,2026-05-01T07:53:30+00:00,-34.564595884137404,-58.41547162400404,100.0,17.7,ok
V0048,2026-05-01T07:53:40+00:00,-34.63034333057713,-58.4177512396677,58.3,18.5,ok
V0015,2026-05-01T07:53:53+00:00,-34.6117094155877,-58.34415427574084,60.4,29.5,idle
V0030,2026-05-01T07:54:06+00:00,-34.62988499148733,-58.417295835562385,59.0,30.3,ok
V0073,2026-05-01T07:54:14+00:00,-34.6053483257446,-58.36015562960681,55.1,18.8,idle
V0030,2026-05-01T07:54:25+00:00,-34.638573646295825,-58.376303204419024,46.1,28.5,idle
V0067,2026-05-01T07:54:44+00:00,-34.61086903145155,-58.38949661853546,67.0,22.8,ok
V0032,2026-05-01T07:54:55+00:00,-34.63629787898543,-58.359745582375254,59.8,26.9,ok
V0071,2026-05-01T07:55:02+00:00,-34.61493773033115,-58.382907651063825,76.3,9.9,ok
V0047,2026-05-01T07:55:12+00:00,-34.56498973917429,-58.41682628116852,56.1,17.6,ok
V0069,2026-05-01T07:55:24+00:00,-34.644415567565254,-58.38629655094327,48.4,12.2,ok
V0049,2026-05-01T07:55:37+00:00,-34.64481556744874,-58.38425092217399,60.4,14.8,idle
V0036,2026-05-01T07:55:48+00:00,-34.57097067883256,-58.37511751544782,53.8,22.2,idle
V0030,2026-05-01T07:56:02+00:00,-34.58751701721236,-58.422502036214155,57.8,26.4,ok
V0019,2026-05-01T07:56:18+00:00,-34.61237313633299,-58.39218572359259,52.7,18.0,ok
V0048,2026-05-01T07:56:25+00:00,-34.642399998316115,-58.38384644708291,62.1,16.1,ok
V0011,2026-05-01T07:56:42+00:00,-34.62819898595386,-58.385282421988606,57.7,18.2,ok
V0008,2026-05-01T07:56:55+00:00,-34.6128359075214,-58.38459947040057,60.7,9.4,ok
V0075,2026-05-01T07:57:05+00:00,-34.63799464930718,-58.36146189665107,58.8,13.5,idle
V0019,2026-05-01T07:57:20+00:00,-34.62521321002306,-58.38579055714796,33.3,19.1,idle
V0038,2026-05-01T07:57:27+00:00,-34.62963957829768,-58.416358067064834,45.8,27.0,ok
V0006,2026-05-01T07:57:42+00:00,-34.577640185593225,-58.341294256562705,44.4,16.5,ok
V0035,2026-05-01T07:57:50+00:00,-34.62893107396702,-58.414375469369304,34.9,21.7,ok
V0077,2026-05-01T07:58:04+00:00,-34.589751535408055,-58.367147156398474,71.7,25.3,ok
V0036,2026-05-01T07:58:12+00:00,-34.61300277596024,-58.38206381115605,74.9,17.1,ok
V0073,2026-05-01T07:58:29+00:00,-34.62728179075351,-58.40582088271174,78.4,29.9,idle
V0034,2026-05-01T07:58:42+00:00,-34.573371517738714,-58.376241098871326,79.9,23.1,ok
V0009,2026-05-01T07:58:49+00:00,-34.638847661694705,-58.36307943701672,71.1,23.3,ok
V0008,2026-05-01T07:59:02+00:00,-34.624905530872105,-58.40444111382115,58.7,11.6,ok
V0039,2026-05-01T07:59:12+00:00,-34.58853878988444,-58.36997533811299,67.7,21.7,ok
V0071,2026-05-01T07:59:31+00:00,-34.63632620930773,-58.36013310275117,51.9,19.1,idle
V0049,2026-05-01T07:59:36+00:00,-34.5883073680625,-58.418928045256905,67.7,27.8,ok
V0046,2026-05-01T07:59:54+00:00,-34.59017958988732,-58.42020823956566,51.5,19.4,ok
V0067,2026-05-01T08:00:08+00:00,-34.56831706452061,-58.38458291110056,81.5,17.0,ok
V0067,2026-05-01T08:00:16+00:00,-34.62761473067209,-58.415888050896676,92.4,32.7,idle
V0000,2026-05-01T08:00:25+00:00,-34.567110765516006,-58.41698310434821,97.6,19.1,ok
V0035,2026-05-01T08:00:38+00:00,-34.6386244593089,-58.3607551101124,80.8,17.7,ok
V0076,2026-05-01T08:00:49+00:00,-34.63669915711352,-58.36362059686291,57.6,23.6,ok
V0004,2026-05-01T08:01:02+00:00,-34.590660431463654,-58.36811296784973,54.8,19.8,ok
V0027,2026-05-01T08:01:12+00:00,-34.6126207961763,-58.38256464631732,97.9,12.7,ok
V0034,2026-05-01T08:01:29+00:00,-34.64437948521134,-58.385005669697,89.4,25.5,idle
V0020,2026-05-01T08:01:42+00:00,-34.579875184764774,-58.34210376447219,82.4,15.0,ok
V0018,2026-05-01T08:01:56+00:00,-34.61268001203294,-58.34339019844523,64.4,41.9,idle
V0055,2026-05-01T08:02:05+00:00,-34.57285963058505,-58.37691191944898,80.0,26.0,ok
V0050,2026-05-01T08:02:12+00:00,-34.630915965565215,-58.418102533787774,56.4,18.6,ok
V0036,2026-05-01T08:02:29+00:00,-34.64306483484583,-58.38392803471454,62.5,26.1,ok
V0023,2026-05-01T08:02:36+00:00,-34.56810023527747,-58.382664898201554,85.5,26.0,ok
V0005,2026-05-01T08:02:56+00:00,-34.62978490575786,-58.38675294324911,87.5,25.1,ok
V0053,2026-05-01T08:03:02+00:00,-34.628351351205175,-58.370044754830275,91.1,25.3,idle
V0071,2026-05-01T08:03:19+00:00,-34.632584475497964,-58.38798104457306,60.2,17.3,ok
V0075,2026-05-01T08:03:27+00:00,-34.62628088925997,-58.40288224116804,81.9,23.4,ok
V0053,2026-05-01T08:03:43+00:00,-34.63858324892079,-58.37712193630776,59.1,16.1,ok
V0064,2026-05-01T08:03:55+00:00,-34.6280534294517,-58.387588088488506,87.9,18.5,ok
V0073,2026-05-01T08:04:00+00:00,-34.628637343673496,-58.367760663488724,35.7,32.9,ok
V0009,2026-05-01T08:04:12+00:00,-34.63611307761982,-58.35920314748331,16.3,28.2,battery_low
V0040,2026-05-01T08:04:32+00:00,-34.59829463941473,-58.40403679893228,97.6,17.7,ok
V0011,2026-05-01T08:04:38+00:00,-34.59690713815236,-58.40622703577953,43.6,26.5,ok
V0007,2026-05-01T08:04:52+00:00,-34.642808764445164,-58.38525889270805,52.4,18.4,ok
V0003,2026-05-01T08:05:07+00:00,-34.628684207461596,-58.41636838365482,51.6,25.9,idle
V0000,2026-05-01T08:05:12+00:00,-34.56896315665127,-58.383920917043596,67.6,17.7,ok
V0010,2026-05-01T08:05:29+00:00,-34.62526828297653,-58.40314306804825,43.7,18.3,ok
V0051,2026-05-01T08:05:40+00:00,-34.57991840092879,-58.34259847623317,90.7,23.9,ok
V0020,2026-05-01T08:05:56+00:00,-34.588172903085244,-58.42121476161009,65.9,14.0,ok
V0012,2026-05-01T08:06:06+00:00,-34.613654341648854,-58.38548652694577,83.6,23.5,ok
V0033,2026-05-01T08:06:18+00:00,-34.626130808998866,-58.40461757342742,56.7,16.0,ok
V0065,2026-05-01T08:06:30+00:00,-34.61168098058295,-58.38979101418939,89.0,12.0,idle
V0065,2026-05-01T08:06:44+00:00,-34.63537535361783,-58.35654011330045,52.6,30.9,idle
V0038,2026-05-01T08:06:55+00:00,-34.62888739751865,-58.38525310668287,73.1,16.5,ok
V0063,2026-05-01T08:07:00+00:00,-34.564345931481775,-58.41615888998214,56.0,20.1,ok
V0043,2026-05-01T08:07:16+00:00,-34.62765827687764,-58.40209705624532,76.6,20.2,ok
V0066,2026-05-01T08:07:27+00:00,-34.56576193001929,-58.41411160721272,68.0,25.1,idle
V0006,2026-05-01T08:07:43+00:00,-34.60448108013195,-58.359327633008654,42.7,21.6,ok
V0046,2026-05-01T08:07:51+00:00,-34.636884871385305,-58.3619725216858,74.1,19.7,ok
V0053,2026-05-01T08:08:05+00:00,-34.564250224194524,-58.41742207777455,63.7,21.2,idle
V0035,2026-05-01T08:08:15+00:00,-34.611934314710254,-58.39100463798748,53.9,7.3,ok
V0059,2026-05-01T08:08:31+00:00,-34.574677270960656,-58.408926318446916,45.5,19.8,idle
V0019,2026-05-01T08:08:36+00:00,-34.596380132828166,-58.406729844334535,60.0,29.4,ok
V0056,2026-05-01T08:08:54+00:00,-34.58929931691243,-58.42202807538345,80.1,13.9,ok
V0074,2026-05-01T08:09:05+00:00,-34.5706891456665,-58.375807801301995,50.4,22.1,idle
V0052,2026-05-01T08:09:17+00:00,-34.635278647049795,-58.35721840434065,56.8,14.2,ok
V0051,2026-05-01T08:09:25+00:00,-34.63900809849864,-58.360697553775125,64.2,15.6,ok
V0068,2026-05-01T08:09:36+00:00,-34.571178732778094,-58.38429394219573,71.7,11.7,ok
V0055,2026-05-01T08:09:51+00:00,-34.588693313491646,-58.3673821396527,62.1,24.5,ok
V0029,2026-05-01T08:10:06+00:00,-34.587687163096845,-58.36975070235368,43.7,8.5,ok
V0040,2026-05-01T08:10:16+00:00,-34.58917251152739,-58.421175342907986,68.9,25.9,idle
V0051,2026-05-01T08:10:28+00:00,-34.64318983969099,-58.3860039815113,78.0,14.0,ok
V0002,2026-05-01T08:10:42+00:00,-34.56801838530206,-58.38604082015904,56.7,18.8,ok
V0003,2026-05-01T08:10:51+00:00,-34.58637620813341,-58.41953700459156,74.1,21.8,ok
V0001,2026-05-01T08:11:03+00:00,-34.60995196781099,-58.34255009900342,87.9,14.2,ok
V0055,2026-05-01T08:11:19+00:00,-34.627256141151,-58.36816939608673,68.5,8.9,ok
V0055,2026-05-01T08:11:32+00:00,-34.56669629888412,-58.41677947668783,49.1,25.2,ok
V0035,2026-05-01T08:11:44+00:00,-34.612693889908144,-58.39304166730453,64.2,26.2,ok
V0058,2026-05-01T08:11:51+00:00,-34.588039022012495,-58.368690219701044,77.5,25.1,idle
V0040,2026-05-01T08:12:08+00:00,-34.630795006927855,-58.41635570906819,75.3,27.5,ok
V0015,2026-05-01T08:12:13+00:00,-34.629046434392336,-58.417702488136044,70.1,26.4,ok
V0001,2026-05-01T08:12:29+00:00,-34.63739108114015,-58.37489832785217,77.6,31.6,idle
V0020,2026-05-01T08:12:40+00:00,-34.566073727531126,-58.41563982383913,24.4,21.0,ok
V0039,2026-05-01T08:12:53+00:00,-34.625555579653444,-58.35725924762437,40.1,4.8,ok
V0046,2026-05-01T08:13:06+00:00,-34.614677809068354,-58.382126224541466,92.0,17.6,ok
V0024,2026-05-01T08:13:19+00:00,-34.64038587007763,-58.37393678148086,100.0,16.9,ok
V0013,2026-05-01T08:13:30+00:00,-34.628380163291276,-58.38651286741368,40.6,16.2,ok
V0028,2026-05-01T08:13:37+00:00,-34.59016205032859,-58.422855022122214,42.1,20.9,ok
V0060,2026-05-01T08:13:56+00:00,-34.63527648104456,-58.356187839063615,78.7,31.2,idle
V0014,2026-05-01T08:14:01+00:00,-34.59789981378767,-58.406895555173854,94.4,14.4,ok
V0026,2026-05-01T08:14:14+00:00,-34.60475303418062,-58.349889828740984,95.7,15.7,ok
V0044,2026-05-01T08:14:30+00:00,-34.612046281089526,-58.38954048249691,45.8,23.4,idle
V0077,2026-05-01T08:14:40+00:00,-34.6109351017209,-58.39046892932785,100.0,22.9,idle
V0042,2026-05-01T08:14:50+00:00,-34.574855677587145,-58.40745243280667,64.8,17.4,ok
V0061,2026-05-01T08:15:00+00:00,-34.577953841493105,-58.342389691407206,100.0,19.2,ok
V0010,2026-05-01T08:15:13+00:00,-34.58803706542902,-58.419468562150044,77.6,22.5,idle
V0047,2026-05-01T08:15:29+00:00,-34.60356198150852,-58.360214220920284,51.2,15.6,idle
V0056,2026-05-01T08:15:36+00:00,-34.64236459896307,-58.38328647380035,80.3,12.4,ok
V0070,2026-05-01T08:15:53+00:00,-34.58768105881458,-58.36987885635863,55.6,20.0,ok
V0005,2026-05-01T08:16:06+00:00,-34.62275879818344,-58.3602462305288,38.5,24.1,ok
V0045,2026-05-01T08:16:20+00:00,-34.62465379196411,-58.4026153037407,94.0,21.7,ok
V0069,2026-05-01T08:16:29+00:00,-34.56502312616937,-58.41637304354663,51.8,19.0,ok
V0025,2026-05-01T08:16:42+00:00,-34.602088610900054,-58.34998827113729,49.9,15.7,ok
V0028,2026-05-01T08:16:48+00:00,-34.60576410373881,-58.357583203651465,77.4,31.0,ok
V0008,2026-05-01T08:17:02+00:00,-34.57556475800773,-58.405699395007446,61.8,13.1,idle
V0062,2026-05-01T08:17:18+00:00,-34.613194849589696,-58.34080753511458,100.0,27.6,ok
V0018,2026-05-01T08:17:25+00:00,-34.588027348294126,-58.422428861297035,61.5,28.9,ok
V0018,2026-05-01T08:17:44+00:00,-34.634566866777035,-58.357329054187815,47.7,13.4,idle
V0033,2026-05-01T08:17:55+00:00,-34.63851804021958,-58.36174318660631,67.3,18.2,ok
V0077,2026-05-01T08:18:08+00:00,-34.62667861930357,-58.36880660185561,70.6,14.6,ok
V0053,2026-05-01T08:18:15+00:00,-34.579735596018146,-58.34225917213546,73.9,18.5,ok
V0051,2026-05-01T08:18:27+00:00,-34.57642517464544,-58.3436782533706,55.6,21.6,ok
V0015,2026-05-01T08:18:38+00:00,-34.58872431295966,-58.368348314984296,88.4,29.2,ok
V0064,2026-05-01T08:18:55+00:00,-34.61529247880259,-58.38300004320258,84.0,22.3,ok
V0006,2026-05-01T08:19:04+00:00,-34.63816290251081,-58.361194734018234,78.2,23.8,ok
V0059,2026-05-01T08:19:19+00:00,-34.61426864611432,-58.38280240342933,75.6,27.0,ok
V0029,2026-05-01T08:19:32+00:00,-34.58804030433297,-58.36915651979735,70.8,12.4,ok
V0026,2026-05-01T08:19:38+00:00,-34.63144975636381,-58.384441993943625,40.6,18.1,idle
V0035,2026-05-01T08:19:50+00:00,-34.56564750824689,-58.41585995623655,41.6,18.6,ok
V0065,2026-05-01T08:20:05+00:00,-34.60336909049965,-58.350348192485185,53.7,20.4,ok
V0075,2026-05-01T08:20:12+00:00,-34.604581720999974,-58.35061415338093,49.3,20.7,ok
V0025,2026-05-01T08:20:30+00:00,-34.624784630531984,-58.36940009250204,76.5,30.9,ok
V0053,2026-05-01T08:20:39+00:00,-34.62643005462327,-58.38772734346555,41.7,17.7,ok
V0054,2026-05-01T08:20:48+00:00,-34.596712406838485,-58.404525147394196,45.2,21.8,ok
V0023,2026-05-01T08:21:02+00:00,-34.638431235836,-58.37726610098903,91.3,26.7,ok
V0051,2026-05-01T08:21:18+00:00,-34.64237273385772,-58.38254789000979,65.9,28.3,ok
V0073,2026-05-01T08:21:26+00:00,-34.569132806735745,-58.38389819536285,81.0,19.8,ok
V0061,2026-05-01T08:21:44+00:00,-34.566839852725316,-58.41700027253797,90.8,10.6,ok
V0044,2026-05-01T08:21:55+00:00,-34.637913084577306,-58.375517234279236,91.4,18.4,ok
V0058,2026-05-01T08:22:02+00:00,-34.628250316135585,-58.38580944745455,91.5,27.5,ok
V0061,2026-05-01T08:22:14+00:00,-34.57058770745708,-58.37451350060013,87.9,21.5,idle
V0058,2026-05-01T08:22:25+00:00,-34.609392069060895,-58.3409562247855,80.8,23.0,ok
V0035,2026-05-01T08:22:40+00:00,-34.605570504363726,-58.35836682819688,48.7,20.7,idle
V0015,2026-05-01T08:22:51+00:00,-34.57777987313545,-58.3413219296561,33.0,16.4,ok
V0003,2026-05-01T08:23:03+00:00,-34.628055414949266,-58.402882599630864,81.5,12.3,ok
V0070,2026-05-01T08:23:18+00:00,-34.590992703513514,-58.369040322170214,65.0,15.8,ok
V0075,2026-05-01T08:23:31+00:00,-34.62521304582265,-58.35969924619703,56.1,27.3,ok
V0077,2026-05-01T08:23:43+00:00,-34.579356930764725,-58.3445743903923,60.7,18.4,ok
V0055,2026-05-01T08:23:51+00:00,-34.62713094769356,-58.40195999078662,64.9,15.8,ok
V0003,2026-05-01T08:24:00+00:00,-34.61490329645599,-58.385231747086756,77.6,26.1,idle
V0072,2026-05-01T08:24:13+00:00,-34.59777675492077,-58.40479147724417,68.6,9.1,idle
V0013,2026-05-01T08:24:32+00:00,-34.59767859115961,-58.406478795240446,83.2,31.6,idle
V0066,2026-05-01T08:24:39+00:00,-34.58567806358017,-58.41930353027224,34.2,15.6,idle
V0068,2026-05-01T08:24:56+00:00,-34.622972621877985,-58.35999596910368,65.4,23.9,idle
V0032,2026-05-01T08:25:07+00:00,-34.62779888466163,-58.38757034117277,41.3,24.6,idle
V0040,2026-05-01T08:25:14+00:00,-34.63653194302706,-58.36187657937816,71.2,12.1,ok
V0058,2026-05-01T08:25:25+00:00,-34.623403025089125,-58.35698871866337,89.4,22.9,ok
V0009,2026-05-01T08:25:44+00:00,-34.63849868909679,-58.374614874119644,46.2,11.8,ok
V0002,2026-05-01T08:25:54+00:00,-34.63833179709839,-58.37363463826997,75.0,14.6,ok
V0062,2026-05-01T08:26:04+00:00,-34.62671606439629,-58.38660023920072,85.4,20.6,idle
V0012,2026-05-01T08:26:15+00:00,-34.630709190070675,-58.41560920231233,60.7,18.4,idle
V0025,2026-05-01T08:26:28+00:00,-34.57350193542543,-58.405435980986844,74.3,34.7,ok
V0024,2026-05-01T08:26:43+00:00,-34.62664269182801,-58.386534872426495,61.3,18.2,ok
V0073,2026-05-01T08:26:51+00:00,-34.628046589763606,-58.3870557185466,67.3,26.0,ok
V0054,2026-05-01T08:27:07+00:00,-34.613206254781986,-58.38568367174463,54.8,17.3,ok
V0068,2026-05-01T08:27:20+00:00,-34.60491013501664,-58.35867965166505,44.8,23.4,idle
V0013,2026-05-01T08:27:32+00:00,-34.63635370599865,-58.35791164133969,69.2,20.9,ok
V0060,2026-05-01T08:27:36+00:00,-34.61279920774013,-58.34401628925404,66.9,22.6,ok
V0003,2026-05-01T08:27:55+00:00,-34.58901264608427,-58.42218693009398,62.5,21.1,ok
V0003,2026-05-01T08:28:00+00:00,-34.64182749806376,-58.384531093037346,55.9,16.2,ok
V0046,2026-05-01T08:28:16+00:00,-34.62504983117072,-58.38777479797201,70.9,27.8,ok
V0026,2026-05-01T08:28:27+00:00,-34.58781939676909,-58.37040281995604,68.3,32.7,idle
V0069,2026-05-01T08:28:43+00:00,-34.625599009171104,-58.38819355409933,56.0,20.4,ok
V0041,2026-05-01T08:28:48+00:00,-34.62653546326317,-58.38590476512023,71.6,19.1,ok
V0009,2026-05-01T08:29:08+00:00,-34.62806359824829,-58.38891939447563,81.3,14.8,ok
V0077,2026-05-01T08:29:16+00:00,-34.573106109039976,-58.406081747537996,44.0,31.2,idle
V0032,2026-05-01T08:29:32+00:00,-34.576560366713274,-58.34274602807545,96.1,10.8,ok
V0054,2026-05-01T08:29:36+00:00,-34.632698977870994,-58.38797995466442,55.9,33.4,ok
V0004,2026-05-01T08:29:53+00:00,-34.643034478576396,-58.38430497099464,93.0,18.9,idle
V0027,2026-05-01T08:30:02+00:00,-34.57293736315975,-58.40520459264677,32.1,25.9,ok
V0070,2026-05-01T08:30:18+00:00,-34.58004897382643,-58.341498598955155,46.7,7.6,idle
V0036,2026-05-01T08:30:24+00:00,-34.58874405167964,-58.36741248683517,60.3,22.7,ok
V0060,2026-05-01T08:30:41+00:00,-34.57249211578602,-58.405359266778895,45.6,18.7,ok
V0002,2026-05-01T08:30:48+00:00,-34.64200633286295,-58.38601885818125,43.1,20.4,ok
V0065,2026-05-01T08:31:06+00:00,-34.61171069180887,-58.389966096904665,75.3,24.0,ok
V0039,2026-05-01T08:31:20+00:00,-34.642632340293034,-58.3831342606926,51.6,17.9,ok
V0020,2026-05-01T08:31:26+00:00,-34.63565985571568,-58.357062980241174,78.4,19.5,ok
V0032,2026-05-01T08:31:42+00:00,-34.62563109475702,-58.40219120028791,34.8,20.6,ok
V0076,2026-05-01T08:31:53+00:00,-34.571166926837556,-58.38556266365857,41.2,24.1,ok
V0008,2026-05-01T08:32:07+00:00,-34.62956146685528,-58.384006678428435,75.1,7.6,ok
V0019,2026-05-01T08:32:19+00:00,-34.58885008978421,-58.368637357772194,76.1,13.5,ok
V0000,2026-05-01T08:32:30+00:00,-34.58909550275207,-58.419836566597546,31.3,12.2,ok
V0034,2026-05-01T08:32:39+00:00,-34.587934362446134,-58.41946060037441,49.8,28.2,idle
V0061,2026-05-01T08:32:52+00:00,-34.60462047921462,-58.359360641873195,70.1,17.3,ok
V0030,2026-05-01T08:33:08+00:00,-34.63967254740198,-58.37552513608635,53.8,25.5,idle
V0040,2026-05-01T08:33:18+00:00,-34.589879161943955,-58.41999357354073,69.3,28.8,idle
V0060,2026-05-01T08:33:26+00:00,-34.638497831807435,-58.377066195855015,73.1,11.1,ok
V0066,2026-05-01T08:33:41+00:00,-34.61248112158833,-58.340448812396005,34.4,16.3,ok
V0073,2026-05-01T08:33:53+00:00,-34.64322843702634,-58.38467008798371,78.7,23.8,idle
V0049,2026-05-01T08:34:07+00:00,-34.61519266389591,-58.38288712692949,63.9,24.7,idle
V0043,2026-05-01T08:34:14+00:00,-34.58901506357715,-58.42135357336014,53.7,21.2,ok
V0007,2026-05-01T08:34:25+00:00,-34.637723376558334,-58.37688318461195,79.6,16.0,ok
V0020,2026-05-01T08:34:44+00:00,-34.630064636828635,-58.3875781093118,25.0,21.3,ok
V0079,2026-05-01T08:34:51+00:00,-34.57337220064085,-58.40614177935683,51.6,34.2,idle
V0014,2026-05-01T08:35:02+00:00,-34.597140129401545,-58.407300263215866,84.6,17.4,ok
V0022,2026-05-01T08:35:15+00:00,-34.58683511032214,-58.421337191880546,93.4,17.8,idle
V0063,2026-05-01T08:35:24+00:00,-34.603617314788245,-58.360690935086595,59.2,18.8,idle
V0018,2026-05-01T08:35:39+00:00,-34.62918204720916,-58.38627435086824,67.3,27.0,ok
V0075,2026-05-01T08:35:54+00:00,-34.588817207027105,-58.36992273625219,61.1,15.3,ok
V0021,2026-05-01T08:36:01+00:00,-34.62540653618756,-58.40202872259826,58.3,13.5,idle
V0052,2026-05-01T08:36:19+00:00,-34.640047005699365,-58.376795923869246,73.6,9.0,ok
V0007,2026-05-01T08:36:25+00:00,-34.62667128775701,-58.386910432047365,46.7,27.6,idle
V0043,2026-05-01T08:36:41+00:00,-34.56663022105326,-58.415472114002036,54.6,5.2,ok
V0031,2026-05-01T08:36:55+00:00,-34.63914552623482,-58.36196494309513,75.2,17.1,ok
V0058,2026-05-01T08:37:05+00:00,-34.62465439827082,-58.35917518796067,39.5,23.7,ok
V0042,2026-05-01T08:37:13+00:00,-34.61230482149439,-58.38950609535133,65.3,24.7,ok
V0035,2026-05-01T08:37:27+00:00,-34.57320221141396,-58.377054731287004,60.6,9.6,ok
V0067,2026-05-01T08:37:39+00:00,-34.62851137549986,-58.402890283769544,100.0,17.9,idle
V0076,2026-05-01T08:37:53+00:00,-34.615681426523594,-58.382433861081296,63.7,23.7,ok
V0023,2026-05-01T08:38:08+00:00,-34.630074703632495,-58.3868972888006,66.5,22.3,ok
V0049,2026-05-01T08:38:14+00:00,-34.630391050524324,-58.38513354889695,82.7,20.2,ok
V0049,2026-05-01T08:38:26+00:00,-34.637000669678415,-58.36247938214057,67.5,17.6,ok
V0054,2026-05-01T08:38:39+00:00,-34.5860117387479,-58.42282411067467,74.6,20.4,ok
V0057,2026-05-01T08:38:53+00:00,-34.586049887937726,-58.420440133454065,87.9,29.7,idle
V0005,2026-05-01T08:39:07+00:00,-34.63651961820402,-58.373830062080025,56.6,18.7,ok
V0063,2026-05-01T08:39:12+00:00,-34.6269003930639,-58.36747959655139,90.1,28.1,idle
V0033,2026-05-01T08:39:29+00:00,-34.63513005353153,-58.357775000578265,77.8,15.0,idle
V0070,2026-05-01T08:39:41+00:00,-34.6050494526609,-58.35072820618424,76.2,14.2,idle
V0070,2026-05-01T08:39:49+00:00,-34.58921579552072,-58.36708629095758,65.7,18.0,ok
V0001,2026-05-01T08:40:06+00:00,-34.6109338298708,-58.390025889050875,51.6,27.9,idle
V0006,2026-05-01T08:40:12+00:00,-34.56715750177116,-58.41747485980408,39.8,15.0,ok
V0068,2026-05-01T08:40:30+00:00,-34.636821290835606,-58.358044215022424,36.7,13.9,ok
V0062,2026-05-01T08:40:39+00:00,-34.57726169248255,-58.34225646806558,88.6,22.4,ok
V0053,2026-05-01T08:40:55+00:00,-34.627322496519625,-58.38828841334638,41.3,28.8,idle
V0013,2026-05-01T08:41:03+00:00,-34.630979902996415,-58.41561929737199,76.2,19.7,ok
V0054,2026-05-01T08:41:15+00:00,-34.58688641237364,-58.42042540940078,71.1,27.5,ok
V0072,2026-05-01T08:41:25+00:00,-34.62262803944266,-58.357315387816236,65.0,25.2,ok
V0062,2026-05-01T08:41:42+00:00,-34.63804939290543,-58.37566419747806,55.1,14.1,idle
V0056,2026-05-01T08:41:54+00:00,-34.56752449393498,-58.417107743116595,100.0,15.2,ok
V0034,2026-05-01T08:42:06+00:00,-34.62650421891255,-58.40403611540091,47.3,18.2,idle
V0042,2026-05-01T08:42:18+00:00,-34.569086311066314,-58.38304843624512,37.9,14.1,ok
V0062,2026-05-01T08:42:30+00:00,-34.58892538162526,-58.421915526252995,51.0,13.5,ok
V0038,2026-05-01T08:42:42+00:00,-34.60975224423209,-58.34154019776065,86.4,18.1,ok
V0032,2026-05-01T08:42:55+00:00,-34.630041677810624,-58.386790003490134,74.8,23.7,ok
V0072,2026-05-01T08:43:02+00:00,-34.58929588887767,-58.366938526262544,28.0,11.5,ok
V0009,2026-05-01T08:43:18+00:00,-34.625106525613035,-58.358473944628734,73.1,27.1,ok
V0006,2026-05-01T08:43:30+00:00,-34.57617908271621,-58.40610762086351,66.0,27.1,ok
V0036,2026-05-01T08:43:39+00:00,-34.57955148555593,-58.34127783334288,70.8,21.9,idle
V0045,2026-05-01T08:43:49+00:00,-34.57991267448007,-58.34375293132695,66.9,22.7,ok
V0059,2026-05-01T08:44:02+00:00,-34.62874417011676,-58.38898130205997,68.1,17.7,ok
V0070,2026-05-01T08:44:13+00:00,-34.61213266668886,-58.34044406363767,61.8,11.6,idle
V0026,2026-05-01T08:44:25+00:00,-34.627523775196124,-58.37011978410539,52.7,23.7,ok
V0029,2026-05-01T08:44:42+00:00,-34.636649227700566,-58.37389522644132,73.4,32.1,idle
V0043,2026-05-01T08:44:50+00:00,-34.56744332678856,-58.41758572235542,71.8,15.3,ok
V0054,2026-05-01T08:45:03+00:00,-34.61079552391988,-58.343208135247686,57.0,18.9,ok
V0032,2026-05-01T08:45:18+00:00,-34.57312467287447,-58.40767337203133,82.7,14.6,idle
V0041,2026-05-01T08:45:32+00:00,-34.6098537954036,-58.34036287095804,61.0,0.3,ok
V0068,2026-05-01T08:45:44+00:00,-34.62914146945198,-58.41621776384136,76.9,29.5,ok
V0006,2026-05-01T08:45:50+00:00,-34.64403329651593,-58.38618290547071,48.8,11.5,ok
V0049,2026-05-01T08:46:01+00:00,-34.56700067450614,-58.414113873177406,79.6,14.8,ok
V0040,2026-05-01T08:46:15+00:00,-34.62373785928186,-58.35826330773773,95.5,11.6,ok
V0000,2026-05-01T08:46:28+00:00,-34.606522343094724,-58.35711234787049,92.9,22.7,ok
V0060,2026-05-01T08:46:40+00:00,-34.59655075215795,-58.405762695401364,45.8,14.3,ok
V0029,2026-05-01T08:46:56+00:00,-34.57975164801893,-58.34262718099613,56.5,15.6,idle
V0011,2026-05-01T08:47:03+00:00,-34.63878839867242,-58.373865713781704,48.0,24.4,ok
V0015,2026-05-01T08:47:17+00:00,-34.61093845972667,-58.34297586766697,58.9,30.0,ok
V0058,2026-05-01T08:47:29+00:00,-34.588792657684856,-58.42242360603413,56.6,8.8,ok
V0006,2026-05-01T08:47:37+00:00,-34.63839972744346,-58.37561929138803,63.0,26.0,ok
V0068,2026-05-01T08:47:52+00:00,-34.590802677270425,-58.42042589847442,54.1,20.8,ok
V0061,2026-05-01T08:48:02+00:00,-34.625140878997264,-58.368390826455204,79.9,17.8,ok
V0056,2026-05-01T08:48:16+00:00,-34.60565140698702,-58.35760638794893,64.8,15.3,ok
V0065,2026-05-01T08:48:29+00:00,-34.63058265114619,-58.417910219170885,26.0,31.2,idle
V0016,2026-05-01T08:48:40+00:00,-34.573156255800114,-58.40787798678982,85.6,19.2,ok
V0025,2026-05-01T08:48:51+00:00,-34.58759579818669,-58.36721736636302,63.4,18.4,ok
V0019,2026-05-01T08:49:04+00:00,-34.564723575359864,-58.41434379923063,67.3,17.3,ok
V0029,2026-05-01T08:49:18+00:00,-34.57880648174544,-58.34370800345751,60.0,16.9,ok
V0016,2026-05-01T08:49:30+00:00,-34.628742758741524,-58.368306754427586,28.8,25.9,ok
V0026,2026-05-01T08:49:43+00:00,-34.63042813594363,-58.387143902702384,43.4,22.3,idle
V0006,2026-05-01T08:49:51+00:00,-34.63996010264582,-58.37667118861679,26.2,10.5,ok
V0070,2026-05-01T08:50:03+00:00,-34.631168298802486,-58.41814289304716,63.1,22.9,ok
V0025,2026-05-01T08:50:13+00:00,-34.61348178477633,-58.39190417799725,70.1,22.8,ok
V0021,2026-05-01T08:50:31+00:00,-34.63059592419871,-58.41465844847352,86.6,26.9,ok
V0025,2026-05-01T08:50:42+00:00,-34.63145548142886,-58.38548942534381,70.4,17.0,ok
V0025,2026-05-01T08:50:56+00:00,-34.6342125092577,-58.35863708899906,29.8,22.4,idle
V0079,2026-05-01T08:51:01+00:00,-34.59050734446755,-58.36840800809005,25.0,22.7,idle
V0023,2026-05-01T08:51:15+00:00,-34.644163102011056,-58.38353207087543,43.6,21.7,ok
V0057,2026-05-01T08:51:25+00:00,-34.586902272729354,-58.420027490060654,57.2,21.8,ok
V0061,2026-05-01T08:51:40+00:00,-34.63201784035224,-58.385986074286464,83.5,28.7,ok
V0055,2026-05-01T08:51:53+00:00,-34.62954413458834,-58.41730595762366,67.6,29.0,ok
V0059,2026-05-01T08:52:04+00:00,-34.63036812503305,-58.384665536985935,37.0,25.7,idle
V0039,2026-05-01T08:52:19+00:00,-34.56610463595761,-58.417723379230345,100.0,22.7,ok
V0019,2026-05-01T08:52:28+00:00,-34.63879156596822,-58.36402010529139,71.1,15.2,idle
V0006,2026-05-01T08:52:38+00:00,-34.630107745095515,-58.387979088594605,49.9,24.9,ok
V0029,2026-05-01T08:52:55+00:00,-34.627438178879125,-58.40480916221226,53.1,27.9,ok
V0036,2026-05-01T08:53:07+00:00,-34.56669868121234,-58.41699320369184,83.2,20.5,ok
V0006,2026-05-01T08:53:14+00:00,-34.567082764339126,-58.41532066196056,68.2,28.6,idle
V0015,2026-05-01T08:53:24+00:00,-34.64471489007227,-58.3863501760042,62.6,17.0,ok
V0057,2026-05-01T08:53:44+00:00,-34.590481944115126,-58.370043766207274,70.3,25.3,ok
V0026,2026-05-01T08:53:54+00:00,-34.613168811944014,-58.34362117648816,75.9,19.2,ok
V0055,2026-05-01T08:54:06+00:00,-34.57017185475572,-58.38233299141255,47.1,22.6,ok
V0045,2026-05-01T08:54:13+00:00,-34.612908661718954,-58.3818920329106,57.2,21.8,idle
V0048,2026-05-01T08:54:30+00:00,-34.634412219363,-58.35693037296509,46.3,23.5,idle
V0032,2026-05-01T08:54:41+00:00,-34.62787609924802,-58.40340335114105,70.6,18.4,idle
V0045,2026-05-01T08:54:49+00:00,-34.58865276674976,-58.41912944570204,72.9,18.9,ok
V0045,2026-05-01T08:55:03+00:00,-34.62815082972018,-58.41531469115465,80.2,24.5,ok
V0046,2026-05-01T08:55:19+00:00,-34.62776568775712,-58.415386910089616,78.1,19.3,ok
V0052,2026-05-01T08:55:25+00:00,-34.56911222204358,-58.383880315017386,69.0,14.9,ok
V0034,2026-05-01T08:55:43+00:00,-34.5879308049823,-58.42104418990764,38.4,24.0,idle
V0045,2026-05-01T08:55:56+00:00,-34.62789148244587,-58.40545411460695,79.2,12.8,idle
V0033,2026-05-01T08:56:00+00:00,-34.643910656528256,-58.383708625496176,67.9,17.7,ok
V0007,2026-05-01T08:56:16+00:00,-34.576722520703505,-58.34164504797283,62.5,26.1,ok
V0029,2026-05-01T08:56:32+00:00,-34.59894385098558,-58.40418183980385,83.3,14.8,idle
V0067,2026-05-01T08:56:44+00:00,-34.58869988623878,-58.42173251509378,57.6,24.2,idle
V0028,2026-05-01T08:56:51+00:00,-34.63788782424283,-58.36233570998228,61.6,26.1,ok
V0045,2026-05-01T08:57:07+00:00,-34.5861095400621,-58.4208258472356,35.1,14.7,idle
V0016,2026-05-01T08:57:16+00:00,-34.612334294814616,-58.34372065186928,83.1,28.9,ok
V0027,2026-05-01T08:57:30+00:00,-34.605969184704044,-58.36064442317335,54.0,9.5,ok
V0028,2026-05-01T08:57:39+00:00,-34.64209255742363,-58.38458293410108,84.6,26.8,ok
V0011,2026-05-01T08:57:52+00:00,-34.5727198933274,-58.37744515556857,81.4,27.5,idle
V0057,2026-05-01T08:58:03+00:00,-34.630107584464824,-58.386791261531776,57.4,31.8,idle
V0069,2026-05-01T08:58:15+00:00,-34.56847880976391,-58.38339809357464,81.1,24.4,ok
V0006,2026-05-01T08:58:30+00:00,-34.61509596363142,-58.383880102244326,74.9,16.3,ok
V0018,2026-05-01T08:58:43+00:00,-34.6155415119873,-58.38277420666948,51.8,24.8,idle
V0065,2026-05-01T08:58:50+00:00,-34.626159419344894,-58.35984801795577,48.8,25.7,ok
V0023,2026-05-01T08:59:04+00:00,-34.605286703613245,-58.35215009232862,77.2,18.4,idle
V0075,2026-05-01T08:59:12+00:00,-34.569004144870476,-58.38442316507406,69.3,23.2,ok
V0021,2026-05-01T08:59:32+00:00,-34.57031164778524,-58.37469508767223,88.5,20.5,ok
V0028,2026-05-01T08:59:36+00:00,-34.62926705411789,-58.387979741375226,80.1,13.5,idle
V0033,2026-05-01T08:59:52+00:00,-34.63763496442112,-58.35982245996856,58.6,23.0,ok
V0012,2026-05-01T09:00:01+00:00,-34.62547004072755,-58.35636557121889,76.4,21.4,ok
V0036,2026-05-01T09:00:17+00:00,-34.63724105371254,-58.36175280885723,58.9,27.5,ok
V0026,2026-05-01T09:00:32+00:00,-34.590383726578295,-58.41990533293292,76.7,21.7,ok
V0078,2026-05-01T09:00:36+00:00,-34.629234920560506,-58.38567503459544,52.0,11.9,idle
V0071,2026-05-01T09:00:56+00:00,-34.634947087626465,-58.35895436971237,57.2,19.4,ok
V0019,2026-05-01T09:01:01+00:00,-34.60287213169478,-58.352377346657434,36.0,21.3,ok
V0071,2026-05-01T09:01:13+00:00,-34.610945659245,-58.34266916162528,53.4,17.0,ok
V0024,2026-05-01T09:01:30+00:00,-34.64261520868733,-58.385065878933666,35.2,21.7,ok
V0004,2026-05-01T09:01:44+00:00,-34.605519317713075,-58.35893269737893,68.0,9.3,ok
V0073,2026-05-01T09:01:52+00:00,-34.58763733443955,-58.41964246624273,57.6,19.5,idle
V0063,2026-05-01T09:02:01+00:00,-34.62507296898651,-58.38661523665295,27.5,25.2,ok
V0055,2026-05-01T09:02:13+00:00,-34.588018918852796,-58.42207016835067,64.1,33.2,ok
V0023,2026-05-01T09:02:30+00:00,-34.566179976882246,-58.414086244600306,65.1,18.8,idle
V0028,2026-05-01T09:02:42+00:00,-34.6281075350931,-58.403210861453374,40.5,24.7,ok
V0012,2026-05-01T09:02:56+00:00,-34.639231685801136,-58.37719646405041,59.8,14.4,ok
V0027,2026-05-01T09:03:03+00:00,-34.62776961524791,-58.386656065454076,71.9,22.9,ok
V0036,2026-05-01T09:03:12+00:00,-34.641348165266734,-58.38447390805751,35.3,21.1,ok
V0029,2026-05-01T09:03:26+00:00,-34.63772767879595,-58.376535108080205,43.6,17.5,ok
V0058,2026-05-01T09:03:36+00:00,-34.570847088120246,-58.37543829068485,69.6,27.0,idle
V0052,2026-05-01T09:03:49+00:00,-34.63938018216397,-58.36307614780936,56.3,10.2,ok
V0026,2026-05-01T09:04:00+00:00,-34.56507566292693,-58.41482796740135,34.4,27.0,ok
V0013,2026-05-01T09:04:20+00:00,-34.60388412442643,-58.35069822994184,59.9,12.3,ok
V0048,2026-05-01T09:04:25+00:00,-34.57005216245672,-58.37656099287073,41.4,29.8,idle
V0045,2026-05-01T09:04:39+00:00,-34.63529623991303,-58.358079359286805,61.4,16.1,ok
V0028,2026-05-01T09:04:54+00:00,-34.60509010530167,-58.35196616988517,82.6,28.1,ok
V0065,2026-05-01T09:05:08+00:00,-34.61599870988463,-58.38492017466071,45.5,22.0,ok
V0008,2026-05-01T09:05:13+00:00,-34.62394287353616,-58.359024644423734,69.8,25.3,ok
V0004,2026-05-01T09:05:28+00:00,-34.61182340659461,-58.34086171305432,46.3,21.5,ok
V0050,2026-05-01T09:05:42+00:00,-34.61401161025078,-58.38932845253574,43.7,14.6,idle
V0015,2026-05-01T09:05:48+00:00,-34.57046282131834,-58.384576565352276,53.8,27.7,ok
V0052,2026-05-01T09:06:07+00:00,-34.577633248391614,-58.3438631983805,77.4,21.7,ok
V0058,2026-05-01T09:06:12+00:00,-34.61603874805643,-58.385027133595024,24.7,14.6,ok
V0068,2026-05-01T09:06:25+00:00,-34.58788994860145,-58.419998064811125,69.2,18.2,idle
V0016,2026-05-01T09:06:37+00:00,-34.61304933708556,-58.3824346002873,82.0,13.8,ok
V0066,2026-05-01T09:06:50+00:00,-34.57378460875746,-58.375215491949554,66.7,28.3,ok
V0031,2026-05-01T09:07:08+00:00,-34.57402967559297,-58.40792200568896,97.6,11.4,ok
V0048,2026-05-01T09:07:12+00:00,-34.64367377522333,-58.38472305123237,53.3,32.8,ok
V0067,2026-05-01T09:07:28+00:00,-34.56928347482591,-58.38356457866603,55.4,18.8,ok
V0001,2026-05-01T09:07:43+00:00,-34.624890821346554,-58.40535812610668,64.7,25.3,ok
V0065,2026-05-01T09:07:49+00:00,-34.61147310198753,-58.34156556362952,100.0,27.3,ok
V0011,2026-05-01T09:08:00+00:00,-34.57305777589668,-58.40595266868528,64.8,25.4,ok
V0069,2026-05-01T09:08:15+00:00,-34.57171340987531,-58.377120628645734,59.0,15.7,idle
V0050,2026-05-01T09:08:29+00:00,-34.57446001505692,-58.40897718867652,43.3,21.7,ok
V0025,2026-05-01T09:08:40+00:00,-34.57089439919484,-58.383069685471725,79.2,18.1,ok
V0019,2026-05-01T09:08:52+00:00,-34.6369385948759,-58.375206191966406,100.0,27.9,ok
V0075,2026-05-01T09:09:00+00:00,-34.60595254353055,-58.35989242011438,90.4,18.7,ok
V0021,2026-05-01T09:09:18+00:00,-34.60952213386331,-58.34169410783622,29.1,13.3,idle
V0065,2026-05-01T09:09:28+00:00,-34.59722710847924,-58.405627156924574,79.2,19.7,ok
V0039,2026-05-01T09:09:36+00:00,-34.63266813124467,-58.387373483453516,52.1,17.4,idle
V0018,2026-05-01T09:09:55+00:00,-34.62898755772318,-58.38675300468845,64.4,17.7,ok
V0041,2026-05-01T09:10:06+00:00,-34.63118023726344,-58.41749129356173,61.6,25.0,idle
V0013,2026-05-01T09:10:15+00:00,-34.63622974590705,-58.3616876948663,70.0,28.2,ok
V0010,2026-05-01T09:10:30+00:00,-34.605055237257254,-58.35854389890574,67.4,23.8,ok
V0002,2026-05-01T09:10:37+00:00,-34.61139672222425,-58.39296346423805,69.8,18.4,ok
V0073,2026-05-01T09:10:49+00:00,-34.62848958645209,-58.4023350969848,60.3,22.1,idle
V0013,2026-05-01T09:11:00+00:00,-34.590655695838194,-58.42041507970248,69.9,18.2,idle
V0036,2026-05-01T09:11:20+00:00,-34.56961047840741,-58.38432872357057,80.0,28.2,ok
V0037,2026-05-01T09:11:31+00:00,-34.60553353444976,-58.35768617120007,43.3,31.3,ok
V0054,2026-05-01T09:11:38+00:00,-34.63582577632341,-58.35697965542096,75.9,22.6,ok
V0030,2026-05-01T09:11:56+00:00,-34.574095485911954,-58.407542492138646,58.3,19.1,ok
V0079,2026-05-01T09:12:05+00:00,-34.62751966305063,-58.41559803566724,46.8,21.7,idle
V0004,2026-05-01T09:12:12+00:00,-34.63014463367219,-58.415005358693215,52.0,15.6,ok
V0008,2026-05-01T09:12:24+00:00,-34.643019494658795,-58.383276715033475,37.9,21.0,ok
V0017,2026-05-01T09:12:38+00:00,-34.565755944176544,-58.41505006743627,55.6,24.3,idle
V0018,2026-05-01T09:12:53+00:00,-34.59079323655347,-58.366850293888675,58.2,14.4,ok
V0009,2026-05-01T09:13:06+00:00,-34.602039708933944,-58.35105327775814,93.0,19.9,ok
V0051,2026-05-01T09:13:14+00:00,-34.58686187169723,-58.42035641314291,50.6,12.9,idle
V0035,2026-05-01T09:13:30+00:00,-34.57964608347513,-58.34171590815285,70.9,19.1,ok
V0042,2026-05-01T09:13:44+00:00,-34.62988654224558,-58.386842073867754,49.5,16.6,ok
V0004,2026-05-01T09:13:48+00:00,-34.57775211139629,-58.3438268294194,79.5,9.6,ok
V0036,2026-05-01T09:14:07+00:00,-34.61337192648717,-58.38472861722966,70.6,18.9,idle
V0004,2026-05-01T09:14:19+00:00,-34.57618679911274,-58.407376064163195,77.7,21.1,ok
V0021,2026-05-01T09:14:27+00:00,-34.63773513177403,-58.37391159630805,56.3,20.4,ok
V0010,2026-05-01T09:14:40+00:00,-34.63750511543256,-58.376504195479825,59.1,17.2,ok
V0025,2026-05-01T09:14:56+00:00,-34.63247417388722,-58.38750366078097,26.7,19.1,ok
V0074,2026-05-01T09:15:06+00:00,-34.636544998573044,-58.37586702270405,70.4,15.9,ok
V0061,2026-05-01T09:15:15+00:00,-34.63443677873605,-58.35945139288232,100.0,15.1,ok
V0067,2026-05-01T09:15:28+00:00,-34.6038585165941,-58.352550778713386,45.6,23.9,ok
V0073,2026-05-01T09:15:38+00:00,-34.635447700947914,-58.35779825025593,96.5,20.6,ok
V0044,2026-05-01T09:15:51+00:00,-34.62583396885151,-58.36935761773558,86.2,15.3,ok
V0036,2026-05-01T09:16:03+00:00,-34.58913480812886,-58.36805844227897,43.2,20.6,ok
V0072,2026-05-01T09:16:18+00:00,-34.61196101980614,-58.342087021443376,90.0,22.0,idle
V0019,2026-05-01T09:16:29+00:00,-34.61271264825321,-58.34289851786714,31.8,22.3,ok
V0050,2026-05-01T09:16:38+00:00,-34.587474144881824,-58.42119223000823,58.5,18.2,ok
V0039,2026-05-01T09:16:51+00:00,-34.62637934922511,-58.388216908220464,70.3,13.6,idle
V0052,2026-05-01T09:17:05+00:00,-34.60608191066308,-58.3580306400484,73.0,17.5,ok
V0074,2026-05-01T09:17:18+00:00,-34.57194222381858,-58.375486786517406,56.2,17.9,ok
V0077,2026-05-01T09:17:27+00:00,-34.57249675816687,-58.37480907298343,78.5,13.4,ok
V0021,2026-05-01T09:17:44+00:00,-34.60334263957365,-58.35988623520218,76.3,25.6,ok
V0055,2026-05-01T09:17:54+00:00,-34.63674085730811,-58.362522272629256,49.7,27.4,ok
V0079,2026-05-01T09:18:05+00:00,-34.57454185559413,-58.40555791190692,58.7,15.4,ok
V0070,2026-05-01T09:18:20+00:00,-34.61114773946759,-58.39250549172363,56.1,12.7,ok
V0062,2026-05-01T09:18:30+00:00,-34.577925737172414,-58.34452779699798,55.6,24.0,idle
V0017,2026-05-01T09:18:38+00:00,-34.6239508592945,-58.35670890440149,74.2,18.5,idle
V0059,2026-05-01T09:18:50+00:00,-34.589276031244104,-58.36700041302382,49.5,17.4,idle
V0047,2026-05-01T09:19:02+00:00,-34.61129430267952,-58.392791565174036,27.3,18.0,idle
V0066,2026-05-01T09:19:17+00:00,-34.61035000073546,-58.39065761485827,86.1,27.3,idle
V0069,2026-05-01T09:19:27+00:00,-34.631452093928466,-58.38426205169613,100.0,23.5,idle
V0061,2026-05-01T09:19:40+00:00,-34.630774299280894,-58.384294746592325,71.0,18.3,ok
V0075,2026-05-01T09:19:51+00:00,-34.626445084986734,-58.357089288449586,59.1,19.0,ok
V0034,2026-05-01T09:20:02+00:00,-34.589078594300396,-58.41892208729186,56.7,18.8,ok
V0074,2026-05-01T09:20:20+00:00,-34.596215101068736,-58.404891335077515,60.7,25.4,ok
V0060,2026-05-01T09:20:25+00:00,-34.575817800968395,-58.40598422564834,71.0,26.5,ok
V0066,2026-05-01T09:20:41+00:00,-34.631473456621194,-58.38552509057638,59.8,26.5,ok
V0030,2026-05-01T09:20:51+00:00,-34.57509908679359,-58.40761485147061,100.0,15.1,ok
V0022,2026-05-01T09:21:02+00:00,-34.60393211107527,-58.35785826677079,66.3,24.4,ok
V0037,2026-05-01T09:21:15+00:00,-34.56608153727284,-58.41510320822604,47.5,25.3,idle
V0060,2026-05-01T09:21:26+00:00,-34.59719378727132,-58.40705799561316,75.4,37.1,ok
V0012,2026-05-01T09:21:44+00:00,-34.61300676305234,-58.340986823267265,73.4,24.8,ok
V0048,2026-05-01T09:21:49+00:00,-34.60379464390802,-58.35090554703858,34.6,21.9,idle
V0075,2026-05-01T09:22:01+00:00,-34.5717156758595,-58.37755066648441,73.5,27.7,ok
V0069,2026-05-01T09:22:13+00:00,-34.6377140772983,-58.36135209971298,65.6,17.6,ok
V0068,2026-05-01T09:22:31+00:00,-34.5719803588756,-58.37579124760625,50.5,26.4,idle
V0037,2026-05-01T09:22:40+00:00,-34.6107935632867,-58.391622703569745,48.7,27.2,idle
V0068,2026-05-01T09:22:50+00:00,-34.6056308539232,-58.353168306045276,50.4,23.6,ok
V0022,2026-05-01T09:23:04+00:00,-34.6298139714691,-58.38633836848732,57.5,21.6,ok
V0076,2026-05-01T09:23:13+00:00,-34.5706448237561,-58.38413003005958,73.9,10.4,ok
V0049,2026-05-01T09:23:32+00:00,-34.595429595493506,-58.40749007999792,55.3,22.1,ok
V0055,2026-05-01T09:23:40+00:00,-34.6378574768807,-58.37652549513554,61.5,14.3,ok
V0004,2026-05-01T09:23:49+00:00,-34.62713939598033,-58.38724962643944,67.2,18.7,ok
V0019,2026-05-01T09:24:07+00:00,-34.63103163471971,-58.41809898023305,55.5,18.4,idle
V0015,2026-05-01T09:24:14+00:00,-34.62940260861168,-58.38432922413976,84.4,13.5,ok
V0003,2026-05-01T09:24:27+00:00,-34.596748142218246,-58.40540854495424,70.9,15.3,ok
V0043,2026-05-01T09:24:38+00:00,-34.62834209623717,-58.38525023495239,44.7,18.1,ok
V0027,2026-05-01T09:24:50+00:00,-34.605822438080374,-58.35964463002018,53.0,18.9,ok
V0060,2026-05-01T09:25:07+00:00,-34.63916838163026,-58.36229827460474,61.9,29.2,ok
V0024,2026-05-01T09:25:12+00:00,-34.630262741936555,-58.417409862644234,71.5,28.6,ok
V0019,2026-05-01T09:25:30+00:00,-34.62972816929805,-58.41758187975601,39.9,26.2,ok
V0021,2026-05-01T09:25:40+00:00,-34.58845395145594,-58.42073593015767,62.4,11.1,ok
V0065,2026-05-01T09:25:50+00:00,-34.57238750702449,-58.37741545451315,39.6,22.1,ok
V0024,2026-05-01T09:26:04+00:00,-34.61435502431636,-58.38448263222353,46.7,32.2,ok
V0017,2026-05-01T09:26:17+00:00,-34.598916458157774,-58.407728540856255,43.5,13.3,ok
V0046,2026-05-01T09:26:28+00:00,-34.61291180122417,-58.38539102722414,53.6,14.3,ok
V0012,2026-05-01T09:26:36+00:00,-34.5892961835548,-58.41963084853218,59.8,14.7,ok
V0069,2026-05-01T09:26:56+00:00,-34.604214710780894,-58.34965465090012,61.7,18.8,ok
V0040,2026-05-01T09:27:06+00:00,-34.61458036678767,-58.38458603819931,62.8,17.5,idle
V0035,2026-05-01T09:27:15+00:00,-34.605474533671526,-58.35145777007295,52.0,21.9,ok
V0039,2026-05-01T09:27:27+00:00,-34.588788773608385,-58.42112253289491,31.7,25.0,ok
V0050,2026-05-01T09:27:41+00:00,-34.609580277624055,-58.34176232826316,57.5,27.4,ok
V0075,2026-05-01T09:27:48+00:00,-34.57443241383832,-58.407773470093005,67.7,15.0,ok
V0003,2026-05-01T09:28:05+00:00,-34.60358838313583,-58.35965221110929,60.2,18.5,idle
V0021,2026-05-01T09:28:16+00:00,-34.58835029770033,-58.42090676058719,55.7,20.7,ok
V0040,2026-05-01T09:28:31+00:00,-34.63689415130094,-58.374926864130224,65.2,6.9,ok
V0029,2026-05-01T09:28:43+00:00,-34.631320808840954,-58.38518287712964,67.5,15.0,ok
V0017,2026-05-01T09:28:55+00:00,-34.57625003186414,-58.344497468940986,61.6,21.2,idle
V0021,2026-05-01T09:29:00+00:00,-34.642826188587314,-58.38328255034458,46.3,25.9,ok
V0063,2026-05-01T09:29:16+00:00,-34.61344981889331,-58.38952423407842,65.7,23.7,ok
V0046,2026-05-01T09:29:30+00:00,-34.56840295039388,-58.383935920417336,100.0,27.1,ok
V0000,2026-05-01T09:29:44+00:00,-34.6395305235122,-58.3631040376283,63.1,20.7,ok
V0073,2026-05-01T09:29:55+00:00,-34.57260477753834,-58.374222050447,78.6,34.2,idle
V0068,2026-05-01T09:30:03+00:00,-34.61396206030708,-58.38222922004538,70.9,15.9,ok
V0071,2026-05-01T09:30:13+00:00,-34.57508770035192,-58.4077309447553,56.7,20.9,ok
V0005,2026-05-01T09:30:29+00:00,-34.62769168223642,-58.385956486583986,59.0,18.8,ok
V0052,2026-05-01T09:30:36+00:00,-34.628681934982275,-58.38717737882959,66.7,17.9,ok
V0063,2026-05-01T09:30:52+00:00,-34.5985928356293,-58.40789554468428,62.3,26.7,idle
V0036,2026-05-01T09:31:06+00:00,-34.60343036234574,-58.349760418297095,86.9,26.1,ok
V0004,2026-05-01T09:31:19+00:00,-34.62326021628963,-58.35923277174772,80.9,24.5,ok
V0037,2026-05-01T09:31:29+00:00,-34.56579688889821,-58.41554470736512,73.4,16.2,ok
V0041,2026-05-01T09:31:44+00:00,-34.63782535526815,-58.3739004196352,62.8,17.6,ok
V0041,2026-05-01T09:31:51+00:00,-34.57527697418233,-58.40586153898516,63.0,26.5,ok
V0002,2026-05-01T09:32:03+00:00,-34.61342345726474,-58.383169982775655,46.3,4.0,ok
V0040,2026-05-01T09:32:20+00:00,-34.62608292937239,-58.369439182117105,60.8,18.6,ok
V0029,2026-05-01T09:32:25+00:00,-34.626545739092094,-58.35982236986883,68.3,11.6,idle
V0006,2026-05-01T09:32:41+00:00,-34.58549818171694,-58.42232902273651,45.9,17.9,ok
V0041,2026-05-01T09:32:51+00:00,-34.635953590387636,-58.3562640961235,58.9,25.7,idle
V0056,2026-05-01T09:33:03+00:00,-34.625053840730565,-58.36911507992983,82.8,14.1,idle
V0006,2026-05-01T09:33:19+00:00,-34.62783203518409,-58.41544052029845,91.2,24.8,ok
V0075,2026-05-01T09:33:30+00:00,-34.61063471584271,-58.39280882439745,59.6,11.8,ok
V0056,2026-05-01T09:33:37+00:00,-34.5883212277162,-58.422205508074555,59.6,15.4,idle
V0006,2026-05-01T09:33:56+00:00,-34.644859206309434,-58.38363397729645,67.1,24.8,idle
V0028,2026-05-01T09:34:01+00:00,-34.62685254401612,-58.40484685355207,56.0,23.3,ok
V0061,2026-05-01T09:34:17+00:00,-34.63663550520694,-58.37415749077282,55.7,20.5,ok
V0015,2026-05-01T09:34:24+00:00,-34.57566612775106,-58.40903140287653,64.9,22.5,idle
V0026,2026-05-01T09:34:41+00:00,-34.571559124919254,-58.377907847509896,35.6,17.1,ok
V0021,2026-05-01T09:34:54+00:00,-34.61441960481421,-58.38190672622193,75.4,18.3,idle
V0017,2026-05-01T09:35:00+00:00,-34.61371223641788,-58.392349859686156,59.9,23.0,ok
V0022,2026-05-01T09:35:16+00:00,-34.58766837470923,-58.42102328927396,59.0,20.9,idle
V0073,2026-05-01T09:35:32+00:00,-34.62518111222484,-58.35906210278844,76.1,28.6,ok
V0019,2026-05-01T09:35:37+00:00,-34.62477238271004,-58.368588863039314,70.9,25.4,ok
V0052,2026-05-01T09:35:54+00:00,-34.629425458212815,-58.38543442757581,70.3,17.1,ok
V0066,2026-05-01T09:36:08+00:00,-34.60643825326733,-58.357426120748386,86.5,29.0,ok
V0024,2026-05-01T09:36:19+00:00,-34.62441605515523,-58.35896972707609,48.6,20.2,ok
V0010,2026-05-01T09:36:24+00:00,-34.58909676657944,-58.4204189655883,65.3,25.3,ok
V0063,2026-05-01T09:36:39+00:00,-34.63665366238899,-58.36158968607794,69.2,20.3,ok
V0039,2026-05-01T09:36:50+00:00,-34.63725277678624,-58.358481016286966,87.4,22.0,ok
V0038,2026-05-01T09:37:07+00:00,-34.63099168570989,-58.38769062010953,46.2,26.0,ok
V0064,2026-05-01T09:37:17+00:00,-34.572582120045,-58.40779370952546,58.7,26.2,idle
V0021,2026-05-01T09:37:31+00:00,-34.56785189324708,-58.38433813307994,66.4,19.1,ok
V0041,2026-05-01T09:37:38+00:00,-34.63585156770176,-58.35808257929955,75.2,23.8,ok
V0069,2026-05-01T09:37:56+00:00,-34.57881186645242,-58.341504467659774,76.3,18.9,idle
V0077,2026-05-01T09:38:06+00:00,-34.62778517265156,-58.3878136808143,67.8,17.4,ok
V0028,2026-05-01T09:38:13+00:00,-34.58708068216594,-58.41934476489615,77.6,23.5,ok
V0000,2026-05-01T09:38:30+00:00,-34.63938879711468,-58.374695696922544,50.5,19.5,ok
V0014,2026-05-01T09:38:37+00:00,-34.63934004884934,-58.36182887398275,69.4,23.2,ok
V0009,2026-05-01T09:38:49+00:00,-34.6285084077239,-58.40255473196756,38.6,30.6,idle
V0013,2026-05-01T09:39:03+00:00,-34.63076076909868,-58.41446569277985,46.9,21.5,ok
V0055,2026-05-01T09:39:18+00:00,-34.60322764208433,-58.35929902885404,45.7,23.0,ok
V0026,2026-05-01T09:39:28+00:00,-34.58799194964937,-58.41893244294584,58.0,14.3,ok
V0054,2026-05-01T09:39:44+00:00,-34.63781227751662,-58.376868471978504,100.0,12.6,ok
V0066,2026-05-01T09:39:49+00:00,-34.5652165428785,-58.41701958034021,74.5,20.6,idle
V0064,2026-05-01T09:40:06+00:00,-34.586409729355864,-58.42230764100054,94.1,16.6,ok
V0065,2026-05-01T09:40:17+00:00,-34.636925034513965,-58.35897962385732,80.7,24.3,ok
V0016,2026-05-01T09:40:30+00:00,-34.62528813519574,-58.35680772846428,32.8,17.1,idle
V0006,2026-05-01T09:40:42+00:00,-34.62777985253347,-58.4180511067904,61.6,18.1,ok
V0038,2026-05-01T09:40:51+00:00,-34.61400017204877,-58.38327564429206,57.4,17.1,ok
V0071,2026-05-01T09:41:00+00:00,-34.59697327755551,-58.40474613292366,61.1,14.5,ok
V0070,2026-05-01T09:41:20+00:00,-34.58884410332833,-58.36827986677776,51.0,13.5,ok
V0041,2026-05-01T09:41:27+00:00,-34.63756044669618,-58.3763888830971,90.4,16.4,idle
V0039,2026-05-01T09:41:39+00:00,-34.61291272603932,-58.383070805290885,74.4,20.7,ok
V0037,2026-05-01T09:41:49+00:00,-34.63722745219772,-58.363057085218905,60.6,17.3,idle
V0056,2026-05-01T09:42:06+00:00,-34.630016013841114,-58.41644497200917,52.1,22.2,idle
V0052,2026-05-01T09:42:19+00:00,-34.59807148713099,-58.40617083406692,54.6,22.7,ok
V0029,2026-05-01T09:42:31+00:00,-34.57891873334675,-58.34391147846371,36.2,16.5,ok
V0049,2026-05-01T09:42:39+00:00,-34.61422720987689,-58.38347020972929,56.9,41.9,ok
V0056,2026-05-01T09:42:56+00:00,-34.61217497068104,-58.39096662313167,60.4,18.6,ok
V0045,2026-05-01T09:43:04+00:00,-34.58731593930734,-58.422325727779175,69.9,21.3,ok
V0054,2026-05-01T09:43:16+00:00,-34.603351678802,-58.35291433897253,52.0,26.8,idle
V0026,2026-05-01T09:43:31+00:00,-34.62745126385367,-58.4170795519294,76.3,28.2,ok
V0063,2026-05-01T09:43:40+00:00,-34.62868032811963,-58.36793461216856,30.4,6.7,ok
V0031,2026-05-01T09:43:52+00:00,-34.62504668286387,-58.40537138411447,99.9,19.3,idle
V0033,2026-05-01T09:44:01+00:00,-34.62670865119016,-58.38911604223426,40.8,18.3,ok
V0068,2026-05-01T09:44:19+00:00,-34.58971271292734,-58.42300734504909,44.6,19.0,ok
V0040,2026-05-01T09:44:29+00:00,-34.634463376824215,-58.35923750403183,41.4,25.5,ok
V0077,2026-05-01T09:44:37+00:00,-34.62809211625782,-58.402507487811214,88.0,19.1,ok
V0051,2026-05-01T09:44:52+00:00,-34.58665359618792,-58.421132186692894,60.9,17.9,ok
V0004,2026-05-01T09:45:00+00:00,-34.6328021689654,-58.384740530677455,84.3,32.1,ok
V0063,2026-05-01T09:45:13+00:00,-34.625295427249306,-58.35666506117895,48.3,22.6,ok
V0048,2026-05-01T09:45:26+00:00,-34.6262881825281,-58.38893433568605,57.5,16.8,ok
V0049,2026-05-01T09:45:44+00:00,-34.624378831262476,-58.35766551513179,89.6,7.5,idle
V0059,2026-05-01T09:45:54+00:00,-34.57842276766072,-58.34340027237006,35.9,15.4,idle
V0069,2026-05-01T09:46:06+00:00,-34.60192237976448,-58.352222325766256,89.9,37.1,ok
V0033,2026-05-01T09:46:19+00:00,-34.588748666830824,-58.4198735654003,48.8,16.3,ok
V0014,2026-05-01T09:46:25+00:00,-34.62265020168224,-58.35980787015595,75.0,31.6,ok
V0034,2026-05-01T09:46:37+00:00,-34.575224172563786,-58.40599531854589,74.7,20.2,ok
V0045,2026-05-01T09:46:52+00:00,-34.616283686191835,-58.383970359751565,21.0,13.3,idle
V0036,2026-05-01T09:47:02+00:00,-34.575303259266285,-58.408562854484664,88.1,24.7,ok
V0008,2026-05-01T09:47:18+00:00,-34.57137702791937,-58.384427361642345,60.7,14.3,ok
V0043,2026-05-01T09:47:26+00:00,-34.62668625602166,-58.386626129278916,56.8,24.9,ok
V0044,2026-05-01T09:47:38+00:00,-34.624765694630526,-58.3578412647803,64.5,16.1,idle
V0012,2026-05-01T09:47:53+00:00,-34.60454290732416,-58.350687165478014,78.2,21.7,idle
V0000,2026-05-01T09:48:03+00:00,-34.591035172543236,-58.36767818445144,48.0,25.0,ok
V0008,2026-05-01T09:48:16+00:00,-34.62630333008125,-58.367456089172904,67.1,27.0,idle
V0025,2026-05-01T09:48:29+00:00,-34.62378295516872,-58.36001068859695,66.0,28.5,ok
V0042,2026-05-01T09:48:43+00:00,-34.62508089428022,-58.40581355026038,99.3,15.9,ok
V0016,2026-05-01T09:48:52+00:00,-34.611118060099884,-58.34167970366364,68.9,14.0,ok
V0049,2026-05-01T09:49:05+00:00,-34.62683702863712,-58.38815499122204,59.6,12.8,ok
V0026,2026-05-01T09:49:17+00:00,-34.614202285682794,-58.38275169818879,85.1,19.5,ok
V0071,2026-05-01T09:49:28+00:00,-34.611943338773536,-58.38929763912639,84.5,21.3,ok
V0056,2026-05-01T09:49:38+00:00,-34.60251790837189,-58.35342216025318,64.5,14.9,ok
V0022,2026-05-01T09:49:54+00:00,-34.58794113687873,-58.419693173181,58.7,14.7,idle
V0019,2026-05-01T09:50:04+00:00,-34.56648266574503,-58.41440675308028,68.4,26.9,ok
V0042,2026-05-01T09:50:13+00:00,-34.637330129936956,-58.3627441002739,39.4,21.8,ok
V0068,2026-05-01T09:50:28+00:00,-34.57737464047909,-58.344501789427255,100.0,22.1,ok
V0023,2026-05-01T09:50:40+00:00,-34.638209769761886,-58.3772583780577,63.5,22.4,idle
V0061,2026-05-01T09:50:53+00:00,-34.61293666372517,-58.38949945492243,55.8,13.3,ok
V0066,2026-05-01T09:51:06+00:00,-34.63210045725299,-58.38563809507059,48.8,10.9,ok
V0067,2026-05-01T09:51:18+00:00,-34.58832333141883,-58.42147290475266,52.9,19.0,ok
V0053,2026-05-01T09:51:24+00:00,-34.58630076926793,-58.42245615514732,71.8,20.4,ok
V0014,2026-05-01T09:51:37+00:00,-34.643920148763506,-58.385248049196896,51.3,15.7,ok
V0019,2026-05-01T09:51:54+00:00,-34.627879017807004,-58.368651864552156,97.2,22.5,idle
V0046,2026-05-01T09:52:04+00:00,-34.61171484774006,-58.38968423763115,51.2,8.9,ok
V0079,2026-05-01T09:52:17+00:00,-34.63792159919063,-58.35601869948436,64.2,20.4,ok
V0029,2026-05-01T09:52:29+00:00,-34.56501269180143,-58.41645353594404,69.9,10.9,ok
V0008,2026-05-01T09:52:36+00:00,-34.63946638896205,-58.37424518368309,56.7,24.0,ok
V0059,2026-05-01T09:52:50+00:00,-34.612780498731425,-58.39153028098253,100.0,25.2,ok
V0054,2026-05-01T09:53:04+00:00,-34.6283613826007,-58.370471631636605,50.6,14.9,ok
V0073,2026-05-01T09:53:13+00:00,-34.628119873121726,-58.36895759462665,81.3,21.1,ok
V0001,2026-05-01T09:53:32+00:00,-34.566016238027665,-58.41523943047796,53.2,7.6,ok
V0049,2026-05-01T09:53:41+00:00,-34.60578643217668,-58.36002039370981,76.9,34.5,ok
V0073,2026-05-01T09:53:54+00:00,-34.631272607080845,-58.38610673450125,85.0,21.0,ok
V0014,2026-05-01T09:54:04+00:00,-34.64194664854075,-58.38441260541509,53.0,12.9,ok
V0038,2026-05-01T09:54:19+00:00,-34.63030009431817,-58.38776804238443,73.6,24.1,ok
V0026,2026-05-01T09:54:31+00:00,-34.62921869936937,-58.387730711298886,53.7,22.3,ok
V0008,2026-05-01T09:54:36+00:00,-34.632169822246226,-58.38600803296291,70.8,24.0,idle
V0068,2026-05-01T09:54:48+00:00,-34.5787047666683,-58.344064849378206,60.8,28.5,ok
V0038,2026-05-01T09:55:05+00:00,-34.59093529290271,-58.420127695547215,97.0,30.8,idle
V0069,2026-05-01T09:55:12+00:00,-34.59686621916589,-58.4047094986689,70.2,20.3,idle
V0078,2026-05-01T09:55:27+00:00,-34.60434858009716,-58.35077822118487,100.0,18.1,ok
V0076,2026-05-01T09:55:42+00:00,-34.578612699522736,-58.340996708256,59.7,30.1,ok
V0011,2026-05-01T09:55:55+00:00,-34.62653317726581,-58.3677253140817,56.1,10.8,idle
V0012,2026-05-01T09:56:05+00:00,-34.627244339961415,-58.40220524666264,56.5,26.2,ok
V0042,2026-05-01T09:56:17+00:00,-34.60586147602218,-58.359274570344546,64.0,28.5,ok
V0013,2026-05-01T09:56:27+00:00,-34.62794626365587,-58.415431980341864,45.2,24.4,ok
V0008,2026-05-01T09:56:36+00:00,-34.632670308069535,-58.385551518653045,59.6,23.6,ok
V0047,2026-05-01T09:56:56+00:00,-34.60549021135172,-58.35963035100752,91.1,23.5,ok
V0042,2026-05-01T09:57:07+00:00,-34.62647398226674,-58.35755666815196,57.1,37.2,ok
V0075,2026-05-01T09:57:19+00:00,-34.631673227289696,-58.38701633501356,23.1,10.2,idle
V0032,2026-05-01T09:57:29+00:00,-34.568812625119044,-58.382486998488524,79.2,23.7,ok
V0068,2026-05-01T09:57:36+00:00,-34.626328042363305,-58.37041316916725,84.7,9.5,idle
V0073,2026-05-01T09:57:48+00:00,-34.61566079427626,-58.38211688590861,63.5,19.7,idle
V0060,2026-05-01T09:58:00+00:00,-34.638343107818265,-58.36041409168479,71.6,20.7,ok
V0013,2026-05-01T09:58:12+00:00,-34.63733534207522,-58.358630820584,69.6,20.6,idle
V0036,2026-05-01T09:58:28+00:00,-34.59102258657456,-58.366812137850076,60.9,18.3,ok
V0053,2026-05-01T09:58:40+00:00,-34.62794426017349,-58.415692842018956,74.2,24.3,ok
V0079,2026-05-01T09:58:50+00:00,-34.59803018460136,-58.40779964110379,51.7,27.8,idle
V0034,2026-05-01T09:59:00+00:00,-34.64299128045275,-58.385302569586464,47.4,18.1,ok
V0012,2026-05-01T09:59:17+00:00,-34.62603636157972,-58.401958783217104,100.0,16.5,ok
V0067,2026-05-01T09:59:32+00:00,-34.598874658242806,-58.40593116132482,57.6,17.8,ok
V0054,2026-05-01T09:59:40+00:00,-34.589998743308136,-58.369322002744475,59.6,22.1,ok
V0007,2026-05-01T09:59:52+00:00,-34.62520782718014,-58.38633575127858,36.1,16.8,ok
V0019,2026-05-01T10:00:00+00:00,-34.59016262593767,-58.42208246005473,64.8,23.1,ok
V0054,2026-05-01T10:00:18+00:00,-34.630726212321726,-58.38667377700332,32.3,20.4,ok
V0022,2026-05-01T10:00:27+00:00,-34.63061201004683,-58.41782893049662,52.4,13.5,ok
V0009,2026-05-01T10:00:39+00:00,-34.574322412812855,-58.40903071749587,55.6,18.5,idle
V0060,2026-05-01T10:00:52+00:00,-34.62573819984918,-58.387078636911056,55.3,25.4,idle
V0068,2026-05-01T10:01:07+00:00,-34.59596357241353,-58.404248804975424,56.6,15.6,ok
V0039,2026-05-01T10:01:16+00:00,-34.63947474763056,-58.363675320325804,44.7,30.2,ok
V0024,2026-05-01T10:01:27+00:00,-34.61351280292905,-58.38484704567536,86.5,18.7,ok
V0029,2026-05-01T10:01:41+00:00,-34.60323298778522,-58.35256877953735,90.5,17.7,ok
V0020,2026-05-01T10:01:52+00:00,-34.56937969962508,-58.383210343209726,75.8,31.7,ok
V0033,2026-05-01T10:02:02+00:00,-34.612786753393486,-58.342184497411196,67.2,22.4,ok
V0020,2026-05-01T10:02:18+00:00,-34.57331338172182,-58.4080867625011,55.4,26.3,ok
V0022,2026-05-01T10:02:31+00:00,-34.62485257950184,-58.40221266654946,61.1,23.2,ok
V0047,2026-05-01T10:02:38+00:00,-34.638119878857864,-58.36121245664266,57.0,16.1,ok
V0022,2026-05-01T10:02:53+00:00,-34.57327598992494,-58.407135338201115,59.6,23.3,ok
V0000,2026-05-01T10:03:06+00:00,-34.57347830284412,-58.376876862448995,66.8,28.5,ok
V0075,2026-05-01T10:03:15+00:00,-34.566858985575365,-58.41500047806814,11.3,15.9,battery_low
V0078,2026-05-01T10:03:26+00:00,-34.63588258236712,-58.360545633619815,43.7,10.9,ok
V0000,2026-05-01T10:03:38+00:00,-34.59902048724331,-58.405416824813834,72.7,25.3,ok
V0008,2026-05-01T10:03:54+00:00,-34.60373832955618,-58.352749766516624,40.3,23.2,ok
V0041,2026-05-01T10:04:03+00:00,-34.61418537726019,-58.38561321659807,41.0,24.8,idle
V0002,2026-05-01T10:04:12+00:00,-34.61050325305355,-58.389372233072116,69.0,21.8,idle
V0062,2026-05-01T10:04:30+00:00,-34.62614564666554,-58.36958601188703,41.9,20.0,ok
V0051,2026-05-01T10:04:42+00:00,-34.62722209779916,-58.36742233882214,46.9,23.9,ok
V0001,2026-05-01T10:04:53+00:00,-34.63494019501037,-58.3583855436746,84.4,14.6,idle
V0023,2026-05-01T10:05:06+00:00,-34.570552604249144,-58.3758940323192,42.9,13.5,idle
V0016,2026-05-01T10:05:15+00:00,-34.64345573452662,-58.38611826268215,46.1,22.7,ok
V0033,2026-05-01T10:05:25+00:00,-34.579257957130984,-58.34352931678536,87.8,25.0,ok
V0021,2026-05-01T10:05:39+00:00,-34.58835685479706,-58.36888798625943,87.9,15.4,ok
V0022,2026-05-01T10:05:56+00:00,-34.5874443043659,-58.36815000635572,96.9,29.3,ok
V0059,2026-05-01T10:06:04+00:00,-34.57349370085534,-58.376679206026914,90.4,22.9,ok
V0034,2026-05-01T10:06:15+00:00,-34.616042845441726,-58.382661736917996,84.3,32.2,ok
V0039,2026-05-01T10:06:26+00:00,-34.60469783886353,-58.3587817170439,99.2,24.0,idle
V0036,2026-05-01T10:06:38+00:00,-34.636522962943246,-58.35967799348289,62.9,21.2,ok
V0049,2026-05-01T10:06:54+00:00,-34.576318318601125,-58.34087116908302,55.5,20.0,idle
V0048,2026-05-01T10:07:03+00:00,-34.57171225624896,-58.3742544391702,45.6,23.6,ok
V0014,2026-05-01T10:07:16+00:00,-34.62866692550096,-58.368588438749356,58.0,12.4,ok
V0035,2026-05-01T10:07:31+00:00,-34.6053525420394,-58.35708384424612,58.0,22.0,ok
V0031,2026-05-01T10:07:43+00:00,-34.61292794412836,-58.34052597381966,80.6,11.5,ok
V0079,2026-05-01T10:07:53+00:00,-34.63764549157894,-58.3749959259247,26.5,27.7,ok
V0071,2026-05-01T10:08:08+00:00,-34.643357453163496,-58.38391123421271,53.4,8.5,ok
V0010,2026-05-01T10:08:15+00:00,-34.63541312003896,-58.35863120865988,100.0,30.6,ok
V0066,2026-05-01T10:08:26+00:00,-34.62464707818471,-58.35858815061676,38.3,19.1,ok
V0068,2026-05-01T10:08:36+00:00,-34.63099004853686,-58.383986461818715,65.6,8.1,ok
V0000,2026-05-01T10:08:52+00:00,-34.57845488487756,-58.344481352840326,80.2,13.9,ok
V0038,2026-05-01T10:09:01+00:00,-34.62332569594719,-58.35951579250217,72.6,26.0,ok
V0037,2026-05-01T10:09:15+00:00,-34.57131368772203,-58.3835331983575,100.0,30.7,idle
V0021,2026-05-01T10:09:26+00:00,-34.628148879649544,-58.38596318849476,71.3,20.2,idle
V0051,2026-05-01T10:09:38+00:00,-34.62748465546209,-58.38664641731884,74.2,16.3,ok
V0078,2026-05-01T10:09:50+00:00,-34.58909334657163,-58.369402379424955,61.0,11.6,ok
V0068,2026-05-01T10:10:02+00:00,-34.62554204320755,-58.40207052000928,65.2,20.9,ok
V0013,2026-05-01T10:10:17+00:00,-34.63754721466029,-58.35870184573795,53.8,25.9,idle
V0074,2026-05-01T10:10:31+00:00,-34.62812666775815,-58.38666611268938,72.9,14.0,idle
V0047,2026-05-01T10:10:42+00:00,-34.62592900002105,-58.35762657107114,43.2,23.4,ok
V0022,2026-05-01T10:10:54+00:00,-34.570573569552664,-58.385780143001526,70.6,24.8,ok
V0043,2026-05-01T10:11:07+00:00,-34.590964580067464,-58.41953088805472,67.5,21.1,ok
V0070,2026-05-01T10:11:18+00:00,-34.62945747767988,-58.384695347744156,47.8,22.0,idle
V0038,2026-05-01T10:11:28+00:00,-34.626678392906626,-58.36850306611844,38.8,21.2,idle
V0000,2026-05-01T10:11:37+00:00,-34.56796906818259,-58.38241700591476,79.1,26.2,ok
V0055,2026-05-01T10:11:51+00:00,-34.62756984076041,-58.367875541362324,98.2,24.8,idle
V0054,2026-05-01T10:12:07+00:00,-34.64502879924852,-58.384276007824795,57.0,20.5,ok
V0052,2026-05-01T10:12:12+00:00,-34.605334894715035,-58.3584707687779,43.2,10.5,idle
V0062,2026-05-01T10:12:24+00:00,-34.58808825766352,-58.422108270314034,38.2,24.3,idle
V0044,2026-05-01T10:12:36+00:00,-34.59658727276924,-58.405319981666544,53.6,14.0,ok
V0006,2026-05-01T10:12:56+00:00,-34.60518757341265,-58.35187926825298,37.5,21.6,ok
V0061,2026-05-01T10:13:07+00:00,-34.63791811001245,-58.356657610437,63.0,24.4,idle
V0032,2026-05-01T10:13:14+00:00,-34.58847230663536,-58.36648370099153,73.5,23.0,ok
V0021,2026-05-01T10:13:29+00:00,-34.638812060434326,-58.36064315545878,64.5,18.9,ok
V0011,2026-05-01T10:13:43+00:00,-34.63446501100973,-58.359712473468974,65.6,25.1,ok
V0050,2026-05-01T10:13:54+00:00,-34.62462179116919,-58.35923159732038,86.8,24.9,ok
V0053,2026-05-01T10:14:07+00:00,-34.64397302920408,-58.38439942919719,62.4,36.4,ok
V0022,2026-05-01T10:14:19+00:00,-34.63660420015716,-58.357269357579064,73.1,18.0,ok
V0076,2026-05-01T10:14:29+00:00,-34.62831249467255,-58.36871145150009,58.4,11.9,ok
V0003,2026-05-01T10:14:44+00:00,-34.57333849962027,-58.37752428326417,62.6,18.6,ok
V0066,2026-05-01T10:14:56+00:00,-34.62639110528445,-58.35710558571947,71.8,15.9,idle
V0017,2026-05-01T10:15:08+00:00,-34.62528416968016,-58.38553724257795,45.0,13.7,ok
V0053,2026-05-01T10:15:19+00:00,-34.59080690546155,-58.419997659044064,37.4,29.1,ok
V0044,2026-05-01T10:15:25+00:00,-34.62493505060926,-58.35841767634791,64.8,8.8,ok
V0015,2026-05-01T10:15:36+00:00,-34.57035718754122,-58.37782682166509,87.0,27.9,idle
V0019,2026-05-01T10:15:49+00:00,-34.62693159383419,-58.368357210003715,56.0,13.6,ok
V0057,2026-05-01T10:16:00+00:00,-34.62667611872021,-58.36811389867808,84.8,21.2,idle
V0009,2026-05-01T10:16:13+00:00,-34.62786846115636,-58.37138306307699,62.9,25.6,ok
V0039,2026-05-01T10:16:25+00:00,-34.56847233281352,-58.38304553753629,37.1,12.1,idle
V0054,2026-05-01T10:16:36+00:00,-34.634875716394966,-58.35620897533448,67.0,18.6,idle
V0058,2026-05-01T10:16:50+00:00,-34.564293873300464,-58.41654502577502,42.7,20.8,ok
V0014,2026-05-01T10:17:04+00:00,-34.63730272309334,-58.37401945432952,81.1,22.4,ok
V0062,2026-05-01T10:17:16+00:00,-34.64350672767304,-58.38336791038763,64.4,29.5,ok
V0035,2026-05-01T10:17:27+00:00,-34.628541303468346,-58.368978060002526,41.0,25.5,ok
V0073,2026-05-01T10:17:40+00:00,-34.64482959443999,-58.385759236007836,85.8,26.0,ok
V0020,2026-05-01T10:17:48+00:00,-34.62825360416154,-58.37093742119716,73.9,13.1,ok
V0067,2026-05-01T10:18:03+00:00,-34.591068738755105,-58.36955908065928,44.3,31.1,ok
V0067,2026-05-01T10:18:18+00:00,-34.6117654396773,-58.39255145606134,60.9,13.0,idle
V0021,2026-05-01T10:18:30+00:00,-34.61492547971366,-58.3847568963793,77.4,29.5,idle
V0019,2026-05-01T10:18:36+00:00,-34.573636749834165,-58.377609496050745,70.3,29.1,ok
V0075,2026-05-01T10:18:53+00:00,-34.613706155107174,-58.384472942852746,74.2,12.4,ok
V0023,2026-05-01T10:19:05+00:00,-34.63735548566541,-58.36061483879501,49.3,23.6,ok
V0032,2026-05-01T10:19:16+00:00,-34.59005134424737,-58.42263617399116,74.9,23.8,ok
V0017,2026-05-01T10:19:28+00:00,-34.6375559678741,-58.37378688959917,74.7,15.8,ok
V0042,2026-05-01T10:19:37+00:00,-34.58737053517983,-58.42077767133221,35.3,21.4,idle
V0006,2026-05-01T10:19:53+00:00,-34.57954933588473,-58.34458235880551,68.4,21.5,idle
V0029,2026-05-01T10:20:04+00:00,-34.61358215357525,-58.389756162697815,81.1,15.8,idle
V0078,2026-05-01T10:20:15+00:00,-34.628277092332596,-58.415728420759876,100.0,17.7,ok
V0019,2026-05-01T10:20:28+00:00,-34.630563090628506,-58.41662561450489,54.5,12.9,idle
V0020,2026-05-01T10:20:36+00:00,-34.62822441698584,-58.41607818946246,83.6,24.0,idle
V0032,2026-05-01T10:20:49+00:00,-34.58817229135122,-58.42183172451264,97.6,15.9,ok
V0069,2026-05-01T10:21:08+00:00,-34.6032958615188,-58.35174004342731,54.0,8.2,ok
V0036,2026-05-01T10:21:16+00:00,-34.6302171858364,-58.385246658739334,57.0,28.5,ok
V0027,2026-05-01T10:21:26+00:00,-34.588333996137806,-58.42201095981685,57.5,19.5,ok
V0001,2026-05-01T10:21:40+00:00,-34.64406107708229,-58.38408850592275,88.8,20.1,ok
V0075,2026-05-01T10:21:48+00:00,-34.6107803185619,-58.39272920703511,58.7,13.7,ok
V0069,2026-05-01T10:22:08+00:00,-34.636713666212884,-58.37526366146257,53.3,13.2,ok
V0042,2026-05-01T10:22:18+00:00,-34.64430212664612,-58.38591436885682,62.1,22.8,idle
V0072,2026-05-01T10:22:24+00:00,-34.569596604869346,-58.38408448761243,60.9,13.7,idle
V0010,2026-05-01T10:22:38+00:00,-34.62798217362183,-58.415846268737766,56.9,19.1,ok
V0025,2026-05-01T10:22:51+00:00,-34.62896227040718,-58.387695914251196,78.1,10.7,idle
V0051,2026-05-01T10:23:07+00:00,-34.61330899150107,-58.390332652857815,75.1,31.2,ok
V0038,2026-05-01T10:23:14+00:00,-34.64415639140477,-58.384800129141794,55.1,36.1,ok
V0018,2026-05-01T10:23:27+00:00,-34.590088207066394,-58.37001545337585,57.2,10.3,ok
V0055,2026-05-01T10:23:40+00:00,-34.59608791346801,-58.404173453309646,60.3,24.7,ok
V0063,2026-05-01T10:23:50+00:00,-34.635407312658586,-58.35708808407729,79.0,21.0,ok
V0039,2026-05-01T10:24:05+00:00,-34.57133973544481,-58.37792466293413,58.0,24.7,ok
V0078,2026-05-01T10:24:17+00:00,-34.624309938043346,-58.3579013362449,59.7,27.5,idle
V0049,2026-05-01T10:24:32+00:00,-34.61381328454386,-58.391497772332826,65.2,22.3,ok
V0066,2026-05-01T10:24:42+00:00,-34.630662174771814,-58.38686437214378,73.7,18.8,idle
V0078,2026-05-01T10:24:52+00:00,-34.56758796381206,-58.415588970377335,62.9,20.2,ok
V0054,2026-05-01T10:25:04+00:00,-34.61212709871743,-58.344063960074195,55.8,32.4,ok
V0078,2026-05-01T10:25:19+00:00,-34.57763852646278,-58.34249944258545,60.4,16.4,idle
V0059,2026-05-01T10:25:30+00:00,-34.56428804650902,-58.415370378405505,56.7,24.6,ok
V0014,2026-05-01T10:25:42+00:00,-34.57784844405568,-58.34351213487657,100.0,32.0,ok
V0032,2026-05-01T10:25:53+00:00,-34.61182919549598,-58.39324593644762,58.7,22.9,ok
V0021,2026-05-01T10:26:08+00:00,-34.628890105933046,-58.4172498116419,89.4,31.7,idle
V0074,2026-05-01T10:26:14+00:00,-34.57385398448257,-58.40539108166523,53.4,26.2,ok
V0065,2026-05-01T10:26:28+00:00,-34.64418818131799,-58.38616118656973,60.8,21.6,idle
V0043,2026-05-01T10:26:36+00:00,-34.62577680234066,-58.35973244040475,76.0,19.8,ok
V0075,2026-05-01T10:26:55+00:00,-34.62913582689555,-58.415472395871035,58.9,22.6,idle
V0054,2026-05-01T10:27:00+00:00,-34.62512519972643,-58.35875485257169,66.7,17.1,ok
V0036,2026-05-01T10:27:13+00:00,-34.63753986097545,-58.37666100911883,63.0,15.3,ok
V0050,2026-05-01T10:27:30+00:00,-34.62628466830941,-58.35720296152797,52.1,17.9,ok
V0038,2026-05-01T10:27:41+00:00,-34.5892931527064,-58.42022760441139,77.7,20.5,ok
V0058,2026-05-01T10:27:50+00:00,-34.62938078648571,-58.4179458703425,59.1,24.4,ok
V0064,2026-05-01T10:28:04+00:00,-34.622676968478245,-58.35725136664143,63.6,24.7,ok
V0014,2026-05-01T10:28:19+00:00,-34.58843614607865,-58.41982507508765,71.0,21.3,ok
V0007,2026-05-01T10:28:32+00:00,-34.628584050536304,-58.38608837744238,72.4,26.3,ok
V0041,2026-05-01T10:28:38+00:00,-34.58963992052839,-58.36878299803605,62.4,23.2,ok
V0054,2026-05-01T10:28:54+00:00,-34.637186101329306,-58.36288546074255,16.3,20.8,battery_low
V0011,2026-05-01T10:29:04+00:00,-34.62605160477958,-58.40500732372898,67.0,20.5,ok
V0070,2026-05-01T10:29:18+00:00,-34.61184189795796,-58.342339957261984,70.0,14.4,ok
V0062,2026-05-01T10:29:28+00:00,-34.6113241427006,-58.34295493585832,44.2,22.4,ok
V0077,2026-05-01T10:29:37+00:00,-34.623270280148745,-58.35753132821671,48.9,19.1,ok
V0037,2026-05-01T10:29:53+00:00,-34.60344427455804,-58.36047681517573,79.3,26.0,ok
V0042,2026-05-01T10:30:04+00:00,-34.64452498009048,-58.38629875153443,73.0,17.8,ok
V0019,2026-05-01T10:30:15+00:00,-34.638029804929644,-58.37384577603147,84.5,25.1,ok
V0004,2026-05-01T10:30:30+00:00,-34.56894295026604,-58.38374442060468,44.6,19.6,idle
V0079,2026-05-01T10:30:42+00:00,-34.58014616885542,-58.34315178665847,54.4,22.9,ok
V0017,2026-05-01T10:30:52+00:00,-34.63771387650474,-58.37728487442349,81.3,18.1,idle
V0027,2026-05-01T10:31:02+00:00,-34.56876162875547,-58.383627532235344,58.0,12.1,ok
V0060,2026-05-01T10:31:13+00:00,-34.611394295048854,-58.390346743515195,87.4,21.1,idle
V0001,2026-05-01T10:31:30+00:00,-34.56473150234754,-58.417827568748855,44.0,23.6,ok
V0047,2026-05-01T10:31:38+00:00,-34.56453656288825,-58.414109719732785,78.3,25.5,ok
V0054,2026-05-01T10:31:53+00:00,-34.5738884319329,-58.37753997928637,85.5,12.7,ok
V0023,2026-05-01T10:32:03+00:00,-34.602581229533364,-58.3511412322992,68.1,24.4,ok
V0013,2026-05-01T10:32:12+00:00,-34.59031007174205,-58.4208090659782,57.9,9.4,ok
V0055,2026-05-01T10:32:25+00:00,-34.5860371216768,-58.419594552601296,46.4,24.1,ok
V0051,2026-05-01T10:32:38+00:00,-34.565654773941176,-58.41573560533561,90.7,27.7,ok
V0058,2026-05-01T10:32:53+00:00,-34.61268199978845,-58.384269472132324,50.7,20.4,ok
V0037,2026-05-01T10:33:01+00:00,-34.62540693499485,-58.36885126859116,68.7,27.1,ok
V0038,2026-05-01T10:33:17+00:00,-34.615204545162584,-58.38359642270807,67.2,25.9,ok
V0052,2026-05-01T10:33:26+00:00,-34.58904917374249,-58.4194776235451,40.8,18.1,ok
V0032,2026-05-01T10:33:44+00:00,-34.59030322826262,-58.42236989428437,58.8,21.5,ok
V0066,2026-05-01T10:33:53+00:00,-34.60983807140875,-58.34131594002948,48.3,8.7,ok
V0060,2026-05-01T10:34:08+00:00,-34.57558390898907,-58.406053028980374,76.6,25.9,ok
V0076,2026-05-01T10:34:12+00:00,-34.62733301302005,-58.41797587356411,58.8,20.7,ok
V0049,2026-05-01T10:34:24+00:00,-34.59814207880939,-58.40651208677329,55.1,17.6,ok
V0038,2026-05-01T10:34:44+00:00,-34.636483323054144,-58.36336158526682,61.7,25.4,ok
V0078,2026-05-01T10:34:56+00:00,-34.59664102764902,-58.40706894044723,61.5,28.5,ok
V0004,2026-05-01T10:35:05+00:00,-34.62592975535834,-58.40202411603621,70.9,18.3,ok
V0004,2026-05-01T10:35:20+00:00,-34.57140463736713,-58.37553311661493,70.7,21.6,ok
V0010,2026-05-01T10:35:30+00:00,-34.59638960270477,-58.40674922302802,59.7,12.5,ok
V0028,2026-05-01T10:35:40+00:00,-34.60608414892425,-58.359451552532754,58.1,22.2,ok
V0074,2026-05-01T10:35:49+00:00,-34.570786012035235,-58.37798670339652,31.6,20.1,ok
V0065,2026-05-01T10:36:02+00:00,-34.56769827015035,-58.41601433469346,89.1,23.6,ok
V0057,2026-05-01T10:36:13+00:00,-34.643405865377744,-58.38459876626026,89.1,22.3,ok
V0013,2026-05-01T10:36:28+00:00,-34.644529343087726,-58.38457373830902,61.9,29.4,ok
V0004,2026-05-01T10:36:42+00:00,-34.58971302216746,-58.366774614802026,60.0,22.0,idle
V0003,2026-05-01T10:36:53+00:00,-34.60461760063859,-58.350472971999096,63.6,22.4,idle
V0072,2026-05-01T10:37:00+00:00,-34.62403426691487,-58.35947398525665,77.5,25.4,ok
V0077,2026-05-01T10:37:16+00:00,-34.64387855936415,-58.386081517863445,53.1,26.0,ok
V0073,2026-05-01T10:37:25+00:00,-34.605073717366096,-58.35748786702221,100.0,9.2,ok
V0023,2026-05-01T10:37:43+00:00,-34.570884212175486,-58.37722599179485,72.6,31.3,ok
V0027,2026-05-01T10:37:56+00:00,-34.62530112372443,-58.36794203767732,60.4,22.0,ok
V0006,2026-05-01T10:38:04+00:00,-34.60680043735274,-58.35728297749488,20.3,36.5,idle
V0058,2026-05-01T10:38:18+00:00,-34.61477773427238,-58.3837960571471,72.7,26.8,ok
V0021,2026-05-01T10:38:24+00:00,-34.59080058269223,-58.36787406072514,89.3,10.6,ok
V0022,2026-05-01T10:38:43+00:00,-34.601955323087054,-58.35311389959356,44.2,13.6,ok
V0014,2026-05-01T10:38:55+00:00,-34.57601312148858,-58.40652941399736,82.8,10.9,ok
V0051,2026-05-01T10:39:05+00:00,-34.62830980903746,-58.385710908201375,100.0,29.5,ok
V0034,2026-05-01T10:39:14+00:00,-34.62760988661484,-58.414707020671806,64.4,18.6,ok
V0037,2026-05-01T10:39:25+00:00,-34.60630252008198,-58.357175404872386,76.9,22.4,idle
V0060,2026-05-01T10:39:42+00:00,-34.62542046474887,-58.35873662819365,49.3,20.2,ok
V0070,2026-05-01T10:39:56+00:00,-34.62328729814229,-58.35822878049821,78.0,31.0,ok
V0077,2026-05-01T10:40:00+00:00,-34.57094598537216,-58.38368462677274,73.2,15.5,ok
V0057,2026-05-01T10:40:13+00:00,-34.62620694169625,-58.357446100363354,52.9,29.8,idle
V0072,2026-05-01T10:40:25+00:00,-34.63925939172918,-58.36036700639194,55.7,16.3,ok
V0018,2026-05-01T10:40:38+00:00,-34.62920607953732,-58.38576124826938,33.0,14.2,ok
V0050,2026-05-01T10:40:55+00:00,-34.57132902772325,-58.38476661335002,68.6,18.4,ok
V0007,2026-05-01T10:41:04+00:00,-34.5955388279697,-58.407550884890014,67.4,17.6,ok
V0019,2026-05-01T10:41:15+00:00,-34.63615041403341,-58.35698007178695,65.6,19.8,ok
V0004,2026-05-01T10:41:26+00:00,-34.6437361454918,-58.38514365669262,48.3,17.6,ok
V0076,2026-05-01T10:41:36+00:00,-34.59012432542961,-58.370162809144,59.1,22.8,ok
V0013,2026-05-01T10:41:52+00:00,-34.58903937323317,-58.42269824426442,85.7,13.9,idle
V0070,2026-05-01T10:42:00+00:00,-34.6281759408251,-58.40413773827963,72.2,9.3,ok
V0064,2026-05-01T10:42:19+00:00,-34.56507374209141,-58.41637874895952,86.5,21.3,ok
V0021,2026-05-01T10:42:26+00:00,-34.64120215617239,-58.38505529185551,72.9,21.6,ok
V0065,2026-05-01T10:42:37+00:00,-34.63650774720094,-58.37434082801322,35.2,31.3,ok
V0048,2026-05-01T10:42:48+00:00,-34.603802710787626,-58.35790860581867,92.1,28.6,ok
V0025,2026-05-01T10:43:01+00:00,-34.62894940614632,-58.38539334530264,60.9,27.3,ok
V0005,2026-05-01T10:43:20+00:00,-34.57136828001216,-58.37526326704358,51.6,20.5,ok
V0075,2026-05-01T10:43:28+00:00,-34.64331983531832,-58.38274627926751,80.7,21.1,ok
V0027,2026-05-01T10:43:43+00:00,-34.568606093396774,-58.385083247153055,53.2,23.0,ok
V0070,2026-05-01T10:43:53+00:00,-34.5955162560697,-58.40406523234257,39.9,14.8,idle
V0006,2026-05-01T10:44:00+00:00,-34.58625522623479,-58.419561383078616,37.1,26.7,ok
V0015,2026-05-01T10:44:16+00:00,-34.61058611027218,-58.39217333811719,46.8,12.4,ok
V0033,2026-05-01T10:44:29+00:00,-34.58796501991208,-58.42066468255766,64.8,21.1,ok
V0018,2026-05-01T10:44:36+00:00,-34.637364041979204,-58.36221683470726,50.8,20.7,ok
V0015,2026-05-01T10:44:48+00:00,-34.62776309404375,-58.40275764732449,68.5,20.0,idle
V0013,2026-05-01T10:45:00+00:00,-34.609379302324676,-58.343793634355364,42.7,20.8,idle
V0061,2026-05-01T10:45:19+00:00,-34.63879908870581,-58.37683425877063,33.6,19.4,ok
V0022,2026-05-01T10:45:27+00:00,-34.62591530379722,-58.37130700713814,85.5,14.9,ok
V0043,2026-05-01T10:45:38+00:00,-34.62940309762985,-58.415772846029014,79.9,25.9,ok
V0024,2026-05-01T10:45:50+00:00,-34.6138293398564,-58.3902463496358,66.8,13.7,ok
V0023,2026-05-01T10:46:02+00:00,-34.62841945088252,-58.41757788704904,38.9,9.4,ok
V0001,2026-05-01T10:46:17+00:00,-34.58819104997103,-58.42082550456047,62.8,20.5,idle
V0005,2026-05-01T10:46:30+00:00,-34.60541460232511,-58.35831701173561,62.8,24.2,ok
V0058,2026-05-01T10:46:39+00:00,-34.59797157899951,-58.405661892788416,74.0,14.2,ok
V0053,2026-05-01T10:46:53+00:00,-34.56612048554243,-58.41737618267578,56.8,18.2,ok
V0063,2026-05-01T10:47:02+00:00,-34.61095634803613,-58.39186799689932,35.4,10.1,ok
V0051,2026-05-01T10:47:14+00:00,-34.61081532347687,-58.39135253925782,80.5,20.9,idle
V0026,2026-05-01T10:47:32+00:00,-34.56992050794281,-58.383219766257355,100.0,5.4,ok
V0060,2026-05-01T10:47:39+00:00,-34.5798645969783,-58.343131850708936,66.2,23.8,ok
V0016,2026-05-01T10:47:48+00:00,-34.63809485624733,-58.358644994623454,49.7,15.1,ok
V0059,2026-05-01T10:48:05+00:00,-34.577879090751715,-58.3425815491332,56.4,24.0,idle
V0013,2026-05-01T10:48:15+00:00,-34.641783652257665,-58.38247986459783,84.9,18.5,ok
V0044,2026-05-01T10:48:29+00:00,-34.63922538172909,-58.36206500459839,48.5,19.3,idle
V0066,2026-05-01T10:48:41+00:00,-34.611018526650405,-58.343497977131676,71.3,16.4,idle
V0041,2026-05-01T10:48:49+00:00,-34.6417326338018,-58.38466870857528,84.4,12.4,ok
V0078,2026-05-01T10:49:00+00:00,-34.64514272164763,-58.38250326669635,55.8,19.5,ok
V0034,2026-05-01T10:49:15+00:00,-34.640128127991396,-58.37638704696132,46.0,19.1,ok
V0044,2026-05-01T10:49:29+00:00,-34.636772099245675,-58.37377563825699,69.4,15.9,idle
V0052,2026-05-01T10:49:43+00:00,-34.61139072301232,-58.34251109239258,81.4,12.0,idle
V0065,2026-05-01T10:49:56+00:00,-34.61187853375386,-58.343787311217994,72.1,16.4,idle
V0011,2026-05-01T10:50:00+00:00,-34.62827373786879,-58.36934633429034,87.9,20.6,ok
V0022,2026-05-01T10:50:20+00:00,-34.60981425388037,-58.34237453588499,40.0,15.2,ok
V0026,2026-05-01T10:50:27+00:00,-34.631130828600796,-58.41515387881248,74.7,29.7,ok
V0058,2026-05-01T10:50:43+00:00,-34.62442349908609,-58.3590614710267,64.4,19.6,ok
V0015,2026-05-01T10:50:52+00:00,-34.573504360540106,-58.40691082489124,53.1,18.2,ok
V0018,2026-05-01T10:51:03+00:00,-34.64490542879007,-58.38368429996093,52.9,24.5,ok
V0046,2026-05-01T10:51:20+00:00,-34.61390563673099,-58.38456744401761,74.7,14.9,idle
V0012,2026-05-01T10:51:31+00:00,-34.57137167373112,-58.38473413796401,62.8,22.2,ok
V0020,2026-05-01T10:51:41+00:00,-34.61383387503109,-58.392450817000395,44.9,18.2,ok
V0057,2026-05-01T10:51:48+00:00,-34.60290919420646,-58.35131873163512,74.4,20.3,ok
V0044,2026-05-01T10:52:07+00:00,-34.603173633572254,-58.35972283222636,39.6,21.0,ok
V0051,2026-05-01T10:52:14+00:00,-34.60374265127745,-58.3588848404101,65.1,23.8,ok
V0023,2026-05-01T10:52:32+00:00,-34.577087407445504,-58.342363179064265,74.6,18.3,ok
V0006,2026-05-01T10:52:41+00:00,-34.56768565405036,-58.4158711868562,74.6,32.1,ok
V0058,2026-05-01T10:52:54+00:00,-34.627206386531505,-58.38755217191686,56.1,25.5,ok
V0000,2026-05-01T10:53:06+00:00,-34.58735530943142,-58.419330129024296,37.1,12.3,idle
V0018,2026-05-01T10:53:18+00:00,-34.57077590140287,-58.38462616377069,73.7,16.4,ok
V0042,2026-05-01T10:53:30+00:00,-34.60308984737062,-58.36020381072579,87.6,25.1,ok
V0048,2026-05-01T10:53:40+00:00,-34.63909264228992,-58.374917550305376,78.1,28.4,ok
V0024,2026-05-01T10:53:52+00:00,-34.604199089766475,-58.35132086347738,78.1,24.1,ok
V0032,2026-05-01T10:54:03+00:00,-34.57049116017136,-58.3832134286696,37.6,10.1,ok
V0079,2026-05-01T10:54:12+00:00,-34.56684952606948,-58.41473279377881,27.0,14.9,ok
V0052,2026-05-01T10:54:26+00:00,-34.60455404657055,-58.35819334894418,91.5,17.4,ok
V0077,2026-05-01T10:54:38+00:00,-34.57001022113139,-58.37498614893946,27.1,32.7,ok
V0015,2026-05-01T10:54:56+00:00,-34.571516672470565,-58.3833407244552,58.9,17.5,ok
V0020,2026-05-01T10:55:06+00:00,-34.626776703258635,-58.36841083968278,37.5,22.4,ok
V0011,2026-05-01T10:55:14+00:00,-34.57953597116775,-58.341161701535384,91.8,12.3,ok
V0044,2026-05-01T10:55:32+00:00,-34.597611723275314,-58.40445507800547,96.3,22.4,ok
V0040,2026-05-01T10:55:44+00:00,-34.610530918223176,-58.38937250245146,41.2,26.2,ok
V0073,2026-05-01T10:55:52+00:00,-34.627636072225314,-58.38796443387608,51.3,16.5,ok
V0062,2026-05-01T10:56:07+00:00,-34.62579261855277,-58.38888100913292,74.3,21.5,ok
V0027,2026-05-01T10:56:20+00:00,-34.588039101398785,-58.42277776369463,82.3,15.3,ok
V0077,2026-05-01T10:56:27+00:00,-34.61212551519804,-58.39053083991747,48.3,7.4,ok
V0036,2026-05-01T10:56:38+00:00,-34.60404140318607,-58.35336208213982,67.1,19.3,ok
V0042,2026-05-01T10:56:56+00:00,-34.57289540883645,-58.37435603157739,69.7,22.5,ok
V0058,2026-05-01T10:57:07+00:00,-34.63869801838252,-58.36183955869841,54.6,21.7,ok
V0057,2026-05-01T10:57:17+00:00,-34.629245304145904,-58.4178727238937,61.4,23.2,ok
V0059,2026-05-01T10:57:30+00:00,-34.61437242935671,-58.38501670810387,79.5,21.1,ok
V0037,2026-05-01T10:57:36+00:00,-34.61017405574318,-58.39013668420239,76.3,19.2,idle
V0038,2026-05-01T10:57:55+00:00,-34.63684268465299,-58.37393015662573,64.2,20.1,idle
V0018,2026-05-01T10:58:05+00:00,-34.639017281060156,-58.37603118309963,33.2,15.0,ok
V0025,2026-05-01T10:58:14+00:00,-34.626348242015645,-58.403382107890195,58.5,26.2,ok
V0076,2026-05-01T10:58:28+00:00,-34.63652554560115,-58.36250677888813,54.7,26.0,ok
V0028,2026-05-01T10:58:38+00:00,-34.567225116561175,-58.41640853843997,78.6,15.6,ok
V0025,2026-05-01T10:58:51+00:00,-34.56889071431,-58.38456970495622,54.8,33.6,idle
V0070,2026-05-01T10:59:07+00:00,-34.56761264081959,-58.415891725858295,57.6,28.4,idle
V0014,2026-05-01T10:59:16+00:00,-34.590493739558994,-58.36896620266977,65.1,14.9,idle
V0038,2026-05-01T10:59:29+00:00,-34.569200657438024,-58.38588999583996,57.5,10.0,ok
V0028,2026-05-01T10:59:37+00:00,-34.60540720036193,-58.351667129612316,74.2,13.2,ok
V0022,2026-05-01T10:59:50+00:00,-34.570990763118765,-58.383774398753,57.0,23.5,ok
V0052,2026-05-01T11:00:00+00:00,-34.63774231927895,-58.37590840731461,51.9,22.1,ok
V0019,2026-05-01T11:00:16+00:00,-34.577593028480344,-58.34269309975948,62.7,21.6,ok
V0026,2026-05-01T11:00:24+00:00,-34.62726958124407,-58.41521756417274,70.2,22.3,ok
V0004,2026-05-01T11:00:44+00:00,-34.62736204225494,-58.41479184152453,33.5,24.8,ok
V0046,2026-05-01T11:00:52+00:00,-34.6253624050953,-58.36970532723147,73.4,33.1,idle
V0027,2026-05-01T11:01:04+00:00,-34.58749678716658,-58.4228608005718,47.9,17.5,idle
V0026,2026-05-01T11:01:13+00:00,-34.60204109027957,-58.35137754952066,60.4,23.4,ok
V0078,2026-05-01T11:01:24+00:00,-34.612785821446764,-58.38550454564806,79.7,19.9,idle
V0047,2026-05-01T11:01:39+00:00,-34.61447087159211,-58.385151336622954,67.8,15.8,idle
V0068,2026-05-01T11:01:56+00:00,-34.57474669479394,-58.4074480254674,76.3,16.7,ok
V0035,2026-05-01T11:02:06+00:00,-34.61177623889587,-58.39117442260436,85.4,26.8,ok
V0015,2026-05-01T11:02:12+00:00,-34.57949696823926,-58.34349155152051,63.7,13.3,ok
V0008,2026-05-01T11:02:30+00:00,-34.63471380102242,-58.35978315136845,47.8,21.7,ok
V0075,2026-05-01T11:02:39+00:00,-34.589432851190665,-58.42111317159645,53.3,9.7,ok
V0026,2026-05-01T11:02:50+00:00,-34.57248706590668,-58.37731219628955,68.8,23.5,idle
V0032,2026-05-01T11:03:05+00:00,-34.62743321249447,-58.4044510089235,95.8,17.7,idle
V0063,2026-05-01T11:03:14+00:00,-34.5695271269876,-58.383895584855274,39.8,18.1,ok
V0012,2026-05-01T11:03:29+00:00,-34.57949273059197,-58.341158360766,80.4,23.7,ok
V0019,2026-05-01T11:03:39+00:00,-34.56618425730574,-58.416782522683405,73.9,20.1,ok
V0040,2026-05-01T11:03:49+00:00,-34.571404612178966,-58.37578359247957,75.0,19.3,idle
V0078,2026-05-01T11:04:03+00:00,-34.564319389213225,-58.4161102396192,17.7,29.1,battery_low
V0047,2026-05-01T11:04:13+00:00,-34.57140854008176,-58.38447564370191,69.5,12.8,ok
V0042,2026-05-01T11:04:32+00:00,-34.60413451126404,-58.35773515145491,79.2,13.5,ok
V0050,2026-05-01T11:04:39+00:00,-34.61368125149466,-58.38424444468151,83.1,22.2,ok
V0035,2026-05-01T11:04:51+00:00,-34.632498195676604,-58.38475518075358,80.1,16.0,ok
V0046,2026-05-01T11:05:00+00:00,-34.615531225383016,-58.38286342602885,44.8,28.5,ok
V0000,2026-05-01T11:05:12+00:00,-34.61583029575077,-58.38218668354189,22.4,23.8,ok
V0003,2026-05-01T11:05:25+00:00,-34.63563148531342,-58.36375425394173,67.2,14.4,ok
V0001,2026-05-01T11:05:44+00:00,-34.57036569739345,-58.37662992172413,69.3,28.1,idle
V0062,2026-05-01T11:05:53+00:00,-34.61201617055131,-58.341230782116355,68.1,30.9,idle
V0054,2026-05-01T11:06:06+00:00,-34.628844311112516,-58.386085772661154,55.7,24.5,ok
V0062,2026-05-01T11:06:13+00:00,-34.62567684709243,-58.35991154152893,66.2,9.9,ok
V0067,2026-05-01T11:06:32+00:00,-34.62527258605866,-58.38826586379742,77.6,30.3,ok
V0054,2026-05-01T11:06:37+00:00,-34.61132692829285,-58.342670544685255,96.8,17.1,idle
V0060,2026-05-01T11:06:48+00:00,-34.589031541692805,-58.3669498858135,71.1,16.9,ok
V0060,2026-05-01T11:07:06+00:00,-34.575404391895084,-58.40755115166971,65.1,12.0,ok
V0049,2026-05-01T11:07:12+00:00,-34.61404392875782,-58.385246157337285,51.5,14.7,ok
V0047,2026-05-01T11:07:27+00:00,-34.628841423633794,-58.38744051185695,42.6,26.4,idle
V0026,2026-05-01T11:07:44+00:00,-34.628249843104065,-58.367463395570695,59.7,27.8,idle
V0021,2026-05-01T11:07:53+00:00,-34.62942110957918,-58.3871021211879,53.6,24.1,idle
V0061,2026-05-01T11:08:06+00:00,-34.579925950588844,-58.34217331510941,40.6,30.0,idle
V0051,2026-05-01T11:08:19+00:00,-34.59563670054091,-58.40463552744317,38.3,24.6,idle
V0074,2026-05-01T11:08:29+00:00,-34.62734427470083,-58.369327489072056,79.0,17.6,idle
V0008,2026-05-01T11:08:40+00:00,-34.635091502972294,-58.359656850810744,83.7,23.8,idle
V0017,2026-05-01T11:08:56+00:00,-34.60491956884393,-58.35966527096422,81.5,16.7,idle
V0070,2026-05-01T11:09:08+00:00,-34.596279558882465,-58.40626468582875,66.9,20.4,idle
V0034,2026-05-01T11:09:18+00:00,-34.58611679160704,-58.42204043768472,62.6,13.7,ok
V0065,2026-05-01T11:09:31+00:00,-34.612507076716184,-58.3413862423823,38.2,19.9,idle
V0072,2026-05-01T11:09:39+00:00,-34.5763240295497,-58.34379615115138,45.6,19.7,ok
V0053,2026-05-01T11:09:53+00:00,-34.56603656873205,-58.417037577061144,55.4,24.7,ok
V0056,2026-05-01T11:10:02+00:00,-34.570099422371,-58.37672300511188,67.7,21.9,idle
V0062,2026-05-01T11:10:17+00:00,-34.58922864048867,-58.423099121791495,47.6,24.4,ok
V0026,2026-05-01T11:10:27+00:00,-34.62621607455996,-58.3683625044778,97.4,17.0,idle
V0025,2026-05-01T11:10:41+00:00,-34.603029379679775,-58.35228193948295,62.1,25.1,ok
V0060,2026-05-01T11:10:54+00:00,-34.586617620324354,-58.42149390884412,71.0,27.0,ok
V0028,2026-05-01T11:11:06+00:00,-34.566252370072014,-58.41427708359602,100.0,24.0,ok
V0004,2026-05-01T11:11:17+00:00,-34.63137676618997,-58.384171191385555,50.5,20.3,idle
V0042,2026-05-01T11:11:28+00:00,-34.62682748315783,-58.370482847609836,15.1,19.9,battery_low
V0051,2026-05-01T11:11:44+00:00,-34.629325392601956,-58.385728123316504,78.8,35.0,ok
V0023,2026-05-01T11:11:56+00:00,-34.59781535659876,-58.407572213709756,76.2,25.7,ok
V0029,2026-05-01T11:12:03+00:00,-34.60679372926235,-58.35938489927486,55.0,20.3,idle
V0065,2026-05-01T11:12:16+00:00,-34.61542211691281,-58.382620057837514,59.9,22.6,ok
V0005,2026-05-01T11:12:31+00:00,-34.635615570125516,-58.36200806138835,85.1,24.1,idle
V0027,2026-05-01T11:12:40+00:00,-34.61182250502013,-58.342109434126485,52.2,30.4,ok
V0011,2026-05-01T11:12:55+00:00,-34.564154526705615,-58.416977155704394,44.1,19.3,ok
V0016,2026-05-01T11:13:04+00:00,-34.59610460400063,-58.40560283538598,53.4,25.1,ok
V0025,2026-05-01T11:13:14+00:00,-34.57732039482613,-58.3441755573244,44.0,28.0,ok
V0000,2026-05-01T11:13:32+00:00,-34.62480682228622,-58.37075270653,66.2,22.5,ok
V0033,2026-05-01T11:13:39+00:00,-34.6426906638291,-58.38393890382081,47.0,24.3,idle
V0009,2026-05-01T11:13:52+00:00,-34.56905296931792,-58.38361653424201,61.1,25.7,ok
V0050,2026-05-01T11:14:06+00:00,-34.63728194518444,-58.360539901958326,57.3,13.8,ok
V0076,2026-05-01T11:14:19+00:00,-34.588744499444466,-58.42112651230614,46.1,22.6,ok
V0032,2026-05-01T11:14:24+00:00,-34.62587684024328,-58.405354156647455,78.9,12.9,ok
V0035,2026-05-01T11:14:43+00:00,-34.587319938814076,-58.4221757824187,75.2,14.0,ok
V0045,2026-05-01T11:14:50+00:00,-34.567195302788754,-58.41552525271719,96.7,18.7,ok
V0051,2026-05-01T11:15:01+00:00,-34.62334656888673,-58.35922013847414,68.6,14.0,idle
V0051,2026-05-01T11:15:14+00:00,-34.566815023119375,-58.41768683509989,72.7,24.5,ok
V0029,2026-05-01T11:15:32+00:00,-34.60610820305114,-58.35879468361538,38.7,19.4,ok
V0076,2026-05-01T11:15:40+00:00,-34.626111967398906,-58.36964669131799,47.7,19.7,idle
V0001,2026-05-01T11:15:51+00:00,-34.63955186451049,-58.37492840144109,50.3,12.2,idle
V0008,2026-05-01T11:16:05+00:00,-34.57733889118281,-58.34235302997304,77.0,16.6,ok
V0022,2026-05-01T11:16:18+00:00,-34.61054982121736,-58.34104513904751,63.6,21.7,idle
V0023,2026-05-01T11:16:27+00:00,-34.62875628119465,-58.3695721001321,59.7,15.5,idle
V0026,2026-05-01T11:16:38+00:00,-34.60337691860684,-58.359872231444086,52.6,11.7,ok
V0011,2026-05-01T11:16:53+00:00,-34.62460938424108,-58.40246563093035,66.2,27.7,ok
V0030,2026-05-01T11:17:03+00:00,-34.604743067830576,-58.36078892587,100.0,24.5,ok
V0000,2026-05-01T11:17:20+00:00,-34.57542199737936,-58.40860118899691,64.3,29.5,ok
V0013,2026-05-01T11:17:26+00:00,-34.6446416306432,-58.38550329188287,58.9,11.4,ok
V0062,2026-05-01T11:17:37+00:00,-34.57455024359318,-58.405145070668155,91.1,26.3,idle
V0056,2026-05-01T11:17:55+00:00,-34.57346952966443,-58.37706375526318,56.0,24.1,idle
V0003,2026-05-01T11:18:02+00:00,-34.56952612158295,-58.384861133676324,59.2,24.4,idle
V0054,2026-05-01T11:18:18+00:00,-34.588044875366336,-58.422116827398156,83.0,13.4,ok
V0054,2026-05-01T11:18:29+00:00,-34.641283529333634,-58.384174179705056,52.2,26.9,ok
V0027,2026-05-01T11:18:36+00:00,-34.62517956265791,-58.36952563739915,71.8,25.3,ok
V0023,2026-05-01T11:18:48+00:00,-34.57192045575266,-58.374113306691065,77.0,10.4,ok
V0004,2026-05-01T11:19:06+00:00,-34.628340756246295,-58.38754058688282,55.6,27.6,ok
V0060,2026-05-01T11:19:18+00:00,-34.63925539192703,-58.3737490286566,35.6,11.0,idle
V0043,2026-05-01T11:19:25+00:00,-34.58708024896625,-58.419751710359215,41.8,11.3,ok
V0061,2026-05-01T11:19:39+00:00,-34.5965431099787,-58.404705284658505,68.2,26.3,ok
V0034,2026-05-01T11:19:49+00:00,-34.57054073852968,-58.37450019295652,83.2,31.1,ok
V0068,2026-05-01T11:20:05+00:00,-34.568105734317726,-58.38405787565796,88.2,19.9,ok
V0015,2026-05-01T11:20:16+00:00,-34.61168024669687,-58.389960972494826,66.9,21.5,ok
V0076,2026-05-01T11:20:28+00:00,-34.63175741759073,-58.38773831648199,59.6,22.8,ok
V0057,2026-05-01T11:20:36+00:00,-34.61276987597107,-58.39090066494447,73.7,14.0,idle
V0079,2026-05-01T11:20:49+00:00,-34.565562588416284,-58.41722522815959,71.5,14.2,ok
V0029,2026-05-01T11:21:08+00:00,-34.629787583867,-58.38454843623654,72.1,28.5,ok
V0072,2026-05-01T11:21:20+00:00,-34.628996116602806,-58.38676743431054,74.1,20.2,idle
V0011,2026-05-01T11:21:29+00:00,-34.6027681173273,-58.35073625235103,57.8,26.3,ok
V0013,2026-05-01T11:21:36+00:00,-34.61375765392825,-58.389949934834235,58.1,27.4,ok
V0006,2026-05-01T11:21:52+00:00,-34.587583435424804,-58.42243786359977,45.2,11.2,ok
V0043,2026-05-01T11:22:05+00:00,-34.56876598917113,-58.382532041036434,94.2,18.0,ok
V0054,2026-05-01T11:22:13+00:00,-34.613666354173446,-58.3846696527568,84.0,25.8,ok
V0010,2026-05-01T11:22:26+00:00,-34.590543010490315,-58.37010375680998,52.3,17.4,ok
V0007,2026-05-01T11:22:44+00:00,-34.59051417889921,-58.36718356472282,78.8,12.0,idle
V0047,2026-05-01T11:22:53+00:00,-34.62547580502097,-58.356467950921754,69.3,17.1,idle
V0057,2026-05-01T11:23:05+00:00,-34.62494688776716,-58.370036420279845,87.2,20.6,ok
V0050,2026-05-01T11:23:20+00:00,-34.63827200123766,-58.374212853575514,61.9,17.2,idle
V0005,2026-05-01T11:23:25+00:00,-34.645097445865495,-58.386171056923246,49.0,20.8,idle
V0045,2026-05-01T11:23:36+00:00,-34.59732726088328,-58.40735556737252,56.6,17.5,ok
V0033,2026-05-01T11:23:54+00:00,-34.6258345767391,-58.36887424082399,41.7,26.6,ok
V0003,2026-05-01T11:24:07+00:00,-34.64189371031915,-58.384481880104715,56.5,18.7,ok
V0069,2026-05-01T11:24:20+00:00,-34.568293550746596,-58.38550640223706,80.2,21.7,idle
V0064,2026-05-01T11:24:27+00:00,-34.590779112277815,-58.37010497174096,48.0,17.4,ok
V0075,2026-05-01T11:24:39+00:00,-34.636073226880065,-58.3637609571083,54.5,16.5,idle
V0019,2026-05-01T11:24:52+00:00,-34.630550532247256,-58.414741098831605,63.5,29.4,ok
V0003,2026-05-01T11:25:05+00:00,-34.61225441487372,-58.342132648733774,58.6,15.4,ok
V0068,2026-05-01T11:25:12+00:00,-34.57205688598674,-58.375632525806665,67.6,24.3,ok
V0015,2026-05-01T11:25:29+00:00,-34.62538091885038,-58.35638643463455,55.5,21.3,idle
V0024,2026-05-01T11:25:37+00:00,-34.57831677564906,-58.344425783634975,63.4,16.4,ok
V0070,2026-05-01T11:25:56+00:00,-34.61489105633582,-58.38519774798258,53.4,20.0,ok
V0028,2026-05-01T11:26:08+00:00,-34.6383897011157,-58.36109809977927,87.8,19.5,idle
V0032,2026-05-01T11:26:17+00:00,-34.637051533422046,-58.37680525837672,48.8,31.2,ok
V0006,2026-05-01T11:26:28+00:00,-34.62696681975522,-58.38598381903021,74.3,8.4,ok
V0035,2026-05-01T11:26:37+00:00,-34.63048526510025,-58.41603841601756,63.1,12.5,ok
V0077,2026-05-01T11:26:48+00:00,-34.56930346389297,-58.38300074883499,48.6,17.2,ok
V0066,2026-05-01T11:27:01+00:00,-34.62920550704223,-58.41778365686348,48.8,24.1,idle
V0053,2026-05-01T11:27:19+00:00,-34.63721541384388,-58.363503759616925,63.6,28.3,ok
V0051,2026-05-01T11:27:29+00:00,-34.61376106661927,-58.38369975296629,80.1,18.7,idle
V0017,2026-05-01T11:27:42+00:00,-34.623452412681445,-58.356685245006396,59.8,28.6,idle
V0036,2026-05-01T11:27:54+00:00,-34.62777404759071,-58.405323380618405,69.9,22.5,idle
V0032,2026-05-01T11:28:00+00:00,-34.57129803566085,-58.38270422736987,66.5,19.6,idle
V0024,2026-05-01T11:28:16+00:00,-34.57712398624845,-58.342351994195816,73.0,14.2,ok
V0035,2026-05-01T11:28:31+00:00,-34.627544752496334,-58.38620236393774,26.7,30.6,idle
V0054,2026-05-01T11:28:37+00:00,-34.56913598511249,-58.3857595669235,52.1,19.3,idle
V0016,2026-05-01T11:28:56+00:00,-34.590962568723725,-58.422314131503356,59.5,16.6,ok
V0063,2026-05-01T11:29:00+00:00,-34.62564355662383,-58.36757589578367,82.8,16.1,ok
V0007,2026-05-01T11:29:13+00:00,-34.58767692623266,-58.42027214939602,80.1,21.2,idle
V0039,2026-05-01T11:29:29+00:00,-34.570676710497615,-58.38550423073382,41.9,19.9,ok
V0072,2026-05-01T11:29:40+00:00,-34.587979834828666,-58.42154431861238,61.8,28.2,idle
V0072,2026-05-01T11:29:54+00:00,-34.60470132583411,-58.35974718629638,43.8,19.9,idle
V0056,2026-05-01T11:30:06+00:00,-34.63885946474845,-58.37612460572735,61.7,23.1,ok
V0076,2026-05-01T11:30:18+00:00,-34.61312155008747,-58.341372870850805,63.9,23.1,idle
V0075,2026-05-01T11:30:24+00:00,-34.61498558012743,-58.38477911739035,89.8,23.1,ok
V0060,2026-05-01T11:30:41+00:00,-34.6040600626069,-58.35974199921477,88.4,16.9,ok
V0015,2026-05-01T11:30:49+00:00,-34.62634427511397,-58.360285816604765,88.1,24.8,ok
V0030,2026-05-01T11:31:00+00:00,-34.6279658362534,-58.40386683291872,60.1,25.2,ok
V0007,2026-05-01T11:31:18+00:00,-34.58795795878054,-58.41924702940406,51.5,18.0,idle
V0010,2026-05-01T11:31:24+00:00,-34.62560984271677,-58.371313729905815,60.8,21.0,ok
V0049,2026-05-01T11:31:38+00:00,-34.60512679824843,-58.35132148524643,59.4,22.1,ok
V0078,2026-05-01T11:31:54+00:00,-34.572323632035825,-58.40553380742456,57.9,17.5,ok
V0026,2026-05-01T11:32:03+00:00,-34.57569917768146,-58.40796059404658,55.5,19.0,idle
V0043,2026-05-01T11:32:13+00:00,-34.63742817237121,-58.36399854588592,74.0,27.3,ok
V0074,2026-05-01T11:32:32+00:00,-34.606148389840705,-58.35770818187342,39.9,29.0,ok
V0018,2026-05-01T11:32:39+00:00,-34.565604398563444,-58.416205713812204,64.6,14.1,idle
V0029,2026-05-01T11:32:56+00:00,-34.62732506073075,-58.36910193465452,60.3,27.3,ok
V0022,2026-05-01T11:33:00+00:00,-34.56911387836386,-58.38612571184922,48.7,25.0,idle
V0006,2026-05-01T11:33:12+00:00,-34.631719733574364,-58.386773714522946,69.2,15.7,idle
V0013,2026-05-01T11:33:25+00:00,-34.58862132147327,-58.42074229043777,97.5,19.2,ok
V0043,2026-05-01T11:33:36+00:00,-34.62657773277184,-58.389054137087435,48.9,19.4,idle
V0014,2026-05-01T11:33:48+00:00,-34.630177365090134,-58.41459395167958,50.3,16.8,ok
V0022,2026-05-01T11:34:02+00:00,-34.643504054396466,-58.3843024774323,75.9,25.7,ok
V0054,2026-05-01T11:34:15+00:00,-34.623630188223636,-58.35805022189883,65.3,24.9,idle
V0048,2026-05-01T11:34:30+00:00,-34.578933788825815,-58.341066454414275,76.6,22.5,ok
V0028,2026-05-01T11:34:44+00:00,-34.62608548574167,-58.38737946558372,69.7,12.9,ok
V0030,2026-05-01T11:34:50+00:00,-34.62735407911486,-58.415701675323874,50.4,32.7,ok
V0033,2026-05-01T11:35:00+00:00,-34.61072561249127,-58.3908587090163,49.0,16.3,ok
V0067,2026-05-01T11:35:18+00:00,-34.585828258724256,-58.42053294923787,61.2,30.3,ok
V0028,2026-05-01T11:35:31+00:00,-34.5889989354403,-58.42052954876197,100.0,29.6,ok
V0071,2026-05-01T11:35:41+00:00,-34.63884754836903,-58.37453437741953,100.0,21.8,ok
V0070,2026-05-01T11:35:56+00:00,-34.599198496172384,-58.40669316569579,56.5,20.4,idle
V0072,2026-05-01T11:36:07+00:00,-34.61617265131016,-58.382749392880875,51.9,24.5,idle
V0030,2026-05-01T11:36:18+00:00,-34.64171369077909,-58.385052009076766,36.0,29.4,ok
V0006,2026-05-01T11:36:27+00:00,-34.62523524217537,-58.38543062073184,45.8,25.1,ok
V0071,2026-05-01T11:36:41+00:00,-34.587604394314994,-58.370248676591004,71.8,28.9,ok
V0033,2026-05-01T11:36:55+00:00,-34.64007926774693,-58.37724680757722,73.8,22.2,idle
V0041,2026-05-01T11:37:00+00:00,-34.62514364344427,-58.36752915816544,72.4,21.8,ok
V0056,2026-05-01T11:37:20+00:00,-34.63934736306095,-58.373988642347236,100.0,7.7,idle
V0039,2026-05-01T11:37:26+00:00,-34.64355128386082,-58.38620160853713,66.7,24.1,ok
V0058,2026-05-01T11:37:37+00:00,-34.64341274034537,-58.38536925708801,80.3,20.2,ok
V0010,2026-05-01T11:37:50+00:00,-34.57954534876319,-58.34404749662865,67.4,16.7,ok
V0030,2026-05-01T11:38:06+00:00,-34.62841230115053,-58.40521762849338,58.4,23.9,ok
V0051,2026-05-01T11:38:19+00:00,-34.61178859098927,-58.39115140449349,83.4,21.3,idle
V0021,2026-05-01T11:38:30+00:00,-34.5878949622347,-58.42240830074484,55.2,20.1,ok
V0002,2026-05-01T11:38:37+00:00,-34.611030135580066,-58.3412958505447,56.6,21.9,idle
V0001,2026-05-01T11:38:50+00:00,-34.64363843852664,-58.38313485058044,69.4,10.6,ok
V0040,2026-05-01T11:39:04+00:00,-34.598282861158694,-58.40578888656982,43.9,17.0,ok
V0003,2026-05-01T11:39:18+00:00,-34.632019684944,-58.38430310050317,67.5,17.9,ok
V0040,2026-05-01T11:39:26+00:00,-34.56783528763554,-58.41572577401228,52.0,16.5,ok
V0007,2026-05-01T11:39:41+00:00,-34.60403051661047,-58.35252679425242,38.6,25.1,ok
V0052,2026-05-01T11:39:48+00:00,-34.635696874482335,-58.363617363419166,30.9,24.6,ok
V0037,2026-05-01T11:40:01+00:00,-34.62519111847226,-58.38650715112139,63.6,16.7,ok
V0026,2026-05-01T11:40:16+00:00,-34.63007976766655,-58.41489635591333,76.7,25.8,ok
V0014,2026-05-01T11:40:24+00:00,-34.62535692748999,-58.36890100103668,73.2,20.2,ok
V0019,2026-05-01T11:40:36+00:00,-34.60599409476501,-58.360473192468454,100.0,15.0,ok
V0059,2026-05-01T11:40:56+00:00,-34.63644546194449,-58.37506941617557,66.7,7.1,ok
V0056,2026-05-01T11:41:01+00:00,-34.59015469845464,-58.42076397844725,77.3,16.8,ok
V0038,2026-05-01T11:41:16+00:00,-34.564060487190595,-58.4158188142058,72.4,13.2,ok
V0068,2026-05-01T11:41:28+00:00,-34.564124964093416,-58.41582065772904,53.2,17.7,idle
V0060,2026-05-01T11:41:42+00:00,-34.586793939231725,-58.42170292065915,37.0,27.7,idle
V0024,2026-05-01T11:41:53+00:00,-34.6057467328448,-58.35126253349141,49.9,26.9,ok
V0020,2026-05-01T11:42:06+00:00,-34.56730343875904,-58.417618870294625,64.5,19.8,ok
V0048,2026-05-01T11:42:13+00:00,-34.59646451186554,-58.40515268329197,31.2,25.3,ok
V0063,2026-05-01T11:42:25+00:00,-34.597270044886194,-58.40473476390935,47.2,26.5,ok
V0077,2026-05-01T11:42:37+00:00,-34.61376104077391,-58.39095767646564,74.9,11.6,ok
V0044,2026-05-01T11:42:50+00:00,-34.627446727910765,-58.36980448102789,97.3,22.7,idle
V0061,2026-05-01T11:43:04+00:00,-34.638484983655424,-58.37532277123507,83.0,18.2,ok
V0062,2026-05-01T11:43:13+00:00,-34.61505744097605,-58.382605515092116,59.9,25.6,ok
V0042,2026-05-01T11:43:29+00:00,-34.63177575916873,-58.385221940538145,78.5,19.9,ok
V0063,2026-05-01T11:43:38+00:00,-34.604657589474044,-58.35738634589518,80.4,27.4,ok
V0073,2026-05-01T11:43:48+00:00,-34.59664257572779,-58.40761874987859,48.4,17.5,idle
V0009,2026-05-01T11:44:03+00:00,-34.576045604816095,-58.406001932131055,78.0,14.3,ok
V0068,2026-05-01T11:44:14+00:00,-34.60599565436532,-58.36080791957788,64.8,24.3,ok
V0018,2026-05-01T11:44:26+00:00,-34.61259930719552,-58.391456680097285,98.8,29.9,ok
V0041,2026-05-01T11:44:43+00:00,-34.637216893071795,-58.36006485510688,57.8,32.4,ok
V0077,2026-05-01T11:44:55+00:00,-34.57081754006438,-58.37459114697989,78.9,23.4,ok
V0005,2026-05-01T11:45:04+00:00,-34.60378232436447,-58.35294208946268,55.2,28.6,ok
V0019,2026-05-01T11:45:17+00:00,-34.627697999781724,-58.37011910432279,81.2,30.7,idle
V0049,2026-05-01T11:45:25+00:00,-34.62586628719128,-58.38857588041142,52.6,8.2,ok
V0052,2026-05-01T11:45:44+00:00,-34.56553331737218,-58.41517769278395,60.2,12.0,ok
V0004,2026-05-01T11:45:56+00:00,-34.59008528607192,-58.36842014845752,81.3,18.6,idle
V0011,2026-05-01T11:46:00+00:00,-34.63669123380541,-58.35921866001146,57.7,21.6,ok
V0021,2026-05-01T11:46:18+00:00,-34.638116306953734,-58.37543623534782,67.0,27.2,ok
V0006,2026-05-01T11:46:28+00:00,-34.625180290403605,-58.40408908086699,63.7,11.1,ok
V0059,2026-05-01T11:46:36+00:00,-34.61525985893831,-58.385462838697045,37.1,6.9,idle
V0049,2026-05-01T11:46:53+00:00,-34.57009609793448,-58.38586143256673,54.9,20.1,ok
V0053,2026-05-01T11:47:03+00:00,-34.56452042084064,-58.41710741086047,80.5,19.9,ok
V0020,2026-05-01T11:47:15+00:00,-34.63628835362425,-58.35803433505849,30.3,29.1,ok
V0064,2026-05-01T11:47:25+00:00,-34.61110392563374,-58.39241632104613,55.3,24.7,ok
V0037,2026-05-01T11:47:44+00:00,-34.61269908109318,-58.382137382109114,55.7,15.5,idle
V0008,2026-05-01T11:47:48+00:00,-34.635768951951775,-58.35739010076644,84.5,10.3,ok
V0014,2026-05-01T11:48:01+00:00,-34.57209402555681,-58.378041499442624,44.8,23.9,idle
V0000,2026-05-01T11:48:14+00:00,-34.63752893511026,-58.35915255978068,51.9,12.0,ok
V0042,2026-05-01T11:48:30+00:00,-34.6382927572016,-58.37556064728301,47.5,21.1,ok
V0002,2026-05-01T11:48:36+00:00,-34.60365095288373,-58.34991094852462,70.3,22.4,ok
V0002,2026-05-01T11:48:52+00:00,-34.629548413987074,-58.415200246515745,64.3,24.6,idle
V0076,2026-05-01T11:49:00+00:00,-34.60353008036632,-58.353197258344444,42.9,25.8,idle
V0008,2026-05-01T11:49:13+00:00,-34.626464596871266,-58.38606654231394,80.6,23.8,ok
V0051,2026-05-01T11:49:27+00:00,-34.638840260569296,-58.36205184577019,69.0,16.5,ok
V0062,2026-05-01T11:49:43+00:00,-34.57797546620562,-58.343408567861644,34.2,16.0,ok
V0061,2026-05-01T11:49:53+00:00,-34.63687920466611,-58.375326726203404,69.7,8.4,ok
V0056,2026-05-01T11:50:03+00:00,-34.632480388858646,-58.385865575729575,100.0,27.1,ok
V0014,2026-05-01T11:50:13+00:00,-34.6272502035142,-58.41596318588002,30.0,20.0,ok
V0002,2026-05-01T11:50:31+00:00,-34.61268826470636,-58.34212824087357,42.3,28.1,ok
V0076,2026-05-01T11:50:36+00:00,-34.6279278755744,-58.37065315100661,55.0,12.0,ok
V0044,2026-05-01T11:50:48+00:00,-34.5646023575821,-58.41599280437849,75.5,25.2,ok
V0078,2026-05-01T11:51:03+00:00,-34.62685459126717,-58.389177699185076,71.5,12.6,ok
V0060,2026-05-01T11:51:17+00:00,-34.62439724611025,-58.359092943928005,70.2,27.0,ok
V0047,2026-05-01T11:51:31+00:00,-34.599140276557634,-58.404389648418466,67.9,13.3,idle
V0009,2026-05-01T11:51:43+00:00,-34.61265853776013,-58.389655214627474,80.0,18.7,ok
V0027,2026-05-01T11:51:50+00:00,-34.595273626731114,-58.407174291686054,48.2,28.4,ok
V0030,2026-05-01T11:52:02+00:00,-34.61362091209448,-58.383414200292286,78.0,24.7,ok
V0044,2026-05-01T11:52:19+00:00,-34.622824503325646,-58.35948165141827,47.5,5.0,ok
V0062,2026-05-01T11:52:25+00:00,-34.627487167366255,-58.405024713291624,81.8,24.5,idle
V0073,2026-05-01T11:52:39+00:00,-34.63946291297055,-58.36035558853655,100.0,26.4,idle
V0005,2026-05-01T11:52:52+00:00,-34.58829993310888,-58.36962522330139,53.4,15.3,ok
V0031,2026-05-01T11:53:04+00:00,-34.626767330666695,-58.368026802321886,52.3,36.0,ok
V0045,2026-05-01T11:53:20+00:00,-34.569641562583065,-58.38235994768379,75.7,21.8,idle
V0075,2026-05-01T11:53:31+00:00,-34.58833196859125,-58.421728696498455,69.2,13.6,ok
V0068,2026-05-01T11:53:40+00:00,-34.605273371045016,-58.360267880417986,64.5,33.4,ok
V0011,2026-05-01T11:53:51+00:00,-34.609885865696484,-58.3405367798133,54.8,20.1,idle
V0070,2026-05-01T11:54:02+00:00,-34.636408841599675,-58.35816771607389,71.7,22.9,ok
V0015,2026-05-01T11:54:15+00:00,-34.62927091286275,-58.3862074211489,61.1,23.4,idle
V0057,2026-05-01T11:54:30+00:00,-34.59049918669004,-58.36969046548884,63.9,27.9,ok
V0020,2026-05-01T11:54:42+00:00,-34.57410998674957,-58.40697205343429,95.2,25.6,ok
V0027,2026-05-01T11:54:49+00:00,-34.63769553198782,-58.35596378682955,70.7,21.3,ok
V0006,2026-05-01T11:55:03+00:00,-34.57322877235683,-58.40601699211465,48.4,27.2,ok
V0062,2026-05-01T11:55:19+00:00,-34.64300342729884,-58.383631062733144,65.7,28.8,ok
V0019,2026-05-01T11:55:28+00:00,-34.57810623826524,-58.344512592809984,69.5,19.3,idle
V0009,2026-05-01T11:55:42+00:00,-34.63679417615806,-58.362821400157166,89.8,14.2,ok
V0045,2026-05-01T11:55:56+00:00,-34.61291117653837,-58.382030972072286,83.6,19.8,idle
V0019,2026-05-01T11:56:02+00:00,-34.59585868444536,-58.407489364070365,52.1,15.2,ok
V0065,2026-05-01T11:56:19+00:00,-34.577237474166324,-58.342533003971425,72.1,12.0,idle
V0054,2026-05-01T11:56:29+00:00,-34.57522134614956,-58.408110247635385,65.2,9.7,ok
V0058,2026-05-01T11:56:36+00:00,-34.588547542148916,-58.42267154154137,85.9,23.7,ok
V0064,2026-05-01T11:56:53+00:00,-34.62795476415674,-58.416605587917715,61.1,15.4,ok
V0046,2026-05-01T11:57:05+00:00,-34.58997311154485,-58.422241315664756,62.6,21.9,ok
V0008,2026-05-01T11:57:15+00:00,-34.58708909228418,-58.420812023311406,58.5,20.4,ok
V0033,2026-05-01T11:57:32+00:00,-34.61347139846234,-58.38941720319388,62.7,20.5,idle
V0065,2026-05-01T11:57:36+00:00,-34.61296651887591,-58.34149974623853,68.1,17.8,idle
V0020,2026-05-01T11:57:54+00:00,-34.613424981748686,-58.390156305989755,44.2,12.0,ok
V0021,2026-05-01T11:58:04+00:00,-34.58779334832112,-58.42303931613929,26.1,26.1,ok
V0017,2026-05-01T11:58:12+00:00,-34.5898494424712,-58.42046777586729,73.0,13.3,ok
V0057,2026-05-01T11:58:26+00:00,-34.62667849960477,-58.388205348008974,77.8,11.6,ok
V0039,2026-05-01T11:58:41+00:00,-34.63626950704886,-58.359007924007095,100.0,19.1,ok
V0049,2026-05-01T11:58:48+00:00,-34.6323962366296,-58.38411903953305,65.5,17.9,ok
V0024,2026-05-01T11:59:04+00:00,-34.60374031037845,-58.35187521953797,60.2,34.5,ok
V0057,2026-05-01T11:59:20+00:00,-34.606365426161936,-58.360547525351,40.7,22.3,ok
V0050,2026-05-01T11:59:29+00:00,-34.638058303573416,-58.35663792099004,80.2,30.9,ok
V0032,2026-05-01T11:59:37+00:00,-34.58885983117805,-58.4192302653171,79.5,9.9,ok
V0048,2026-05-01T11:59:52+00:00,-34.60565684841702,-58.357300995358095,69.4,15.9,ok
V0057,2026-05-01T12:00:04+00:00,-34.63694918733875,-58.3590675853459,80.9,24.5,idle
V0025,2026-05-01T12:00:18+00:00,-34.64335782705309,-58.38271946692707,47.4,26.2,ok
V0045,2026-05-01T12:00:31+00:00,-34.60413338018907,-58.35164496163926,61.9,19.3,ok
V0030,2026-05-01T12:00:38+00:00,-34.61637852334451,-58.382115391703714,55.5,9.5,ok
V0050,2026-05-01T12:00:52+00:00,-34.59553195015494,-58.40634802437178,83.9,28.1,idle
V0053,2026-05-01T12:01:01+00:00,-34.62509868154532,-58.38877584783949,78.5,18.7,idle
V0058,2026-05-01T12:01:13+00:00,-34.62923731386662,-58.416658631176894,16.6,14.9,battery_low
V0001,2026-05-01T12:01:30+00:00,-34.630170356819,-58.38545168411494,96.7,14.0,idle
V0079,2026-05-01T12:01:42+00:00,-34.62528014371391,-58.4030414976703,37.6,30.0,ok
V0058,2026-05-01T12:01:55+00:00,-34.6049543038084,-58.35033344197328,66.1,16.4,ok
V0049,2026-05-01T12:02:06+00:00,-34.63768869005097,-58.35878750238607,80.4,27.8,ok
V0001,2026-05-01T12:02:14+00:00,-34.628732307605944,-58.4143546208822,42.9,20.5,ok
V0063,2026-05-01T12:02:27+00:00,-34.604359258763076,-58.35952399876295,36.2,15.7,ok
V0064,2026-05-01T12:02:40+00:00,-34.60335576035995,-58.3524156306533,86.8,25.8,ok
V0036,2026-05-01T12:02:50+00:00,-34.56711447867852,-58.414181838217715,44.8,31.5,idle
V0044,2026-05-01T12:03:05+00:00,-34.630507665379085,-58.38571305071428,44.9,14.3,idle
V0025,2026-05-01T12:03:16+00:00,-34.57956507762856,-58.343812541572916,64.6,19.9,idle
V0052,2026-05-01T12:03:24+00:00,-34.62820676351225,-58.385937880145654,63.6,20.3,ok
V0059,2026-05-01T12:03:39+00:00,-34.570647074452225,-58.37700873569351,68.3,13.7,ok
V0009,2026-05-01T12:03:56+00:00,-34.598361982468745,-58.404258135742566,37.8,21.9,ok
V0039,2026-05-01T12:04:04+00:00,-34.575675156935844,-58.40837691980834,77.9,24.6,ok
V0054,2026-05-01T12:04:18+00:00,-34.61380777874515,-58.38492352528245,76.2,20.4,ok
V0061,2026-05-01T12:04:24+00:00,-34.62969552729355,-58.415602093410186,44.9,18.3,ok
V0014,2026-05-01T12:04:41+00:00,-34.57978175778681,-58.34259569556924,78.6,15.7,ok
V0037,2026-05-01T12:04:50+00:00,-34.57112483493453,-58.38510667575453,48.0,30.3,idle
V0025,2026-05-01T12:05:07+00:00,-34.57703630166301,-58.34349824135975,74.7,24.5,ok
V0013,2026-05-01T12:05:16+00:00,-34.605258585913376,-58.36026960316601,50.9,22.5,ok
V0016,2026-05-01T12:05:27+00:00,-34.572904377036906,-58.375268806918754,72.8,17.4,idle
V0012,2026-05-01T12:05:43+00:00,-34.58867436489413,-58.42244607182643,38.1,19.3,ok
V0026,2026-05-01T12:05:51+00:00,-34.62902860111746,-58.38488425459061,73.2,21.4,ok
V0013,2026-05-01T12:06:06+00:00,-34.61064238848426,-58.392916373450724,71.0,17.0,ok
V0040,2026-05-01T12:06:16+00:00,-34.62323363302474,-58.357771069759345,49.7,7.3,ok
V0054,2026-05-01T12:06:27+00:00,-34.58006764518379,-58.34456758459756,62.9,26.3,ok
V0062,2026-05-01T12:06:38+00:00,-34.61030275010267,-58.39244389279214,79.8,21.2,idle
V0075,2026-05-01T12:06:53+00:00,-34.58680743790318,-58.42199157897465,66.5,10.4,ok
V0035,2026-05-01T12:07:04+00:00,-34.63732143082408,-58.361921427373574,88.6,28.1,ok
V0021,2026-05-01T12:07:18+00:00,-34.63439640759796,-58.35673605820126,57.6,24.6,idle
V0044,2026-05-01T12:07:30+00:00,-34.57233323995818,-58.40743758904005,51.4,19.0,ok
V0026,2026-05-01T12:07:43+00:00,-34.60450133476217,-58.359689488893046,79.7,17.7,ok
V0025,2026-05-01T12:07:50+00:00,-34.6413673033105,-58.38293337320262,58.7,23.7,ok
V0013,2026-05-01T12:08:03+00:00,-34.585618195317736,-58.42190841182751,76.8,19.9,ok
V0005,2026-05-01T12:08:19+00:00,-34.57412538448067,-58.40787076526991,55.6,17.3,ok
V0055,2026-05-01T12:08:25+00:00,-34.62547594038785,-58.38803248258277,87.5,20.7,idle
V0014,2026-05-01T12:08:39+00:00,-34.57653557930866,-58.34277087340877,39.6,17.1,ok
V0071,2026-05-01T12:08:54+00:00,-34.64475706710431,-58.384356020902345,38.4,10.2,ok
V0078,2026-05-01T12:09:07+00:00,-34.63426542546502,-58.35675896923865,62.9,22.2,ok
V0032,2026-05-01T12:09:16+00:00,-34.627583911770394,-58.41607181580472,78.7,23.7,idle
V0058,2026-05-01T12:09:31+00:00,-34.58779199106392,-58.42178132845748,67.2,18.0,idle
V0059,2026-05-01T12:09:36+00:00,-34.63734947570273,-58.35932900029746,83.1,21.9,ok
V0044,2026-05-01T12:09:51+00:00,-34.59694920246058,-58.40620462903953,68.8,23.5,ok
V0051,2026-05-01T12:10:01+00:00,-34.62627578644272,-58.35696631265352,65.2,17.1,ok
V0042,2026-05-01T12:10:12+00:00,-34.61280960735491,-58.38472509867583,54.6,18.3,ok
V0023,2026-05-01T12:10:32+00:00,-34.62553929481175,-58.370680441174905,79.2,26.0,ok
V0055,2026-05-01T12:10:38+00:00,-34.56510740600766,-58.41458676840753,81.8,27.9,idle
V0034,2026-05-01T12:10:51+00:00,-34.571771620221384,-58.38465489526575,47.6,24.4,ok
V0048,2026-05-01T12:11:01+00:00,-34.57743356533481,-58.3407682351666,31.5,22.7,ok
V0011,2026-05-01T12:11:12+00:00,-34.56406477121241,-58.416726173798246,77.8,23.1,ok
V0073,2026-05-01T12:11:32+00:00,-34.57535592192844,-58.40841276398892,45.0,13.9,idle
V0007,2026-05-01T12:11:37+00:00,-34.58958708549505,-58.42162544512355,55.9,26.1,ok
V0072,2026-05-01T12:11:52+00:00,-34.60502208802318,-58.35302075603103,57.3,23.0,ok
V0000,2026-05-01T12:12:07+00:00,-34.622905187243425,-58.35831583093935,48.3,25.8,idle
V0065,2026-05-01T12:12:17+00:00,-34.62809071258642,-58.40408230523987,62.9,19.4,idle
V0077,2026-05-01T12:12:29+00:00,-34.63030128147665,-58.4165740088027,62.2,13.3,ok
V0025,2026-05-01T12:12:42+00:00,-34.576478232808775,-58.34095074974273,57.7,28.5,ok
V0016,2026-05-01T12:12:50+00:00,-34.59027133833504,-58.36937764738839,61.3,10.4,ok
V0052,2026-05-01T12:13:08+00:00,-34.596649345857905,-58.407890054417415,67.7,29.2,idle
V0034,2026-05-01T12:13:13+00:00,-34.58824886240264,-58.42248479666593,75.3,24.2,idle
V0052,2026-05-01T12:13:27+00:00,-34.56767241497389,-58.41707228177763,84.9,20.5,ok
V0056,2026-05-01T12:13:43+00:00,-34.627068318612906,-58.40557016917768,78.3,22.1,ok
V0079,2026-05-01T12:13:48+00:00,-34.63770428196842,-58.37445435229058,56.7,25.4,idle
V0027,2026-05-01T12:14:08+00:00,-34.612189419805176,-58.389556301785454,56.7,21.8,ok
V0028,2026-05-01T12:14:12+00:00,-34.61052724983634,-58.340649611595914,54.8,23.0,ok
V0022,2026-05-01T12:14:25+00:00,-34.62518265937961,-58.38554505225803,27.5,24.4,idle
V0034,2026-05-01T12:14:38+00:00,-34.57744857560945,-58.34365760945064,68.0,19.5,ok
V0065,2026-05-01T12:14:51+00:00,-34.57975378175257,-58.340940805141344,82.1,30.9,ok
V0024,2026-05-01T12:15:08+00:00,-34.60483054724036,-58.36049367925748,41.8,14.3,ok
V0048,2026-05-01T12:15:18+00:00,-34.62523194488256,-58.3589156831354,57.0,20.5,ok
V0030,2026-05-01T12:15:29+00:00,-34.61171166430742,-58.39297905425023,81.2,15.1,idle
V0048,2026-05-01T12:15:36+00:00,-34.579532713707245,-58.34240057931726,34.7,16.0,ok
V0057,2026-05-01T12:15:50+00:00,-34.56572091305876,-58.41465542576456,89.1,23.1,ok
V0009,2026-05-01T12:16:08+00:00,-34.62469694807815,-58.35969141235915,72.4,23.9,ok
V0002,2026-05-01T12:16:18+00:00,-34.63019640371816,-58.38513006273312,63.3,10.0,ok
V0004,2026-05-01T12:16:25+00:00,-34.60467726489243,-58.34973630067651,59.6,16.3,ok
V0024,2026-05-01T12:16:36+00:00,-34.58963048451924,-58.42255798853778,22.1,15.8,idle
V0048,2026-05-01T12:16:50+00:00,-34.636523421726714,-58.35676451987916,34.5,11.9,ok
V0018,2026-05-01T12:17:00+00:00,-34.643814075715596,-58.38329110328248,64.9,20.0,idle
V0070,2026-05-01T12:17:12+00:00,-34.61351894734386,-58.38567260462495,59.3,20.9,idle
V0000,2026-05-01T12:17:28+00:00,-34.6444585410121,-58.38413232067852,61.5,27.8,ok
V0049,2026-05-01T12:17:40+00:00,-34.637784631370536,-58.373818567830725,73.8,17.5,idle
V0072,2026-05-01T12:17:54+00:00,-34.61464581630043,-58.384701890354265,79.8,22.7,idle
V0046,2026-05-01T12:18:06+00:00,-34.61316610852701,-58.39121071643476,100.0,14.6,idle
V0035,2026-05-01T12:18:13+00:00,-34.61205581152942,-58.3433638403565,83.1,29.2,ok
V0033,2026-05-01T12:18:28+00:00,-34.604409105233074,-58.35023024594238,100.0,19.1,ok
V0002,2026-05-01T12:18:40+00:00,-34.61309788114103,-58.389726881847146,79.8,15.2,ok
V0069,2026-05-01T12:18:52+00:00,-34.62551361068534,-58.404884254987444,81.6,14.0,idle
V0030,2026-05-01T12:19:06+00:00,-34.57517816763005,-58.40549872329857,69.9,16.3,idle
V0032,2026-05-01T12:19:13+00:00,-34.613989696800196,-58.38509095773645,78.5,11.0,ok
V0075,2026-05-01T12:19:26+00:00,-34.57159002153551,-58.37504964017076,68.7,10.8,ok
V0023,2026-05-01T12:19:44+00:00,-34.63100161619118,-58.416583075439746,74.5,30.4,idle
V0036,2026-05-01T12:19:55+00:00,-34.61231455447624,-58.342607609202894,64.9,36.2,idle
V0072,2026-05-01T12:20:00+00:00,-34.615423360165764,-58.38213571993433,64.6,8.6,idle
V0025,2026-05-01T12:20:14+00:00,-34.6121729527377,-58.39286087595821,56.6,21.0,ok
V0025,2026-05-01T12:20:32+00:00,-34.641496514124995,-58.38495895971367,49.7,24.3,ok
V0062,2026-05-01T12:20:44+00:00,-34.61490727116142,-58.385190088063325,31.2,16.0,ok
V0070,2026-05-01T12:20:52+00:00,-34.626842913278466,-58.38553209059772,70.6,35.7,ok
V0042,2026-05-01T12:21:00+00:00,-34.564289248530386,-58.41509990427294,55.2,26.6,ok
V0069,2026-05-01T12:21:18+00:00,-34.6311402273688,-58.416669641037515,50.5,12.6,ok
V0046,2026-05-01T12:21:29+00:00,-34.63790853415068,-58.37583107893697,100.0,25.1,ok
V0025,2026-05-01T12:21:42+00:00,-34.60938716925532,-58.34359015896138,61.1,26.8,ok
V0066,2026-05-01T12:21:51+00:00,-34.56997844643414,-58.382581760355514,51.2,19.1,ok
V0065,2026-05-01T12:22:02+00:00,-34.63718870504009,-58.35655385109248,22.9,16.0,ok
V0058,2026-05-01T12:22:20+00:00,-34.63766529123458,-58.35886645586122,14.1,28.4,battery_low
V0064,2026-05-01T12:22:30+00:00,-34.62913588812811,-58.384837858508526,86.9,20.9,ok
V0041,2026-05-01T12:22:41+00:00,-34.63037518211196,-58.4171119545455,87.3,21.0,ok
V0023,2026-05-01T12:22:51+00:00,-34.637062756504804,-58.36329912013314,94.3,22.7,ok
V0014,2026-05-01T12:23:08+00:00,-34.579304614134166,-58.342639208799525,51.1,23.7,ok
V0011,2026-05-01T12:23:14+00:00,-34.63028636061121,-58.417926024046686,64.1,25.5,idle
V0028,2026-05-01T12:23:27+00:00,-34.602209488350766,-58.350863882406074,39.1,24.2,ok
V0072,2026-05-01T12:23:38+00:00,-34.5983294368386,-58.40783956118115,59.6,25.4,ok
V0018,2026-05-01T12:23:56+00:00,-34.58695507491745,-58.42118526782158,67.7,29.8,ok
V0074,2026-05-01T12:24:00+00:00,-34.63181091823695,-58.38749519412713,82.8,20.5,ok
V0051,2026-05-01T12:24:20+00:00,-34.62493487819445,-58.40289400007759,63.5,23.1,idle
V0001,2026-05-01T12:24:29+00:00,-34.61158859543627,-58.38960522611521,60.9,26.0,ok
V0058,2026-05-01T12:24:42+00:00,-34.604958086827935,-58.35123375990965,81.2,17.0,idle
V0013,2026-05-01T12:24:49+00:00,-34.629055756632006,-58.386754229099964,90.7,21.8,ok
V0007,2026-05-01T12:25:03+00:00,-34.64510238297319,-58.384679436743774,35.8,16.9,ok
V0045,2026-05-01T12:25:18+00:00,-34.588617270330644,-58.4215048049801,87.3,27.4,ok
V0002,2026-05-01T12:25:28+00:00,-34.63136269655902,-58.384797345455944,37.0,23.3,ok
V0047,2026-05-01T12:25:39+00:00,-34.587799081951495,-58.369254808401,52.4,18.3,ok
V0014,2026-05-01T12:25:51+00:00,-34.59045396660728,-58.36901687401502,62.8,9.1,ok
V0045,2026-05-01T12:26:02+00:00,-34.57982399449107,-58.34450762551612,67.8,31.0,idle
V0028,2026-05-01T12:26:20+00:00,-34.614078535749194,-58.39259987117697,31.3,28.0,ok
V0003,2026-05-01T12:26:24+00:00,-34.599199052993896,-58.404282505291384,62.4,14.1,ok
V0056,2026-05-01T12:26:37+00:00,-34.59059608796773,-58.36741634145522,74.9,19.4,ok
V0050,2026-05-01T12:26:54+00:00,-34.61288128707294,-58.39037944185464,73.8,23.8,idle
V0000,2026-05-01T12:27:00+00:00,-34.628653669396854,-58.4181148004482,60.9,15.6,ok
V0053,2026-05-01T12:27:15+00:00,-34.61251125598779,-58.39143919827305,71.7,18.0,ok
V0030,2026-05-01T12:27:31+00:00,-34.566994678753275,-58.41572266326235,69.8,15.2,ok
V0014,2026-05-01T12:27:39+00:00,-34.568349072885965,-58.384180738117834,82.8,20.0,idle
V0010,2026-05-01T12:27:55+00:00,-34.587264321188016,-58.42075477338277,59.4,16.3,idle
V0076,2026-05-01T12:28:06+00:00,-34.62997098059722,-58.41746743809365,81.7,21.4,idle
V0009,2026-05-01T12:28:15+00:00,-34.58780471335159,-58.42269519570368,61.6,22.9,ok
V0058,2026-05-01T12:28:28+00:00,-34.634200260323745,-58.35696150849288,61.2,13.3,ok
V0025,2026-05-01T12:28:44+00:00,-34.62374978127222,-58.35826498388306,76.7,12.1,idle
V0008,2026-05-01T12:28:48+00:00,-34.644820686204795,-58.38386726075818,56.6,11.6,ok
V0044,2026-05-01T12:29:07+00:00,-34.628249378212345,-58.41761827459258,100.0,14.0,ok
V0023,2026-05-01T12:29:15+00:00,-34.636267443272885,-58.35972533023482,60.5,16.6,ok
V0078,2026-05-01T12:29:31+00:00,-34.635839723605066,-58.35613460750596,60.5,23.3,ok
V0030,2026-05-01T12:29:43+00:00,-34.62677570793449,-58.367842375139986,69.1,17.3,ok
V0013,2026-05-01T12:29:55+00:00,-34.56924036033814,-58.38329128508477,38.4,13.1,idle
V0024,2026-05-01T12:30:08+00:00,-34.60456561074019,-58.35852382181679,72.7,29.3,idle
V0010,2026-05-01T12:30:12+00:00,-34.62727875187474,-58.38854976853985,62.4,28.3,ok
V0047,2026-05-01T12:30:32+00:00,-34.63185210441967,-58.38794647846812,57.7,21.9,ok
V0037,2026-05-01T12:30:43+00:00,-34.610767693044735,-58.39102461829429,44.3,21.5,ok
V0062,2026-05-01T12:30:48+00:00,-34.58915443324205,-58.36815607694484,35.8,15.6,ok
V0003,2026-05-01T12:31:04+00:00,-34.615745209306134,-58.38503693820588,51.5,25.7,idle
V0020,2026-05-01T12:31:12+00:00,-34.576196306835975,-58.40580561252312,33.3,27.2,ok
V0067,2026-05-01T12:31:27+00:00,-34.62553159460678,-58.357595090800146,58.1,20.5,idle
V0079,2026-05-01T12:31:37+00:00,-34.56755048753597,-58.416085765034424,38.1,18.3,ok
V0070,2026-05-01T12:31:53+00:00,-34.61316110215,-58.38286266611382,42.4,25.8,ok
V0021,2026-05-01T12:32:07+00:00,-34.575106679233116,-58.40822304693687,74.1,21.7,idle
V0076,2026-05-01T12:32:17+00:00,-34.64170905974208,-58.38532936006942,89.4,19.8,idle
V0006,2026-05-01T12:32:26+00:00,-34.615953057955444,-58.38276025759578,80.2,29.2,idle
V0039,2026-05-01T12:32:36+00:00,-34.62867702180061,-58.38681744080963,88.3,23.7,idle
V0021,2026-05-01T12:32:54+00:00,-34.58945589318995,-58.41979407939206,42.9,22.9,ok
V0016,2026-05-01T12:33:03+00:00,-34.62516009177318,-58.359579994017395,100.0,14.8,ok
V0078,2026-05-01T12:33:20+00:00,-34.644952240444916,-58.384210553952926,68.0,16.1,idle
V0075,2026-05-01T12:33:31+00:00,-34.627248335637915,-58.36893586263367,64.8,11.3,ok
V0061,2026-05-01T12:33:44+00:00,-34.56580458733998,-58.416457090045576,88.3,22.7,ok
V0056,2026-05-01T12:33:50+00:00,-34.57228718717597,-58.408057934157014,71.6,11.8,idle
V0065,2026-05-01T12:34:05+00:00,-34.59681638300846,-58.40418033746564,40.2,22.2,idle
V0078,2026-05-01T12:34:20+00:00,-34.58925893991056,-58.42038130962214,67.2,20.9,idle
V0034,2026-05-01T12:34:31+00:00,-34.58657101605246,-58.4226718761766,58.7,20.2,ok
V0029,2026-05-01T12:34:36+00:00,-34.62951551533866,-58.415417007228385,89.6,23.5,idle
V0010,2026-05-01T12:34:49+00:00,-34.60433911076618,-58.36066393795311,68.5,18.0,ok
V0019,2026-05-01T12:35:04+00:00,-34.590756819277885,-58.368639174751415,99.2,13.2,idle
V0046,2026-05-01T12:35:18+00:00,-34.61472653729067,-58.38306926598498,64.6,30.4,ok
V0034,2026-05-01T12:35:28+00:00,-34.62857150631774,-58.41619788966706,76.4,29.4,ok
V0065,2026-05-01T12:35:42+00:00,-34.58747466903588,-58.36679940011359,52.1,26.1,ok
V0054,2026-05-01T12:35:52+00:00,-34.61323679201232,-58.34357556768362,55.0,13.5,idle
V0065,2026-05-01T12:36:06+00:00,-34.56949560128918,-58.385252082458564,45.8,14.4,ok
V0077,2026-05-01T12:36:13+00:00,-34.62876260005341,-58.38531975949079,59.0,16.1,ok
V0022,2026-05-01T12:36:31+00:00,-34.56608335941026,-58.4145467401217,72.1,21.3,ok
V0011,2026-05-01T12:36:40+00:00,-34.57761548607698,-58.34345220448576,48.7,13.8,ok
V0067,2026-05-01T12:36:53+00:00,-34.60392318975796,-58.35724282192995,77.3,14.9,ok
V0013,2026-05-01T12:37:01+00:00,-34.571692479086956,-58.38452619069656,63.1,25.1,ok
V0070,2026-05-01T12:37:19+00:00,-34.623740754901995,-58.35806984402299,71.0,20.8,ok
V0079,2026-05-01T12:37:31+00:00,-34.629030901823164,-58.3863556715545,38.0,16.1,ok
V0022,2026-05-01T12:37:43+00:00,-34.62994906535594,-58.38490553996698,61.7,12.5,ok
V0036,2026-05-01T12:37:48+00:00,-34.6381921738835,-58.36167640014315,45.5,23.0,idle
V0039,2026-05-01T12:38:04+00:00,-34.60395175280722,-58.35257630048857,75.0,29.5,ok
V0029,2026-05-01T12:38:19+00:00,-34.5707277173873,-58.38228840687907,53.1,27.2,ok
V0048,2026-05-01T12:38:29+00:00,-34.63007922170579,-58.38549266467893,68.4,27.1,ok
V0012,2026-05-01T12:38:44+00:00,-34.644189374056964,-58.386129313393916,72.7,17.5,ok
V0075,2026-05-01T12:38:55+00:00,-34.58705602297995,-58.41978499381338,58.8,14.2,ok
V0074,2026-05-01T12:39:07+00:00,-34.64430514604574,-58.38425780714617,67.9,11.2,ok
V0060,2026-05-01T12:39:20+00:00,-34.58669142729864,-58.42062950882441,60.4,10.2,ok
V0018,2026-05-01T12:39:26+00:00,-34.59846335121431,-58.40402256939196,99.1,16.9,ok
V0055,2026-05-01T12:39:36+00:00,-34.63803523868386,-58.37721519539268,58.4,19.7,ok
V0014,2026-05-01T12:39:54+00:00,-34.629874583330704,-58.3874282753369,54.2,27.3,ok
V0038,2026-05-01T12:40:02+00:00,-34.57037975689097,-58.3827402910428,82.7,12.4,idle
V0060,2026-05-01T12:40:12+00:00,-34.63673581812892,-58.36375482491614,43.3,20.5,ok
V0079,2026-05-01T12:40:26+00:00,-34.637817894474885,-58.356498271997,48.0,32.0,ok
V0062,2026-05-01T12:40:39+00:00,-34.62855087681526,-58.41763857189699,57.8,24.5,ok
V0011,2026-05-01T12:40:52+00:00,-34.63108066532507,-58.386121226714955,76.9,22.1,ok
V0037,2026-05-01T12:41:01+00:00,-34.57250804239183,-58.37482634363467,39.0,25.9,idle
V0073,2026-05-01T12:41:18+00:00,-34.630262774889474,-58.38516029305407,55.7,25.4,idle
V0059,2026-05-01T12:41:28+00:00,-34.63858994839499,-58.374811540084764,71.5,14.6,ok
V0056,2026-05-01T12:41:44+00:00,-34.630839369712504,-58.41568820372819,72.1,19.3,ok
V0052,2026-05-01T12:41:48+00:00,-34.570169843165694,-58.384082629667084,50.5,22.1,idle
V0017,2026-05-01T12:42:08+00:00,-34.63990090555284,-58.37583935705204,77.3,15.3,ok
V0062,2026-05-01T12:42:16+00:00,-34.57348734209142,-58.40610695101006,49.3,19.0,ok
V0001,2026-05-01T12:42:27+00:00,-34.573270766589765,-58.408608456033676,64.2,29.6,ok
V0033,2026-05-01T12:42:37+00:00,-34.64351169064057,-58.38567487882658,72.7,23.4,ok
V0050,2026-05-01T12:42:51+00:00,-34.63955785990185,-58.3746935036812,57.7,25.6,ok
V0079,2026-05-01T12:43:08+00:00,-34.60959484330425,-58.34115671924993,63.7,25.2,ok
V0031,2026-05-01T12:43:20+00:00,-34.58869127043942,-58.42163124135347,70.7,19.4,ok
V0037,2026-05-01T12:43:25+00:00,-34.62496887718397,-58.35786285885414,70.3,13.2,ok
V0051,2026-05-01T12:43:42+00:00,-34.624960548280704,-58.36848167582659,73.9,21.8,ok
V0072,2026-05-01T12:43:49+00:00,-34.60348269084841,-58.35723487462945,74.2,18.4,ok
V0052,2026-05-01T12:44:03+00:00,-34.628671505716554,-58.37105434067068,63.6,25.5,idle
V0050,2026-05-01T12:44:18+00:00,-34.6024055433302,-58.353027609011676,48.2,19.3,ok
V0020,2026-05-01T12:44:28+00:00,-34.604986897175394,-58.35256501979236,66.9,13.2,ok
V0065,2026-05-01T12:44:44+00:00,-34.601927453111216,-58.35072898745836,60.9,34.8,idle
V0026,2026-05-01T12:44:49+00:00,-34.591000901638516,-58.42224278378785,83.1,14.8,ok
V0068,2026-05-01T12:45:07+00:00,-34.5668099952286,-58.41475809088676,90.2,15.4,ok
V0009,2026-05-01T12:45:16+00:00,-34.604347395551436,-58.34965212953963,100.0,27.6,ok
V0078,2026-05-01T12:45:26+00:00,-34.63688596014018,-58.356046145219324,40.8,24.6,ok
V0005,2026-05-01T12:45:39+00:00,-34.57383437627542,-58.374487948481736,57.5,21.5,ok
V0070,2026-05-01T12:45:54+00:00,-34.611138712187255,-58.39141731972425,46.7,25.3,ok
V0030,2026-05-01T12:46:00+00:00,-34.605027703207384,-58.35176148211637,64.5,22.4,ok
V0074,2026-05-01T12:46:16+00:00,-34.63853226562979,-58.374011324915195,74.5,17.3,ok
V0005,2026-05-01T12:46:31+00:00,-34.57408999836147,-58.40658314927159,59.8,10.4,idle
V0012,2026-05-01T12:46:43+00:00,-34.636995999867345,-58.3761909156272,77.4,34.0,ok
V0010,2026-05-01T12:46:54+00:00,-34.58561771197359,-58.42234070335305,76.6,22.2,ok
V0067,2026-05-01T12:47:07+00:00,-34.625600409714366,-58.35645284581077,53.4,22.5,ok
V0063,2026-05-01T12:47:15+00:00,-34.56486005267844,-58.41781922401673,70.6,19.9,ok
V0017,2026-05-01T12:47:25+00:00,-34.61312748232617,-58.39150977713908,85.9,11.9,idle
V0035,2026-05-01T12:47:40+00:00,-34.602500173928135,-58.352221320849615,77.7,7.8,idle
V0000,2026-05-01T12:47:48+00:00,-34.58820668280853,-58.41946931098582,56.0,15.3,ok
V0073,2026-05-01T12:48:03+00:00,-34.6350432656073,-58.359726598279316,63.6,21.9,ok
V0048,2026-05-01T12:48:12+00:00,-34.5759674579213,-58.40538497173904,56.2,17.9,ok
V0001,2026-05-01T12:48:32+00:00,-34.61163014163004,-58.39171091143859,69.2,16.2,ok
V0024,2026-05-01T12:48:44+00:00,-34.564514383621884,-58.41552466711875,94.2,17.9,idle
V0078,2026-05-01T12:48:52+00:00,-34.60296704083071,-58.35838248209592,51.1,31.2,ok
V0045,2026-05-01T12:49:05+00:00,-34.612002084444,-58.391560736796855,65.2,24.3,idle
V0035,2026-05-01T12:49:15+00:00,-34.632534140805724,-58.38692276326335,73.4,24.3,ok
V0026,2026-05-01T12:49:30+00:00,-34.579866719494795,-58.34248465374963,52.4,21.6,ok
V0010,2026-05-01T12:49:44+00:00,-34.59918843849397,-58.40799202986839,61.9,30.2,ok
V0052,2026-05-01T12:49:54+00:00,-34.634467293078465,-58.35758008858714,49.8,22.4,ok
V0043,2026-05-01T12:50:01+00:00,-34.62778844912752,-58.416820478687605,82.9,29.1,idle
V0016,2026-05-01T12:50:15+00:00,-34.603552711238486,-58.353435941344856,77.7,28.7,idle
V0024,2026-05-01T12:50:32+00:00,-34.62692732474807,-58.36782777458199,67.4,26.2,ok
V0005,2026-05-01T12:50:38+00:00,-34.613066340123254,-58.383436167142925,43.9,14.7,ok
V0050,2026-05-01T12:50:54+00:00,-34.625480503013655,-58.35634206695243,74.4,12.9,ok
V0063,2026-05-01T12:51:06+00:00,-34.57669546707004,-58.344549308090215,50.6,28.4,idle
V0077,2026-05-01T12:51:13+00:00,-34.62720747509571,-58.403428870386755,41.0,29.1,ok
V0068,2026-05-01T12:51:26+00:00,-34.63428129776712,-58.35772716721502,71.3,8.6,ok
V0012,2026-05-01T12:51:38+00:00,-34.62745341402259,-58.4024262846505,78.8,23.3,ok
V0030,2026-05-01T12:51:56+00:00,-34.572563022864685,-58.40773642104477,45.4,20.0,idle
V0020,2026-05-01T12:52:05+00:00,-34.57060889314055,-58.38272378584421,72.5,13.3,ok
V0059,2026-05-01T12:52:14+00:00,-34.57337507438181,-58.3777105585342,84.6,16.8,idle
V0052,2026-05-01T12:52:31+00:00,-34.61081529069212,-58.34109421321337,63.6,17.6,idle
V0046,2026-05-01T12:52:42+00:00,-34.6155104630374,-58.38506544201315,61.6,17.4,ok
V0021,2026-05-01T12:52:56+00:00,-34.63705072545342,-58.36161788656345,80.6,29.5,ok
V0053,2026-05-01T12:53:06+00:00,-34.625932444870344,-58.36763667535033,37.6,22.6,ok
V0023,2026-05-01T12:53:15+00:00,-34.57078157807095,-58.37593334711643,81.2,27.8,idle
V0016,2026-05-01T12:53:26+00:00,-34.64483263469474,-58.384135393222444,72.1,24.5,ok
V0064,2026-05-01T12:53:41+00:00,-34.57598996058108,-58.4077576941941,68.2,23.7,ok
V0078,2026-05-01T12:53:56+00:00,-34.56669515127887,-58.4151433238895,65.1,18.7,ok
V0078,2026-05-01T12:54:07+00:00,-34.61230059723354,-58.342548479881316,67.9,28.4,idle
V0019,2026-05-01T12:54:17+00:00,-34.58948571546349,-58.37019708561751,60.1,26.8,ok
V0031,2026-05-01T12:54:30+00:00,-34.625370808894395,-58.38721158038292,82.4,30.8,idle
V0077,2026-05-01T12:54:44+00:00,-34.588374740088724,-58.367237093246054,61.7,13.5,ok
V0055,2026-05-01T12:54:51+00:00,-34.58873343221626,-58.42069925707051,52.6,16.3,ok
V0044,2026-05-01T12:55:05+00:00,-34.62637230831472,-58.385840907999444,79.2,16.6,ok
V0078,2026-05-01T12:55:20+00:00,-34.62761968549577,-58.37136211229956,89.4,18.1,idle
V0074,2026-05-01T12:55:27+00:00,-34.58832878360459,-58.37032324305098,64.7,25.5,ok
V0067,2026-05-01T12:55:40+00:00,-34.64195173405729,-58.38611067482874,62.4,23.7,ok
V0072,2026-05-01T12:55:49+00:00,-34.57876899250208,-58.34244306387403,58.1,31.5,ok
V0040,2026-05-01T12:56:07+00:00,-34.60235383257924,-58.35270729268324,87.7,11.6,ok
V0022,2026-05-01T12:56:14+00:00,-34.604000933480435,-58.359556879248814,66.8,17.5,ok
V0049,2026-05-01T12:56:26+00:00,-34.57031440250956,-58.38291471475859,56.7,13.7,ok
V0031,2026-05-01T12:56:40+00:00,-34.57276293957835,-58.377718699449424,67.1,29.5,ok
V0056,2026-05-01T12:56:56+00:00,-34.64250474229259,-58.383249249876066,34.6,18.1,ok
V0016,2026-05-01T12:57:06+00:00,-34.627595748035354,-58.40318420747116,100.0,19.9,idle
V0034,2026-05-01T12:57:12+00:00,-34.62734825273962,-58.40307531876579,49.1,23.5,ok
V0017,2026-05-01T12:57:27+00:00,-34.570859771198336,-58.385905973223316,72.5,16.3,ok
V0026,2026-05-01T12:57:40+00:00,-34.58738436947286,-58.36978109907464,56.7,30.8,ok
V0067,2026-05-01T12:57:52+00:00,-34.56795725656188,-58.417883361004144,57.4,22.8,ok
V0061,2026-05-01T12:58:00+00:00,-34.58991386958633,-58.419317131218854,67.2,18.2,idle
V0067,2026-05-01T12:58:16+00:00,-34.62550487747131,-58.356934519748705,48.0,30.0,idle
V0064,2026-05-01T12:58:27+00:00,-34.56955124087365,-58.3837454109294,39.6,12.5,ok
V0044,2026-05-01T12:58:44+00:00,-34.604125913326754,-58.35078114118806,100.0,24.8,ok
V0004,2026-05-01T12:58:48+00:00,-34.57381268781586,-58.40868831041204,68.2,16.3,ok
V0077,2026-05-01T12:59:07+00:00,-34.6294467436741,-58.38451108546637,68.2,17.3,ok
V0015,2026-05-01T12:59:20+00:00,-34.634623054255016,-58.35949885098239,61.0,20.3,idle
V0070,2026-05-01T12:59:32+00:00,-34.576988991806424,-58.34282876773213,67.3,16.6,idle
V0003,2026-05-01T12:59:41+00:00,-34.57008408662312,-58.375953396029985,54.7,11.9,ok
V0056,2026-05-01T12:59:56+00:00,-34.61150293678404,-58.38990197377162,61.7,23.3,ok
V0063,2026-05-01T13:00:06+00:00,-34.57835420596584,-58.34370193892168,60.9,24.9,ok
V0047,2026-05-01T13:00:15+00:00,-34.61116698062316,-58.342435834230194,62.4,13.8,ok
V0028,2026-05-01T13:00:32+00:00,-34.577258090125206,-58.34131996648821,85.9,18.7,ok
V0022,2026-05-01T13:00:39+00:00,-34.5971618404946,-58.404280929335975,72.4,11.5,ok
V0066,2026-05-01T13:00:55+00:00,-34.62773054492004,-58.40431351172719,86.1,26.0,ok
V0018,2026-05-01T13:01:01+00:00,-34.590654757541756,-58.367087027278046,22.4,18.0,ok
V0069,2026-05-01T13:01:14+00:00,-34.63589667281921,-58.35969938631107,98.6,22.0,ok
V0002,2026-05-01T13:01:26+00:00,-34.62820412575736,-58.415675544469494,74.0,19.4,idle
V0050,2026-05-01T13:01:38+00:00,-34.573052583821834,-58.37611416027022,20.9,17.3,ok
V0014,2026-05-01T13:01:55+00:00,-34.63124892979733,-58.38666098819243,79.2,37.5,idle
V0007,2026-05-01T13:02:08+00:00,-34.57684253692535,-58.34206755692228,96.7,16.5,idle
V0028,2026-05-01T13:02:17+00:00,-34.60256821923463,-58.34970502363709,63.6,17.2,ok
V0022,2026-05-01T13:02:31+00:00,-34.615246541954,-58.38308829673408,38.1,20.9,ok
V0044,2026-05-01T13:02:43+00:00,-34.57768923175722,-58.34190204740019,20.0,25.9,ok
V0002,2026-05-01T13:02:56+00:00,-34.61600481215477,-58.38366964680819,82.7,23.2,idle
V0041,2026-05-01T13:03:06+00:00,-34.58912501177656,-58.42110758109253,62.0,14.8,idle
V0048,2026-05-01T13:03:13+00:00,-34.59731793279338,-58.40447624837286,67.8,16.8,ok
V0065,2026-05-01T13:03:30+00:00,-34.57695196434952,-58.34347129035001,74.4,23.3,idle
V0028,2026-05-01T13:03:37+00:00,-34.59613837049221,-58.406391349814086,90.6,28.9,ok
V0062,2026-05-01T13:03:52+00:00,-34.586906369740575,-58.42230723595875,55.5,20.0,ok
V0051,2026-05-01T13:04:07+00:00,-34.57271403783002,-58.37702268383544,79.4,24.9,idle
V0060,2026-05-01T13:04:13+00:00,-34.58686755048391,-58.42100149293047,65.1,21.0,ok
V0022,2026-05-01T13:04:26+00:00,-34.609797231817474,-58.342912121549894,79.9,18.3,ok
V0010,2026-05-01T13:04:42+00:00,-34.6028593112569,-58.349981695175316,76.9,23.3,ok
V0015,2026-05-01T13:04:52+00:00,-34.64482927798847,-58.38392659489504,92.2,26.5,ok
V0078,2026-05-01T13:05:02+00:00,-34.60379013342863,-58.35341588690887,38.6,16.8,ok
V0053,2026-05-01T13:05:18+00:00,-34.62997156857479,-58.38421206820985,50.4,26.8,idle
V0005,2026-05-01T13:05:29+00:00,-34.577286604521696,-58.344011463537555,72.8,25.7,ok
V0077,2026-05-01T13:05:41+00:00,-34.589505401003784,-58.42280722948795,60.8,23.6,idle
V0000,2026-05-01T13:05:51+00:00,-34.60579314589631,-58.35145202794981,68.0,24.7,ok
V0025,2026-05-01T13:06:01+00:00,-34.629811903271914,-58.41752703524312,51.1,18.4,ok
V0029,2026-05-01T13:06:18+00:00,-34.631571559530805,-58.38407875575357,77.2,17.6,idle
V0024,2026-05-01T13:06:24+00:00,-34.603431593026855,-58.359602101903604,98.4,20.2,idle
V0017,2026-05-01T13:06:36+00:00,-34.59063947216931,-58.36664226110407,64.2,25.1,ok
V0015,2026-05-01T13:06:54+00:00,-34.56559059794541,-58.414046857010575,60.5,9.9,ok
V0018,2026-05-01T13:07:02+00:00,-34.57789287078791,-58.342939515769764,42.8,24.2,ok
V0062,2026-05-01T13:07:12+00:00,-34.61414893892448,-58.38468346388394,70.0,19.5,ok
V0073,2026-05-01T13:07:26+00:00,-34.57753097264145,-58.34469899903491,75.6,11.9,idle
V0010,2026-05-01T13:07:44+00:00,-34.57123514216953,-58.37775122053815,75.0,25.8,ok
V0033,2026-05-01T13:07:52+00:00,-34.63665645926946,-58.35674424924143,87.8,18.0,ok
V0028,2026-05-01T13:08:08+00:00,-34.58756502374403,-58.42132170804867,18.2,35.6,ok
V0062,2026-05-01T13:08:18+00:00,-34.587274107774846,-58.42142911005857,61.0,15.8,ok
V0050,2026-05-01T13:08:25+00:00,-34.63869225132101,-58.37747466312098,26.2,22.4,idle
V0000,2026-05-01T13:08:43+00:00,-34.57634709870696,-58.343897554823,68.8,23.8,ok
V0078,2026-05-01T13:08:54+00:00,-34.576228790539304,-58.34389858457168,76.7,21.8,ok
V0039,2026-05-01T13:09:07+00:00,-34.614298535010484,-58.38404417703863,53.8,16.7,ok
V0076,2026-05-01T13:09:18+00:00,-34.60313507610621,-58.35352534126047,50.9,27.1,ok
V0025,2026-05-01T13:09:30+00:00,-34.61074911719399,-58.34286512288249,63.6,32.8,ok
V0056,2026-05-01T13:09:36+00:00,-34.578194407433564,-58.3435685916289,54.5,27.3,ok
V0037,2026-05-01T13:09:54+00:00,-34.57278880110782,-58.40709112519537,85.6,16.1,ok
V0072,2026-05-01T13:10:02+00:00,-34.56859260599783,-58.38427388014561,46.8,19.7,idle
V0056,2026-05-01T13:10:20+00:00,-34.63588886534669,-58.36257799387992,76.8,17.9,idle
V0057,2026-05-01T13:10:32+00:00,-34.609948696868074,-58.34233939839946,37.1,21.5,idle
V0009,2026-05-01T13:10:38+00:00,-34.57368350529251,-58.374545480735726,68.4,14.6,ok
V0042,2026-05-01T13:10:56+00:00,-34.644630464992574,-58.38473844110624,85.2,15.9,ok
V0002,2026-05-01T13:11:06+00:00,-34.576550381806946,-58.344026621821286,50.2,33.3,ok
V0054,2026-05-01T13:11:13+00:00,-34.63719993428562,-58.37513141634764,65.2,24.9,ok
V0065,2026-05-01T13:11:24+00:00,-34.610865066077565,-58.3424760060778,62.8,15.0,ok
V0027,2026-05-01T13:11:42+00:00,-34.60603623022415,-58.35928999132215,71.5,26.8,ok
V0018,2026-05-01T13:11:49+00:00,-34.57175420150603,-58.3834669276091,89.2,24.1,idle
V0021,2026-05-01T13:12:05+00:00,-34.566926265613894,-58.41576047491491,66.3,5.3,idle
V0005,2026-05-01T13:12:14+00:00,-34.606845587308946,-58.36009771543117,71.8,30.1,ok
V0043,2026-05-01T13:12:27+00:00,-34.56510389985434,-58.41534824902246,69.0,24.1,idle
V0038,2026-05-01T13:12:37+00:00,-34.62662005369874,-58.3692182078342,35.0,30.7,ok
V0068,2026-05-01T13:12:52+00:00,-34.62798864437126,-58.40260686847897,45.5,14.6,idle
V0006,2026-05-01T13:13:08+00:00,-34.61296942395718,-58.343862162486495,34.7,28.8,idle
V0039,2026-05-01T13:13:20+00:00,-34.57207062397981,-58.37770107561657,71.8,18.4,idle
V0075,2026-05-01T13:13:32+00:00,-34.628474177150835,-58.405839891684714,61.4,12.8,ok
V0063,2026-05-01T13:13:37+00:00,-34.613168503764825,-58.34296789607813,87.9,15.7,idle
V0030,2026-05-01T13:13:48+00:00,-34.56495619594319,-58.41705271998747,49.9,21.2,ok
V0056,2026-05-01T13:14:07+00:00,-34.627064425778784,-58.38664857906954,59.2,21.3,idle
V0000,2026-05-01T13:14:13+00:00,-34.62873383056822,-58.415365459628255,75.1,21.5,idle
V0003,2026-05-01T13:14:32+00:00,-34.627430217081674,-58.38576142675791,35.8,13.6,ok
V0078,2026-05-01T13:14:41+00:00,-34.6369526730455,-58.37399736306688,100.0,30.6,ok
V0039,2026-05-01T13:14:54+00:00,-34.59874177004436,-58.405762970468956,84.7,10.6,ok
V0020,2026-05-01T13:15:04+00:00,-34.63157510350387,-58.387211521030906,64.0,17.2,ok
V0004,2026-05-01T13:15:15+00:00,-34.638159289761724,-58.37599630852346,78.4,24.7,ok
V0031,2026-05-01T13:15:32+00:00,-34.61054892465989,-58.342233299963894,80.5,23.2,ok
V0057,2026-05-01T13:15:38+00:00,-34.638511208392664,-58.36112794960538,52.9,22.9,ok
V0050,2026-05-01T13:15:52+00:00,-34.57393312160346,-58.408818148113525,17.6,24.0,battery_low
V0046,2026-05-01T13:16:06+00:00,-34.579093531769836,-58.3435265796438,51.1,26.7,ok
V0068,2026-05-01T13:16:12+00:00,-34.63503865226745,-58.357287835390046,52.9,24.9,idle
V0070,2026-05-01T13:16:27+00:00,-34.62739619775625,-58.415203408777714,49.1,18.5,ok
V0008,2026-05-01T13:16:43+00:00,-34.57569557678167,-58.40813422419167,74.1,19.7,ok
V0041,2026-05-01T13:16:48+00:00,-34.56543564119365,-58.41669961150404,60.3,16.2,ok
V0003,2026-05-01T13:17:08+00:00,-34.62985070172812,-58.41514892437506,64.2,22.3,ok
V0015,2026-05-01T13:17:17+00:00,-34.63782739722947,-58.356914849187646,51.1,15.7,ok
V0010,2026-05-01T13:17:25+00:00,-34.62868889346864,-58.41508056521052,77.6,18.8,idle
V0056,2026-05-01T13:17:41+00:00,-34.61138709459691,-58.38985142803083,59.9,21.7,ok
V0079,2026-05-01T13:17:52+00:00,-34.59734084272502,-58.40479037135455,49.0,15.5,idle
V0071,2026-05-01T13:18:03+00:00,-34.64332016458132,-58.38513730044042,52.6,28.0,ok
V0055,2026-05-01T13:18:12+00:00,-34.62271709927413,-58.35759098238288,72.1,18.5,idle
V0020,2026-05-01T13:18:32+00:00,-34.6131052688088,-58.3403684928201,32.2,24.2,idle
V0019,2026-05-01T13:18:36+00:00,-34.629488927862084,-58.387932385259774,42.2,17.6,ok
V0042,2026-05-01T13:18:55+00:00,-34.573407171434305,-58.377098166118174,56.4,22.6,idle
V0043,2026-05-01T13:19:06+00:00,-34.63730230830343,-58.37739505659682,52.0,17.3,ok
V0025,2026-05-01T13:19:17+00:00,-34.628655795371664,-58.417391715330304,47.4,36.1,idle
V0064,2026-05-01T13:19:31+00:00,-34.62796630037895,-58.401886470017836,59.7,25.9,ok
V0031,2026-05-01T13:19:43+00:00,-34.60439358320384,-58.35737301100071,53.1,12.2,ok
V0044,2026-05-01T13:19:54+00:00,-34.6307342527427,-58.387731829845684,77.2,15.5,ok
V0049,2026-05-01T13:20:03+00:00,-34.57475180682731,-58.40849066875753,74.6,12.7,ok
V0055,2026-05-01T13:20:18+00:00,-34.63168674334083,-58.387381858639834,82.0,23.7,ok
V0021,2026-05-01T13:20:26+00:00,-34.63197613769004,-58.387285883149175,85.7,21.7,idle
V0069,2026-05-01T13:20:42+00:00,-34.604932612513714,-58.349744932294605,55.3,21.3,ok
V0064,2026-05-01T13:20:49+00:00,-34.62645727587793,-58.405444043149515,69.9,26.1,ok
V0035,2026-05-01T13:21:01+00:00,-34.6377698765002,-58.36327242181338,74.0,28.8,ok
V0030,2026-05-01T13:21:15+00:00,-34.612046823327155,-58.38964842184767,92.3,16.9,idle
V0005,2026-05-01T13:21:25+00:00,-34.58894159804001,-58.42242016306341,83.4,8.0,ok
V0027,2026-05-01T13:21:40+00:00,-34.59042991231895,-58.42092922625835,86.4,11.1,ok
V0055,2026-05-01T13:21:50+00:00,-34.57007633599143,-58.37468616686545,83.6,11.7,ok
V0031,2026-05-01T13:22:07+00:00,-34.602548509773676,-58.35249837591681,57.8,9.1,ok
V0063,2026-05-01T13:22:20+00:00,-34.570875362027245,-58.385707137549254,67.2,21.8,idle
V0007,2026-05-01T13:22:32+00:00,-34.57130543486174,-58.383798979712516,63.6,19.3,ok
V0002,2026-05-01T13:22:41+00:00,-34.57693159029454,-58.34287254315033,55.2,21.3,idle
V0054,2026-05-01T13:22:48+00:00,-34.636705267991026,-58.35917156052378,99.3,19.1,ok
V0029,2026-05-01T13:23:03+00:00,-34.585772028197994,-58.419387547006586,74.4,15.7,ok
V0011,2026-05-01T13:23:18+00:00,-34.61363305147182,-58.39070439382176,33.3,12.6,ok
V0007,2026-05-01T13:23:27+00:00,-34.58693565559594,-58.42267280634716,63.5,24.6,idle
V0054,2026-05-01T13:23:38+00:00,-34.603444415427,-58.34970716373475,77.9,25.9,ok
V0004,2026-05-01T13:23:51+00:00,-34.62909618441316,-58.416388470670235,67.9,24.2,idle
V0069,2026-05-01T13:24:07+00:00,-34.58812291331739,-58.36733431292594,48.6,31.6,ok
V0032,2026-05-01T13:24:16+00:00,-34.57511340190724,-58.40650906523896,48.2,24.2,ok
V0015,2026-05-01T13:24:30+00:00,-34.62770615110302,-58.41450216568038,56.9,27.6,ok
V0029,2026-05-01T13:24:43+00:00,-34.58757798142323,-58.36756490901669,56.4,25.0,ok
V0034,2026-05-01T13:24:50+00:00,-34.57382577380777,-58.37488142115255,81.3,15.6,ok
V0003,2026-05-01T13:25:00+00:00,-34.638201305270506,-58.37542090461342,32.5,17.5,idle
V0030,2026-05-01T13:25:12+00:00,-34.612049105623804,-58.34388402188908,79.2,18.4,ok
V0056,2026-05-01T13:25:27+00:00,-34.58867061907023,-58.42040228108186,54.2,8.5,ok
V0066,2026-05-01T13:25:43+00:00,-34.587784410796644,-58.36714161983962,57.0,27.0,ok
V0036,2026-05-01T13:25:53+00:00,-34.60414239592118,-58.36035074196728,67.5,16.9,ok
V0061,2026-05-01T13:26:06+00:00,-34.57168898512572,-58.37789665198102,56.3,25.6,ok
V0059,2026-05-01T13:26:16+00:00,-34.568100556970876,-58.38236597468347,55.6,14.9,idle
V0012,2026-05-01T13:26:32+00:00,-34.63739092022184,-58.37614495381697,52.3,28.0,idle
V0065,2026-05-01T13:26:38+00:00,-34.566983897132026,-58.41570488713559,48.6,21.5,ok
V0073,2026-05-01T13:26:56+00:00,-34.63769225597787,-58.374447099513915,73.4,26.0,ok
V0019,2026-05-01T13:27:00+00:00,-34.60367878263103,-58.35959876854084,63.7,16.8,ok
V0061,2026-05-01T13:27:14+00:00,-34.58891041179105,-58.42273269165463,66.2,21.8,ok
V0037,2026-05-01T13:27:27+00:00,-34.566132518703675,-58.41408806131955,58.6,15.8,ok
V0023,2026-05-01T13:27:44+00:00,-34.614017731322825,-58.39113291604665,86.4,23.6,idle
V0025,2026-05-01T13:27:54+00:00,-34.57450537070752,-58.40893570095056,54.0,25.7,ok
V0048,2026-05-01T13:28:02+00:00,-34.609616679952126,-58.340712827248055,46.9,17.3,ok
V0066,2026-05-01T13:28:14+00:00,-34.61243839008047,-58.382781541448,87.7,21.7,idle
V0032,2026-05-01T13:28:27+00:00,-34.58998344989492,-58.42300692311606,61.0,23.5,idle
V0041,2026-05-01T13:28:39+00:00,-34.5896712049183,-58.42114249495829,44.4,19.9,idle
V0022,2026-05-01T13:28:52+00:00,-34.57499025162449,-58.40631519873165,100.0,24.1,idle
V0072,2026-05-01T13:29:00+00:00,-34.61330670766069,-58.38293691217084,85.8,18.3,ok
V0068,2026-05-01T13:29:14+00:00,-34.61353167231494,-58.39291689528228,45.4,14.9,idle
V0078,2026-05-01T13:29:31+00:00,-34.62986411728541,-58.38624821910319,63.9,21.8,ok
V0005,2026-05-01T13:29:42+00:00,-34.570927522518836,-58.38587474312647,67.7,21.7,ok
V0061,2026-05-01T13:29:54+00:00,-34.615281176624556,-58.38503528351382,54.3,12.4,ok
V0006,2026-05-01T13:30:00+00:00,-34.62645537873605,-58.40300751865614,52.8,23.1,ok
V0041,2026-05-01T13:30:13+00:00,-34.63563340536817,-58.363007844650156,64.5,25.1,ok
V0011,2026-05-01T13:30:27+00:00,-34.56932141755298,-58.38412334549062,100.0,20.7,ok
V0015,2026-05-01T13:30:37+00:00,-34.569048253530326,-58.38389076779473,77.9,28.9,ok
V0039,2026-05-01T13:30:48+00:00,-34.641589328359636,-58.38537390195913,51.1,18.6,ok
V0007,2026-05-01T13:31:08+00:00,-34.58625317653209,-58.422660477805245,40.9,19.1,ok
V0054,2026-05-01T13:31:18+00:00,-34.60311268008753,-58.35076753941038,54.0,15.8,ok
V0033,2026-05-01T13:31:32+00:00,-34.632766087403574,-58.38640726642574,39.2,24.0,ok
V0036,2026-05-01T13:31:42+00:00,-34.57689624143885,-58.341772182762924,65.7,27.4,ok
V0011,2026-05-01T13:31:56+00:00,-34.62640973441134,-58.368726394905465,60.9,19.0,idle
V0059,2026-05-01T13:32:00+00:00,-34.575872983851916,-58.40648661686017,75.6,19.6,idle
V0035,2026-05-01T13:32:19+00:00,-34.62476532877633,-58.40500439349325,74.6,8.0,ok
V0037,2026-05-01T13:32:31+00:00,-34.604112947216265,-58.351467744825804,81.6,22.9,ok
V0063,2026-05-01T13:32:38+00:00,-34.59861144344685,-58.40512858689255,84.3,25.9,idle
V0008,2026-05-01T13:32:51+00:00,-34.57104060604661,-58.38381964742856,33.7,29.9,ok
V0065,2026-05-01T13:33:03+00:00,-34.636885597653354,-58.359777951037536,32.5,15.8,ok
V0033,2026-05-01T13:33:19+00:00,-34.62936706626058,-58.38744609234905,53.9,14.8,ok
V0050,2026-05-01T13:33:32+00:00,-34.631268885047554,-58.387244185602505,66.8,23.6,idle
V0011,2026-05-01T13:33:39+00:00,-34.56461519055526,-58.414045552542895,86.9,25.4,ok
V0059,2026-05-01T13:33:50+00:00,-34.58737346933683,-58.42130150914108,52.5,21.5,ok
V0035,2026-05-01T13:34:08+00:00,-34.58981026088613,-58.370020984511676,61.5,15.8,idle
V0007,2026-05-01T13:34:17+00:00,-34.605049155016516,-58.35344116729102,62.7,17.0,ok
V0069,2026-05-01T13:34:30+00:00,-34.6126864893184,-58.38192944314236,83.1,9.3,ok
V0039,2026-05-01T13:34:37+00:00,-34.6120263068015,-58.342431480009196,100.0,16.1,idle
V0049,2026-05-01T13:34:56+00:00,-34.57175626142209,-58.37688465053558,77.7,22.3,ok
V0004,2026-05-01T13:35:08+00:00,-34.59033238962951,-58.4204395596502,82.5,23.4,ok
V0017,2026-05-01T13:35:13+00:00,-34.56533228781386,-58.41670772675532,52.0,23.5,ok
V0005,2026-05-01T13:35:27+00:00,-34.588903150486374,-58.4197463439618,72.3,18.8,ok
V0071,2026-05-01T13:35:40+00:00,-34.57733421674169,-58.34310051303136,75.0,27.9,ok
V0063,2026-05-01T13:35:56+00:00,-34.57602397117557,-58.408846210011475,33.5,23.0,idle
V0045,2026-05-01T13:36:02+00:00,-34.57034798710309,-58.38522501159915,54.4,28.1,ok
V0050,2026-05-01T13:36:19+00:00,-34.6238866251953,-58.35976339914406,72.8,15.5,ok
V0038,2026-05-01T13:36:24+00:00,-34.588653071927155,-58.42264547640437,96.5,33.6,ok
V0053,2026-05-01T13:36:36+00:00,-34.57242067785914,-58.40768172353829,70.8,19.5,ok
V0030,2026-05-01T13:36:52+00:00,-34.610675322183354,-58.34366802689429,78.7,23.5,idle
V0039,2026-05-01T13:37:00+00:00,-34.57028087205238,-58.374992164417684,54.2,24.2,ok
V0072,2026-05-01T13:37:12+00:00,-34.57458942821097,-58.40768632273993,87.5,17.6,ok
V0033,2026-05-01T13:37:27+00:00,-34.62554124185674,-58.36744144669516,40.9,27.2,ok
V0024,2026-05-01T13:37:39+00:00,-34.59828349861712,-58.40635386940172,58.7,13.5,ok
V0032,2026-05-01T13:37:51+00:00,-34.577054411724426,-58.34230893556077,53.8,19.4,ok
V0026,2026-05-01T13:38:03+00:00,-34.60955445454644,-58.3442196078792,83.2,22.1,ok
V0063,2026-05-01T13:38:18+00:00,-34.63904707625991,-58.3633484295329,100.0,22.0,idle
V0006,2026-05-01T13:38:30+00:00,-34.63548009222846,-58.359245565580316,56.7,26.4,idle
V0040,2026-05-01T13:38:36+00:00,-34.57074431702817,-58.383398479412264,40.9,18.6,ok
V0073,2026-05-01T13:38:54+00:00,-34.588960853313274,-58.421056505157324,66.3,20.7,ok
V0016,2026-05-01T13:39:02+00:00,-34.61172496716313,-58.38999871187694,71.3,17.4,ok
V0061,2026-05-01T13:39:18+00:00,-34.606158471684,-58.3595035701037,54.5,16.1,ok
V0073,2026-05-01T13:39:28+00:00,-34.64145292900428,-58.38506242387974,60.3,23.2,ok
V0053,2026-05-01T13:39:39+00:00,-34.59019454548816,-58.420727865933856,34.0,8.4,ok
V0071,2026-05-01T13:39:52+00:00,-34.5865551315683,-58.42145977659066,82.2,25.1,idle
V0040,2026-05-01T13:40:05+00:00,-34.61139365585963,-58.34196055169046,44.8,31.7,ok
V0055,2026-05-01T13:40:20+00:00,-34.61485033656779,-58.38401108464725,68.8,13.1,idle
V0042,2026-05-01T13:40:30+00:00,-34.6160413595561,-58.382687004445444,59.0,22.2,ok
V0074,2026-05-01T13:40:42+00:00,-34.61300792212037,-58.34084574240375,52.2,20.6,ok
V0003,2026-05-01T13:40:48+00:00,-34.639672189896025,-58.37616924805935,59.6,9.4,ok
V0028,2026-05-01T13:41:04+00:00,-34.64002451858322,-58.37530697222137,48.6,24.6,ok
V0064,2026-05-01T13:41:14+00:00,-34.62727714564466,-58.402148721550574,36.3,11.8,ok
V0027,2026-05-01T13:41:28+00:00,-34.62721486727545,-58.367490911059136,81.9,28.3,ok
V0074,2026-05-01T13:41:42+00:00,-34.62803736512053,-58.388066715896905,63.4,20.9,idle
V0015,2026-05-01T13:41:49+00:00,-34.572962278294135,-58.407517713442665,57.2,13.3,ok
V0005,2026-05-01T13:42:00+00:00,-34.578608299720194,-58.344130918129665,78.7,25.6,ok
V0041,2026-05-01T13:42:12+00:00,-34.634815232729075,-58.35780721815014,62.0,18.8,ok
V0003,2026-05-01T13:42:24+00:00,-34.57811097692821,-58.34374266612368,43.4,16.0,ok
V0056,2026-05-01T13:42:39+00:00,-34.62542540861144,-58.40517849770383,94.2,17.0,ok
V0019,2026-05-01T13:42:54+00:00,-34.62698229755589,-58.37031338656388,48.5,22.9,ok
V0020,2026-05-01T13:43:00+00:00,-34.5981307697048,-58.405949636037086,47.6,26.4,idle
V0030,2026-05-01T13:43:16+00:00,-34.630501886101094,-58.38479780889201,66.8,22.1,ok
V0047,2026-05-01T13:43:25+00:00,-34.62888791206513,-58.38607995373956,91.6,21.0,ok
V0003,2026-05-01T13:43:40+00:00,-34.57314321001399,-58.4055081614805,57.7,10.3,ok
V0049,2026-05-01T13:43:55+00:00,-34.61412775583441,-58.3915851438398,75.4,17.5,idle
V0023,2026-05-01T13:44:07+00:00,-34.64133940473371,-58.38539101036633,76.2,11.1,ok
V0028,2026-05-01T13:44:17+00:00,-34.63629875671641,-58.357857868265576,66.3,27.2,ok
V0055,2026-05-01T13:44:25+00:00,-34.64260899869421,-58.38270042279364,38.1,28.1,ok
V0011,2026-05-01T13:44:42+00:00,-34.605379842047505,-58.35146239562519,66.1,17.6,ok
V0046,2026-05-01T13:44:53+00:00,-34.6290207475666,-58.387339970538754,69.1,9.7,ok
V0070,2026-05-01T13:45:07+00:00,-34.63963019871777,-58.376502470737094,98.1,16.1,idle
V0002,2026-05-01T13:45:13+00:00,-34.571652549938975,-58.382641455735794,96.0,20.7,idle
V0044,2026-05-01T13:45:25+00:00,-34.5983108976161,-58.40418106173916,59.0,13.0,idle
V0019,2026-05-01T13:45:43+00:00,-34.62482710832192,-58.367921315050204,47.2,23.0,ok
V0027,2026-05-01T13:45:52+00:00,-34.63792837355393,-58.361494500377404,72.0,24.9,ok
V0020,2026-05-01T13:46:08+00:00,-34.63043607914873,-58.41731568149772,63.5,16.0,idle
V0077,2026-05-01T13:46:19+00:00,-34.63791526471109,-58.3578900729575,46.5,20.6,ok
V0030,2026-05-01T13:46:29+00:00,-34.567161864791764,-58.41472272573093,37.9,26.1,ok
V0053,2026-05-01T13:46:44+00:00,-34.589655766684004,-58.36889207838564,45.4,17.0,ok
V0047,2026-05-01T13:46:49+00:00,-34.59087643199077,-58.42212785053172,62.9,30.3,ok
V0041,2026-05-01T13:47:04+00:00,-34.575036631049265,-58.40861318376306,77.7,24.3,ok
V0023,2026-05-01T13:47:20+00:00,-34.63812933943355,-58.36282026317924,57.3,21.4,idle
V0079,2026-05-01T13:47:30+00:00,-34.589839368698016,-58.419292701714284,73.2,1.6,ok
V0072,2026-05-01T13:47:41+00:00,-34.59701749931141,-58.406395020446354,61.1,6.1,ok
V0040,2026-05-01T13:47:54+00:00,-34.57042042807857,-58.374942482312214,38.2,21.6,ok
V0035,2026-05-01T13:48:05+00:00,-34.62995239008458,-58.38784556521038,56.5,21.8,ok
V0000,2026-05-01T13:48:17+00:00,-34.6374510739604,-58.37731150287238,49.8,23.7,idle
V0000,2026-05-01T13:48:29+00:00,-34.571999959349974,-58.375659045170906,60.7,24.4,ok
V0037,2026-05-01T13:48:44+00:00,-34.63876206398152,-58.36175116941003,64.2,17.0,ok
V0072,2026-05-01T13:48:55+00:00,-34.62826219958985,-58.37098034685677,97.5,16.2,idle
V0030,2026-05-01T13:49:07+00:00,-34.62497750049269,-58.40226482488306,93.2,27.6,ok
V0053,2026-05-01T13:49:19+00:00,-34.625272633955944,-58.36899452581014,50.2,18.9,ok
V0047,2026-05-01T13:49:31+00:00,-34.628285415738326,-58.40305616781979,40.0,13.0,idle
V0061,2026-05-01T13:49:36+00:00,-34.61324162278742,-58.390601867753915,52.5,23.1,idle
V0018,2026-05-01T13:49:50+00:00,-34.63953084898912,-58.36122402529861,37.1,16.8,ok
V0009,2026-05-01T13:50:00+00:00,-34.565225659671995,-58.41739024771832,56.9,17.3,ok
V0054,2026-05-01T13:50:13+00:00,-34.56540517488746,-58.41471624544897,18.6,19.4,ok
V0051,2026-05-01T13:50:32+00:00,-34.62928674434709,-58.38510074738805,58.1,14.9,ok
V0077,2026-05-01T13:50:39+00:00,-34.62722169307627,-58.40483381045841,44.6,16.4,idle
V0078,2026-05-01T13:50:54+00:00,-34.57289606411741,-58.40611795453477,62.8,25.4,idle
V0031,2026-05-01T13:51:02+00:00,-34.630947912889205,-58.41606281352036,60.5,24.8,ok
V0001,2026-05-01T13:51:12+00:00,-34.587579864308275,-58.42223805724467,33.1,24.5,idle
V0065,2026-05-01T13:51:26+00:00,-34.58821380009028,-58.41948384345173,100.0,26.5,ok
V0009,2026-05-01T13:51:40+00:00,-34.625477955591776,-58.36763586221007,61.3,16.3,idle
V0028,2026-05-01T13:51:51+00:00,-34.59848853559609,-58.407371038213014,72.0,29.3,ok
V0016,2026-05-01T13:52:07+00:00,-34.573453124246385,-58.405591503942986,49.0,24.2,ok
V0065,2026-05-01T13:52:17+00:00,-34.62336346170418,-58.3568535975554,65.1,20.2,idle
V0024,2026-05-01T13:52:24+00:00,-34.588688039628714,-58.42255665171591,65.7,18.8,idle
V0049,2026-05-01T13:52:42+00:00,-34.637490712066,-58.3772641943911,80.5,21.5,ok
V0041,2026-05-01T13:52:56+00:00,-34.572845411348155,-58.40620616425208,47.0,11.8,ok
V0030,2026-05-01T13:53:02+00:00,-34.57077505306815,-58.38560235796107,70.4,23.3,ok
V0037,2026-05-01T13:53:16+00:00,-34.63761967524524,-58.35791234871036,73.7,18.9,ok
V0002,2026-05-01T13:53:30+00:00,-34.62874779257674,-58.36971750351306,63.9,8.1,idle
V0003,2026-05-01T13:53:42+00:00,-34.630108684122426,-58.41698056798706,38.2,23.5,ok
V0041,2026-05-01T13:53:53+00:00,-34.62975594447293,-58.415294687706194,51.3,24.1,idle
V0037,2026-05-01T13:54:03+00:00,-34.590992264634224,-58.36769082983164,73.8,24.6,ok
V0010,2026-05-01T13:54:18+00:00,-34.57064575761664,-58.37666213108158,58.6,22.0,idle
V0030,2026-05-01T13:54:31+00:00,-34.62718710361505,-58.404125177672746,49.2,24.5,idle
V0061,2026-05-01T13:54:39+00:00,-34.63261079005403,-58.38624621168096,77.4,23.5,idle
V0015,2026-05-01T13:54:53+00:00,-34.57148705421025,-58.382953224953916,54.9,31.8,ok
V0069,2026-05-01T13:55:07+00:00,-34.602350477849456,-58.35054210850352,58.5,22.2,idle
V0039,2026-05-01T13:55:17+00:00,-34.61339103579855,-58.38977084239754,31.3,19.9,ok
V0069,2026-05-01T13:55:25+00:00,-34.626156309664424,-58.402033974196705,54.0,23.6,ok
V0077,2026-05-01T13:55:37+00:00,-34.63804082264056,-58.35772219971912,61.6,18.3,idle
V0026,2026-05-01T13:55:56+00:00,-34.57790013717479,-58.341302457928165,58.7,24.6,ok
V0038,2026-05-01T13:56:03+00:00,-34.612577764541086,-58.392912685676365,48.0,31.9,ok
V0027,2026-05-01T13:56:17+00:00,-34.58542643975276,-58.42130532546703,53.1,18.6,ok
V0019,2026-05-01T13:56:31+00:00,-34.570996838192364,-58.37491536300127,89.9,22.7,ok
V0045,2026-05-01T13:56:39+00:00,-34.63024474803919,-58.38468628618871,69.0,27.2,ok
V0070,2026-05-01T13:56:49+00:00,-34.625828629739004,-58.357920425437975,45.4,18.8,ok
V0077,2026-05-01T13:57:08+00:00,-34.60351947829918,-58.35168918485596,46.4,20.8,ok
V0038,2026-05-01T13:57:19+00:00,-34.62932037670112,-58.38599226660398,60.5,25.6,ok
V0025,2026-05-01T13:57:25+00:00,-34.56778761317163,-58.38238198545822,67.9,14.4,idle
V0029,2026-05-01T13:57:41+00:00,-34.625829212397534,-58.35976734219227,59.8,23.2,idle
V0011,2026-05-01T13:57:52+00:00,-34.576331094248104,-58.34373149601172,62.0,28.0,idle
V0044,2026-05-01T13:58:03+00:00,-34.62807669254305,-58.40509670185096,48.9,25.6,ok
V0038,2026-05-01T13:58:19+00:00,-34.60467118106273,-58.35062196066463,50.3,15.2,ok
V0039,2026-05-01T13:58:26+00:00,-34.565857760667996,-58.4143500801572,100.0,14.8,idle
V0048,2026-05-01T13:58:43+00:00,-34.62875351644067,-58.38877631280187,60.9,29.6,idle
V0045,2026-05-01T13:58:53+00:00,-34.63919387437159,-58.361267362051684,25.8,18.5,ok
V0042,2026-05-01T13:59:02+00:00,-34.588337408569934,-58.37008092215711,28.9,18.8,idle
V0036,2026-05-01T13:59:13+00:00,-34.5866436933892,-58.4199836604928,36.1,19.1,ok
V0059,2026-05-01T13:59:30+00:00,-34.611166638579256,-58.34161223199519,71.1,17.2,idle
V0049,2026-05-01T13:59:44+00:00,-34.63457621769273,-58.356090412062365,73.6,27.1,ok
V0012,2026-05-01T13:59:51+00:00,-34.58772471123277,-58.41909406498165,36.5,21.2,idle
V0035,2026-05-01T14:00:04+00:00,-34.588110531482215,-58.36783120357356,47.3,25.4,ok
V0031,2026-05-01T14:00:16+00:00,-34.60439520998964,-58.35107984648741,59.5,21.9,ok
V0048,2026-05-01T14:00:30+00:00,-34.63579277035111,-58.3603435854931,26.0,26.2,ok
V0038,2026-05-01T14:00:42+00:00,-34.627093082917405,-58.38633121976711,100.0,21.2,ok
V0068,2026-05-01T14:00:48+00:00,-34.564375576574825,-58.41427833400575,76.0,26.8,ok
V0035,2026-05-01T14:01:05+00:00,-34.61401652564562,-58.38289566947875,63.2,20.4,ok
V0026,2026-05-01T14:01:12+00:00,-34.63965302143387,-58.37713462974681,55.1,16.8,ok
V0042,2026-05-01T14:01:30+00:00,-34.56489206658524,-58.41760091624561,53.7,16.0,idle
V0006,2026-05-01T14:01:44+00:00,-34.63580032236648,-58.35808928492524,92.3,16.9,ok
V0049,2026-05-01T14:01:52+00:00,-34.6044598351216,-58.358298144305316,37.5,24.0,idle
V0037,2026-05-01T14:02:01+00:00,-34.62310426328054,-58.35683686439337,79.8,24.7,ok
V0027,2026-05-01T14:02:15+00:00,-34.62512268652007,-58.35672773348908,44.5,27.7,ok
V0078,2026-05-01T14:02:28+00:00,-34.605071443967816,-58.35268040065882,74.1,15.0,idle
V0074,2026-05-01T14:02:41+00:00,-34.635751276168655,-58.35679501257664,50.3,17.3,ok
V0021,2026-05-01T14:02:52+00:00,-34.60207372864814,-58.35241741013801,56.1,12.8,ok
V0022,2026-05-01T14:03:01+00:00,-34.61006633043317,-58.34355223540274,89.8,20.2,ok
V0053,2026-05-01T14:03:13+00:00,-34.597224281766046,-58.404864864991,65.6,23.2,ok
V0057,2026-05-01T14:03:29+00:00,-34.595852286216434,-58.404884807378,35.7,29.0,ok
V0045,2026-05-01T14:03:40+00:00,-34.625026361559186,-58.35960601276908,64.8,21.0,ok
V0061,2026-05-01T14:03:48+00:00,-34.57558230214893,-58.40891123981037,60.7,17.5,ok
V0024,2026-05-01T14:04:02+00:00,-34.62749878547203,-58.37131821022176,68.8,19.7,ok
V0069,2026-05-01T14:04:20+00:00,-34.56926723085183,-58.383378539683974,65.9,17.9,ok
V0050,2026-05-01T14:04:26+00:00,-34.59835230163676,-58.405977212265846,54.8,17.5,ok
V0059,2026-05-01T14:04:43+00:00,-34.6449349944277,-58.38542537042852,86.3,13.5,idle
V0039,2026-05-01T14:04:56+00:00,-34.57284192766377,-58.407323757804676,73.5,25.1,idle
V0014,2026-05-01T14:05:00+00:00,-34.6415459617203,-58.38559379968599,39.3,21.4,idle
V0072,2026-05-01T14:05:16+00:00,-34.587427744182605,-58.42057635338778,74.2,18.8,idle
V0038,2026-05-01T14:05:24+00:00,-34.57815946893742,-58.34358636808239,41.6,27.8,ok
V0071,2026-05-01T14:05:43+00:00,-34.6274443468202,-58.416478639403024,72.0,19.0,ok
V0053,2026-05-01T14:05:55+00:00,-34.627629666208534,-58.37041691595639,93.0,27.7,ok
V0035,2026-05-01T14:06:06+00:00,-34.6254298715739,-58.40188686281431,74.6,13.4,ok
V0001,2026-05-01T14:06:14+00:00,-34.629451108946135,-58.414693110319554,85.5,14.2,ok
V0040,2026-05-01T14:06:30+00:00,-34.63602814638389,-58.35878985776912,71.3,17.4,ok
V0044,2026-05-01T14:06:36+00:00,-34.616041516185184,-58.383912714055896,33.2,36.2,idle
V0039,2026-05-01T14:06:56+00:00,-34.5731888277723,-58.37778160553928,57.4,14.4,ok
V0022,2026-05-01T14:07:04+00:00,-34.57904870694923,-58.344732716077,80.1,18.1,ok
V0070,2026-05-01T14:07:16+00:00,-34.61312369268909,-58.38557814841886,79.5,12.5,idle
V0018,2026-05-01T14:07:29+00:00,-34.570150367463306,-58.38613143709362,93.2,27.8,ok
V0074,2026-05-01T14:07:36+00:00,-34.57735765708855,-58.34137649313123,80.8,21.8,ok
V0072,2026-05-01T14:07:55+00:00,-34.573901307813315,-58.37755297476188,53.9,14.9,ok
V0054,2026-05-01T14:08:08+00:00,-34.63694338561844,-58.356619320035314,55.6,21.1,ok
V0067,2026-05-01T14:08:15+00:00,-34.62748702192585,-58.41547427966547,56.3,16.7,ok
V0057,2026-05-01T14:08:32+00:00,-34.62632555279555,-58.40308859756094,81.1,9.1,ok
V0072,2026-05-01T14:08:36+00:00,-34.6067169328754,-58.3574943370347,88.1,29.0,ok
V0021,2026-05-01T14:08:55+00:00,-34.624808031720136,-58.36959206726568,40.8,22.7,idle
V0049,2026-05-01T14:09:01+00:00,-34.577306189790065,-58.344494336866376,74.8,19.8,ok
V0035,2026-05-01T14:09:13+00:00,-34.62551484598598,-58.40475215724872,63.0,25.2,ok
V0044,2026-05-01T14:09:29+00:00,-34.573312757478305,-58.407762040530294,81.3,26.4,ok
V0006,2026-05-01T14:09:39+00:00,-34.626524625155604,-58.35918134590856,66.2,24.6,ok
V0049,2026-05-01T14:09:53+00:00,-34.602948212738106,-58.35868115855304,56.1,24.2,ok
V0047,2026-05-01T14:10:00+00:00,-34.58735825887886,-58.422812441224636,67.0,19.4,ok
V0019,2026-05-01T14:10:16+00:00,-34.628782816020795,-58.38893598692879,83.4,31.1,idle
V0053,2026-05-01T14:10:28+00:00,-34.61289066872882,-58.34340041090453,82.4,27.7,ok
V0066,2026-05-01T14:10:38+00:00,-34.63721775016101,-58.3561122344197,53.5,21.7,ok
V0056,2026-05-01T14:10:51+00:00,-34.58919204294097,-58.42147145070626,50.5,15.6,ok
V0068,2026-05-01T14:11:05+00:00,-34.62633266202347,-58.40328814364813,80.9,29.3,ok
V0065,2026-05-01T14:11:14+00:00,-34.643500360326215,-58.38490922456825,71.9,22.2,ok
V0002,2026-05-01T14:11:31+00:00,-34.61268280502475,-58.391194353116774,60.6,17.3,idle
V0030,2026-05-01T14:11:42+00:00,-34.59641129499151,-58.405437221448224,59.1,23.7,ok
V0032,2026-05-01T14:11:56+00:00,-34.60549617248622,-58.35785197626714,42.1,24.2,idle
V0062,2026-05-01T14:12:05+00:00,-34.644774392258974,-58.38537397062463,33.6,16.8,ok
V0054,2026-05-01T14:12:16+00:00,-34.57905468761603,-58.344281949902246,36.8,10.2,idle
V0055,2026-05-01T14:12:25+00:00,-34.60658126508052,-58.360063201820246,43.5,26.5,ok
V0054,2026-05-01T14:12:36+00:00,-34.568685567312315,-58.38617436801762,54.4,21.4,ok
V0024,2026-05-01T14:12:55+00:00,-34.59816246283974,-58.4070978459643,51.1,24.6,ok
V0050,2026-05-01T14:13:00+00:00,-34.632290906193084,-58.38513626737881,47.4,15.3,ok
V0032,2026-05-01T14:13:16+00:00,-34.624586069339664,-58.35751944654875,63.5,22.9,ok
V0069,2026-05-01T14:13:26+00:00,-34.56607616406389,-58.417658826078856,39.9,22.4,idle
V0041,2026-05-01T14:13:38+00:00,-34.57356133137224,-58.37778917949974,54.0,19.1,ok
V0018,2026-05-01T14:13:53+00:00,-34.62696224095709,-58.405021431647,65.1,20.9,ok
V0038,2026-05-01T14:14:08+00:00,-34.63641187032657,-58.35958153424293,28.5,20.1,ok
V0032,2026-05-01T14:14:19+00:00,-34.63532271351134,-58.35735446193029,17.6,18.3,battery_low
V0037,2026-05-01T14:14:26+00:00,-34.57330048902412,-58.374925190136295,87.4,24.2,ok
V0063,2026-05-01T14:14:38+00:00,-34.62543067156184,-58.36796768547665,80.7,25.2,ok
V0062,2026-05-01T14:14:48+00:00,-34.634790223533805,-58.359607363353824,86.5,21.3,idle
V0016,2026-05-01T14:15:02+00:00,-34.64427309570505,-58.38479741850913,57.6,27.8,ok
V0068,2026-05-01T14:15:12+00:00,-34.62709504517387,-58.3675166778848,80.4,13.8,idle
V0050,2026-05-01T14:15:29+00:00,-34.58876178082586,-58.42255627389584,55.9,26.8,ok
V0040,2026-05-01T14:15:40+00:00,-34.59876859918403,-58.40546142007192,48.8,9.5,ok
V0079,2026-05-01T14:15:56+00:00,-34.6287446671053,-58.41741622645675,23.2,18.2,idle
V0059,2026-05-01T14:16:02+00:00,-34.62439746783793,-58.359350165656195,58.6,27.7,idle
V0000,2026-05-01T14:16:18+00:00,-34.57106992311194,-58.38226131242313,42.7,19.7,ok
V0013,2026-05-01T14:16:30+00:00,-34.61581418222864,-58.3848233911762,60.7,18.0,ok
V0068,2026-05-01T14:16:43+00:00,-34.61236700970195,-58.38959126227088,75.0,24.6,ok
V0071,2026-05-01T14:16:49+00:00,-34.6374167431667,-58.356928401561014,73.0,28.9,ok
V0021,2026-05-01T14:17:04+00:00,-34.597776233160864,-58.40614739817462,69.9,15.2,ok
V0029,2026-05-01T14:17:18+00:00,-34.62811504054319,-58.36907660559687,92.1,27.1,ok
V0071,2026-05-01T14:17:31+00:00,-34.5703519309124,-58.38370958665805,42.3,31.4,ok
V0047,2026-05-01T14:17:36+00:00,-34.63795194134685,-58.362697037062844,64.7,27.9,idle
V0063,2026-05-01T14:17:49+00:00,-34.59754487583404,-58.40438561594662,100.0,21.4,ok
V0044,2026-05-01T14:18:04+00:00,-34.643268558637345,-58.38472119456445,38.8,15.1,ok
V0000,2026-05-01T14:18:19+00:00,-34.62575133194727,-58.387895492718314,80.3,24.8,ok
V0015,2026-05-01T14:18:24+00:00,-34.63002059701172,-58.38703341521408,75.3,19.8,ok
V0014,2026-05-01T14:18:42+00:00,-34.60424991724051,-58.35985271203237,86.7,23.5,ok
V0036,2026-05-01T14:18:54+00:00,-34.62989377683409,-58.38707709492971,49.8,16.5,ok
V0016,2026-05-01T14:19:05+00:00,-34.57201541490563,-58.37642826513997,43.9,23.5,ok
V0027,2026-05-01T14:19:19+00:00,-34.61242327860049,-58.381966453909854,26.2,16.1,ok
V0072,2026-05-01T14:19:30+00:00,-34.5957909084506,-58.40680543449064,48.8,15.5,ok
V0005,2026-05-01T14:19:36+00:00,-34.61410659156606,-58.38422471367015,61.9,20.7,ok
V0073,2026-05-01T14:19:51+00:00,-34.56546850723649,-58.41436027663086,73.1,24.5,ok
V0079,2026-05-01T14:20:04+00:00,-34.628780744124086,-58.38551688024635,74.8,28.3,ok
V0010,2026-05-01T14:20:17+00:00,-34.62547429510962,-58.37068426778734,38.9,10.5,ok
V0077,2026-05-01T14:20:30+00:00,-34.610590880915474,-58.3898248746152,49.0,22.2,ok
V0058,2026-05-01T14:20:38+00:00,-34.62775283899549,-58.3700583306903,62.1,27.7,idle
V0042,2026-05-01T14:20:51+00:00,-34.61458272245802,-58.38233493941845,86.3,21.5,ok
V0037,2026-05-01T14:21:01+00:00,-34.6347286709174,-58.356160289963185,72.9,24.9,ok
V0058,2026-05-01T14:21:18+00:00,-34.58794277665602,-58.41997050314476,61.8,24.5,ok
V0007,2026-05-01T14:21:30+00:00,-34.57639573413874,-58.3425922265124,60.4,19.4,ok
V0070,2026-05-01T14:21:43+00:00,-34.63871667144667,-58.3618757193407,78.7,26.6,idle
V0063,2026-05-01T14:21:52+00:00,-34.56877315765006,-58.38260125471737,46.0,32.5,ok
V0028,2026-05-01T14:22:00+00:00,-34.5907129828625,-58.366465620461845,75.2,23.6,ok
V0073,2026-05-01T14:22:16+00:00,-34.62965935633718,-58.41646511554218,76.7,20.0,idle
V0057,2026-05-01T14:22:26+00:00,-34.63641040067284,-58.35919164018515,79.0,20.6,ok
V0025,2026-05-01T14:22:36+00:00,-34.60207789444359,-58.3510330447448,61.9,12.3,idle
V0007,2026-05-01T14:22:50+00:00,-34.63695079300046,-58.374348047102046,45.2,19.0,idle
V0048,2026-05-01T14:23:00+00:00,-34.6260666451333,-58.3570770671042,55.2,22.6,ok
V0072,2026-05-01T14:23:19+00:00,-34.637535017212215,-58.35747141112226,39.2,29.2,ok
V0078,2026-05-01T14:23:25+00:00,-34.587883732347585,-58.368282617387095,58.1,27.2,ok
V0070,2026-05-01T14:23:37+00:00,-34.58636536373033,-58.419380154281725,56.7,22.3,ok
V0055,2026-05-01T14:23:54+00:00,-34.614999175124915,-58.38320741299369,94.6,14.8,ok
V0075,2026-05-01T14:24:01+00:00,-34.6254361626834,-58.386748991362985,51.7,25.6,idle
V0069,2026-05-01T14:24:18+00:00,-34.63804050124588,-58.36187330658703,67.6,20.3,ok
V0052,2026-05-01T14:24:30+00:00,-34.60995579680394,-58.34260767972182,71.1,29.8,idle
V0052,2026-05-01T14:24:39+00:00,-34.62763482481118,-58.417194570260875,70.4,38.4,idle
V0074,2026-05-01T14:24:48+00:00,-34.6247253007549,-58.40232750621361,68.4,20.9,ok
V0023,2026-05-01T14:25:02+00:00,-34.60317915301317,-58.353213320396854,92.5,23.1,ok
V0004,2026-05-01T14:25:17+00:00,-34.63670365963801,-58.37553649895447,51.8,22.9,ok
V0014,2026-05-01T14:25:31+00:00,-34.603040707871344,-58.360422415788264,78.1,23.3,ok
V0032,2026-05-01T14:25:40+00:00,-34.640118820967054,-58.376990964897736,69.6,25.0,ok
V0012,2026-05-01T14:25:54+00:00,-34.6368203152921,-58.360460628999974,100.0,24.2,ok
V0015,2026-05-01T14:26:00+00:00,-34.636430231040464,-58.374749220515284,73.7,12.4,ok
V0046,2026-05-01T14:26:17+00:00,-34.57452736152825,-58.408514289835864,68.5,25.6,idle
V0028,2026-05-01T14:26:32+00:00,-34.62863906682947,-58.38834931774684,95.6,22.0,ok
V0013,2026-05-01T14:26:42+00:00,-34.60529824039097,-58.35337199222502,36.3,25.1,ok
V0061,2026-05-01T14:26:51+00:00,-34.6257191832231,-58.36822298445646,81.3,22.4,ok
V0045,2026-05-01T14:27:06+00:00,-34.62489886452716,-58.368726306073086,58.6,10.7,idle
V0072,2026-05-01T14:27:13+00:00,-34.589518603736536,-58.36992207919988,73.3,27.8,ok
V0071,2026-05-01T14:27:30+00:00,-34.60590303977979,-58.36019830285076,53.0,19.7,ok
V0058,2026-05-01T14:27:42+00:00,-34.56469148054014,-58.416288805627545,63.3,23.7,ok
V0003,2026-05-01T14:27:51+00:00,-34.6309124217945,-58.41581136118921,88.0,27.2,ok
V0000,2026-05-01T14:28:02+00:00,-34.56852973257799,-58.38275575083602,71.7,22.8,idle
V0022,2026-05-01T14:28:15+00:00,-34.6269264782987,-58.404377537813176,84.0,14.8,ok
V0055,2026-05-01T14:28:28+00:00,-34.627231916557655,-58.4053716511356,44.5,20.4,ok
V0001,2026-05-01T14:28:38+00:00,-34.612880985135554,-58.34060767768281,79.2,12.4,ok
V0008,2026-05-01T14:28:52+00:00,-34.61546770944281,-58.38524152940071,59.5,15.1,ok
V0077,2026-05-01T14:29:06+00:00,-34.58810097862884,-58.421044128272285,26.5,19.4,ok
V0003,2026-05-01T14:29:15+00:00,-34.56402826891085,-58.416563430541764,92.4,29.4,ok
V0050,2026-05-01T14:29:32+00:00,-34.639467894805804,-58.37476088313035,67.4,15.7,ok
V0018,2026-05-01T14:29:40+00:00,-34.63686184148808,-58.37577133142489,82.1,13.7,ok
V0041,2026-05-01T14:29:52+00:00,-34.564855644664014,-58.417477238549566,56.2,26.8,ok
V0062,2026-05-01T14:30:02+00:00,-34.634305127079706,-58.359629160865964,25.5,23.6,ok
V0036,2026-05-01T14:30:20+00:00,-34.62261916528883,-58.35996738911236,72.9,28.7,idle
V0002,2026-05-01T14:30:31+00:00,-34.637552539623655,-58.35696333135805,69.5,19.8,idle
V0062,2026-05-01T14:30:44+00:00,-34.57353390193836,-58.40839356076328,57.2,22.7,idle
V0078,2026-05-01T14:30:56+00:00,-34.59675550540718,-58.40573572995297,55.2,14.6,ok
V0055,2026-05-01T14:31:02+00:00,-34.58783819481733,-58.37022407421302,71.2,14.6,ok
V0008,2026-05-01T14:31:17+00:00,-34.58910039103598,-58.36834007384114,87.0,16.4,ok
V0039,2026-05-01T14:31:28+00:00,-34.58581689831182,-58.4225414518017,68.2,14.7,ok
V0004,2026-05-01T14:31:38+00:00,-34.64165531481382,-58.38384609702475,72.8,17.0,ok
V0038,2026-05-01T14:31:52+00:00,-34.56804193768346,-58.383824162343544,80.2,18.3,ok
V0016,2026-05-01T14:32:01+00:00,-34.62673485431266,-58.40322565835473,47.9,14.1,ok
V0047,2026-05-01T14:32:15+00:00,-34.604682604286346,-58.35882388692947,51.6,13.6,ok
V0067,2026-05-01T14:32:24+00:00,-34.57312586507184,-58.37635722304607,57.8,22.1,ok
V0028,2026-05-01T14:32:42+00:00,-34.57063266962605,-58.374249749486275,74.0,24.1,ok
V0038,2026-05-01T14:32:55+00:00,-34.63104743394192,-58.3851084159278,100.0,21.4,ok
V0008,2026-05-01T14:33:07+00:00,-34.630549581717304,-58.41454269269258,93.2,13.6,ok
V0041,2026-05-01T14:33:17+00:00,-34.60389592565879,-58.34984700288232,49.7,10.7,ok
V0040,2026-05-01T14:33:27+00:00,-34.60663493147023,-58.357717957033465,80.5,15.5,idle
V0017,2026-05-01T14:33:41+00:00,-34.61024212275968,-58.39010535678382,36.7,10.2,ok
V0002,2026-05-01T14:33:48+00:00,-34.603575619792316,-58.358652550733076,73.1,21.4,ok
V0079,2026-05-01T14:34:05+00:00,-34.56610738148429,-58.4175885171455,78.1,17.1,idle
V0024,2026-05-01T14:34:12+00:00,-34.60434090511954,-58.35988381897757,15.9,21.1,battery_low
V0014,2026-05-01T14:34:25+00:00,-34.56533682086148,-58.41759558319753,62.0,19.0,ok
V0046,2026-05-01T14:34:43+00:00,-34.5905276207343,-58.370035392885384,52.0,12.2,idle
V0049,2026-05-01T14:34:49+00:00,-34.62557414660292,-58.35674244880136,100.0,15.5,ok
V0073,2026-05-01T14:35:08+00:00,-34.62583863556205,-58.37114920888823,53.6,18.9,ok
V0012,2026-05-01T14:35:20+00:00,-34.61075384152431,-58.38939213152462,8.4,20.4,battery_low
V0062,2026-05-01T14:35:31+00:00,-34.64389441198914,-58.38470277305168,63.9,6.6,ok
V0051,2026-05-01T14:35:37+00:00,-34.63577684009199,-58.36176898191136,14.9,17.4,battery_low
V0035,2026-05-01T14:35:51+00:00,-34.56656308619659,-58.417364268597844,72.0,22.6,ok
V0001,2026-05-01T14:36:06+00:00,-34.588417702423044,-58.419412235663465,57.4,27.1,idle
V0025,2026-05-01T14:36:16+00:00,-34.63773072993218,-58.35752065967199,76.9,21.8,ok
V0024,2026-05-01T14:36:28+00:00,-34.63081915646044,-58.41763276876214,82.9,19.3,ok
V0056,2026-05-01T14:36:37+00:00,-34.5683580805301,-58.38504504360945,80.9,25.9,idle
V0033,2026-05-01T14:36:56+00:00,-34.59663921364694,-58.40526280347118,77.2,12.0,idle
V0059,2026-05-01T14:37:03+00:00,-34.61330506406497,-58.39170087840076,45.2,19.0,ok
V0070,2026-05-01T14:37:18+00:00,-34.625115805823675,-58.358958287234984,34.2,25.6,ok
V0045,2026-05-01T14:37:31+00:00,-34.62758388689121,-58.386658690296755,61.3,15.1,ok
V0040,2026-05-01T14:37:38+00:00,-34.61138844560871,-58.343122628191104,100.0,24.6,ok
V0005,2026-05-01T14:37:55+00:00,-34.62640916799492,-58.38710398760772,38.2,25.4,ok
V0031,2026-05-01T14:38:06+00:00,-34.58579461035635,-58.4210032962766,43.4,21.2,ok
V0047,2026-05-01T14:38:17+00:00,-34.63618729627209,-58.362203288602885,86.6,25.0,ok
V0038,2026-05-01T14:38:32+00:00,-34.58874355550729,-58.420044977553,58.8,24.9,idle
V0028,2026-05-01T14:38:42+00:00,-34.59902877785332,-58.4078149943908,45.4,24.7,ok
V0067,2026-05-01T14:38:54+00:00,-34.59716253540817,-58.40440994785756,60.2,21.0,ok
V0073,2026-05-01T14:39:00+00:00,-34.610868395082676,-58.391777835758184,56.9,25.6,ok
V0069,2026-05-01T14:39:15+00:00,-34.644872501239306,-58.38612338067525,51.6,19.6,ok
V0058,2026-05-01T14:39:29+00:00,-34.5853964787551,-58.4207726605954,43.5,18.7,ok
V0061,2026-05-01T14:39:40+00:00,-34.630338479633416,-58.415051223327524,58.0,26.8,ok
V0061,2026-05-01T14:39:55+00:00,-34.59042041261458,-58.41939085162169,42.5,24.4,idle
V0014,2026-05-01T14:40:06+00:00,-34.63602429784832,-58.361866194802154,50.6,25.1,ok
V0077,2026-05-01T14:40:18+00:00,-34.63950682443155,-58.37674904379314,93.6,29.5,ok
V0048,2026-05-01T14:40:31+00:00,-34.630036694510544,-58.38660615834955,56.9,8.1,ok
V0015,2026-05-01T14:40:39+00:00,-34.61357401083604,-58.390182610242846,69.8,29.9,ok
V0013,2026-05-01T14:40:55+00:00,-34.60348040531411,-58.357739026017946,51.7,19.8,ok
V0076,2026-05-01T14:41:00+00:00,-34.588958085084094,-58.41988516108942,56.2,22.9,ok
V0029,2026-05-01T14:41:15+00:00,-34.56649252644781,-58.41624466769905,60.7,29.4,idle
V0059,2026-05-01T14:41:24+00:00,-34.62949286668103,-58.38633140470709,83.4,20.0,idle
V0062,2026-05-01T14:41:37+00:00,-34.59089052949456,-58.36945231136388,75.3,20.6,ok
V0024,2026-05-01T14:41:51+00:00,-34.60312978665618,-58.35869878325231,90.4,17.3,ok
V0076,2026-05-01T14:42:04+00:00,-34.58860020829965,-58.36817542958584,71.4,35.3,ok
V0055,2026-05-01T14:42:16+00:00,-34.588857365635604,-58.41943601376145,83.1,19.0,ok
V0038,2026-05-01T14:42:29+00:00,-34.62713411036722,-58.36850278915971,58.8,21.7,idle
V0039,2026-05-01T14:42:42+00:00,-34.628056663918784,-58.40522892111597,56.9,23.1,ok
V0021,2026-05-01T14:42:54+00:00,-34.569300886756615,-58.38431787331745,63.7,15.6,idle
V0003,2026-05-01T14:43:05+00:00,-34.62595498165562,-58.38876732681541,37.6,21.6,ok
V0069,2026-05-01T14:43:13+00:00,-34.604783884411454,-58.35861972122645,71.2,18.1,ok
V0079,2026-05-01T14:43:28+00:00,-34.60310382934449,-58.35252045048048,89.8,13.3,idle
V0078,2026-05-01T14:43:42+00:00,-34.573142928235676,-58.37775675638039,52.9,28.3,ok
V0035,2026-05-01T14:43:56+00:00,-34.566186800498244,-58.415357772128736,72.7,23.3,ok
V0009,2026-05-01T14:44:05+00:00,-34.56667115270329,-58.41722176302595,43.3,25.6,ok
V0058,2026-05-01T14:44:20+00:00,-34.58807803022332,-58.42080508053547,62.0,22.6,ok
V0041,2026-05-01T14:44:28+00:00,-34.58884668047924,-58.367017186656085,36.2,23.9,idle
V0070,2026-05-01T14:44:40+00:00,-34.614596180997516,-58.383214951789355,57.4,18.7,ok
V0019,2026-05-01T14:44:48+00:00,-34.62768706591106,-58.371160956604285,70.8,24.4,ok
V0068,2026-05-01T14:45:03+00:00,-34.642421112575036,-58.38291013656976,45.6,19.8,ok
V0001,2026-05-01T14:45:18+00:00,-34.58972820902347,-58.36722917504775,87.2,24.4,ok
V0025,2026-05-01T14:45:26+00:00,-34.587898189167724,-58.36882174518661,44.8,18.1,ok
V0038,2026-05-01T14:45:43+00:00,-34.64186450445976,-58.3831101255641,58.3,27.0,idle
V0071,2026-05-01T14:45:52+00:00,-34.62532751118058,-58.35807491468826,37.2,25.4,ok
V0076,2026-05-01T14:46:06+00:00,-34.57573111752979,-58.408073311653055,80.7,13.0,ok
V0039,2026-05-01T14:46:17+00:00,-34.6127911061392,-58.38941998097102,100.0,17.0,idle
V0018,2026-05-01T14:46:25+00:00,-34.627817703881874,-58.38544788076576,71.1,18.9,idle
V0011,2026-05-01T14:46:36+00:00,-34.589946887960224,-58.419934894546735,45.4,28.8,idle
V0028,2026-05-01T14:46:56+00:00,-34.63584274437576,-58.36025721770466,62.9,24.4,ok
V0020,2026-05-01T14:47:08+00:00,-34.56615840641137,-58.417391928472405,73.8,27.3,ok
V0067,2026-05-01T14:47:18+00:00,-34.56711497877301,-58.41548183083475,65.3,18.3,ok
V0068,2026-05-01T14:47:25+00:00,-34.56989966530697,-58.38352660799549,31.1,23.6,idle
V0078,2026-05-01T14:47:44+00:00,-34.64488432234498,-58.38640423123675,62.1,5.7,ok
V0047,2026-05-01T14:47:50+00:00,-34.58773059309184,-58.42212645910885,57.0,27.0,idle
V0070,2026-05-01T14:48:02+00:00,-34.61295758165315,-58.39182431927774,67.5,28.4,ok
V0019,2026-05-01T14:48:18+00:00,-34.62573300537421,-58.35694152359969,77.8,14.7,idle
V0001,2026-05-01T14:48:30+00:00,-34.6297438466225,-58.387962065691,71.7,17.9,ok
V0005,2026-05-01T14:48:36+00:00,-34.63699203542608,-58.375352366922726,78.7,18.5,idle
V0062,2026-05-01T14:48:55+00:00,-34.605296514878574,-58.35317222789278,100.0,22.4,ok
V0002,2026-05-01T14:49:07+00:00,-34.61221859254049,-58.34331512814216,88.4,12.9,ok
V0062,2026-05-01T14:49:16+00:00,-34.632287715220606,-58.38769663272134,73.6,20.2,ok
V0017,2026-05-01T14:49:30+00:00,-34.61003311069507,-58.343246768164335,84.3,20.7,ok
V0064,2026-05-01T14:49:41+00:00,-34.63910337604797,-58.37356025002153,77.0,18.9,idle
V0062,2026-05-01T14:49:54+00:00,-34.58653390241735,-58.42096396806098,73.6,20.6,ok
V0034,2026-05-01T14:50:03+00:00,-34.605028962999654,-58.360751813261295,69.8,17.9,ok
V0010,2026-05-01T14:50:13+00:00,-34.62608443149094,-58.38626471628229,69.1,22.9,ok
V0014,2026-05-01T14:50:26+00:00,-34.612142029389524,-58.34214823846604,63.9,15.4,ok
V0039,2026-05-01T14:50:44+00:00,-34.63705236961419,-58.37718852865655,19.2,15.1,ok
V0028,2026-05-01T14:50:51+00:00,-34.570000094920665,-58.37542511547612,87.1,23.7,ok
V0015,2026-05-01T14:51:04+00:00,-34.5888993408969,-58.4219605901483,41.8,14.3,idle
V0069,2026-05-01T14:51:16+00:00,-34.56857740697422,-58.38228423690667,40.8,18.6,ok
V0062,2026-05-01T14:51:29+00:00,-34.62276128036848,-58.356905385702255,86.6,18.0,idle
V0065,2026-05-01T14:51:42+00:00,-34.62810072935044,-58.36978945963862,50.0,21.0,ok
V0041,2026-05-01T14:51:51+00:00,-34.60256015024319,-58.35286625883969,75.1,14.3,ok
V0079,2026-05-01T14:52:07+00:00,-34.586920373302455,-58.422114222253306,86.1,14.9,ok
V0069,2026-05-01T14:52:16+00:00,-34.586232880973505,-58.41944292230372,79.6,12.9,ok
V0079,2026-05-01T14:52:27+00:00,-34.606343844319575,-58.35946596212494,68.4,30.6,ok
V0035,2026-05-01T14:52:37+00:00,-34.58923662855774,-58.42158783997736,70.1,20.6,ok
V0004,2026-05-01T14:52:56+00:00,-34.624987626358504,-58.35896275835617,74.8,14.0,idle
V0044,2026-05-01T14:53:02+00:00,-34.62729619474386,-58.40252861421506,52.2,17.7,ok
V0051,2026-05-01T14:53:17+00:00,-34.64494341287835,-58.38408102367454,77.8,11.8,ok
V0064,2026-05-01T14:53:31+00:00,-34.58809583644679,-58.422674290330136,71.2,17.0,ok
V0062,2026-05-01T14:53:44+00:00,-34.56452155899047,-58.4168258119256,60.7,23.3,ok
V0075,2026-05-01T14:53:56+00:00,-34.57238883397776,-58.376063306119704,78.1,21.1,ok
V0002,2026-05-01T14:54:08+00:00,-34.578542380324905,-58.3432176832896,52.0,19.8,ok
V0023,2026-05-01T14:54:18+00:00,-34.62903427468836,-58.41496108525179,60.6,26.3,ok
V0011,2026-05-01T14:54:32+00:00,-34.64319269153162,-58.3835859292427,100.0,24.7,ok
V0046,2026-05-01T14:54:42+00:00,-34.63126868510791,-58.38448701362777,50.6,10.6,idle
V0010,2026-05-01T14:54:56+00:00,-34.629782367856166,-58.41769521874479,63.8,24.3,ok
V0048,2026-05-01T14:55:05+00:00,-34.631381099718766,-58.3843982903018,20.0,16.1,idle
V0075,2026-05-01T14:55:20+00:00,-34.62651721187549,-58.3853978576833,48.7,22.5,ok
V0033,2026-05-01T14:55:24+00:00,-34.58714767770423,-58.42206125899156,85.8,19.5,ok
V0006,2026-05-01T14:55:36+00:00,-34.62570426191187,-58.40267600018966,43.8,25.9,idle
V0031,2026-05-01T14:55:49+00:00,-34.626126307991846,-58.385279016688656,79.3,20.5,ok
V0027,2026-05-01T14:56:05+00:00,-34.629293115350436,-58.417283877188986,98.7,14.7,idle
V0010,2026-05-01T14:56:19+00:00,-34.640273479343136,-58.375502124388156,58.7,32.4,idle
V0008,2026-05-01T14:56:26+00:00,-34.57308904053614,-58.40608603949707,67.7,14.2,ok
V0002,2026-05-01T14:56:42+00:00,-34.59060378150102,-58.36651057358859,99.0,18.7,ok
V0028,2026-05-01T14:56:54+00:00,-34.62732655789793,-58.38811508639771,54.8,20.6,ok
V0048,2026-05-01T14:57:07+00:00,-34.570300104492254,-58.375573899599566,57.0,12.5,idle
V0063,2026-05-01T14:57:19+00:00,-34.62976742499656,-58.38513185645556,36.7,20.9,ok
V0018,2026-05-01T14:57:30+00:00,-34.61284139008344,-58.3422180458315,69.8,17.6,idle
V0030,2026-05-01T14:57:44+00:00,-34.60381527287619,-58.35021673230518,48.5,18.7,ok
V0034,2026-05-01T14:57:51+00:00,-34.60504987921247,-58.35966488855218,75.3,9.2,ok
V0052,2026-05-01T14:58:00+00:00,-34.6307313122897,-58.41595237871397,67.3,25.1,idle
V0004,2026-05-01T14:58:15+00:00,-34.62600787263024,-58.38532012091371,46.4,25.2,ok
V0019,2026-05-01T14:58:32+00:00,-34.61430447508949,-58.382517317116395,81.0,18.7,ok
V0016,2026-05-01T14:58:36+00:00,-34.61148695401018,-58.34126471489184,78.2,26.5,ok
V0048,2026-05-01T14:58:56+00:00,-34.630729665586244,-58.41622246582745,54.9,25.7,ok
V0024,2026-05-01T14:59:05+00:00,-34.636758871005554,-58.36196031862009,89.5,23.6,ok
V0011,2026-05-01T14:59:14+00:00,-34.566763325001865,-58.4158741245711,42.6,28.4,idle
V0079,2026-05-01T14:59:29+00:00,-34.61333467021548,-58.383807928120824,39.6,28.0,ok
V0027,2026-05-01T14:59:40+00:00,-34.62552142365597,-58.358108736759995,68.3,22.0,ok
V0036,2026-05-01T14:59:56+00:00,-34.57491392245135,-58.408278216097344,70.2,17.7,ok
V0057,2026-05-01T15:00:00+00:00,-34.612486890773134,-58.38380808316907,35.5,25.8,ok
V0032,2026-05-01T15:00:14+00:00,-34.628422290020325,-58.385526035478534,71.4,25.0,ok
V0026,2026-05-01T15:00:29+00:00,-34.58594594489926,-58.42156035977008,65.4,16.0,ok
V0039,2026-05-01T15:00:37+00:00,-34.63832316278626,-58.37472205744453,73.0,27.9,ok
V0042,2026-05-01T15:00:52+00:00,-34.59880625913481,-58.40437521005247,100.0,30.9,idle
V0079,2026-05-01T15:01:00+00:00,-34.59822797031768,-58.40645572419899,43.1,34.3,idle
V0001,2026-05-01T15:01:19+00:00,-34.60452359019619,-58.35230659046158,10.1,21.9,battery_low
V0033,2026-05-01T15:01:24+00:00,-34.638998593513705,-58.36052516128647,63.0,17.7,idle
V0032,2026-05-01T15:01:42+00:00,-34.61083095879474,-58.391864842130914,70.3,25.2,ok
V0020,2026-05-01T15:01:56+00:00,-34.638059654424886,-58.36043575567896,52.6,31.8,ok
V0023,2026-05-01T15:02:02+00:00,-34.597199566676785,-58.40489835124642,67.8,21.4,ok
V0017,2026-05-01T15:02:18+00:00,-34.62681505234485,-58.367573311392285,83.3,20.6,ok
V0047,2026-05-01T15:02:28+00:00,-34.628312320767606,-58.417593344866255,72.3,14.6,ok
V0037,2026-05-01T15:02:40+00:00,-34.62597914459789,-58.358605999777176,75.9,9.1,ok
V0057,2026-05-01T15:02:53+00:00,-34.603504184988935,-58.35066716530759,69.9,26.6,ok
V0021,2026-05-01T15:03:02+00:00,-34.63017515060091,-58.38605599367001,94.7,28.2,ok
V0049,2026-05-01T15:03:19+00:00,-34.588056378841806,-58.36750458950925,98.2,27.8,ok
V0042,2026-05-01T15:03:24+00:00,-34.59666750456784,-58.4041526674219,49.5,19.9,ok
V0004,2026-05-01T15:03:38+00:00,-34.60316050113194,-58.35042824648786,51.7,28.1,ok
V0040,2026-05-01T15:03:50+00:00,-34.56915863670881,-58.38438625603552,85.4,17.5,idle
V0019,2026-05-01T15:04:08+00:00,-34.59831819120823,-58.40546435402923,58.8,19.4,ok
V0045,2026-05-01T15:04:20+00:00,-34.590963983530585,-58.42226861964468,62.8,23.0,ok
V0034,2026-05-01T15:04:26+00:00,-34.63541010548273,-58.359252316484316,93.8,24.5,ok
V0033,2026-05-01T15:04:41+00:00,-34.61288889219405,-58.385864926303185,70.9,15.0,ok
V0033,2026-05-01T15:04:50+00:00,-34.56995453596211,-58.38228423673494,37.0,23.9,ok
V0057,2026-05-01T15:05:05+00:00,-34.57684967097743,-58.342919985198456,43.9,31.0,ok
V0052,2026-05-01T15:05:19+00:00,-34.57022357931472,-58.374420584069696,81.2,8.5,ok
V0019,2026-05-01T15:05:30+00:00,-34.630698677162854,-58.41532374380611,61.2,23.5,idle
V0060,2026-05-01T15:05:41+00:00,-34.612384629373494,-58.38273135090588,57.6,20.9,ok
V0036,2026-05-01T15:05:52+00:00,-34.6449509924412,-58.38614130087635,58.2,18.5,ok
V0021,2026-05-01T15:06:04+00:00,-34.625035256147015,-58.36917588848149,59.2,7.1,ok
V0071,2026-05-01T15:06:14+00:00,-34.580026876331814,-58.341637665263,46.0,25.1,ok
V0041,2026-05-01T15:06:24+00:00,-34.63428637623046,-58.35836650676374,64.5,19.7,ok
V0057,2026-05-01T15:06:41+00:00,-34.6299666460884,-58.415349329481415,65.3,24.1,ok
V0009,2026-05-01T15:06:52+00:00,-34.60187584633612,-58.350515643753525,77.5,24.7,ok
V0020,2026-05-01T15:07:01+00:00,-34.640009061601674,-58.377373835819796,70.8,20.4,ok
V0050,2026-05-01T15:07:17+00:00,-34.60559677148117,-58.35342133982103,61.0,31.0,ok
V0051,2026-05-01T15:07:25+00:00,-34.62662276618184,-58.40275003705508,66.1,21.9,idle
V0054,2026-05-01T15:07:41+00:00,-34.57383396238039,-58.37788393814226,25.4,17.6,ok
V0028,2026-05-01T15:07:54+00:00,-34.58762680026132,-58.41929331653294,48.2,20.0,idle
V0044,2026-05-01T15:08:07+00:00,-34.60330986166892,-58.35337406676458,31.4,26.4,ok
V0009,2026-05-01T15:08:18+00:00,-34.631344764012745,-58.38407784995537,53.4,25.0,ok
V0005,2026-05-01T15:08:29+00:00,-34.572175757128676,-58.37602790360749,93.5,16.1,ok
V0019,2026-05-01T15:08:40+00:00,-34.56747207951107,-58.41404876789779,74.1,14.8,ok
V0043,2026-05-01T15:08:50+00:00,-34.58831043774189,-58.42080882469916,46.4,22.0,ok
V0026,2026-05-01T15:09:07+00:00,-34.632037006688385,-58.38469014481672,77.3,19.3,ok
V0017,2026-05-01T15:09:14+00:00,-34.57784876645056,-58.34416619965663,44.3,25.2,ok
V0056,2026-05-01T15:09:27+00:00,-34.626469088417984,-58.388613120135105,50.8,23.1,idle
V0063,2026-05-01T15:09:43+00:00,-34.57267707248588,-58.376607466873246,41.6,23.2,ok
V0025,2026-05-01T15:09:48+00:00,-34.626577795288156,-58.40418177539091,100.0,17.4,idle
V0003,2026-05-01T15:10:08+00:00,-34.6030129913533,-58.351669097981684,58.3,22.8,ok
V0056,2026-05-01T15:10:20+00:00,-34.62806043080636,-58.3852669911545,68.3,14.5,idle
V0056,2026-05-01T15:10:25+00:00,-34.63917847064012,-58.37669612946084,94.7,21.1,ok
V0002,2026-05-01T15:10:43+00:00,-34.62626222541853,-58.40241753845382,83.3,30.9,ok
V0009,2026-05-01T15:10:52+00:00,-34.60185072930418,-58.35012746780134,88.9,26.9,ok
V0064,2026-05-01T15:11:05+00:00,-34.61532999604657,-58.38249217664798,79.9,18.4,ok
V0037,2026-05-01T15:11:17+00:00,-34.57879199975792,-58.3424086856525,66.9,27.7,ok
V0010,2026-05-01T15:11:24+00:00,-34.57417936688181,-58.40587295040788,35.7,12.9,ok
V0032,2026-05-01T15:11:40+00:00,-34.57123066359996,-58.375894095001826,52.2,26.9,ok
V0002,2026-05-01T15:11:52+00:00,-34.62747882646969,-58.40514201635657,79.3,22.7,ok
V0011,2026-05-01T15:12:00+00:00,-34.623581088249075,-58.35869151398958,65.7,26.8,ok
V0043,2026-05-01T15:12:12+00:00,-34.612294089358514,-58.3423107996084,63.6,20.4,ok
V0004,2026-05-01T15:12:26+00:00,-34.63021079205784,-58.38541545492048,65.8,16.4,ok
V0015,2026-05-01T15:12:43+00:00,-34.623699104484075,-58.359746607838666,61.3,13.6,ok
V0072,2026-05-01T15:12:48+00:00,-34.623750340914555,-58.35862378095105,56.1,26.6,idle
V0031,2026-05-01T15:13:02+00:00,-34.605475054550396,-58.359579698742195,62.6,17.8,idle
V0078,2026-05-01T15:13:20+00:00,-34.62568898275052,-58.36881373532362,77.2,11.2,ok
V0077,2026-05-01T15:13:32+00:00,-34.63226271883467,-58.38614458967026,84.3,20.1,ok
V0060,2026-05-01T15:13:39+00:00,-34.568336930517845,-58.38335983093681,66.2,22.1,ok
V0006,2026-05-01T15:13:56+00:00,-34.57362217460574,-58.40801624074925,82.1,18.7,ok
V0007,2026-05-01T15:14:01+00:00,-34.597746502217994,-58.40503718157969,52.2,11.0,idle
V0030,2026-05-01T15:14:19+00:00,-34.56593940102072,-58.4167957342084,74.2,25.2,ok
V0002,2026-05-01T15:14:28+00:00,-34.62917645453267,-58.38576172805998,58.8,22.7,ok
V0055,2026-05-01T15:14:39+00:00,-34.5862467804574,-58.419033604285765,76.4,21.2,ok
V0070,2026-05-01T15:14:48+00:00,-34.63223313100555,-58.38624981028567,68.4,16.2,idle
V0009,2026-05-01T15:15:01+00:00,-34.58731871488557,-58.36952781727669,50.7,19.1,ok
V0013,2026-05-01T15:15:12+00:00,-34.61282709496018,-58.38987166067633,89.6,24.7,ok
V0010,2026-05-01T15:15:32+00:00,-34.57322317230315,-58.406933295234914,95.1,22.4,ok
V0007,2026-05-01T15:15:36+00:00,-34.57230175199229,-58.40769508837513,93.6,30.8,ok
V0022,2026-05-01T15:15:51+00:00,-34.57900930117756,-58.343954332818264,73.4,19.1,ok
V0001,2026-05-01T15:16:05+00:00,-34.626906517312236,-58.36797549841113,76.5,31.8,ok
V0044,2026-05-01T15:16:14+00:00,-34.6128749531976,-58.383489828366706,58.0,29.0,ok
V0013,2026-05-01T15:16:29+00:00,-34.63674982082624,-58.36134633718538,100.0,19.6,ok
V0028,2026-05-01T15:16:36+00:00,-34.604926510728205,-58.353157514192354,40.1,15.8,ok
V0005,2026-05-01T15:16:49+00:00,-34.63262287826141,-58.38604598616202,54.0,17.6,ok
V0057,2026-05-01T15:17:01+00:00,-34.6377595364488,-58.356321577088615,87.4,25.0,idle
V0067,2026-05-01T15:17:16+00:00,-34.632657812546626,-58.38765581522884,81.4,22.9,ok
V0026,2026-05-01T15:17:24+00:00,-34.614855363761436,-58.38201549017615,87.0,21.1,ok
V0024,2026-05-01T15:17:43+00:00,-34.60473472991209,-58.35035121586195,36.5,25.1,ok
V0079,2026-05-01T15:17:50+00:00,-34.58913352787901,-58.366565633322764,75.8,20.9,idle
V0004,2026-05-01T15:18:03+00:00,-34.60442773341675,-58.3513790616298,100.0,20.3,ok
V0064,2026-05-01T15:18:14+00:00,-34.61531453824452,-58.38300479169024,46.9,20.5,ok
V0043,2026-05-01T15:18:29+00:00,-34.613713551755666,-58.382660201940475,82.4,28.4,idle
V0075,2026-05-01T15:18:36+00:00,-34.60365444851579,-58.35046761471634,70.2,20.8,ok
V0074,2026-05-01T15:18:48+00:00,-34.64322999813543,-58.38319805901704,58.5,13.8,ok
V0006,2026-05-01T15:19:07+00:00,-34.59897688887312,-58.40455465343379,50.1,11.7,ok
V0042,2026-05-01T15:19:19+00:00,-34.588404675873846,-58.42047251888765,65.7,19.0,ok
V0007,2026-05-01T15:19:28+00:00,-34.60568481183003,-58.35173024276369,100.0,11.4,ok
V0054,2026-05-01T15:19:42+00:00,-34.58610041580194,-58.42235486112698,76.8,20.4,ok
V0077,2026-05-01T15:19:51+00:00,-34.62744126976725,-58.38853430754389,54.9,18.9,ok
V0049,2026-05-01T15:20:04+00:00,-34.58773358697642,-58.42052389204287,78.7,27.4,ok
V0062,2026-05-01T15:20:15+00:00,-34.625429335952205,-58.404625639507714,45.8,23.5,ok
V0052,2026-05-01T15:20:30+00:00,-34.62910497869464,-58.414405936021865,23.5,28.0,ok
V0023,2026-05-01T15:20:41+00:00,-34.63258702283415,-58.386498348544286,67.2,25.2,idle
V0071,2026-05-01T15:20:49+00:00,-34.63736332176889,-58.36198178430802,80.6,23.3,ok
V0016,2026-05-01T15:21:01+00:00,-34.628814298285576,-58.38862983724188,87.1,22.1,ok
V0011,2026-05-01T15:21:15+00:00,-34.636519936989025,-58.37692277881089,65.5,18.3,ok
V0052,2026-05-01T15:21:24+00:00,-34.62613553722169,-58.36882756725307,36.8,13.5,idle
V0043,2026-05-01T15:21:41+00:00,-34.58782952000842,-58.42193725808361,48.4,14.1,ok
V0043,2026-05-01T15:21:51+00:00,-34.57078370893289,-58.384029316237324,82.0,26.5,ok
V0036,2026-05-01T15:22:03+00:00,-34.642064950407665,-58.38598236309272,78.0,19.8,idle
V0024,2026-05-01T15:22:17+00:00,-34.58592986748963,-58.42170488784889,81.8,22.8,ok
V0001,2026-05-01T15:22:25+00:00,-34.58744403334489,-58.36868478202064,52.1,29.3,idle
V0032,2026-05-01T15:22:41+00:00,-34.61402708811277,-58.3907685924766,34.6,23.0,ok
V0069,2026-05-01T15:22:52+00:00,-34.587401147758634,-58.42041686761609,53.6,9.7,ok
V0049,2026-05-01T15:23:03+00:00,-34.587985457780405,-58.369097569152856,63.1,32.3,ok
V0032,2026-05-01T15:23:16+00:00,-34.56788691815586,-58.41599126293604,67.5,20.4,ok
V0057,2026-05-01T15:23:30+00:00,-34.587745404965055,-58.419685219517966,53.5,19.5,ok
V0068,2026-05-01T15:23:44+00:00,-34.58644362838618,-58.42018816301852,61.4,16.7,idle
V0071,2026-05-01T15:23:55+00:00,-34.64406729094729,-58.3846439023381,38.0,32.0,ok
V0057,2026-05-01T15:24:03+00:00,-34.62705002420428,-58.36843946126437,61.2,16.5,ok
V0020,2026-05-01T15:24:15+00:00,-34.637644330140596,-58.363065598374895,52.7,31.8,ok
V0043,2026-05-01T15:24:25+00:00,-34.63169580661204,-58.386928154805496,88.4,28.9,ok
V0066,2026-05-01T15:24:39+00:00,-34.57283844589062,-58.37636967791688,54.9,28.5,ok
V0075,2026-05-01T15:24:51+00:00,-34.636232699269016,-58.35854095524476,83.5,22.1,ok
V0079,2026-05-01T15:25:08+00:00,-34.61036792580853,-58.34398711548972,65.0,22.9,idle
V0007,2026-05-01T15:25:12+00:00,-34.625135165099245,-58.40443759460493,38.1,22.7,idle
V0053,2026-05-01T15:25:26+00:00,-34.57157355840978,-58.38249482492464,78.4,32.4,ok
V0079,2026-05-01T15:25:40+00:00,-34.61224236184797,-58.34331058088525,84.5,31.5,idle
V0072,2026-05-01T15:25:52+00:00,-34.58933839815832,-58.42310631000845,72.9,19.8,ok
V0004,2026-05-01T15:26:08+00:00,-34.629193255343914,-58.38729567415992,67.6,19.1,ok
V0031,2026-05-01T15:26:16+00:00,-34.6377367229709,-58.360887690480155,72.2,17.9,ok
V0011,2026-05-01T15:26:29+00:00,-34.636536505621194,-58.35599832920812,90.3,18.2,ok
V0019,2026-05-01T15:26:39+00:00,-34.632281749657174,-58.38468195929661,62.5,27.4,ok
V0020,2026-05-01T15:26:56+00:00,-34.62533008959251,-58.35849413116909,60.8,26.1,ok
V0047,2026-05-01T15:27:03+00:00,-34.56420371196586,-58.417736671835,70.6,15.8,ok
V0042,2026-05-01T15:27:14+00:00,-34.63664787943455,-58.374329728294775,53.0,23.2,idle
V0059,2026-05-01T15:27:26+00:00,-34.57918135768816,-58.34184714301767,60.8,10.0,idle
V0048,2026-05-01T15:27:38+00:00,-34.61412788167389,-58.381990326632064,44.5,14.5,ok
V0033,2026-05-01T15:27:56+00:00,-34.58701720407191,-58.42082000209109,45.8,17.8,ok
V0017,2026-05-01T15:28:03+00:00,-34.61420813740616,-58.38219382810325,54.8,35.2,ok
V0004,2026-05-01T15:28:18+00:00,-34.602453070440816,-58.349590139087695,70.8,28.3,ok
V0069,2026-05-01T15:28:27+00:00,-34.56791165289049,-58.417665873742976,50.5,28.6,ok
V0072,2026-05-01T15:28:37+00:00,-34.62501689887288,-58.36951118846877,44.0,18.0,idle
V0074,2026-05-01T15:28:56+00:00,-34.610345794369636,-58.34342759386286,79.5,18.3,idle
V0073,2026-05-01T15:29:06+00:00,-34.58867714814127,-58.420150050298915,34.6,18.7,ok
V0025,2026-05-01T15:29:16+00:00,-34.637166947275624,-58.37549901014143,99.9,19.1,ok
V0072,2026-05-01T15:29:26+00:00,-34.61254364053937,-58.34365897720021,64.3,36.2,ok
V0020,2026-05-01T15:29:36+00:00,-34.57118259566847,-58.383107518831494,74.2,23.3,idle
V0037,2026-05-01T15:29:53+00:00,-34.62534141810136,-58.38835313287529,31.2,18.3,ok
V0046,2026-05-01T15:30:06+00:00,-34.57811820822604,-58.3442657078028,37.5,29.3,ok
V0020,2026-05-01T15:30:13+00:00,-34.567799014151305,-58.416638737188656,82.0,17.2,idle
V0013,2026-05-01T15:30:32+00:00,-34.61287185815816,-58.390452182084346,74.5,29.3,ok
V0006,2026-05-01T15:30:37+00:00,-34.58812417663768,-58.422148664788956,70.0,19.6,idle
V0052,2026-05-01T15:30:48+00:00,-34.63062228134348,-58.416554985882335,63.0,26.0,ok
V0062,2026-05-01T15:31:00+00:00,-34.56660118947458,-58.4142782879679,68.9,28.8,ok
V0001,2026-05-01T15:31:20+00:00,-34.60559686043259,-58.352836501320695,29.8,23.8,ok
V0025,2026-05-01T15:31:29+00:00,-34.603868143873854,-58.357469169082634,64.1,28.8,idle
V0054,2026-05-01T15:31:42+00:00,-34.62483788732111,-58.40256403570471,73.4,24.1,ok
V0029,2026-05-01T15:31:51+00:00,-34.57333903460573,-58.405259123123976,32.5,27.7,ok
V0004,2026-05-01T15:32:03+00:00,-34.61559187426489,-58.38324813792402,60.9,4.6,idle
V0065,2026-05-01T15:32:14+00:00,-34.585715604588785,-58.42150192224075,100.0,11.6,ok
V0011,2026-05-01T15:32:31+00:00,-34.625927483836364,-58.368301294282766,43.3,13.3,ok
V0071,2026-05-01T15:32:44+00:00,-34.62264061736416,-58.357689566228636,53.9,12.3,ok
V0056,2026-05-01T15:32:56+00:00,-34.587364414611166,-58.41937335300086,55.6,31.9,ok
V0076,2026-05-01T15:33:01+00:00,-34.62816980498124,-58.36866657213181,72.9,18.6,ok
V0006,2026-05-01T15:33:13+00:00,-34.587852716141164,-58.36753930412227,80.9,21.4,idle
V0031,2026-05-01T15:33:27+00:00,-34.63575514575502,-58.363870618795964,74.1,13.7,ok
V0059,2026-05-01T15:33:41+00:00,-34.63640255485762,-58.36072210534165,100.0,19.5,ok
V0033,2026-05-01T15:33:49+00:00,-34.60296151996741,-58.3578944456499,44.0,26.4,ok
V0046,2026-05-01T15:34:03+00:00,-34.629017704604756,-58.41507637388222,99.0,17.2,ok
V0012,2026-05-01T15:34:20+00:00,-34.62806168012336,-58.3858684403587,59.7,26.1,ok
V0046,2026-05-01T15:34:29+00:00,-34.62462024807825,-58.40284469063806,39.8,17.3,ok
V0054,2026-05-01T15:34:38+00:00,-34.58869757038764,-58.4191054521928,73.2,16.6,ok
V0012,2026-05-01T15:34:56+00:00,-34.62565789177259,-58.38567055269585,58.3,24.1,idle
V0013,2026-05-01T15:35:00+00:00,-34.57608190951762,-58.408153528851024,69.6,15.0,ok
V0024,2026-05-01T15:35:14+00:00,-34.57152209132633,-58.37761396257943,66.8,24.3,idle
V0016,2026-05-01T15:35:24+00:00,-34.624233000246555,-58.35757206672704,79.9,23.1,ok
V0057,2026-05-01T15:35:36+00:00,-34.626866829272494,-58.38606493853064,73.7,26.3,ok
V0039,2026-05-01T15:35:51+00:00,-34.61302261609198,-58.34153966063911,83.0,15.8,ok
V0056,2026-05-01T15:36:03+00:00,-34.570502204347115,-58.38593766700342,47.0,32.6,ok
V0075,2026-05-01T15:36:13+00:00,-34.61321054468747,-58.38979857264902,76.8,10.4,idle
V0002,2026-05-01T15:36:31+00:00,-34.57582348912264,-58.40773018600416,76.3,21.3,idle
V0041,2026-05-01T15:36:37+00:00,-34.62579695774949,-58.40500431744395,86.8,26.4,ok
V0006,2026-05-01T15:36:50+00:00,-34.57123777931877,-58.384281252307304,83.6,25.5,ok
V0039,2026-05-01T15:37:04+00:00,-34.62587066068467,-58.356481733500395,45.6,20.1,ok
V0071,2026-05-01T15:37:17+00:00,-34.62653791708092,-58.358009211846976,71.5,24.6,idle
V0048,2026-05-01T15:37:25+00:00,-34.62515865705781,-58.40344554494963,67.2,16.7,idle
V0036,2026-05-01T15:37:38+00:00,-34.637009018818645,-58.35924078846425,67.4,33.5,ok
V0018,2026-05-01T15:37:54+00:00,-34.636762939556,-58.35914559464739,67.1,19.0,ok
V0001,2026-05-01T15:38:03+00:00,-34.64299087406225,-58.38289801521455,78.7,23.1,idle
V0049,2026-05-01T15:38:15+00:00,-34.598580169363316,-58.40786429039229,65.3,17.3,ok
V0079,2026-05-01T15:38:25+00:00,-34.64176200349326,-58.383068734035895,77.3,18.7,idle
V0065,2026-05-01T15:38:42+00:00,-34.60662020880587,-58.35713457206198,56.5,34.1,ok
V0016,2026-05-01T15:38:54+00:00,-34.588461073951834,-58.37020994659748,37.6,26.3,ok
V0039,2026-05-01T15:39:01+00:00,-34.62855613885363,-58.41521416276163,55.9,26.0,idle
V0028,2026-05-01T15:39:18+00:00,-34.64210915807647,-58.38267855021705,81.4,25.5,ok
V0015,2026-05-01T15:39:32+00:00,-34.57238064339863,-58.40685004742209,23.6,29.1,ok
V0010,2026-05-01T15:39:43+00:00,-34.642069305036905,-58.38532586469294,45.3,24.8,idle
V0046,2026-05-01T15:39:53+00:00,-34.62706770087777,-58.38828355423042,65.1,9.5,idle
V0024,2026-05-01T15:40:02+00:00,-34.60242260445205,-58.351934334362305,77.6,16.1,idle
V0061,2026-05-01T15:40:16+00:00,-34.62624546417333,-58.385554942940246,58.5,22.7,ok
V0053,2026-05-01T15:40:26+00:00,-34.575859326584705,-58.40804267884794,69.5,15.8,ok
V0044,2026-05-01T15:40:43+00:00,-34.62757790232382,-58.38869795713074,49.3,29.6,ok
V0022,2026-05-01T15:40:51+00:00,-34.61260791001046,-58.390433540888644,66.8,22.1,idle
V0005,2026-05-01T15:41:05+00:00,-34.6313453567115,-58.38734557034657,88.0,4.0,ok
V0036,2026-05-01T15:41:19+00:00,-34.587701924678115,-58.42034613797227,68.6,19.7,idle
V0057,2026-05-01T15:41:32+00:00,-34.636554251673026,-58.35672436988994,46.8,15.8,ok
V0062,2026-05-01T15:41:43+00:00,-34.60596473370146,-58.35876674645661,86.8,28.0,ok
V0070,2026-05-01T15:41:48+00:00,-34.588630212353216,-58.422564897559816,81.7,21.2,ok
V0060,2026-05-01T15:42:08+00:00,-34.63849195388896,-58.36146721385904,66.5,12.0,idle
V0021,2026-05-01T15:42:14+00:00,-34.58746685532682,-58.42194603948072,95.7,16.4,ok
V0061,2026-05-01T15:42:29+00:00,-34.5894549189597,-58.36679391571921,100.0,18.6,ok
V0053,2026-05-01T15:42:41+00:00,-34.624858291039466,-58.35709300066238,58.5,13.5,ok
V0035,2026-05-01T15:42:53+00:00,-34.62615093101413,-58.388301183396514,71.0,22.7,ok
V0014,2026-05-01T15:43:06+00:00,-34.639989075545465,-58.37496663398471,90.2,27.2,ok
V0043,2026-05-01T15:43:12+00:00,-34.61090177867224,-58.39016849181681,64.9,17.9,ok
V0035,2026-05-01T15:43:25+00:00,-34.641216975455755,-58.38482932981634,47.0,18.6,idle
V0039,2026-05-01T15:43:36+00:00,-34.613173603044785,-58.38495298139898,43.9,11.9,ok
V0041,2026-05-01T15:43:55+00:00,-34.60426821083837,-58.35705931110613,58.8,26.4,idle
V0070,2026-05-01T15:44:03+00:00,-34.63197888399621,-58.385372271939126,56.6,20.4,ok
V0066,2026-05-01T15:44:14+00:00,-34.568756786456255,-58.38410402543779,72.3,20.3,ok
V0079,2026-05-01T15:44:27+00:00,-34.63541888504276,-58.35843569807385,75.0,24.3,ok
V0022,2026-05-01T15:44:39+00:00,-34.6303872023379,-58.41690928962348,53.5,21.0,ok
V0061,2026-05-01T15:44:54+00:00,-34.62988387625323,-58.385938434599026,53.1,17.3,idle
V0079,2026-05-01T15:45:01+00:00,-34.5975355303628,-58.40596524840386,50.2,13.4,idle
V0072,2026-05-01T15:45:13+00:00,-34.638728662511554,-58.36277407074665,65.8,24.1,ok
V0023,2026-05-01T15:45:29+00:00,-34.628514356018336,-58.37036458020335,46.7,14.8,ok
V0031,2026-05-01T15:45:37+00:00,-34.58803750762263,-58.42084299016515,73.2,12.8,idle
V0071,2026-05-01T15:45:53+00:00,-34.57426816569111,-58.409045525385615,99.8,18.0,ok
V0034,2026-05-01T15:46:04+00:00,-34.62440112503836,-58.3569464429817,84.4,24.3,idle
V0035,2026-05-01T15:46:13+00:00,-34.57170952542527,-58.37516151608895,75.0,16.3,ok
V0077,2026-05-01T15:46:25+00:00,-34.60569139458654,-58.359791112517755,47.0,12.7,ok
V0071,2026-05-01T15:46:37+00:00,-34.64236090287763,-58.385416323441255,45.3,15.2,ok
V0002,2026-05-01T15:46:50+00:00,-34.64414957169655,-58.38411336482813,78.4,29.5,ok
V0042,2026-05-01T15:47:00+00:00,-34.57963016844222,-58.343293155389595,73.3,17.2,ok
V0037,2026-05-01T15:47:19+00:00,-34.57045933560678,-58.374375479869016,81.6,21.4,ok
V0027,2026-05-01T15:47:24+00:00,-34.60471091499224,-58.36051094031101,36.2,18.7,ok
V0000,2026-05-01T15:47:40+00:00,-34.64372696845113,-58.38330996272263,70.0,19.1,ok
V0003,2026-05-01T15:47:56+00:00,-34.61578682684574,-58.38295329781416,67.9,21.0,ok
V0035,2026-05-01T15:48:04+00:00,-34.57795857470151,-58.34203654392803,37.0,23.8,idle
V0052,2026-05-01T15:48:12+00:00,-34.57824188043995,-58.344339077465904,67.1,21.8,ok
V0062,2026-05-01T15:48:26+00:00,-34.62723382737133,-58.36935585415537,91.6,13.3,ok
V0046,2026-05-01T15:48:44+00:00,-34.63720684368043,-58.374368970050774,62.8,25.6,ok
V0036,2026-05-01T15:48:56+00:00,-34.6419645045495,-58.3852053658415,85.1,26.2,idle
V0050,2026-05-01T15:49:01+00:00,-34.627692690057415,-58.40373364590948,100.0,16.8,ok
V0001,2026-05-01T15:49:18+00:00,-34.59008866900766,-58.37000156564106,63.0,21.5,ok
V0024,2026-05-01T15:49:28+00:00,-34.628218248159925,-58.385600398954416,64.5,22.5,ok
V0072,2026-05-01T15:49:36+00:00,-34.627701325302056,-58.40383573769089,89.2,7.9,ok
V0056,2026-05-01T15:49:49+00:00,-34.636096935764904,-58.35779179537656,77.9,22.8,idle
V0014,2026-05-01T15:50:02+00:00,-34.62520146064933,-58.387652675997714,45.5,23.8,ok
V0057,2026-05-01T15:50:19+00:00,-34.64243873274193,-58.38338248979733,37.8,18.6,ok
V0006,2026-05-01T15:50:26+00:00,-34.56773632208029,-58.41577921523536,89.3,33.7,idle
V0060,2026-05-01T15:50:43+00:00,-34.577383316161495,-58.34202122626166,40.8,19.7,ok
V0044,2026-05-01T15:50:51+00:00,-34.62817920703046,-58.403513732183214,100.0,22.4,ok
V0076,2026-05-01T15:51:08+00:00,-34.58926627662972,-58.419751303948566,83.3,23.0,ok
V0018,2026-05-01T15:51:17+00:00,-34.57887372680653,-58.34404933979865,83.0,16.5,ok
V0011,2026-05-01T15:51:31+00:00,-34.6310712151815,-58.38714970088056,37.1,23.5,idle
V0009,2026-05-01T15:51:40+00:00,-34.564242872415214,-58.41400981715614,75.5,14.4,ok
V0026,2026-05-01T15:51:51+00:00,-34.64238730171963,-58.38569065473244,89.2,24.9,ok
V0032,2026-05-01T15:52:01+00:00,-34.603829464100144,-58.3608723137668,24.9,17.6,ok
V0043,2026-05-01T15:52:12+00:00,-34.57747629825221,-58.34238848344152,69.4,18.6,ok
V0045,2026-05-01T15:52:31+00:00,-34.614550136581975,-58.38455938253798,63.2,17.6,idle
V0015,2026-05-01T15:52:43+00:00,-34.61406638702096,-58.390139036385,58.7,29.4,ok
V0014,2026-05-01T15:52:49+00:00,-34.637775041691754,-58.37729532892649,73.9,25.8,idle
V0014,2026-05-01T15:53:05+00:00,-34.57830793105831,-58.343050938882726,71.9,25.8,ok
V0026,2026-05-01T15:53:19+00:00,-34.62338386383181,-58.356779020713496,52.8,13.6,idle
V0002,2026-05-01T15:53:32+00:00,-34.574460948236556,-58.40840136399828,30.8,26.7,idle
V0007,2026-05-01T15:53:40+00:00,-34.588792878243915,-58.36720898039656,66.5,20.1,ok
V0028,2026-05-01T15:53:49+00:00,-34.58895413951449,-58.42064785427393,81.8,17.4,idle
V0047,2026-05-01T15:54:03+00:00,-34.611847915870825,-58.391915932721446,71.2,14.1,ok
V0032,2026-05-01T15:54:16+00:00,-34.60432909712051,-58.36069905833617,68.1,22.5,idle
V0057,2026-05-01T15:54:29+00:00,-34.63120527132657,-58.41830927031136,55.5,27.5,ok
V0064,2026-05-01T15:54:39+00:00,-34.60345968639258,-58.350963443433,76.3,11.7,idle
V0069,2026-05-01T15:54:56+00:00,-34.610807854121916,-58.38963142839511,60.0,6.3,idle
V0036,2026-05-01T15:55:02+00:00,-34.587184974732445,-58.419762728684084,56.1,26.1,ok
V0007,2026-05-01T15:55:18+00:00,-34.567158475158216,-58.41691157170879,63.5,16.0,ok
V0025,2026-05-01T15:55:28+00:00,-34.636831518522094,-58.35851546238932,58.2,22.0,ok
V0007,2026-05-01T15:55:43+00:00,-34.61189037220519,-58.34225797461664,82.8,20.6,ok
V0031,2026-05-01T15:55:54+00:00,-34.57674203118187,-58.34413958004687,69.9,23.1,ok
V0079,2026-05-01T15:56:03+00:00,-34.58653583342583,-58.421659767041696,39.6,23.7,idle
V0019,2026-05-01T15:56:16+00:00,-34.57462350987686,-58.40593132325483,59.9,33.8,ok
V0055,2026-05-01T15:56:29+00:00,-34.63245969776908,-58.386776898586874,77.7,28.6,ok
V0030,2026-05-01T15:56:38+00:00,-34.62856640136892,-58.38617406525555,67.3,15.7,idle
V0012,2026-05-01T15:56:50+00:00,-34.612754742203975,-58.39255362188057,49.3,18.1,idle
V0056,2026-05-01T15:57:05+00:00,-34.61344240295531,-58.38941321087486,80.5,19.3,ok
V0022,2026-05-01T15:57:20+00:00,-34.572655621199104,-58.37431987718956,63.4,25.4,idle
V0035,2026-05-01T15:57:24+00:00,-34.62326598003946,-58.36009683693656,59.8,25.8,ok
V0005,2026-05-01T15:57:38+00:00,-34.579903899567,-58.341799215776916,57.6,33.3,idle
V0019,2026-05-01T15:57:50+00:00,-34.606581291039205,-58.35734616994848,82.2,28.9,ok
V0021,2026-05-01T15:58:07+00:00,-34.59566085431273,-58.40607982138687,72.7,16.0,idle
V0055,2026-05-01T15:58:17+00:00,-34.604349081679196,-58.35816574372309,62.2,28.2,ok
V0011,2026-05-01T15:58:29+00:00,-34.615813174839715,-58.38315152221635,61.1,23.2,idle
V0060,2026-05-01T15:58:37+00:00,-34.590269984907586,-58.367641693282046,59.3,16.9,ok
V0032,2026-05-01T15:58:53+00:00,-34.60553582321256,-58.3519685007348,63.5,12.9,ok
V0067,2026-05-01T15:59:06+00:00,-34.588074382279125,-58.42142000982899,43.7,26.6,ok
V0010,2026-05-01T15:59:15+00:00,-34.62640812780267,-58.356483712209005,65.2,16.2,ok
V0061,2026-05-01T15:59:31+00:00,-34.579706573855844,-58.341095399091365,75.6,22.1,idle
V0069,2026-05-01T15:59:39+00:00,-34.58646111843892,-58.421800956241356,72.2,16.4,ok
V0032,2026-05-01T15:59:54+00:00,-34.56959542516147,-58.38283464890389,24.1,21.5,idle
V0009,2026-05-01T16:00:00+00:00,-34.58653478990009,-58.42062258635844,76.5,18.4,ok
V0064,2026-05-01T16:00:19+00:00,-34.62532107661357,-58.403076101375895,84.8,11.5,ok
V0024,2026-05-01T16:00:26+00:00,-34.61372972250791,-58.38511340343901,65.8,18.9,idle
V0008,2026-05-01T16:00:43+00:00,-34.62728271932759,-58.370712539178,68.6,21.5,ok
V0045,2026-05-01T16:00:52+00:00,-34.588927743310364,-58.420529607783905,65.7,14.2,ok
V0006,2026-05-01T16:01:00+00:00,-34.588880718170536,-58.366578248247606,57.2,21.0,ok
V0016,2026-05-01T16:01:17+00:00,-34.601921065331176,-58.350631889898686,60.9,25.5,idle
V0050,2026-05-01T16:01:32+00:00,-34.58705945127125,-58.42256135370224,78.7,22.0,ok
V0057,2026-05-01T16:01:38+00:00,-34.61304310864753,-58.39130605326248,50.0,22.9,ok
V0030,2026-05-01T16:01:52+00:00,-34.626285645700534,-58.38713176365779,42.4,24.0,ok
V0079,2026-05-01T16:02:00+00:00,-34.598232172449435,-58.40770273810423,70.4,19.0,ok
V0051,2026-05-01T16:02:13+00:00,-34.60445243034784,-58.35909936989523,59.3,18.0,idle
V0004,2026-05-01T16:02:26+00:00,-34.63760146230215,-58.3760463596071,73.6,13.0,idle
V0057,2026-05-01T16:02:39+00:00,-34.62606831689924,-58.404309787291716,69.7,21.4,ok
V0052,2026-05-01T16:02:56+00:00,-34.60205597308644,-58.350797827206115,85.5,19.3,ok
V0059,2026-05-01T16:03:02+00:00,-34.615538845485084,-58.3825221161148,35.2,12.5,ok
V0029,2026-05-01T16:03:13+00:00,-34.6110891935633,-58.392172548688976,69.0,17.8,ok
V0051,2026-05-01T16:03:27+00:00,-34.56511086848858,-58.41458391473224,28.3,23.0,ok
V0026,2026-05-01T16:03:39+00:00,-34.58628463755276,-58.421900770626834,99.6,25.2,ok
V0075,2026-05-01T16:03:54+00:00,-34.61052714157771,-58.343321932466324,76.3,17.4,ok
V0045,2026-05-01T16:04:00+00:00,-34.62784661853586,-58.402410285443366,50.8,21.7,ok
V0003,2026-05-01T16:04:14+00:00,-34.64273562053069,-58.385380213533296,63.0,20.9,ok
V0060,2026-05-01T16:04:28+00:00,-34.62486477947713,-58.357259789689564,64.1,25.2,ok
V0075,2026-05-01T16:04:39+00:00,-34.63178381840357,-58.38630108657029,71.2,23.8,ok
V0075,2026-05-01T16:04:51+00:00,-34.589578497501996,-58.42231875645875,66.6,22.6,ok
V0028,2026-05-01T16:05:05+00:00,-34.6138363035746,-58.38250840380589,67.8,16.2,ok
V0049,2026-05-01T16:05:15+00:00,-34.626988186459165,-58.37024552215134,49.3,1.0,idle
V0048,2026-05-01T16:05:32+00:00,-34.57154160032348,-58.38536377420927,49.2,24.6,ok
V0012,2026-05-01T16:05:39+00:00,-34.61316569555566,-58.3418071206329,63.9,23.5,idle
V0059,2026-05-01T16:05:56+00:00,-34.59916348454855,-58.40630724370755,61.5,18.3,ok
V0008,2026-05-01T16:06:01+00:00,-34.627312443004364,-58.40228713656332,69.8,11.6,ok
V0073,2026-05-01T16:06:16+00:00,-34.63832925717448,-58.37372407055639,53.2,19.9,idle
V0068,2026-05-01T16:06:27+00:00,-34.60523055990016,-58.34959445191379,54.7,26.8,idle
V0053,2026-05-01T16:06:37+00:00,-34.62370988400054,-58.359110872691645,66.3,26.1,idle
V0012,2026-05-01T16:06:54+00:00,-34.610278268853364,-58.38955440162996,37.0,18.4,ok
V0041,2026-05-01T16:07:05+00:00,-34.60476844309539,-58.353472823329014,72.6,17.5,ok
V0033,2026-05-01T16:07:17+00:00,-34.60196249006355,-58.35063385554086,47.0,16.2,ok
V0024,2026-05-01T16:07:31+00:00,-34.597633580205326,-58.405959412918506,100.0,21.0,ok
V0038,2026-05-01T16:07:40+00:00,-34.63561798734369,-58.36012005668138,84.0,25.9,ok
V0076,2026-05-01T16:07:54+00:00,-34.62780468058926,-58.40379779990689,50.4,26.1,ok
V0079,2026-05-01T16:08:08+00:00,-34.63014562086922,-58.387634533864635,94.6,18.0,ok
V0011,2026-05-01T16:08:15+00:00,-34.630079293954424,-58.41437616576356,66.0,17.6,ok
V0028,2026-05-01T16:08:29+00:00,-34.63833752344715,-58.37732165962791,79.3,27.3,ok
V0044,2026-05-01T16:08:37+00:00,-34.57216787110551,-58.37700474482848,37.8,18.2,ok
V0058,2026-05-01T16:08:56+00:00,-34.588016248380704,-58.418974216130636,71.2,20.3,ok
V0062,2026-05-01T16:09:02+00:00,-34.64004676767171,-58.37656373736996,74.4,26.4,idle
V0056,2026-05-01T16:09:16+00:00,-34.605543426604996,-58.35047224820455,60.7,18.1,ok
V0027,2026-05-01T16:09:25+00:00,-34.56714470363109,-58.41657500257754,47.4,27.8,idle
V0026,2026-05-01T16:09:37+00:00,-34.64262116830065,-58.38489447249171,39.5,22.2,ok
V0078,2026-05-01T16:09:49+00:00,-34.6248752419165,-58.40488187673975,75.9,16.5,idle
V0057,2026-05-01T16:10:04+00:00,-34.616263204502296,-58.38427749858634,64.5,16.7,idle
V0046,2026-05-01T16:10:16+00:00,-34.57365084436543,-58.408979727093886,75.4,22.4,ok
V0041,2026-05-01T16:10:29+00:00,-34.62836641116036,-58.40505942688423,61.2,35.2,ok
V0009,2026-05-01T16:10:39+00:00,-34.573249818828046,-58.407955643859836,68.5,19.1,idle
V0033,2026-05-01T16:10:52+00:00,-34.644281269338954,-58.38398739159763,41.5,19.6,ok
V0063,2026-05-01T16:11:00+00:00,-34.574588691438365,-58.4070374410817,62.7,21.5,idle
V0072,2026-05-01T16:11:18+00:00,-34.62643654649387,-58.40229428169087,67.7,27.1,idle
V0035,2026-05-01T16:11:30+00:00,-34.599051115957884,-58.40751440554964,84.6,32.3,ok
V0014,2026-05-01T16:11:37+00:00,-34.590997674915485,-58.41989676095311,52.7,17.8,idle
V0039,2026-05-01T16:11:52+00:00,-34.59717930726791,-58.40572653698204,39.6,38.3,ok
V0037,2026-05-01T16:12:00+00:00,-34.58798467134716,-58.42189662813482,40.6,29.1,ok
V0038,2026-05-01T16:12:19+00:00,-34.63022925386629,-58.38581012418852,51.8,20.3,ok
V0022,2026-05-01T16:12:30+00:00,-34.57427210618359,-58.40528303063405,76.3,14.3,ok
V0064,2026-05-01T16:12:44+00:00,-34.638528418713385,-58.37612939650557,73.1,23.9,idle
V0073,2026-05-01T16:12:54+00:00,-34.61442627518983,-58.38438221496736,57.6,24.2,ok
V0022,2026-05-01T16:13:02+00:00,-34.63093829270291,-58.41514071312401,60.9,28.9,ok
V0065,2026-05-01T16:13:17+00:00,-34.59094347582666,-58.42131115276476,43.7,19.0,ok
V0014,2026-05-01T16:13:31+00:00,-34.59060369792394,-58.36935936501557,53.4,20.0,ok
V0056,2026-05-01T16:13:40+00:00,-34.602092002385135,-58.35181753808922,45.0,24.6,ok
V0037,2026-05-01T16:13:53+00:00,-34.58904063103229,-58.42064637709882,28.3,14.9,idle
V0013,2026-05-01T16:14:01+00:00,-34.57578786331753,-58.408188775478294,74.9,25.7,ok
V0068,2026-05-01T16:14:16+00:00,-34.62434918969648,-58.35903174064604,74.2,17.9,ok
V0046,2026-05-01T16:14:27+00:00,-34.57229167880608,-58.37641208886526,78.2,22.7,idle
V0052,2026-05-01T16:14:41+00:00,-34.59046480136935,-58.422703112414716,63.5,28.4,ok
V0050,2026-05-01T16:14:49+00:00,-34.57269280310801,-58.37777470909091,72.5,25.6,idle
V0070,2026-05-01T16:15:03+00:00,-34.57911555018526,-58.344423956775756,73.1,29.1,idle
V0016,2026-05-01T16:15:18+00:00,-34.627750819893315,-58.3708708735764,47.8,24.1,ok
V0015,2026-05-01T16:15:29+00:00,-34.573331053179366,-58.40867973013105,73.3,22.0,ok
V0033,2026-05-01T16:15:39+00:00,-34.64009930754902,-58.37355120154489,60.1,25.5,ok
V0001,2026-05-01T16:15:53+00:00,-34.57454553076692,-58.40562414194888,55.0,18.0,ok
V0008,2026-05-01T16:16:00+00:00,-34.62728068733059,-58.37006057643161,74.9,19.0,ok
V0078,2026-05-01T16:16:16+00:00,-34.637067702931105,-58.36059799040088,77.8,25.0,ok
V0039,2026-05-01T16:16:30+00:00,-34.589121899713234,-58.36788928814882,62.9,25.2,ok
V0038,2026-05-01T16:16:37+00:00,-34.61413456738793,-58.38197957251535,65.4,22.9,ok
V0012,2026-05-01T16:16:53+00:00,-34.57818666751549,-58.34108103009911,42.8,12.3,ok
V0053,2026-05-01T16:17:04+00:00,-34.62959493061421,-58.41615333189272,72.5,20.0,ok
V0069,2026-05-01T16:17:12+00:00,-34.59915160490127,-58.4078217284697,84.4,20.6,idle
V0073,2026-05-01T16:17:29+00:00,-34.63810327575621,-58.36254612291842,58.2,18.6,ok
V0003,2026-05-01T16:17:44+00:00,-34.603536546856176,-58.35048251176732,53.6,19.2,ok
V0040,2026-05-01T16:17:55+00:00,-34.57316656585749,-58.407664427561386,91.4,29.1,ok
V0068,2026-05-01T16:18:00+00:00,-34.58874567168496,-58.370264114543055,57.8,30.2,ok
V0050,2026-05-01T16:18:12+00:00,-34.63419303192851,-58.35738731433571,51.7,25.4,idle
V0038,2026-05-01T16:18:24+00:00,-34.590001022006135,-58.366726202066396,56.2,21.5,idle
V0009,2026-05-01T16:18:40+00:00,-34.609648746544906,-58.340684558560355,94.6,30.1,ok
V0015,2026-05-01T16:18:55+00:00,-34.596353149343614,-58.40778578937641,67.4,14.2,ok
V0053,2026-05-01T16:19:02+00:00,-34.63037231304703,-58.418127943001785,58.2,14.2,ok
V0026,2026-05-01T16:19:16+00:00,-34.638781034095175,-58.37670976995163,39.1,18.6,ok
V0038,2026-05-01T16:19:31+00:00,-34.62855507818705,-58.37107540347302,81.7,29.6,ok
V0075,2026-05-01T16:19:36+00:00,-34.57420186028557,-58.406049934313394,69.7,16.8,ok
V0072,2026-05-01T16:19:56+00:00,-34.63051861878396,-58.41450987964586,33.1,28.0,ok
V0068,2026-05-01T16:20:08+00:00,-34.61182500761216,-58.38984533402817,34.5,16.3,ok
V0043,2026-05-01T16:20:19+00:00,-34.60482310010966,-58.351115873448535,62.8,14.6,ok
V0030,2026-05-01T16:20:28+00:00,-34.63839341387478,-58.3601661964107,56.2,28.2,ok
V0062,2026-05-01T16:20:37+00:00,-34.624718891669076,-58.40311017176881,100.0,22.9,ok
V0017,2026-05-01T16:20:48+00:00,-34.5885038457579,-58.42064812385926,89.1,25.3,ok
V0053,2026-05-01T16:21:00+00:00,-34.63718615033143,-58.35843388525803,59.2,27.7,ok
V0068,2026-05-01T16:21:20+00:00,-34.629241322479025,-58.38444674874257,76.7,15.4,ok
V0050,2026-05-01T16:21:30+00:00,-34.62656638482517,-58.35958480625767,79.4,26.0,ok
V0073,2026-05-01T16:21:36+00:00,-34.59573123133495,-58.40539687297104,64.4,18.6,ok
V0022,2026-05-01T16:21:55+00:00,-34.604199854557386,-58.36021994409597,83.2,32.5,idle
V0049,2026-05-01T16:22:05+00:00,-34.63459034323664,-58.35705942099554,53.6,29.7,ok
V0022,2026-05-01T16:22:19+00:00,-34.596224682146946,-58.40517286669147,67.1,23.4,idle
V0004,2026-05-01T16:22:32+00:00,-34.61040302894648,-58.39045921978137,100.0,28.9,ok
V0079,2026-05-01T16:22:36+00:00,-34.570785907442655,-58.385129375899716,43.6,26.0,ok
V0010,2026-05-01T16:22:55+00:00,-34.58888093273417,-58.421060101233294,58.9,14.9,idle
V0060,2026-05-01T16:23:03+00:00,-34.60554175695971,-58.360773379750555,96.0,24.9,ok
V0039,2026-05-01T16:23:17+00:00,-34.60259112083209,-58.3516335414427,65.7,20.0,idle
V0008,2026-05-01T16:23:28+00:00,-34.62535934219169,-58.40354701841114,36.6,21.3,ok
V0068,2026-05-01T16:23:42+00:00,-34.64362170929356,-58.383208494597014,80.9,20.2,ok
V0075,2026-05-01T16:23:56+00:00,-34.612638599067864,-58.39322681131944,38.3,19.8,ok
V0030,2026-05-01T16:24:06+00:00,-34.58785013245222,-58.37026600794234,77.0,19.5,ok
V0010,2026-05-01T16:24:16+00:00,-34.585697398611046,-58.42156625873686,67.5,24.5,idle
V0045,2026-05-01T16:24:28+00:00,-34.58688575008128,-58.419615656977975,86.5,14.6,ok
V0045,2026-05-01T16:24:38+00:00,-34.62913850782923,-58.417153230472124,59.9,22.7,ok
V0065,2026-05-01T16:24:53+00:00,-34.627842967175205,-58.41726101902832,91.0,24.2,ok
V0047,2026-05-01T16:25:00+00:00,-34.63752870362049,-58.37469232896313,83.6,23.4,ok
V0067,2026-05-01T16:25:15+00:00,-34.61156081464227,-58.39040446423978,64.1,27.8,ok
V0079,2026-05-01T16:25:28+00:00,-34.62287267458833,-58.35872150991237,52.5,41.7,ok
V0075,2026-05-01T16:25:37+00:00,-34.602764249730185,-58.35262710849369,70.3,21.4,ok
V0014,2026-05-01T16:25:50+00:00,-34.62732670451982,-58.38544739910878,63.9,19.4,idle
V0013,2026-05-01T16:26:08+00:00,-34.63179497856706,-58.38629255128899,60.4,25.5,ok
V0038,2026-05-01T16:26:14+00:00,-34.62615469383952,-58.35855323217656,53.3,20.7,ok
V0002,2026-05-01T16:26:32+00:00,-34.56633580526311,-58.41757465013978,60.8,4.2,idle
V0019,2026-05-01T16:26:38+00:00,-34.57095777460828,-58.3762820228432,45.2,8.6,ok
V0067,2026-05-01T16:26:49+00:00,-34.623329967376485,-58.359215984241644,50.0,23.0,ok
V0002,2026-05-01T16:27:06+00:00,-34.56861062487321,-58.38352728573247,60.9,22.5,ok
V0038,2026-05-01T16:27:14+00:00,-34.64269536933432,-58.38285396432748,31.0,19.6,ok
V0048,2026-05-01T16:27:25+00:00,-34.61203889855494,-58.343349659541424,75.3,24.8,ok
V0000,2026-05-01T16:27:37+00:00,-34.59072604641568,-58.4222341351749,53.6,24.1,ok
V0042,2026-05-01T16:27:55+00:00,-34.612674346373026,-58.38473124363711,79.3,20.4,ok
V0009,2026-05-01T16:28:05+00:00,-34.63941938668941,-58.37602795489794,97.2,14.3,ok
V0078,2026-05-01T16:28:18+00:00,-34.63185926886181,-58.3858691605066,57.1,20.7,ok
V0004,2026-05-01T16:28:25+00:00,-34.588320150460646,-58.42271161701719,68.2,20.3,ok
V0052,2026-05-01T16:28:37+00:00,-34.6277389935956,-58.405197536572395,61.2,30.3,idle
V0063,2026-05-01T16:28:55+00:00,-34.62786990279756,-58.388037339398075,73.2,27.9,idle
V0035,2026-05-01T16:29:06+00:00,-34.57344942499664,-58.40734000815616,89.3,27.3,ok
V0053,2026-05-01T16:29:13+00:00,-34.637124888798176,-58.357501748230455,79.5,26.1,idle
V0020,2026-05-01T16:29:28+00:00,-34.58746968344674,-58.42070084772887,61.6,24.7,idle
V0004,2026-05-01T16:29:38+00:00,-34.598681995782535,-58.4052991725423,64.2,31.8,ok
V0037,2026-05-01T16:29:55+00:00,-34.60591139519395,-58.35744215718567,54.8,31.9,ok
V0007,2026-05-01T16:30:07+00:00,-34.61111269389376,-58.39015312498243,70.5,26.9,idle
V0046,2026-05-01T16:30:13+00:00,-34.64436329491589,-58.38407337025236,51.2,28.0,ok
V0033,2026-05-01T16:30:32+00:00,-34.60587061022532,-58.35766855150379,29.7,15.8,ok
V0016,2026-05-01T16:30:41+00:00,-34.636650640095596,-58.374846527848405,68.5,21.9,ok
V0006,2026-05-01T16:30:54+00:00,-34.6028612079757,-58.35182217452276,69.2,25.6,ok
V0079,2026-05-01T16:31:03+00:00,-34.58014451895526,-58.34255182092615,51.7,9.6,ok
V0001,2026-05-01T16:31:16+00:00,-34.57466507260917,-58.40793889183553,39.6,12.2,ok
V0031,2026-05-01T16:31:29+00:00,-34.6114506998391,-58.39186096138303,55.0,18.6,ok
V0032,2026-05-01T16:31:41+00:00,-34.588321274014476,-58.36698657241379,45.9,27.3,ok
V0051,2026-05-01T16:31:52+00:00,-34.59852441271717,-58.407083452070104,32.2,14.5,ok
V0038,2026-05-01T16:32:01+00:00,-34.62593344906398,-58.36808539548511,90.5,13.2,ok
V0029,2026-05-01T16:32:14+00:00,-34.64228874506456,-58.38519480927875,83.0,17.2,ok
V0065,2026-05-01T16:32:31+00:00,-34.63514257680631,-58.357773359717285,51.5,14.0,idle
V0051,2026-05-01T16:32:41+00:00,-34.6386995397689,-58.37476957681114,100.0,18.9,idle
V0037,2026-05-01T16:32:52+00:00,-34.58796038305594,-58.36673595491636,55.2,37.1,ok
V0037,2026-05-01T16:33:08+00:00,-34.60625497955195,-58.36070733420895,100.0,21.7,ok
V0005,2026-05-01T16:33:13+00:00,-34.5897585561091,-58.41997509633006,62.8,26.0,ok
V0046,2026-05-01T16:33:27+00:00,-34.625234688982495,-58.40379977015868,77.3,28.0,ok
V0031,2026-05-01T16:33:44+00:00,-34.60375478987168,-58.35061437479752,62.5,20.9,idle
V0072,2026-05-01T16:33:49+00:00,-34.6030885194997,-58.352874379447286,59.5,27.3,ok
V0068,2026-05-01T16:34:01+00:00,-34.613754915447906,-58.38969400523948,39.9,23.3,ok
V0060,2026-05-01T16:34:15+00:00,-34.625221924300746,-58.36838282630681,66.9,18.6,idle
V0047,2026-05-01T16:34:32+00:00,-34.57116853673478,-58.38467180655418,63.0,23.6,ok
V0042,2026-05-01T16:34:43+00:00,-34.588586890550125,-58.42243724704346,78.4,16.1,ok
V0053,2026-05-01T16:34:52+00:00,-34.572489771404875,-58.37592422235727,56.3,28.5,ok
V0058,2026-05-01T16:35:03+00:00,-34.56729936217997,-58.41650106416832,70.3,17.3,ok
V0061,2026-05-01T16:35:15+00:00,-34.57360497876998,-58.37557014994017,63.8,16.5,ok
V0073,2026-05-01T16:35:24+00:00,-34.61184467613282,-58.341318834731666,68.3,19.2,ok
V0068,2026-05-01T16:35:40+00:00,-34.573985369004795,-58.37458845087096,90.1,16.1,ok
V0058,2026-05-01T16:35:52+00:00,-34.59540087273112,-58.407359317127906,57.4,20.5,idle
V0068,2026-05-01T16:36:08+00:00,-34.61411853812774,-58.38363801886386,78.6,27.2,ok
V0011,2026-05-01T16:36:18+00:00,-34.626990950447954,-58.404929105414794,100.0,24.1,idle
V0040,2026-05-01T16:36:32+00:00,-34.61292359144539,-58.38439377055518,65.9,32.6,idle
V0073,2026-05-01T16:36:43+00:00,-34.63717108957275,-58.36184506048279,51.2,12.5,ok
V0017,2026-05-01T16:36:50+00:00,-34.568819439600034,-58.385339089678304,75.4,22.0,idle
V0006,2026-05-01T16:37:03+00:00,-34.611392866598464,-58.39116620399523,18.7,35.9,ok
V0051,2026-05-01T16:37:13+00:00,-34.573515660997266,-58.376247121235494,42.5,17.4,ok
V0034,2026-05-01T16:37:25+00:00,-34.59066721575838,-58.3691902137347,89.8,18.9,ok
V0067,2026-05-01T16:37:38+00:00,-34.61358549381112,-58.38360355825974,56.9,10.5,idle
V0008,2026-05-01T16:37:55+00:00,-34.637020012622926,-58.36062561988045,74.9,16.8,ok
V0017,2026-05-01T16:38:04+00:00,-34.58004591229601,-58.34079059795065,77.4,23.0,ok
V0033,2026-05-01T16:38:13+00:00,-34.613289376519546,-58.38952830680496,74.3,23.8,ok
V0048,2026-05-01T16:38:28+00:00,-34.56684925528639,-58.41563017026925,25.0,19.1,idle
V0040,2026-05-01T16:38:36+00:00,-34.6143481521572,-58.382988117084146,62.4,33.1,idle
V0032,2026-05-01T16:38:53+00:00,-34.63702114067485,-58.35679018477301,62.1,23.7,idle
V0030,2026-05-01T16:39:01+00:00,-34.61318204960642,-58.34394498256681,83.1,4.1,idle
V0049,2026-05-01T16:39:16+00:00,-34.586993930744455,-58.42113416706672,71.4,14.1,ok
V0048,2026-05-01T16:39:31+00:00,-34.637451463646585,-58.37454706248088,59.2,6.2,ok
V0010,2026-05-01T16:39:40+00:00,-34.628584222299786,-58.37055675628393,90.7,34.7,ok
V0048,2026-05-01T16:39:48+00:00,-34.58709215011467,-58.41983286707781,100.0,24.7,ok
V0024,2026-05-01T16:40:01+00:00,-34.62578572306368,-58.38872568612805,69.9,19.7,idle
V0061,2026-05-01T16:40:18+00:00,-34.61293325368184,-58.38410982866677,79.7,13.0,ok
V0032,2026-05-01T16:40:26+00:00,-34.605444310401275,-58.358979760307484,45.4,9.9,idle
V0074,2026-05-01T16:40:36+00:00,-34.64170382614597,-58.38480216233363,66.8,26.8,ok
V0061,2026-05-01T16:40:51+00:00,-34.609830263767954,-58.34368946513522,100.0,24.5,ok
V0028,2026-05-01T16:41:07+00:00,-34.58731185418148,-58.419334641026815,77.0,20.9,ok
V0077,2026-05-01T16:41:13+00:00,-34.62790588484654,-58.40236940692553,71.6,25.1,idle
V0033,2026-05-01T16:41:31+00:00,-34.588362412006695,-58.42131503574039,100.0,18.9,ok
V0073,2026-05-01T16:41:42+00:00,-34.62920081032167,-58.386894076537494,86.6,24.3,ok
V0037,2026-05-01T16:41:56+00:00,-34.575609229919884,-58.40903342251177,53.5,24.0,ok
V0023,2026-05-01T16:42:02+00:00,-34.57127145409788,-58.38361866288373,79.5,7.9,idle
V0037,2026-05-01T16:42:18+00:00,-34.64315394726244,-58.38514657740795,81.9,10.8,ok
V0037,2026-05-01T16:42:30+00:00,-34.58840428607074,-58.42024823680831,33.1,12.3,ok
V0007,2026-05-01T16:42:42+00:00,-34.625100391032845,-58.359273623890516,60.3,29.7,ok
V0001,2026-05-01T16:42:51+00:00,-34.588190476926634,-58.41988504724387,46.4,12.4,ok
V0018,2026-05-01T16:43:07+00:00,-34.609494626701355,-58.34172205900982,62.2,22.6,ok
V0050,2026-05-01T16:43:16+00:00,-34.62820208240422,-58.40334095973241,69.4,19.4,idle
V0018,2026-05-01T16:43:27+00:00,-34.598993910989506,-58.405382715582675,49.4,10.7,ok
V0035,2026-05-01T16:43:39+00:00,-34.612331419115534,-58.38941532952416,92.1,17.8,ok
V0027,2026-05-01T16:43:48+00:00,-34.6102892666352,-58.39258573443213,25.6,20.4,ok
V0005,2026-05-01T16:44:07+00:00,-34.57687290680182,-58.343926147566876,78.3,29.5,idle
V0008,2026-05-01T16:44:15+00:00,-34.579458275881926,-58.3428878511343,72.0,32.2,ok
V0005,2026-05-01T16:44:31+00:00,-34.62853237880908,-58.37095314219114,41.5,19.9,ok
V0047,2026-05-01T16:44:36+00:00,-34.575708845928126,-58.40524603342417,70.2,18.9,idle
V0019,2026-05-01T16:44:52+00:00,-34.573608735572904,-58.37717712933636,39.9,14.7,ok
V0056,2026-05-01T16:45:08+00:00,-34.59770492730854,-58.405041717895145,61.8,24.8,ok
V0067,2026-05-01T16:45:14+00:00,-34.57756205320504,-58.34409446582702,44.0,24.1,ok
V0029,2026-05-01T16:45:29+00:00,-34.63669858308439,-58.37355330956129,26.3,14.7,ok
V0022,2026-05-01T16:45:43+00:00,-34.640315542417255,-58.375601355412975,45.6,25.0,idle
V0056,2026-05-01T16:45:49+00:00,-34.628337564519484,-58.403184547467774,99.2,23.1,ok
V0075,2026-05-01T16:46:06+00:00,-34.60475363396382,-58.35834814448303,61.3,25.6,idle
V0014,2026-05-01T16:46:12+00:00,-34.638661672839554,-58.37523728318343,56.2,38.2,idle
V0072,2026-05-01T16:46:28+00:00,-34.596464609194555,-58.404807435522436,64.7,21.8,ok
V0008,2026-05-01T16:46:44+00:00,-34.63841788733985,-58.37609392228906,72.6,27.6,ok
V0025,2026-05-01T16:46:52+00:00,-34.625276786658866,-58.35900236250038,67.3,28.6,idle
V0030,2026-05-01T16:47:07+00:00,-34.57372727851018,-58.40772079955028,69.5,25.3,idle
V0007,2026-05-01T16:47:15+00:00,-34.606518246790706,-58.360334049039594,70.5,21.6,ok
V0012,2026-05-01T16:47:30+00:00,-34.61374710259813,-58.392606637232774,73.4,10.2,ok
V0020,2026-05-01T16:47:38+00:00,-34.57097225133218,-58.374688489962345,51.6,37.5,idle
V0052,2026-05-01T16:47:53+00:00,-34.63706649977412,-58.35958946991949,71.5,16.9,ok
V0079,2026-05-01T16:48:06+00:00,-34.61272000341399,-58.34081933439623,69.1,28.2,idle
V0076,2026-05-01T16:48:19+00:00,-34.64333670528881,-58.3835721518478,61.9,27.6,ok
V0005,2026-05-01T16:48:28+00:00,-34.598184928536234,-58.40444363465301,100.0,19.9,ok
V0013,2026-05-01T16:48:36+00:00,-34.602405323362305,-58.35273613559319,70.7,28.7,ok
V0067,2026-05-01T16:48:52+00:00,-34.62740180577465,-58.41454042204662,63.5,23.1,idle
V0064,2026-05-01T16:49:00+00:00,-34.6115973234468,-58.39301363943122,45.1,10.5,ok
V0002,2026-05-01T16:49:19+00:00,-34.64329803991037,-58.38255192521173,69.2,20.0,ok
V0065,2026-05-01T16:49:26+00:00,-34.59825664635905,-58.405253279505274,40.6,20.4,idle
V0061,2026-05-01T16:49:37+00:00,-34.630514802159226,-58.38424924477537,84.1,21.3,ok
V0057,2026-05-01T16:49:56+00:00,-34.63510841154986,-58.35971053863728,77.8,15.3,ok
V0038,2026-05-01T16:50:04+00:00,-34.61098119126445,-58.39144043149302,79.0,34.0,ok
V0061,2026-05-01T16:50:12+00:00,-34.61246676865329,-58.3856506021302,30.8,8.0,ok
V0053,2026-05-01T16:50:27+00:00,-34.57403253562188,-58.4061006608403,57.9,11.9,idle
V0010,2026-05-01T16:50:36+00:00,-34.63108463521,-58.414837527856434,52.9,18.8,ok
V0071,2026-05-01T16:50:48+00:00,-34.626338893910194,-58.404419633405915,56.1,18.8,ok
V0045,2026-05-01T16:51:03+00:00,-34.62961976080396,-58.386196526939486,41.4,24.0,ok
V0044,2026-05-01T16:51:15+00:00,-34.63692894840735,-58.373923622731944,100.0,13.9,ok
V0038,2026-05-01T16:51:32+00:00,-34.628459690098055,-58.415601153078775,36.7,14.7,idle
V0013,2026-05-01T16:51:37+00:00,-34.641283726559045,-58.38346747639872,100.0,11.0,ok
V0023,2026-05-01T16:51:54+00:00,-34.64163206209956,-58.385152833640426,67.2,20.6,ok
V0027,2026-05-01T16:52:00+00:00,-34.61115231764193,-58.34119472451431,70.5,20.8,ok
V0023,2026-05-01T16:52:16+00:00,-34.629336821350975,-58.386424863191436,41.0,28.1,ok
V0043,2026-05-01T16:52:25+00:00,-34.62832815115271,-58.38718778990058,61.7,11.9,ok
V0074,2026-05-01T16:52:39+00:00,-34.572558176393855,-58.406742477224526,39.1,12.1,ok
V0030,2026-05-01T16:52:54+00:00,-34.641308764004634,-58.385273717986614,40.1,15.7,ok
V0076,2026-05-01T16:53:06+00:00,-34.623996602765914,-58.35728754333053,48.4,21.4,ok
V0050,2026-05-01T16:53:20+00:00,-34.63473998226733,-58.356956564280466,84.8,17.6,ok
V0063,2026-05-01T16:53:26+00:00,-34.573043490967706,-58.37539106608475,30.7,11.5,ok
V0001,2026-05-01T16:53:38+00:00,-34.62645338393133,-58.389086139345466,67.6,18.5,idle
V0029,2026-05-01T16:53:53+00:00,-34.58864678438549,-58.41954071125493,71.7,22.9,ok
V0018,2026-05-01T16:54:07+00:00,-34.5700291733029,-58.37537442170913,69.2,25.5,ok
V0079,2026-05-01T16:54:18+00:00,-34.6265879795758,-58.36877786021577,49.2,10.9,ok
V0027,2026-05-01T16:54:24+00:00,-34.577995931090115,-58.34090622384728,44.5,21.6,ok
V0067,2026-05-01T16:54:36+00:00,-34.5724007032137,-58.40536720959026,77.0,20.1,ok
V0000,2026-05-01T16:54:53+00:00,-34.60279948082671,-58.35139881093427,69.9,19.2,ok
V0060,2026-05-01T16:55:05+00:00,-34.63602760052552,-58.36125051657193,47.1,9.2,ok
V0033,2026-05-01T16:55:19+00:00,-34.62843482895574,-58.36945171744967,74.5,24.5,idle
V0074,2026-05-01T16:55:30+00:00,-34.636471650529025,-58.35764221265309,76.7,32.7,idle
V0078,2026-05-01T16:55:39+00:00,-34.63110085500332,-58.385287366183576,55.5,11.5,ok
V0022,2026-05-01T16:55:49+00:00,-34.56528401287955,-58.416423139483356,100.0,17.7,ok
V0047,2026-05-01T16:56:06+00:00,-34.61298998048837,-58.34176691113932,100.0,30.9,idle
V0076,2026-05-01T16:56:14+00:00,-34.57228348223602,-58.37657548844544,86.6,31.2,ok
V0000,2026-05-01T16:56:25+00:00,-34.58843719218805,-58.42080313034862,41.6,23.5,ok
V0028,2026-05-01T16:56:38+00:00,-34.64263927585234,-58.38390704960215,74.0,14.3,ok
V0038,2026-05-01T16:56:52+00:00,-34.58869573617435,-58.41903348879134,52.2,26.5,idle
V0078,2026-05-01T16:57:02+00:00,-34.57052560220659,-58.384479107199894,95.3,24.8,ok
V0047,2026-05-01T16:57:13+00:00,-34.62783059842474,-58.368109548185245,41.5,24.2,ok
V0046,2026-05-01T16:57:27+00:00,-34.62700672325774,-58.38607039774796,59.0,18.7,ok
V0054,2026-05-01T16:57:36+00:00,-34.62432565133914,-58.35813174672882,49.5,9.6,ok
V0007,2026-05-01T16:57:53+00:00,-34.574152657928416,-58.40748039637056,69.3,22.1,ok
V0068,2026-05-01T16:58:06+00:00,-34.56780360106561,-58.385424542437434,74.8,32.2,ok
V0010,2026-05-01T16:58:14+00:00,-34.57515902543781,-58.40574483240485,88.6,20.8,ok
V0021,2026-05-01T16:58:24+00:00,-34.624702633081704,-58.35998420823121,41.5,29.0,idle
V0010,2026-05-01T16:58:43+00:00,-34.57744658211292,-58.34470442609843,47.3,14.9,idle
V0042,2026-05-01T16:58:55+00:00,-34.5967412389381,-58.40577725414253,73.3,25.0,ok
V0035,2026-05-01T16:59:01+00:00,-34.568346714007,-58.382490965362614,75.9,20.7,ok
V0046,2026-05-01T16:59:20+00:00,-34.59048317518202,-58.42105134629067,83.0,20.5,ok
V0043,2026-05-01T16:59:28+00:00,-34.63782672518849,-58.35932208362528,45.0,19.1,ok
V0053,2026-05-01T16:59:40+00:00,-34.63750896098731,-58.36015899805372,74.6,12.8,ok
V0037,2026-05-01T16:59:48+00:00,-34.64254832756601,-58.384894708907666,61.1,25.0,ok
V0051,2026-05-01T17:00:08+00:00,-34.604977975927405,-58.3589186053075,66.7,24.7,ok
V0035,2026-05-01T17:00:19+00:00,-34.613214961044484,-58.38950509361945,44.9,16.7,ok
V0005,2026-05-01T17:00:28+00:00,-34.60986685415061,-58.343617809563675,64.5,18.3,ok
V0005,2026-05-01T17:00:40+00:00,-34.636588866643905,-58.359690674451045,75.9,16.7,ok
V0079,2026-05-01T17:00:51+00:00,-34.588609642954125,-58.41957482446321,74.7,16.0,ok
V0028,2026-05-01T17:01:05+00:00,-34.587821821879714,-58.42021110919211,49.1,26.1,ok
V0042,2026-05-01T17:01:15+00:00,-34.597284989686706,-58.407074554481724,57.0,29.9,ok
V0060,2026-05-01T17:01:24+00:00,-34.58814257956496,-58.42266510523262,42.7,20.9,idle
V0062,2026-05-01T17:01:40+00:00,-34.630303279146915,-58.385110913911674,100.0,26.7,ok
V0034,2026-05-01T17:01:56+00:00,-34.62567207506376,-58.359176939880825,39.9,19.5,ok
V0036,2026-05-01T17:02:06+00:00,-34.6045993951799,-58.35817440608243,47.3,21.6,idle
V0023,2026-05-01T17:02:12+00:00,-34.59685243652405,-58.40749887976421,58.8,16.6,ok
V0051,2026-05-01T17:02:25+00:00,-34.62759398564397,-58.40199692908694,82.1,26.4,ok
V0032,2026-05-01T17:02:38+00:00,-34.62860943758887,-58.370685204298944,63.1,24.4,ok
V0028,2026-05-01T17:02:56+00:00,-34.60474543245788,-58.35181597807247,61.3,12.5,ok
V0079,2026-05-01T17:03:01+00:00,-34.564953330667514,-58.41524295882823,60.9,16.8,idle
V0024,2026-05-01T17:03:18+00:00,-34.64403854189324,-58.384736644748614,36.3,27.5,ok
V0025,2026-05-01T17:03:24+00:00,-34.63911942292703,-58.37623826370467,43.9,12.1,idle
V0021,2026-05-01T17:03:44+00:00,-34.61176746861517,-58.38940233377598,76.5,20.7,ok
V0079,2026-05-01T17:03:49+00:00,-34.606691338064124,-58.360617685570595,31.5,24.6,ok
V0065,2026-05-01T17:04:07+00:00,-34.57672044914882,-58.34425243258593,63.2,17.7,ok
V0028,2026-05-01T17:04:17+00:00,-34.627123321221625,-58.40188026741292,54.8,25.2,ok
V0027,2026-05-01T17:04:28+00:00,-34.62653482379428,-58.35718620160023,33.9,16.7,ok
V0045,2026-05-01T17:04:42+00:00,-34.61312038693871,-58.38566508876964,58.6,18.1,ok
V0020,2026-05-01T17:04:54+00:00,-34.56987338706631,-58.38246908587242,70.5,15.3,idle
V0032,2026-05-01T17:05:01+00:00,-34.587786127154665,-58.42309934792783,79.5,20.6,ok
V0075,2026-05-01T17:05:13+00:00,-34.56650803239303,-58.415023984421374,72.0,19.6,ok
V0048,2026-05-01T17:05:32+00:00,-34.64422165357316,-58.38422409193766,98.0,13.9,ok
V0012,2026-05-01T17:05:42+00:00,-34.59000413587669,-58.421520684896315,47.8,19.4,ok
V0067,2026-05-01T17:05:56+00:00,-34.625049822934805,-58.40269259673248,78.3,19.8,ok
V0005,2026-05-01T17:06:05+00:00,-34.58870918235078,-58.42015315528972,49.9,8.7,idle
V0024,2026-05-01T17:06:17+00:00,-34.63099502172068,-58.4156753680029,76.7,25.6,idle
V0065,2026-05-01T17:06:30+00:00,-34.62484221751688,-58.35652722998899,76.2,30.4,ok
V0017,2026-05-01T17:06:43+00:00,-34.62631315753052,-58.404162537412546,70.8,19.6,idle
V0028,2026-05-01T17:06:52+00:00,-34.63030364229683,-58.417656552231,41.2,28.2,ok
V0059,2026-05-01T17:07:02+00:00,-34.627892923598786,-58.41793894463075,70.7,25.9,idle
V0034,2026-05-01T17:07:20+00:00,-34.58955196410162,-58.369999418477725,75.3,22.0,ok
V0023,2026-05-01T17:07:32+00:00,-34.61130576502884,-58.39081487361179,65.9,15.7,idle
V0001,2026-05-01T17:07:41+00:00,-34.61547139235766,-58.385239727515746,35.1,6.5,idle
V0010,2026-05-01T17:07:49+00:00,-34.63173313740882,-58.385945424625994,77.4,23.5,ok
V0062,2026-05-01T17:08:01+00:00,-34.57239036697094,-58.37660519928068,68.0,26.4,ok
V0070,2026-05-01T17:08:14+00:00,-34.60381774684405,-58.358831423936145,74.9,16.5,idle
V0003,2026-05-01T17:08:25+00:00,-34.63733437174185,-58.376109103653256,53.6,15.8,ok
V0032,2026-05-01T17:08:36+00:00,-34.58778244780903,-58.41995876597005,64.3,32.9,ok
V0025,2026-05-01T17:08:51+00:00,-34.62594276384322,-58.40281438576038,63.0,20.1,ok
V0079,2026-05-01T17:09:04+00:00,-34.643856811930355,-58.38488157849824,60.1,17.9,idle
V0042,2026-05-01T17:09:19+00:00,-34.572827197347344,-58.405445854241165,72.9,17.8,ok
V0043,2026-05-01T17:09:28+00:00,-34.63661953183199,-58.37564284142053,45.0,27.5,ok
V0045,2026-05-01T17:09:42+00:00,-34.626271264813255,-58.40519736477036,64.1,10.6,ok
V0021,2026-05-01T17:09:51+00:00,-34.636576617320806,-58.358783382467685,62.7,16.2,ok
V0039,2026-05-01T17:10:02+00:00,-34.58690769278278,-58.418966232270094,62.2,27.0,ok
V0021,2026-05-01T17:10:18+00:00,-34.62715239140409,-58.40357657588062,67.1,26.1,ok
V0044,2026-05-01T17:10:27+00:00,-34.62262726578836,-58.35891033756854,48.4,23.8,ok
V0007,2026-05-01T17:10:41+00:00,-34.57735294420453,-58.340924236565954,88.0,27.5,ok
V0016,2026-05-01T17:10:51+00:00,-34.570415599264514,-58.37768565504529,44.2,14.0,ok
V0046,2026-05-01T17:11:07+00:00,-34.63680536506724,-58.35622288863691,33.5,9.1,idle
V0077,2026-05-01T17:11:14+00:00,-34.590594708040655,-58.36885973007538,84.5,15.0,ok
V0002,2026-05-01T17:11:25+00:00,-34.58857458922567,-58.42300831496653,37.5,24.5,ok
V0079,2026-05-01T17:11:43+00:00,-34.56506883249345,-58.416089015686424,60.4,22.4,ok
V0065,2026-05-01T17:11:52+00:00,-34.57487975941285,-58.40867177317609,78.7,22.5,idle
V0001,2026-05-01T17:12:04+00:00,-34.6271782481695,-58.38586219128612,39.0,17.3,ok
V0015,2026-05-01T17:12:14+00:00,-34.57319939119573,-58.37423956043053,48.9,18.0,ok
V0048,2026-05-01T17:12:26+00:00,-34.61465751880812,-58.38583648355346,52.1,12.9,idle
V0002,2026-05-01T17:12:40+00:00,-34.627255041909656,-58.387247079191944,33.2,24.9,ok
V0007,2026-05-01T17:12:51+00:00,-34.61243763627399,-58.38271725480074,79.9,21.4,ok
V0016,2026-05-01T17:13:02+00:00,-34.570234186755684,-58.38574107398079,55.6,25.4,ok
V0036,2026-05-01T17:13:16+00:00,-34.63996714781337,-58.377505765279885,57.8,24.0,idle
V0050,2026-05-01T17:13:29+00:00,-34.62875803633047,-58.3891332760841,46.9,19.2,idle
V0029,2026-05-01T17:13:37+00:00,-34.58794874476456,-58.42148386613243,93.4,27.6,ok
V0067,2026-05-01T17:13:53+00:00,-34.58934891731011,-58.42223614209583,79.8,11.9,ok
V0042,2026-05-01T17:14:07+00:00,-34.63914923088004,-58.376835933123175,66.0,15.9,idle
V0007,2026-05-01T17:14:12+00:00,-34.60317056894963,-58.352526729663225,64.7,23.7,ok
V0062,2026-05-01T17:14:27+00:00,-34.57306842542043,-58.37779968788748,71.0,23.3,ok
V0072,2026-05-01T17:14:38+00:00,-34.56597907670273,-58.41477067256154,84.9,15.5,ok
V0033,2026-05-01T17:14:53+00:00,-34.62884813833923,-58.38521980451006,83.0,23.4,idle
V0006,2026-05-01T17:15:08+00:00,-34.60289765756505,-58.34989493025451,59.9,22.3,idle
V0059,2026-05-01T17:15:15+00:00,-34.637362541203075,-58.35929313645363,62.6,27.1,ok
V0033,2026-05-01T17:15:30+00:00,-34.575559388586754,-58.40700350855958,80.6,17.5,ok
V0028,2026-05-01T17:15:41+00:00,-34.61248918433452,-58.384260046120836,43.5,19.1,ok
V0000,2026-05-01T17:15:48+00:00,-34.628451592511375,-58.370173249225644,100.0,18.5,ok
V0014,2026-05-01T17:16:01+00:00,-34.5697762385271,-58.38550833519469,86.7,16.4,ok
V0037,2026-05-01T17:16:15+00:00,-34.63104126354123,-58.416075169190975,56.4,28.9,idle
V0007,2026-05-01T17:16:32+00:00,-34.62450972486152,-58.360019115208985,59.6,23.5,ok
V0010,2026-05-01T17:16:42+00:00,-34.638214173769846,-58.37486567621497,88.8,24.6,ok
V0038,2026-05-01T17:16:53+00:00,-34.56931187563188,-58.38343879450814,54.6,18.1,ok
V0041,2026-05-01T17:17:04+00:00,-34.61167099905804,-58.34184167396036,61.4,31.7,idle
V0026,2026-05-01T17:17:19+00:00,-34.6126201650358,-58.38458803619554,81.7,21.3,ok
V0064,2026-05-01T17:17:29+00:00,-34.57060595159291,-58.375475777962016,57.9,20.7,ok
V0031,2026-05-01T17:17:40+00:00,-34.627708891262806,-58.369646716342224,55.1,29.8,ok
V0037,2026-05-01T17:17:56+00:00,-34.63745054078439,-58.35919104732143,44.9,28.9,ok
V0052,2026-05-01T17:18:02+00:00,-34.625387382163915,-58.36933254624261,54.2,16.9,idle
V0006,2026-05-01T17:18:20+00:00,-34.572886315832335,-58.37620872629212,51.0,8.6,idle
V0026,2026-05-01T17:18:24+00:00,-34.589729317785526,-58.368732342287224,81.2,6.5,ok
V0012,2026-05-01T17:18:40+00:00,-34.60532064239813,-58.358357950878215,41.9,17.6,ok
V0025,2026-05-01T17:18:51+00:00,-34.590677787515666,-58.367341243115206,21.4,23.7,ok
V0028,2026-05-01T17:19:03+00:00,-34.598509832065325,-58.405829126916046,35.2,21.6,ok
V0034,2026-05-01T17:19:16+00:00,-34.5883110731807,-58.42216310599008,81.3,22.2,ok
V0023,2026-05-01T17:19:31+00:00,-34.64501952690058,-58.38308178352047,70.4,30.6,ok
V0005,2026-05-01T17:19:42+00:00,-34.56749612685591,-58.4160501016468,91.7,18.5,ok
V0066,2026-05-01T17:19:52+00:00,-34.575096174770465,-58.40581502253826,71.0,36.9,ok
V0037,2026-05-01T17:20:03+00:00,-34.59728055603413,-58.40543638283712,51.1,32.3,ok
V0018,2026-05-01T17:20:18+00:00,-34.63594080684634,-58.36040751983235,31.1,33.6,ok
V0007,2026-05-01T17:20:26+00:00,-34.6369131949796,-58.35696949495678,75.5,28.1,ok
V0030,2026-05-01T17:20:40+00:00,-34.627119441454006,-58.385610053819086,57.6,19.8,ok
V0078,2026-05-01T17:20:56+00:00,-34.596301213137814,-58.40484498342339,67.8,29.3,ok
V0027,2026-05-01T17:21:07+00:00,-34.63091250230118,-58.38590812490815,55.3,15.6,ok
V0037,2026-05-01T17:21:12+00:00,-34.64459632660409,-58.38614363481168,41.3,12.3,ok
V0012,2026-05-01T17:21:27+00:00,-34.60420025784123,-58.352031171525525,70.7,23.2,idle
V0043,2026-05-01T17:21:38+00:00,-34.61376455015071,-58.38988146211136,43.8,19.5,ok
V0071,2026-05-01T17:21:56+00:00,-34.611330663480324,-58.34180044409345,39.8,10.7,ok
V0062,2026-05-01T17:22:05+00:00,-34.61543341685266,-58.3828637030585,93.9,29.3,idle
V0034,2026-05-01T17:22:16+00:00,-34.62662711185156,-58.402612890582915,68.1,28.5,ok
V0024,2026-05-01T17:22:31+00:00,-34.62767168966703,-58.40526765614815,80.2,23.2,ok
V0064,2026-05-01T17:22:36+00:00,-34.62774608473424,-58.38873106443211,43.6,20.6,ok
V0076,2026-05-01T17:22:53+00:00,-34.60307558307794,-58.35934735342655,46.8,25.7,ok
V0016,2026-05-01T17:23:03+00:00,-34.63835501607506,-58.36275612345802,54.2,17.2,ok
V0015,2026-05-01T17:23:13+00:00,-34.564866200419075,-58.41640890043671,50.7,12.6,ok
V0038,2026-05-01T17:23:31+00:00,-34.602854695636225,-58.352371643730294,58.2,24.3,ok
V0062,2026-05-01T17:23:38+00:00,-34.57301282990222,-58.37635163724441,39.4,18.6,idle
V0071,2026-05-01T17:23:48+00:00,-34.586480130155834,-58.421155694556994,36.7,15.3,idle
V0058,2026-05-01T17:24:07+00:00,-34.61097523572713,-58.340355745904965,78.7,25.6,ok
V0023,2026-05-01T17:24:19+00:00,-34.58962459306196,-58.41968486151865,55.7,20.6,ok
V0016,2026-05-01T17:24:26+00:00,-34.6449434892537,-58.38364958920693,93.7,17.4,idle
V0050,2026-05-01T17:24:39+00:00,-34.62498693830987,-58.403397964940254,26.3,24.0,ok
V0038,2026-05-01T17:24:54+00:00,-34.625910794780474,-58.38691556455135,84.2,24.5,ok
V0037,2026-05-01T17:25:06+00:00,-34.603738805049574,-58.35896624113781,59.2,17.5,ok
V0055,2026-05-01T17:25:13+00:00,-34.62790847242057,-58.36770440436253,26.4,23.3,ok
V0034,2026-05-01T17:25:31+00:00,-34.56854868461202,-58.385404842002835,50.8,19.0,ok
V0057,2026-05-01T17:25:41+00:00,-34.56529458921185,-58.415217698457695,61.8,23.9,ok
V0074,2026-05-01T17:25:49+00:00,-34.626643280131205,-58.369858065912695,43.8,21.4,ok
V0001,2026-05-01T17:26:08+00:00,-34.627370273856585,-58.4164749182483,42.5,30.0,ok
V0024,2026-05-01T17:26:14+00:00,-34.604231010007105,-58.35334755103008,99.1,18.4,ok
V0001,2026-05-01T17:26:31+00:00,-34.63703946610547,-58.361913065523666,61.0,15.3,ok
V0037,2026-05-01T17:26:42+00:00,-34.5983760590739,-58.40703265332285,57.1,21.3,ok
V0045,2026-05-01T17:26:48+00:00,-34.57826528305296,-58.34303585918922,16.4,16.8,battery_low
V0065,2026-05-01T17:27:05+00:00,-34.63703625757201,-58.35637810027027,50.5,27.4,idle
V0009,2026-05-01T17:27:20+00:00,-34.62528447908483,-58.40486752645688,77.1,15.2,ok
V0061,2026-05-01T17:27:29+00:00,-34.62578730609121,-58.36018386919159,90.1,28.4,ok
V0007,2026-05-01T17:27:36+00:00,-34.6370690567077,-58.36147415640115,98.5,22.3,ok
V0021,2026-05-01T17:27:50+00:00,-34.63731349802103,-58.36288749604008,64.2,18.2,idle
V0028,2026-05-01T17:28:02+00:00,-34.624737307918025,-58.35960178601539,60.9,25.1,ok
V0044,2026-05-01T17:28:14+00:00,-34.63055918460517,-58.386047827863806,62.7,16.6,ok
V0046,2026-05-01T17:28:26+00:00,-34.60674319426609,-58.35904244703555,89.4,13.4,ok
V0040,2026-05-01T17:28:44+00:00,-34.6134716759985,-58.39025595029823,19.3,16.9,ok
V0006,2026-05-01T17:28:52+00:00,-34.637897064146735,-58.37483226149743,71.1,20.2,ok
V0018,2026-05-01T17:29:00+00:00,-34.571921273898006,-58.377556500009526,63.8,18.5,idle
V0021,2026-05-01T17:29:19+00:00,-34.59613271273989,-58.404466243794175,61.8,24.2,ok
V0026,2026-05-01T17:29:32+00:00,-34.571843122578,-58.376274975413104,47.3,13.6,idle
V0054,2026-05-01T17:29:41+00:00,-34.63267772656234,-58.387684813314046,55.7,28.5,ok
V0069,2026-05-01T17:29:52+00:00,-34.612589063969615,-58.38320870288414,69.3,19.9,idle
V0032,2026-05-01T17:30:08+00:00,-34.62901055250042,-58.41536349923366,4.8,21.8,battery_low
V0027,2026-05-01T17:30:12+00:00,-34.60300486972324,-58.352345531077965,65.5,7.6,idle
V0014,2026-05-01T17:30:31+00:00,-34.64493435966503,-58.38447132334709,65.5,21.2,ok
V0079,2026-05-01T17:30:43+00:00,-34.62348111589341,-58.35965478153336,60.9,22.4,idle
V0013,2026-05-01T17:30:54+00:00,-34.59918741607496,-58.40682642198468,97.9,18.6,ok
V0058,2026-05-01T17:31:06+00:00,-34.62822268445595,-58.368158902910174,60.2,14.8,idle
V0029,2026-05-01T17:31:16+00:00,-34.63620888468391,-58.36299040586454,49.9,24.9,ok
V0074,2026-05-01T17:31:32+00:00,-34.58742120764624,-58.36653262477448,50.7,7.3,ok
V0066,2026-05-01T17:31:39+00:00,-34.57095896876872,-58.37579989730734,44.5,13.3,idle
V0074,2026-05-01T17:31:52+00:00,-34.63063056463887,-58.38577998077627,39.7,17.1,ok
V0078,2026-05-01T17:32:07+00:00,-34.61370587207334,-58.390731616648814,76.2,25.6,ok
V0074,2026-05-01T17:32:12+00:00,-34.639753610673786,-58.37609998016934,72.4,23.2,ok
V0021,2026-05-01T17:32:27+00:00,-34.58879655172639,-58.41993172749355,58.4,24.3,idle
V0038,2026-05-01T17:32:44+00:00,-34.642832478229735,-58.385186886329905,82.9,24.6,ok
V0020,2026-05-01T17:32:53+00:00,-34.63992625743043,-58.37402995129661,58.8,18.3,ok
V0009,2026-05-01T17:33:05+00:00,-34.58911666179926,-58.42236128961332,61.3,9.9,ok
V0039,2026-05-01T17:33:15+00:00,-34.59762185805844,-58.40754533345638,57.6,19.6,ok
V0079,2026-05-01T17:33:32+00:00,-34.60330038869869,-58.36033299631303,53.7,27.4,idle
V0006,2026-05-01T17:33:42+00:00,-34.63662414670559,-58.36252511366773,93.9,16.9,ok
V0012,2026-05-01T17:33:55+00:00,-34.61327509160635,-58.38231929200358,100.0,22.5,idle
V0017,2026-05-01T17:34:00+00:00,-34.64171828266456,-58.383412726782986,82.0,18.6,ok
V0034,2026-05-01T17:34:17+00:00,-34.62607801126438,-58.3590568605194,89.7,16.9,ok
V0070,2026-05-01T17:34:25+00:00,-34.62487605126352,-58.35872445504684,70.2,20.9,ok
V0039,2026-05-01T17:34:37+00:00,-34.5769615899853,-58.34078844555702,74.5,30.1,ok
V0020,2026-05-01T17:34:49+00:00,-34.63877994947785,-58.37714967476382,53.4,15.2,ok
V0044,2026-05-01T17:35:04+00:00,-34.588781376067224,-58.42306001083549,87.3,27.7,ok
V0003,2026-05-01T17:35:15+00:00,-34.58655566994272,-58.419545836453075,72.5,15.7,ok
V0040,2026-05-01T17:35:26+00:00,-34.588990460474584,-58.42278534836829,76.5,23.6,ok
V0053,2026-05-01T17:35:41+00:00,-34.630893136159585,-58.38608016020074,81.5,5.4,ok
V0008,2026-05-01T17:35:52+00:00,-34.63923406337284,-58.37609634378653,59.8,25.8,ok
V0027,2026-05-01T17:36:03+00:00,-34.61400657836303,-58.38206392797287,76.1,27.1,ok
V0050,2026-05-01T17:36:14+00:00,-34.57028040475303,-58.38226758591873,72.7,27.5,ok
V0053,2026-05-01T17:36:31+00:00,-34.6386178841133,-58.37714523613027,43.7,14.1,ok
V0055,2026-05-01T17:36:39+00:00,-34.606558894721836,-58.357484239048496,32.4,27.1,ok
V0000,2026-05-01T17:36:51+00:00,-34.615050108182324,-58.38500573175835,36.0,25.7,ok
V0041,2026-05-01T17:37:06+00:00,-34.64407426520382,-58.384604855482905,49.3,20.4,ok
V0060,2026-05-01T17:37:16+00:00,-34.58709760122137,-58.41961711093376,82.4,19.1,ok
V0027,2026-05-01T17:37:32+00:00,-34.58744169529008,-58.368682656729945,53.0,15.7,idle
V0029,2026-05-01T17:37:36+00:00,-34.5776935884672,-58.342313086779825,36.9,26.3,ok
V0031,2026-05-01T17:37:54+00:00,-34.573367635849834,-58.374785403437585,16.5,17.9,battery_low
V0044,2026-05-01T17:38:08+00:00,-34.602069148255296,-58.353436123399185,62.9,22.8,ok
V0031,2026-05-01T17:38:19+00:00,-34.588249511303786,-58.367882700486255,64.7,26.8,ok
V0016,2026-05-01T17:38:25+00:00,-34.63095988092536,-58.38427740553082,86.2,8.8,idle
V0059,2026-05-01T17:38:39+00:00,-34.60290549287602,-58.36055248010651,87.2,24.2,ok
V0038,2026-05-01T17:38:55+00:00,-34.612146018949666,-58.3896558657253,71.5,15.7,ok
V0038,2026-05-01T17:39:00+00:00,-34.57026528181739,-58.38312869939116,48.9,14.0,ok
V0062,2026-05-01T17:39:14+00:00,-34.57146392373453,-58.384555584846744,67.1,28.8,ok
V0060,2026-05-01T17:39:26+00:00,-34.61492407791541,-58.383578626558005,43.7,28.7,ok
V0011,2026-05-01T17:39:44+00:00,-34.62951940843381,-58.416533295006445,51.1,28.1,ok
V0034,2026-05-01T17:39:54+00:00,-34.63608011073818,-58.356630382810636,88.4,15.5,ok
V0017,2026-05-01T17:40:05+00:00,-34.61243419525897,-58.382632163896474,75.3,16.4,ok
V0011,2026-05-01T17:40:13+00:00,-34.605480341902314,-58.358415555859466,69.7,20.7,ok
V0013,2026-05-01T17:40:29+00:00,-34.62715331919686,-58.40294415950788,71.1,11.8,ok
V0074,2026-05-01T17:40:42+00:00,-34.62787210799344,-58.40543867777959,100.0,38.5,idle
V0078,2026-05-01T17:40:51+00:00,-34.60433465464016,-58.35018914217556,46.6,22.5,ok
V0023,2026-05-01T17:41:03+00:00,-34.624255516759646,-58.35823236276869,41.9,10.9,ok
V0004,2026-05-01T17:41:19+00:00,-34.58929228872675,-58.36914805648531,92.9,23.3,ok
V0026,2026-05-01T17:41:26+00:00,-34.5682994612017,-58.38318794434397,67.1,20.8,ok
V0043,2026-05-01T17:41:41+00:00,-34.64292591749655,-58.384718460515685,47.3,24.6,idle
V0067,2026-05-01T17:41:55+00:00,-34.625134055759574,-58.38584135838971,70.0,24.1,idle
V0005,2026-05-01T17:42:04+00:00,-34.589053541687946,-58.42001109722676,76.2,24.4,idle
V0037,2026-05-01T17:42:15+00:00,-34.629573081158156,-58.38606328254439,90.3,28.1,ok
V0026,2026-05-01T17:42:25+00:00,-34.627801748339316,-58.41537793665302,35.1,28.0,ok
V0070,2026-05-01T17:42:42+00:00,-34.567000533673905,-58.41540109792836,80.2,17.0,ok
V0021,2026-05-01T17:42:53+00:00,-34.637627450993214,-58.363669678915336,83.4,21.1,idle
V0052,2026-05-01T17:43:05+00:00,-34.58884785730275,-58.420679672067834,58.3,13.3,idle
V0047,2026-05-01T17:43:17+00:00,-34.57633811430983,-58.343247466220724,72.0,13.6,idle
V0038,2026-05-01T17:43:27+00:00,-34.6351101839294,-58.35930711143124,62.1,22.1,ok
V0012,2026-05-01T17:43:44+00:00,-34.57336245927351,-58.377148632818596,57.6,24.3,ok
V0004,2026-05-01T17:43:50+00:00,-34.60303224259237,-58.35069769804461,68.5,15.2,ok
V0010,2026-05-01T17:44:02+00:00,-34.58714831264583,-58.42079331320631,55.5,11.5,ok
V0002,2026-05-01T17:44:13+00:00,-34.58574745781064,-58.422004154160405,53.7,18.2,ok
V0079,2026-05-01T17:44:27+00:00,-34.6045719041707,-58.350873217858634,76.8,21.8,ok
V0077,2026-05-01T17:44:40+00:00,-34.627432935787866,-58.417237089525436,38.0,18.5,idle
V0041,2026-05-01T17:44:51+00:00,-34.56708934241127,-58.417792011427835,64.7,16.7,ok
V0034,2026-05-01T17:45:08+00:00,-34.56939878327936,-58.38337300780063,78.4,19.5,ok
V0072,2026-05-01T17:45:14+00:00,-34.626405344637256,-58.35762591924976,100.0,15.5,ok
V0010,2026-05-01T17:45:25+00:00,-34.566688679247584,-58.41782596168446,60.2,22.0,ok
V0078,2026-05-01T17:45:43+00:00,-34.567780997937284,-58.41741549343957,66.8,38.2,idle
V0074,2026-05-01T17:45:50+00:00,-34.61475151098955,-58.38399781282646,66.7,20.8,idle
V0046,2026-05-01T17:46:07+00:00,-34.6045049576002,-58.351077653542745,76.4,15.3,ok
V0002,2026-05-01T17:46:16+00:00,-34.58746092220957,-58.36651840587689,72.9,16.1,ok
V0019,2026-05-01T17:46:28+00:00,-34.60299988454344,-58.35888381117386,74.5,25.5,ok
V0041,2026-05-01T17:46:42+00:00,-34.59723797741931,-58.40431049906642,62.9,25.0,ok
V0008,2026-05-01T17:46:51+00:00,-34.61280542928617,-58.34317482963653,76.4,18.5,ok
V0045,2026-05-01T17:47:06+00:00,-34.61401511292794,-58.39117417030482,77.7,16.6,ok
V0073,2026-05-01T17:47:15+00:00,-34.63724423532884,-58.363037547037166,55.7,14.8,ok
V0063,2026-05-01T17:47:31+00:00,-34.57863807882866,-58.34113075667115,53.4,14.0,ok
V0064,2026-05-01T17:47:37+00:00,-34.63713932439539,-58.374332486702976,54.7,17.2,ok
V0076,2026-05-01T17:47:48+00:00,-34.59007409186383,-58.42213368756682,44.5,21.1,ok
V0037,2026-05-01T17:48:01+00:00,-34.626256436793476,-58.36786280995379,48.5,12.4,ok
V0046,2026-05-01T17:48:19+00:00,-34.57162994345697,-58.375659657650615,85.1,32.4,idle
V0074,2026-05-01T17:48:28+00:00,-34.598733582423286,-58.40732719602851,93.9,17.6,ok
V0025,2026-05-01T17:48:37+00:00,-34.57076408951422,-58.38363948432347,55.2,24.8,ok
V0077,2026-05-01T17:48:52+00:00,-34.60491984876911,-58.350978146693,30.6,15.5,ok
V0055,2026-05-01T17:49:01+00:00,-34.56945099966213,-58.38575801067763,67.2,26.5,ok
V0023,2026-05-01T17:49:17+00:00,-34.56589987713839,-58.41705591935797,69.8,19.4,ok
V0006,2026-05-01T17:49:31+00:00,-34.604116837747085,-58.35016498851697,68.4,18.7,ok
V0023,2026-05-01T17:49:41+00:00,-34.628112324025324,-58.416110270090535,72.4,16.4,ok
V0073,2026-05-01T17:49:53+00:00,-34.62838937307748,-58.40543016546126,61.4,22.4,ok
V0054,2026-05-01T17:50:08+00:00,-34.61121141696424,-58.34152244761378,38.7,18.0,idle
V0030,2026-05-01T17:50:19+00:00,-34.62542914639975,-58.40396942446017,45.2,32.2,idle
V0013,2026-05-01T17:50:24+00:00,-34.59613897418985,-58.40762709708657,55.7,15.7,ok
V0016,2026-05-01T17:50:43+00:00,-34.62665616576041,-58.37133421342604,50.1,19.5,ok
V0074,2026-05-01T17:50:48+00:00,-34.56802225398397,-58.383070302120245,48.2,23.3,ok
V0035,2026-05-01T17:51:01+00:00,-34.56446751864562,-58.41423827171553,60.5,20.3,ok
V0024,2026-05-01T17:51:20+00:00,-34.630733164625774,-58.41633324578669,82.4,31.6,idle
V0019,2026-05-01T17:51:26+00:00,-34.61388875798894,-58.38375686671461,76.0,17.6,ok
V0063,2026-05-01T17:51:37+00:00,-34.64192155456538,-58.38590421547727,79.3,18.3,ok
V0063,2026-05-01T17:51:48+00:00,-34.57385596636774,-58.408099847481196,100.0,24.5,ok
V0013,2026-05-01T17:52:00+00:00,-34.637510629791976,-58.356196957579286,97.6,17.1,ok
V0005,2026-05-01T17:52:15+00:00,-34.62525463243668,-58.38567632394376,56.5,27.9,ok
V0030,2026-05-01T17:52:30+00:00,-34.577457553743606,-58.34294791198448,58.6,29.7,ok
V0024,2026-05-01T17:52:40+00:00,-34.62347965566776,-58.36007606281636,61.9,25.2,idle
V0072,2026-05-01T17:52:48+00:00,-34.56436878918299,-58.41596110562179,53.1,26.6,ok
V0041,2026-05-01T17:53:07+00:00,-34.564156947835805,-58.41712282931063,17.7,27.8,battery_low
V0013,2026-05-01T17:53:14+00:00,-34.57292111709887,-58.374188567985996,60.7,8.2,idle
V0029,2026-05-01T17:53:27+00:00,-34.56479528338301,-58.41592815806419,59.1,14.4,ok
V0013,2026-05-01T17:53:40+00:00,-34.625742140236284,-58.402932391671015,39.5,7.2,ok
V0006,2026-05-01T17:53:49+00:00,-34.62902376566194,-58.38685209978429,92.1,9.9,ok
V0073,2026-05-01T17:54:08+00:00,-34.60515519768672,-58.359858447067225,21.5,17.2,ok
V0015,2026-05-01T17:54:12+00:00,-34.612855574013224,-58.39205190575621,47.2,26.7,ok
V0029,2026-05-01T17:54:29+00:00,-34.6393354843913,-58.37504232346964,59.7,22.6,idle
V0032,2026-05-01T17:54:44+00:00,-34.57288442776785,-58.40557818534922,100.0,20.8,idle
V0031,2026-05-01T17:54:52+00:00,-34.58951271721771,-58.36847905298188,75.3,21.6,idle
V0055,2026-05-01T17:55:00+00:00,-34.632503641254004,-58.38552038730119,69.3,12.5,ok
V0011,2026-05-01T17:55:17+00:00,-34.56437225286968,-58.415232990693525,72.0,16.5,ok
V0017,2026-05-01T17:55:31+00:00,-34.643974774826404,-58.38615781460848,55.6,18.2,ok
V0075,2026-05-01T17:55:43+00:00,-34.5904219003525,-58.369182803605646,59.5,20.6,ok
V0053,2026-05-01T17:55:51+00:00,-34.639108512496804,-58.37356402185168,87.8,13.1,ok
V0037,2026-05-01T17:56:02+00:00,-34.57157078260572,-58.37589068626075,69.1,21.9,ok
V0029,2026-05-01T17:56:12+00:00,-34.61379161314842,-58.389391587566344,61.2,25.4,ok
V0018,2026-05-01T17:56:32+00:00,-34.616214350929,-58.38576053908438,80.3,26.8,ok
V0061,2026-05-01T17:56:43+00:00,-34.56753632049405,-58.417521889618406,43.8,22.8,ok
V0039,2026-05-01T17:56:48+00:00,-34.62603236256265,-58.38795883411933,38.7,14.5,ok
V0066,2026-05-01T17:57:04+00:00,-34.60470539811839,-58.352090870312,53.7,20.4,idle
V0009,2026-05-01T17:57:16+00:00,-34.6276183649514,-58.4034781424588,87.3,21.5,ok
V0029,2026-05-01T17:57:24+00:00,-34.63005274788742,-58.41512322435512,65.9,15.9,idle
V0004,2026-05-01T17:57:42+00:00,-34.59525467949158,-58.40539329586484,80.3,25.7,ok
V0078,2026-05-01T17:57:49+00:00,-34.59075749192285,-58.41972203621863,56.1,25.5,ok
V0003,2026-05-01T17:58:05+00:00,-34.587693400032805,-58.36850253804167,45.0,23.9,ok
V0046,2026-05-01T17:58:16+00:00,-34.56838421784148,-58.38518763919723,51.5,23.9,ok
V0055,2026-05-01T17:58:24+00:00,-34.57977779780985,-58.341896130536554,64.8,15.0,ok
V0037,2026-05-01T17:58:38+00:00,-34.637371003268996,-58.36373973555067,50.5,17.9,idle
V0039,2026-05-01T17:58:51+00:00,-34.573032055706086,-58.37784582147157,52.2,21.0,ok
V0005,2026-05-01T17:59:05+00:00,-34.58721596221952,-58.42174669594579,51.3,16.5,ok
V0077,2026-05-01T17:59:12+00:00,-34.62669947078237,-58.368446888252635,95.8,19.0,idle
V0029,2026-05-01T17:59:31+00:00,-34.603145030501985,-58.35912553555515,61.6,24.6,ok
V0006,2026-05-01T17:59:39+00:00,-34.589260076077096,-58.41914756495238,66.6,8.5,idle
V0020,2026-05-01T17:59:49+00:00,-34.60195686714738,-58.35175423015146,73.4,24.5,ok
V0077,2026-05-01T18:00:02+00:00,-34.57839708132438,-58.34441079535342,68.7,16.2,ok
V0075,2026-05-01T18:00:17+00:00,-34.63792758351018,-58.35740999064187,72.9,11.5,ok
V0022,2026-05-01T18:00:31+00:00,-34.6275531910175,-58.38910969701301,65.2,17.8,ok
V0030,2026-05-01T18:00:43+00:00,-34.60369083220455,-58.35882012055915,68.8,35.2,ok
V0046,2026-05-01T18:00:55+00:00,-34.63192445184728,-58.386496716909896,80.5,15.3,ok
V0002,2026-05-01T18:01:03+00:00,-34.59011826302615,-58.368043333062374,79.0,29.0,ok
V0030,2026-05-01T18:01:19+00:00,-34.575495698692194,-58.40841596049563,73.8,23.3,ok
V0019,2026-05-01T18:01:25+00:00,-34.576496135704474,-58.34247193512242,67.0,25.7,ok
V0053,2026-05-01T18:01:37+00:00,-34.62623710073281,-58.357466403793865,97.9,22.8,ok
V0034,2026-05-01T18:01:55+00:00,-34.602742204501304,-58.35236100005794,77.4,27.3,ok
V0048,2026-05-01T18:02:06+00:00,-34.63678060209728,-58.37438868184385,54.6,23.0,ok
V0011,2026-05-01T18:02:17+00:00,-34.56493847074115,-58.41665020330852,78.6,23.2,ok
V0054,2026-05-01T18:02:28+00:00,-34.63777171503117,-58.36337133101455,66.7,17.0,ok
V0060,2026-05-01T18:02:43+00:00,-34.57613668428165,-58.40693127318763,77.7,25.3,ok
V0040,2026-05-01T18:02:51+00:00,-34.59028809612983,-58.3668690280338,60.7,19.4,idle
V0030,2026-05-01T18:03:00+00:00,-34.61095520319124,-58.34402743792547,59.4,12.4,ok
V0058,2026-05-01T18:03:12+00:00,-34.58874811041604,-58.41995470808436,52.1,26.6,ok
V0003,2026-05-01T18:03:30+00:00,-34.590431208108676,-58.420156321134215,60.4,13.3,idle
V0042,2026-05-01T18:03:38+00:00,-34.637248578387535,-58.37474961450529,62.9,19.4,idle
V0005,2026-05-01T18:03:51+00:00,-34.636093624381516,-58.358423999029725,80.8,21.3,ok
V0065,2026-05-01T18:04:07+00:00,-34.63937197192312,-58.36041924801216,62.4,24.7,ok
V0026,2026-05-01T18:04:14+00:00,-34.57327909964624,-58.37684736621362,80.4,16.3,ok
V0055,2026-05-01T18:04:24+00:00,-34.622618668258724,-58.35818540609892,85.1,17.3,ok
V0064,2026-05-01T18:04:43+00:00,-34.627234433563196,-58.40394728782326,92.1,25.9,ok
V0026,2026-05-01T18:04:49+00:00,-34.6055736128632,-58.360336380094736,56.2,15.1,ok
V0060,2026-05-01T18:05:01+00:00,-34.60224964669894,-58.35041743100413,81.0,12.9,ok
V0013,2026-05-01T18:05:20+00:00,-34.62770267107772,-58.4049961180615,75.2,13.0,ok
V0000,2026-05-01T18:05:26+00:00,-34.630796959960925,-58.41536756020549,57.1,17.4,idle
V0035,2026-05-01T18:05:44+00:00,-34.641645083688346,-58.38398460044511,100.0,25.3,ok
V0024,2026-05-01T18:05:48+00:00,-34.56709297090672,-58.41743766578835,50.8,9.8,ok
V0067,2026-05-01T18:06:08+00:00,-34.60675497521926,-58.357045903750034,83.0,15.9,ok
V0043,2026-05-01T18:06:13+00:00,-34.62704722398513,-58.38568306076227,65.4,23.5,idle
V0058,2026-05-01T18:06:26+00:00,-34.63658366750185,-58.36256302641366,100.0,25.4,ok
V0000,2026-05-01T18:06:36+00:00,-34.613631211060124,-58.38252001235063,73.8,22.5,ok
V0058,2026-05-01T18:06:55+00:00,-34.62389991918587,-58.35820620557834,100.0,18.0,ok
V0051,2026-05-01T18:07:05+00:00,-34.57255791909119,-58.377124778852846,55.0,19.5,idle
V0055,2026-05-01T18:07:17+00:00,-34.63915339105357,-58.37719498688439,18.5,14.4,ok
V0006,2026-05-01T18:07:32+00:00,-34.63532668036905,-58.35716409127627,94.2,15.2,idle
V0076,2026-05-01T18:07:36+00:00,-34.62948232694858,-58.38575149570454,76.2,20.8,ok
V0068,2026-05-01T18:07:55+00:00,-34.61217491363079,-58.34326983660698,68.1,14.8,idle
V0067,2026-05-01T18:08:02+00:00,-34.62852537643114,-58.41753276507536,69.1,22.5,ok
V0053,2026-05-01T18:08:16+00:00,-34.63648003571471,-58.36330718850779,71.0,21.9,ok
V0065,2026-05-01T18:08:24+00:00,-34.64445963101355,-58.38508217245216,44.6,18.4,ok
V0045,2026-05-01T18:08:43+00:00,-34.57104832407974,-58.38532234917147,79.7,24.4,ok
V0071,2026-05-01T18:08:55+00:00,-34.58535845365465,-58.420225564950165,51.9,18.0,idle
V0071,2026-05-01T18:09:01+00:00,-34.625572644746086,-58.402429195816374,56.3,28.6,ok
V0073,2026-05-01T18:09:18+00:00,-34.64207174693337,-58.38447948027584,54.8,16.1,ok
V0060,2026-05-01T18:09:30+00:00,-34.60508525192462,-58.357620454238926,50.3,16.7,ok
V0030,2026-05-01T18:09:42+00:00,-34.62481500382907,-58.402664201188394,65.3,24.0,ok
V0019,2026-05-01T18:09:54+00:00,-34.629848238219175,-58.41727474247717,45.5,13.1,ok
V0060,2026-05-01T18:10:02+00:00,-34.64334442369355,-58.38367376633428,50.5,19.4,ok
V0014,2026-05-01T18:10:12+00:00,-34.58870395656961,-58.42064445947845,82.7,25.6,ok
V0019,2026-05-01T18:10:31+00:00,-34.56882815819749,-58.38430739623001,56.0,9.5,ok
V0015,2026-05-01T18:10:41+00:00,-34.636570263551356,-58.357290264479495,93.4,8.9,ok
V0014,2026-05-01T18:10:54+00:00,-34.56779867030254,-58.3837624264413,69.9,23.6,idle
V0063,2026-05-01T18:11:07+00:00,-34.59881730665004,-58.406314813012585,100.0,20.7,ok
V0034,2026-05-01T18:11:20+00:00,-34.614383933548766,-58.38196501190628,56.4,18.0,ok
V0019,2026-05-01T18:11:24+00:00,-34.64225333557598,-58.386443231442364,50.4,17.4,ok
V0038,2026-05-01T18:11:37+00:00,-34.6253813494035,-58.38733314479547,94.2,19.5,idle
V0068,2026-05-01T18:11:51+00:00,-34.61628697583813,-58.38205648649187,45.2,14.0,ok
V0000,2026-05-01T18:12:06+00:00,-34.60437980033579,-58.352851903901204,68.3,21.1,idle
V0070,2026-05-01T18:12:20+00:00,-34.60423170600299,-58.34988605636444,36.0,23.6,ok
V0000,2026-05-01T18:12:25+00:00,-34.56505800402324,-58.414272540344214,77.6,22.7,ok
V0001,2026-05-01T18:12:42+00:00,-34.6385335745769,-58.362785327397475,61.3,13.3,ok
V0025,2026-05-01T18:12:53+00:00,-34.57284473767017,-58.375184392766634,84.3,14.5,ok
V0010,2026-05-01T18:13:04+00:00,-34.5861519796355,-58.420876208218424,54.9,22.5,ok
V0077,2026-05-01T18:13:12+00:00,-34.611795605972354,-58.39213449951908,43.9,21.4,ok
V0027,2026-05-01T18:13:27+00:00,-34.60944177651117,-58.34071170827033,62.8,20.9,ok
V0015,2026-05-01T18:13:44+00:00,-34.63914303288955,-58.37634556919027,70.8,22.0,ok
V0041,2026-05-01T18:13:51+00:00,-34.62660130954576,-58.40303181909007,83.1,35.3,ok
V0072,2026-05-01T18:14:01+00:00,-34.61115004728528,-58.34363494639677,50.2,14.3,ok
V0061,2026-05-01T18:14:16+00:00,-34.58942858372037,-58.3676863284482,63.7,15.0,ok
V0007,2026-05-01T18:14:29+00:00,-34.62525098284279,-58.367900784749544,22.3,15.0,ok
V0074,2026-05-01T18:14:40+00:00,-34.625354195150145,-58.40563574255316,53.2,25.1,ok
V0054,2026-05-01T18:14:48+00:00,-34.58013659672603,-58.34421103518021,68.1,23.3,idle
V0001,2026-05-01T18:15:07+00:00,-34.590232150871415,-58.42250222860564,59.5,21.1,ok
V0036,2026-05-01T18:15:15+00:00,-34.59867853791432,-58.404396567976086,100.0,25.3,ok
V0017,2026-05-01T18:15:30+00:00,-34.58814377067191,-58.42216380168255,72.6,30.3,idle
V0042,2026-05-01T18:15:42+00:00,-34.64514073907795,-58.382726531204156,68.5,19.9,ok
V0044,2026-05-01T18:15:48+00:00,-34.63438415112471,-58.35641854393873,60.6,23.2,ok
V0064,2026-05-01T18:16:02+00:00,-34.636270985880564,-58.36364857891463,41.9,15.4,ok
V0055,2026-05-01T18:16:12+00:00,-34.62882784033754,-58.38655247664816,82.5,26.0,idle
V0038,2026-05-01T18:16:24+00:00,-34.6324768605955,-58.38711943294356,59.2,29.5,ok
V0041,2026-05-01T18:16:43+00:00,-34.61516561924256,-58.38425628190403,100.0,20.8,ok
V0069,2026-05-01T18:16:53+00:00,-34.579486350559264,-58.34155596576328,65.6,14.5,ok
V0013,2026-05-01T18:17:01+00:00,-34.57073510550496,-58.38434606936965,28.1,23.5,ok
V0076,2026-05-01T18:17:13+00:00,-34.626455922040094,-58.370670541194876,96.4,36.2,ok
V0073,2026-05-01T18:17:30+00:00,-34.627756862196954,-58.40393471002936,89.9,27.1,idle
V0071,2026-05-01T18:17:37+00:00,-34.62829616898901,-58.416950193682936,69.5,30.5,ok
V0005,2026-05-01T18:17:49+00:00,-34.58773216943937,-58.42194161745247,86.3,19.5,ok
V0062,2026-05-01T18:18:05+00:00,-34.630391238391674,-58.41627553454596,38.2,20.6,ok
V0079,2026-05-01T18:18:15+00:00,-34.61340166687496,-58.39079258290715,80.2,16.0,ok
V0044,2026-05-01T18:18:30+00:00,-34.639438010967126,-58.36147786419533,68.0,31.2,ok
V0059,2026-05-01T18:18:41+00:00,-34.61274933312771,-58.34154667803552,74.0,18.5,idle
V0016,2026-05-01T18:18:53+00:00,-34.63741869895258,-58.358569669105904,100.0,19.8,ok
V0014,2026-05-01T18:19:04+00:00,-34.609948100478924,-58.341377794125755,47.4,27.6,ok
V0043,2026-05-01T18:19:12+00:00,-34.636798540282314,-58.36210510104206,56.4,7.4,ok
V0038,2026-05-01T18:19:24+00:00,-34.590410154659054,-58.42269026243476,62.4,24.3,ok
V0032,2026-05-01T18:19:40+00:00,-34.56946124180556,-58.38454732522551,77.6,24.1,ok
V0007,2026-05-01T18:19:52+00:00,-34.57169532863942,-58.37579897383084,36.3,22.8,ok
V0046,2026-05-01T18:20:07+00:00,-34.625946705576645,-58.36866470054265,54.0,31.9,ok
V0006,2026-05-01T18:20:15+00:00,-34.6371676495237,-58.376818435098876,73.4,13.7,ok
V0057,2026-05-01T18:20:25+00:00,-34.56487070440809,-58.41474442181981,59.5,14.0,ok
V0059,2026-05-01T18:20:44+00:00,-34.612399819566754,-58.38360783575802,56.9,34.6,ok
V0061,2026-05-01T18:20:48+00:00,-34.602747877413336,-58.35034624859675,84.2,29.4,idle
V0037,2026-05-01T18:21:06+00:00,-34.639141549888336,-58.3604922028091,26.9,28.2,ok
V0066,2026-05-01T18:21:18+00:00,-34.567115942456304,-58.4172255539453,64.2,29.8,ok
V0009,2026-05-01T18:21:25+00:00,-34.62639344708036,-58.35763898903783,56.3,24.6,ok
V0053,2026-05-01T18:21:41+00:00,-34.57416033086882,-58.40694202758057,20.8,33.0,idle
V0044,2026-05-01T18:21:50+00:00,-34.590473103563696,-58.42167836584497,50.3,16.2,ok
V0038,2026-05-01T18:22:00+00:00,-34.57369345920398,-58.405489524549864,70.1,15.6,idle
V0072,2026-05-01T18:22:16+00:00,-34.62476782188152,-58.36754284543865,53.5,30.3,ok
V0079,2026-05-01T18:22:25+00:00,-34.56794063190013,-58.38565126694603,62.8,26.1,ok
V0048,2026-05-01T18:22:42+00:00,-34.6114618237447,-58.39172772998527,73.8,22.2,ok
V0030,2026-05-01T18:22:50+00:00,-34.63082608582213,-58.386071050188576,32.5,30.3,idle
V0061,2026-05-01T18:23:05+00:00,-34.614138800104335,-58.383375460740766,41.5,17.3,ok
V0004,2026-05-01T18:23:14+00:00,-34.63737724961287,-58.35963732362814,88.2,24.5,ok
V0072,2026-05-01T18:23:32+00:00,-34.62767764867337,-58.41711312124954,64.7,21.4,ok
V0061,2026-05-01T18:23:39+00:00,-34.641902377247746,-58.38643734450035,45.7,23.4,ok
V0023,2026-05-01T18:23:54+00:00,-34.64156612762466,-58.3852906905253,50.1,15.8,ok
V0072,2026-05-01T18:24:05+00:00,-34.60563887996248,-58.351259676785425,56.9,29.2,ok
V0010,2026-05-01T18:24:14+00:00,-34.59007897070309,-58.42074055130769,95.8,26.2,ok
V0040,2026-05-01T18:24:27+00:00,-34.62874215182731,-58.36828269823059,100.0,20.5,ok
V0036,2026-05-01T18:24:38+00:00,-34.58778668203671,-58.369213571649084,71.2,22.1,ok
V0008,2026-05-01T18:24:56+00:00,-34.61168006737595,-58.343704192617075,55.3,14.7,ok
V0039,2026-05-01T18:25:00+00:00,-34.627912186984545,-58.388035267431846,50.0,22.5,ok
V0045,2026-05-01T18:25:14+00:00,-34.64316765194627,-58.38465203382497,45.4,16.8,idle
V0056,2026-05-01T18:25:26+00:00,-34.56437253317343,-58.417631241641736,45.9,6.6,ok
V0001,2026-05-01T18:25:44+00:00,-34.62838022915155,-58.41439414805456,85.9,18.7,ok
V0061,2026-05-01T18:25:56+00:00,-34.62805280137842,-58.40247908058989,40.1,19.9,idle
V0027,2026-05-01T18:26:01+00:00,-34.623232963273466,-58.359591978371164,59.7,23.3,ok
V0078,2026-05-01T18:26:19+00:00,-34.62468158326281,-58.40301990935652,83.6,17.9,ok
V0011,2026-05-01T18:26:31+00:00,-34.637535574754104,-58.377461085240185,26.9,15.8,ok
V0059,2026-05-01T18:26:44+00:00,-34.62684817626951,-58.40502853669456,86.3,16.2,ok
V0049,2026-05-01T18:26:52+00:00,-34.627556970639965,-58.36894341009231,57.4,25.2,ok
V0018,2026-05-01T18:27:00+00:00,-34.57479983853566,-58.408291920608924,38.0,22.3,idle
V0029,2026-05-01T18:27:14+00:00,-34.58788011407131,-58.41969847266593,90.1,20.9,ok
V0031,2026-05-01T18:27:24+00:00,-34.625663022354715,-58.3877393805704,65.2,26.5,ok
V0065,2026-05-01T18:27:38+00:00,-34.613017836675034,-58.38944471447975,91.4,18.7,idle
V0030,2026-05-01T18:27:52+00:00,-34.628046697503514,-58.4049717855678,64.3,32.2,ok
V0020,2026-05-01T18:28:04+00:00,-34.57761129107697,-58.344289069323466,68.7,36.7,ok
V0008,2026-05-01T18:28:12+00:00,-34.63783142477732,-58.360866690455794,39.5,20.9,idle
V0001,2026-05-01T18:28:26+00:00,-34.625232715088345,-58.40317482839795,71.1,19.5,ok
V0036,2026-05-01T18:28:39+00:00,-34.565481134064505,-58.415668974077015,43.1,24.5,ok
V0034,2026-05-01T18:28:50+00:00,-34.57274061333006,-58.40780566710242,50.4,19.0,ok
V0033,2026-05-01T18:29:04+00:00,-34.62555766186618,-58.35998833057656,65.1,17.5,idle
V0057,2026-05-01T18:29:18+00:00,-34.62813181944291,-58.41697257037947,47.2,14.8,ok
V0061,2026-05-01T18:29:32+00:00,-34.59822079119943,-58.4068449446901,50.3,7.8,ok
V0019,2026-05-01T18:29:38+00:00,-34.60499772047615,-58.35301404787644,52.3,29.9,ok
V0067,2026-05-01T18:29:50+00:00,-34.611316998841154,-58.39005637333737,58.5,15.4,ok
V0014,2026-05-01T18:30:07+00:00,-34.626046322661075,-58.367921116459065,91.3,18.6,ok
V0073,2026-05-01T18:30:13+00:00,-34.63689449086156,-58.362374724393476,77.8,27.2,ok
V0051,2026-05-01T18:30:32+00:00,-34.627670097091645,-58.40252377279569,70.5,14.9,ok
V0057,2026-05-01T18:30:40+00:00,-34.61071243652101,-58.39047818840774,72.5,25.4,ok
V0047,2026-05-01T18:30:52+00:00,-34.60224740835894,-58.352070015613094,67.0,16.3,ok
V0046,2026-05-01T18:31:02+00:00,-34.60336106398143,-58.35296820286426,55.1,19.1,ok
V0074,2026-05-01T18:31:13+00:00,-34.57761523312732,-58.343508349865864,40.6,23.2,ok
V0016,2026-05-01T18:31:31+00:00,-34.609759895031026,-58.34407064802808,37.2,13.5,idle
V0014,2026-05-01T18:31:44+00:00,-34.61310917428925,-58.38478977304435,40.6,22.6,idle
V0031,2026-05-01T18:31:53+00:00,-34.579165267015206,-58.34416564548844,61.8,19.0,idle
V0079,2026-05-01T18:32:05+00:00,-34.611732055010464,-58.39026701265812,40.6,16.7,ok
V0011,2026-05-01T18:32:12+00:00,-34.63730426284871,-58.360589446153796,52.1,27.7,ok
V0052,2026-05-01T18:32:31+00:00,-34.572847009539196,-58.40721821909863,83.2,37.0,ok
V0042,2026-05-01T18:32:41+00:00,-34.625815712165775,-58.368436311603844,76.3,12.7,idle
V0045,2026-05-01T18:32:54+00:00,-34.57341582159735,-58.37573084713678,46.9,28.7,idle
V0056,2026-05-01T18:33:06+00:00,-34.62497504772605,-58.40434944205603,76.3,16.7,idle
V0000,2026-05-01T18:33:17+00:00,-34.572886722071594,-58.40574446266799,61.0,22.7,ok
V0002,2026-05-01T18:33:30+00:00,-34.58757519516106,-58.36813275498796,55.4,34.4,ok
V0045,2026-05-01T18:33:40+00:00,-34.62982161734589,-58.38665200065491,62.4,27.4,ok
V0065,2026-05-01T18:33:52+00:00,-34.572982277221975,-58.40866404167833,64.5,18.8,ok
V0007,2026-05-01T18:34:05+00:00,-34.62483629815482,-58.3701816256361,55.0,32.0,ok
V0066,2026-05-01T18:34:17+00:00,-34.58719942958567,-58.419203366102636,70.7,26.8,ok
V0047,2026-05-01T18:34:29+00:00,-34.56776112343007,-58.41613483892144,76.1,15.5,ok
V0036,2026-05-01T18:34:41+00:00,-34.62745803244427,-58.40546485017281,68.4,23.5,idle
V0043,2026-05-01T18:34:53+00:00,-34.568909238485446,-58.38241222004092,77.5,22.1,ok
V0036,2026-05-01T18:35:03+00:00,-34.589191019468394,-58.422282687300296,76.3,10.2,ok
V0037,2026-05-01T18:35:19+00:00,-34.58738947148683,-58.42277770753677,79.7,24.6,ok
V0059,2026-05-01T18:35:24+00:00,-34.640320824445254,-58.37751816570087,81.5,12.5,ok
V0026,2026-05-01T18:35:38+00:00,-34.61118179287228,-58.3922324998808,53.9,28.4,ok
V0014,2026-05-01T18:35:48+00:00,-34.62751741118828,-58.369613145921406,58.0,21.9,ok
V0033,2026-05-01T18:36:01+00:00,-34.62599843349956,-58.38620380643275,63.0,19.4,ok
V0060,2026-05-01T18:36:14+00:00,-34.575052184455636,-58.40849560744069,50.1,19.8,ok
V0015,2026-05-01T18:36:27+00:00,-34.58770862080732,-58.4197557741499,47.8,23.4,idle
V0027,2026-05-01T18:36:42+00:00,-34.627571050573614,-58.3868764950046,55.4,26.9,ok
V0028,2026-05-01T18:36:55+00:00,-34.57744519451186,-58.34411637385395,56.4,16.2,ok
V0076,2026-05-01T18:37:06+00:00,-34.613824376712614,-58.39230034111606,89.8,33.0,ok
V0027,2026-05-01T18:37:20+00:00,-34.57474748551134,-58.406810541473234,70.1,30.3,idle
V0063,2026-05-01T18:37:32+00:00,-34.586203216186455,-58.41937023113026,90.8,25.3,ok
V0067,2026-05-01T18:37:37+00:00,-34.62361249822739,-58.35751635743308,64.3,13.0,ok
V0061,2026-05-01T18:37:52+00:00,-34.64285310709596,-58.38393639562858,65.5,19.8,idle
V0002,2026-05-01T18:38:02+00:00,-34.62393979305797,-58.35857930910221,42.1,18.2,ok
V0045,2026-05-01T18:38:19+00:00,-34.60974580494703,-58.34260267340214,49.3,30.3,ok
V0061,2026-05-01T18:38:29+00:00,-34.641642931599094,-58.38581614775109,80.9,23.8,ok
V0022,2026-05-01T18:38:41+00:00,-34.565330324286755,-58.41596297044502,62.1,19.8,idle
V0064,2026-05-01T18:38:52+00:00,-34.62792912623294,-58.370377730645686,44.1,13.2,ok
V0000,2026-05-01T18:39:00+00:00,-34.576318198916404,-58.342433954477514,83.9,8.9,idle
V0078,2026-05-01T18:39:20+00:00,-34.62984864850293,-58.414901815630955,53.9,23.8,ok
V0060,2026-05-01T18:39:26+00:00,-34.579761702176114,-58.34104910928234,53.0,12.9,ok
V0051,2026-05-01T18:39:41+00:00,-34.588284941248034,-58.369123511958556,65.4,28.8,ok
V0073,2026-05-01T18:39:52+00:00,-34.57608492218785,-58.40905423285049,69.8,22.1,ok
V0067,2026-05-01T18:40:03+00:00,-34.57049522355575,-58.37780907539558,30.2,17.4,idle
V0025,2026-05-01T18:40:16+00:00,-34.59028213414515,-58.36780943587623,53.6,33.2,ok
V0071,2026-05-01T18:40:24+00:00,-34.57340647473893,-58.3759427421985,33.7,37.7,ok
V0043,2026-05-01T18:40:37+00:00,-34.57197201428856,-58.37714485835149,65.0,19.9,ok
V0000,2026-05-01T18:40:52+00:00,-34.56795136683683,-58.41401982019078,60.9,18.6,idle
V0018,2026-05-01T18:41:05+00:00,-34.61446405875165,-58.38397700453132,77.9,23.2,ok
V0010,2026-05-01T18:41:20+00:00,-34.626120278506164,-58.36877047941338,32.4,19.0,ok
V0009,2026-05-01T18:41:31+00:00,-34.64152848087627,-58.383174814060936,72.9,16.2,ok
V0049,2026-05-01T18:41:39+00:00,-34.62537997001685,-58.402003255124065,51.4,32.8,ok
V0076,2026-05-01T18:41:53+00:00,-34.570391662725704,-58.37513502106946,70.4,21.6,idle
V0073,2026-05-01T18:42:03+00:00,-34.596091778207985,-58.40492799636221,79.6,24.2,ok
V0028,2026-05-01T18:42:20+00:00,-34.61148953762023,-58.392702416372934,66.6,28.2,ok
V0052,2026-05-01T18:42:32+00:00,-34.6391934879245,-58.363012379544266,51.7,18.7,ok
V0049,2026-05-01T18:42:37+00:00,-34.60557021074967,-58.35055698910895,72.1,27.0,ok
V0035,2026-05-01T18:42:53+00:00,-34.59657713377341,-58.40564335758704,41.4,14.8,ok
V0008,2026-05-01T18:43:02+00:00,-34.57260947140324,-58.375650184863076,63.1,9.3,ok
V0001,2026-05-01T18:43:15+00:00,-34.578606058740434,-58.3439903443678,66.9,26.6,ok
V0010,2026-05-01T18:43:32+00:00,-34.56772321724914,-58.415495877050496,45.5,27.5,ok
V0047,2026-05-01T18:43:44+00:00,-34.57660745565564,-58.3412422592743,51.8,26.0,ok
V0015,2026-05-01T18:43:51+00:00,-34.626220546813784,-58.404331154667226,32.9,31.1,ok
V0041,2026-05-01T18:44:06+00:00,-34.63139828418913,-58.38730593533334,73.8,23.5,ok
V0016,2026-05-01T18:44:19+00:00,-34.64334838515339,-58.38427488694187,57.7,19.1,ok
V0056,2026-05-01T18:44:28+00:00,-34.570668512242804,-58.3846388738512,55.9,13.7,ok
V0051,2026-05-01T18:44:40+00:00,-34.63885429584316,-58.377459499856286,55.4,22.9,ok
V0047,2026-05-01T18:44:52+00:00,-34.627690359600386,-58.416278451729724,60.0,27.9,idle
V0010,2026-05-01T18:45:07+00:00,-34.62563696145781,-58.386442304488575,53.8,28.5,ok
V0010,2026-05-01T18:45:12+00:00,-34.565506855933236,-58.41656424876138,91.1,31.7,ok
V0063,2026-05-01T18:45:26+00:00,-34.57202131453039,-58.37439014011784,62.7,22.6,idle
V0002,2026-05-01T18:45:44+00:00,-34.64286433595091,-58.38622289571266,47.4,11.6,idle
V0042,2026-05-01T18:45:54+00:00,-34.58880665863669,-58.36696215933913,38.0,17.1,ok
V0052,2026-05-01T18:46:04+00:00,-34.63599507842019,-58.36130088142935,63.4,15.4,ok
V0012,2026-05-01T18:46:18+00:00,-34.630056635730035,-58.41475779542362,82.5,21.4,ok
V0057,2026-05-01T18:46:29+00:00,-34.603345572464306,-58.35866944614883,71.4,19.4,idle
V0076,2026-05-01T18:46:44+00:00,-34.62529937548826,-58.404653349034355,50.5,13.7,ok
V0018,2026-05-01T18:46:51+00:00,-34.627272454219096,-58.36863200198443,76.5,21.9,ok
V0047,2026-05-01T18:47:02+00:00,-34.57697804764713,-58.34358763555833,29.9,19.8,idle
V0054,2026-05-01T18:47:17+00:00,-34.573290608592295,-58.40782459978214,70.4,26.3,ok
V0028,2026-05-01T18:47:32+00:00,-34.56456737060147,-58.41541100234435,69.4,27.7,ok
V0006,2026-05-01T18:47:36+00:00,-34.62993968572478,-58.41809883639825,52.1,26.3,ok
V0058,2026-05-01T18:47:49+00:00,-34.602908278042804,-58.35151237945593,72.3,19.3,ok
V0023,2026-05-01T18:48:04+00:00,-34.6352523879128,-58.35742413157184,47.3,21.9,ok
V0024,2026-05-01T18:48:14+00:00,-34.61331658731164,-58.38485144877876,74.5,27.7,ok
V0003,2026-05-01T18:48:31+00:00,-34.63628058185395,-58.35647996586578,81.1,20.9,ok
V0021,2026-05-01T18:48:43+00:00,-34.61249235939906,-58.34315417473654,54.0,28.8,ok
V0002,2026-05-01T18:48:49+00:00,-34.58620859898356,-58.42109109166826,85.2,23.9,ok
V0053,2026-05-01T18:49:08+00:00,-34.567554031127436,-58.416760489264256,34.0,19.5,ok
V0046,2026-05-01T18:49:19+00:00,-34.63177840104708,-58.38562760898648,78.7,28.5,ok
V0051,2026-05-01T18:49:30+00:00,-34.637259445753294,-58.35919331964094,68.6,24.2,ok
V0054,2026-05-01T18:49:42+00:00,-34.64348334777338,-58.38491577773577,100.0,3.3,ok
V0034,2026-05-01T18:49:54+00:00,-34.610544705591295,-58.39270030647697,74.0,20.4,ok
V0059,2026-05-01T18:50:08+00:00,-34.58547938967801,-58.421769083966296,65.4,11.3,ok
V0050,2026-05-01T18:50:20+00:00,-34.643443114403865,-58.38382005576214,57.6,24.0,ok
V0076,2026-05-01T18:50:30+00:00,-34.570712579320436,-58.38299292594549,75.2,23.8,ok
V0019,2026-05-01T18:50:39+00:00,-34.63065355287762,-58.41442724527693,62.2,19.5,ok
V0075,2026-05-01T18:50:56+00:00,-34.636200615385874,-58.359449322399044,63.2,24.0,ok
V0008,2026-05-01T18:51:00+00:00,-34.62766492124136,-58.41477475810608,92.1,21.4,ok
V0032,2026-05-01T18:51:13+00:00,-34.63611075248436,-58.35746009216938,53.1,11.4,ok
V0062,2026-05-01T18:51:28+00:00,-34.5991118583954,-58.404816587350815,60.8,22.1,idle
V0027,2026-05-01T18:51:43+00:00,-34.61145808501683,-58.34223109806354,76.0,21.2,ok
V0073,2026-05-01T18:51:51+00:00,-34.63115443194034,-58.415950605594176,49.5,22.4,ok
V0066,2026-05-01T18:52:00+00:00,-34.636755515116356,-58.37544597593396,56.4,17.7,ok
V0029,2026-05-01T18:52:19+00:00,-34.624585309073105,-58.4052732091997,63.0,14.8,ok
V0067,2026-05-01T18:52:27+00:00,-34.59603510643361,-58.40478342307366,35.3,23.0,idle
V0047,2026-05-01T18:52:36+00:00,-34.58616380627264,-58.42030931200393,84.4,27.7,idle
V0003,2026-05-01T18:52:50+00:00,-34.59054610942761,-58.420711224660685,54.7,25.2,idle
V0028,2026-05-01T18:53:01+00:00,-34.61136282361944,-58.340578123989296,55.2,16.9,idle
V0076,2026-05-01T18:53:16+00:00,-34.629167224397754,-58.38762791445806,77.0,18.8,ok
V0046,2026-05-01T18:53:26+00:00,-34.564239076244185,-58.41600335658175,84.7,24.5,ok
V0040,2026-05-01T18:53:44+00:00,-34.6413586250972,-58.384714046002074,53.3,22.9,ok
V0071,2026-05-01T18:53:49+00:00,-34.62479059030565,-58.36838925008338,84.6,22.6,ok
V0056,2026-05-01T18:54:05+00:00,-34.5990630093858,-58.4047803742219,87.9,22.4,idle
V0035,2026-05-01T18:54:14+00:00,-34.61042617540992,-58.3897158705784,80.5,18.4,ok
V0068,2026-05-01T18:54:29+00:00,-34.58772087593964,-58.421726978899784,39.0,26.4,idle
V0040,2026-05-01T18:54:44+00:00,-34.63065233619465,-58.38563974809459,82.2,16.2,ok
V0001,2026-05-01T18:54:56+00:00,-34.585774782124275,-58.419675102934036,77.5,30.4,ok
V0078,2026-05-01T18:55:00+00:00,-34.63818829014834,-58.36168820832324,67.0,19.6,ok
V0002,2026-05-01T18:55:13+00:00,-34.59035775986632,-58.36939803718881,73.3,17.9,idle
V0042,2026-05-01T18:55:28+00:00,-34.62458966350152,-58.360107331268594,49.9,29.7,ok
V0048,2026-05-01T18:55:42+00:00,-34.58810662824553,-58.3687860173982,52.3,13.6,ok
V0013,2026-05-01T18:55:54+00:00,-34.62792316734428,-58.41449856639225,49.6,23.9,idle
V0058,2026-05-01T18:56:05+00:00,-34.567284678901096,-58.41777101673928,55.2,24.0,idle
V0032,2026-05-01T18:56:17+00:00,-34.61093205979283,-58.34185245987515,57.5,13.6,ok
V0010,2026-05-01T18:56:25+00:00,-34.56937929671042,-58.38315460141795,52.6,29.1,ok
V0001,2026-05-01T18:56:42+00:00,-34.611534293847164,-58.39111185353973,60.8,15.8,ok
V0068,2026-05-01T18:56:49+00:00,-34.628730649279895,-58.36922256712951,73.5,16.7,ok
V0028,2026-05-01T18:57:05+00:00,-34.62712479692148,-58.38526204571406,57.9,35.9,ok
V0077,2026-05-01T18:57:16+00:00,-34.631382193419796,-58.38466296959596,35.4,30.2,ok
V0071,2026-05-01T18:57:25+00:00,-34.574427951298134,-58.40781605232476,70.9,28.9,ok
V0073,2026-05-01T18:57:38+00:00,-34.632598339220884,-58.38671362640792,56.1,24.0,ok
V0055,2026-05-01T18:57:50+00:00,-34.60332482786195,-58.35709796804221,73.4,26.7,ok
V0076,2026-05-01T18:58:05+00:00,-34.61145762210791,-58.34086803140119,52.0,26.5,ok
V0067,2026-05-01T18:58:15+00:00,-34.59892141924203,-58.40594574190496,79.1,26.0,ok
V0036,2026-05-01T18:58:32+00:00,-34.63662503131579,-58.361905421133194,91.3,10.6,ok
V0070,2026-05-01T18:58:39+00:00,-34.60670721788577,-58.35926920803865,69.7,19.5,ok
V0007,2026-05-01T18:58:54+00:00,-34.6386657628849,-58.37454917350729,43.1,11.1,idle
V0032,2026-05-01T18:59:00+00:00,-34.638433353789175,-58.36342161530647,80.7,16.1,ok
V0057,2026-05-01T18:59:16+00:00,-34.588147889040286,-58.41981588893919,59.5,28.0,idle
V0044,2026-05-01T18:59:29+00:00,-34.63871836238631,-58.36141002981041,41.4,12.6,ok
V0065,2026-05-01T18:59:38+00:00,-34.59646330841632,-58.404710032418265,64.3,20.1,ok
V0031,2026-05-01T18:59:50+00:00,-34.578147100733496,-58.34164481692264,53.9,21.2,idle
V0045,2026-05-01T19:00:06+00:00,-34.62471928274101,-58.35643033248053,74.3,2.0,ok
V0044,2026-05-01T19:00:20+00:00,-34.62715444108619,-58.36892203264351,51.8,28.7,idle
V0000,2026-05-01T19:00:25+00:00,-34.57615581021735,-58.40811872310584,83.3,21.3,ok
V0020,2026-05-01T19:00:42+00:00,-34.59070238902927,-58.42068437948309,44.3,21.2,ok
V0019,2026-05-01T19:00:50+00:00,-34.63856086985396,-58.36340317760341,59.7,16.6,ok
V0026,2026-05-01T19:01:08+00:00,-34.60189072169165,-58.35034356356767,62.8,22.6,ok
V0033,2026-05-01T19:01:12+00:00,-34.64156892745921,-58.38367496553998,40.3,26.8,ok
V0076,2026-05-01T19:01:30+00:00,-34.57360160417811,-58.376452691040114,71.3,24.6,ok
V0068,2026-05-01T19:01:41+00:00,-34.61151368338348,-58.39297728860712,55.2,26.6,idle
V0021,2026-05-01T19:01:51+00:00,-34.62562314791984,-58.386697607653076,67.5,9.1,ok
V0049,2026-05-01T19:02:08+00:00,-34.63239461576055,-58.384623360660655,73.4,16.0,idle
V0018,2026-05-01T19:02:15+00:00,-34.61044724644148,-58.3912047352709,87.7,22.8,ok
V0077,2026-05-01T19:02:29+00:00,-34.62625373871309,-58.357583740985206,68.2,18.1,ok
V0035,2026-05-01T19:02:37+00:00,-34.58798807959369,-58.42306027634289,62.5,27.7,ok
V0014,2026-05-01T19:02:48+00:00,-34.6124554108746,-58.38522876190459,87.6,15.5,ok
V0021,2026-05-01T19:03:01+00:00,-34.629703773049954,-58.416664273772724,62.1,23.3,idle
V0045,2026-05-01T19:03:16+00:00,-34.61282365372431,-58.3403968632547,62.7,20.9,ok
V0048,2026-05-01T19:03:26+00:00,-34.62751158624038,-58.41481427174382,55.8,26.3,idle
V0070,2026-05-01T19:03:37+00:00,-34.62662394794584,-58.402556800884675,58.8,24.8,ok
V0072,2026-05-01T19:03:52+00:00,-34.62531076815393,-58.35648577075649,96.5,25.9,ok
V0002,2026-05-01T19:04:03+00:00,-34.57291823869242,-58.37734026938608,76.2,22.9,ok
V0042,2026-05-01T19:04:18+00:00,-34.614137704793094,-58.38376911303217,66.1,8.3,ok
V0035,2026-05-01T19:04:27+00:00,-34.57031073644003,-58.375630744370994,58.0,29.9,ok
V0017,2026-05-01T19:04:43+00:00,-34.604360618600424,-58.35919843203322,36.9,23.1,ok
V0071,2026-05-01T19:04:53+00:00,-34.578965673377375,-58.343622498943446,59.6,20.4,ok
V0037,2026-05-01T19:05:00+00:00,-34.61013968575682,-58.39079347345349,45.9,23.0,ok
V0005,2026-05-01T19:05:14+00:00,-34.603907796242176,-58.35984556767241,60.0,14.0,ok
V0005,2026-05-01T19:05:29+00:00,-34.61402679592435,-58.39322948435199,82.6,25.6,ok
V0012,2026-05-01T19:05:39+00:00,-34.63063369110519,-58.41467551071835,80.3,17.8,ok
V0023,2026-05-01T19:05:50+00:00,-34.602764040923006,-58.350160047195416,77.5,15.2,ok
V0036,2026-05-01T19:06:01+00:00,-34.64481373151835,-58.383528957678614,64.3,20.1,ok
V0032,2026-05-01T19:06:13+00:00,-34.61440769924201,-58.38527327059319,93.6,27.2,ok
V0023,2026-05-01T19:06:28+00:00,-34.57673621288706,-58.34250080628359,85.1,19.0,idle
V0005,2026-05-01T19:06:40+00:00,-34.61254721990604,-58.39321972272939,85.7,39.1,ok
V0037,2026-05-01T19:06:52+00:00,-34.571563119350316,-58.376891486203654,76.3,25.5,ok
V0020,2026-05-01T19:07:08+00:00,-34.5908596589428,-58.37041438909411,41.4,16.8,ok
V0039,2026-05-01T19:07:20+00:00,-34.60340158160241,-58.35775952965975,83.0,28.0,ok
V0000,2026-05-01T19:07:25+00:00,-34.62936864644273,-58.38604667557541,76.1,8.2,ok
V0066,2026-05-01T19:07:37+00:00,-34.60229391631895,-58.35054180476641,50.5,34.4,ok
V0009,2026-05-01T19:07:55+00:00,-34.64021047432686,-58.37601592322888,26.6,20.9,idle
V0003,2026-05-01T19:08:07+00:00,-34.6257443553865,-58.35993084443572,94.7,23.1,ok
V0061,2026-05-01T19:08:18+00:00,-34.63846027652241,-58.36256754094613,59.6,19.0,ok
V0072,2026-05-01T19:08:29+00:00,-34.57538519962572,-58.40632642366158,65.4,11.3,ok
V0073,2026-05-01T19:08:37+00:00,-34.60653375774831,-58.3586707299075,73.6,29.5,idle
V0078,2026-05-01T19:08:48+00:00,-34.575849864640034,-58.40615074295483,54.9,24.7,idle
V0058,2026-05-01T19:09:06+00:00,-34.629766177775096,-58.41480331388828,52.0,30.3,ok
V0009,2026-05-01T19:09:13+00:00,-34.57928099957441,-58.341999833731386,52.7,20.6,idle
V0004,2026-05-01T19:09:31+00:00,-34.635840871312105,-58.35962723967869,36.3,14.4,ok
V0070,2026-05-01T19:09:40+00:00,-34.61305163637373,-58.3439813288341,68.8,23.8,ok
V0003,2026-05-01T19:09:49+00:00,-34.59085394621209,-58.36859857497711,66.2,32.0,ok
V0063,2026-05-01T19:10:07+00:00,-34.627940621494645,-58.40488141835755,92.6,12.6,ok
V0067,2026-05-01T19:10:18+00:00,-34.61361374108416,-58.39252155220917,82.9,19.2,idle
V0014,2026-05-01T19:10:25+00:00,-34.63429684447532,-58.35830024704869,40.2,15.6,idle
V0079,2026-05-01T19:10:37+00:00,-34.6275960004757,-58.4043198367013,81.7,22.6,ok
V0000,2026-05-01T19:10:50+00:00,-34.57546485329594,-58.40814367381323,93.0,23.8,ok
V0027,2026-05-01T19:11:07+00:00,-34.6309118940996,-58.384753334951604,77.2,28.3,ok
V0008,2026-05-01T19:11:13+00:00,-34.57868507626823,-58.34138417712356,73.4,18.2,idle
V0007,2026-05-01T19:11:31+00:00,-34.5745426843154,-58.40767288080654,80.5,16.9,idle
V0060,2026-05-01T19:11:43+00:00,-34.60583326181864,-58.35919452723993,53.6,16.8,ok
V0036,2026-05-01T19:11:50+00:00,-34.64123255653261,-58.383753773785315,56.2,25.9,ok
V0009,2026-05-01T19:12:01+00:00,-34.58968539707752,-58.3669140985352,66.8,14.6,ok
V0021,2026-05-01T19:12:17+00:00,-34.6030413909086,-58.35280263908716,69.3,22.6,ok
V0046,2026-05-01T19:12:29+00:00,-34.62754505039635,-58.38915860168489,43.4,14.7,ok
V0007,2026-05-01T19:12:38+00:00,-34.61396176182807,-58.39106087084574,73.7,18.1,ok
V0007,2026-05-01T19:12:49+00:00,-34.589873758544016,-58.42047315263986,28.2,8.1,ok
V0074,2026-05-01T19:13:02+00:00,-34.58613784942594,-58.41891832686378,67.4,21.2,ok
V0062,2026-05-01T19:13:16+00:00,-34.614462691700055,-58.38327928110973,62.0,13.5,idle
V0022,2026-05-01T19:13:30+00:00,-34.625800313802635,-58.35934559790397,70.4,15.1,idle
V0012,2026-05-01T19:13:36+00:00,-34.59086896638511,-58.36710334766098,80.1,14.9,idle
V0056,2026-05-01T19:13:48+00:00,-34.62355909319053,-58.35719116336183,34.4,23.7,ok
V0021,2026-05-01T19:14:01+00:00,-34.60339965199455,-58.36093842429214,58.5,12.8,ok
V0024,2026-05-01T19:14:18+00:00,-34.63182019327038,-58.386034677714356,33.3,20.9,ok
V0047,2026-05-01T19:14:32+00:00,-34.60372532330633,-58.35753500469895,73.3,14.1,ok
V0050,2026-05-01T19:14:44+00:00,-34.62553350198174,-58.36918449571229,53.6,27.7,ok
V0028,2026-05-01T19:14:52+00:00,-34.56409143799924,-58.414536581062116,78.7,13.4,ok
V0015,2026-05-01T19:15:04+00:00,-34.590419093914996,-58.36703416480801,35.8,15.2,ok
V0060,2026-05-01T19:15:18+00:00,-34.59859437927818,-58.40553446370691,42.4,12.0,ok
V0014,2026-05-01T19:15:32+00:00,-34.588629231478805,-58.421060067493634,72.3,15.6,ok
V0035,2026-05-01T19:15:40+00:00,-34.63073324107098,-58.415708370601095,62.5,27.0,ok
V0065,2026-05-01T19:15:53+00:00,-34.63597216890546,-58.35975977696179,64.0,24.8,idle
V0075,2026-05-01T19:16:00+00:00,-34.571770542213166,-58.385881719191914,90.6,25.8,ok
V0038,2026-05-01T19:16:14+00:00,-34.58555222577367,-58.42163385059993,47.0,28.8,idle
V0050,2026-05-01T19:16:32+00:00,-34.63772370414599,-58.36320272125802,40.3,12.4,ok
V0057,2026-05-01T19:16:42+00:00,-34.58767799976649,-58.42179297029693,13.1,25.2,battery_low
V0036,2026-05-01T19:16:55+00:00,-34.627674724644265,-58.41646748805478,92.1,32.3,ok
V0050,2026-05-01T19:17:05+00:00,-34.58859787098992,-58.422832236639735,59.0,23.0,ok
V0040,2026-05-01T19:17:12+00:00,-34.59579420017167,-58.405882637540174,67.0,24.6,ok
V0055,2026-05-01T19:17:28+00:00,-34.63714009489637,-58.35649379336861,92.2,24.3,ok
V0044,2026-05-01T19:17:44+00:00,-34.564458515667106,-58.41531227140576,64.4,22.6,ok
V0072,2026-05-01T19:17:52+00:00,-34.61406799975539,-58.38566733750872,84.9,9.8,ok
V0060,2026-05-01T19:18:05+00:00,-34.63628374056331,-58.360193864889176,60.2,16.4,ok
V0005,2026-05-01T19:18:14+00:00,-34.62986505073274,-58.414643758150795,65.3,18.2,ok
V0077,2026-05-01T19:18:25+00:00,-34.578773235591015,-58.34194137815829,60.9,29.9,ok
V0063,2026-05-01T19:18:36+00:00,-34.59038132788407,-58.422301902237315,48.0,24.3,idle
V0054,2026-05-01T19:18:48+00:00,-34.631850111870165,-58.38750532081406,49.0,20.3,ok
V0071,2026-05-01T19:19:01+00:00,-34.58965081285579,-58.423054127192565,85.3,21.0,ok
V0061,2026-05-01T19:19:15+00:00,-34.61452035089626,-58.385585574399755,42.6,18.5,idle
V0054,2026-05-01T19:19:25+00:00,-34.614975000208446,-58.38557761371762,62.0,23.0,ok
V0025,2026-05-01T19:19:39+00:00,-34.63619799512773,-58.36378271695573,63.9,16.4,ok
V0009,2026-05-01T19:19:50+00:00,-34.63663684679293,-58.36360642604932,84.9,38.9,ok
V0047,2026-05-01T19:20:06+00:00,-34.634555492785346,-58.35967224603467,70.7,32.0,ok
V0036,2026-05-01T19:20:15+00:00,-34.59738293695457,-58.40453414203194,52.0,24.0,ok
V0017,2026-05-01T19:20:24+00:00,-34.613145183305335,-58.38366861804272,64.2,30.3,idle
V0044,2026-05-01T19:20:40+00:00,-34.57613471408658,-58.406585181768506,42.4,24.1,ok
V0041,2026-05-01T19:20:50+00:00,-34.611778551674874,-58.391206919004894,40.9,31.6,ok
V0070,2026-05-01T19:21:07+00:00,-34.565451896017436,-58.41592790144704,41.0,17.6,ok
V0010,2026-05-01T19:21:16+00:00,-34.57631202952628,-58.34286266469914,84.3,20.1,ok
V0001,2026-05-01T19:21:24+00:00,-34.578403377361724,-58.34185965372607,45.4,17.4,ok
V0003,2026-05-01T19:21:36+00:00,-34.58918717841168,-58.42036262400538,64.6,21.6,idle
V0059,2026-05-01T19:21:52+00:00,-34.598661687471825,-58.40541931933347,49.9,14.0,ok
V0013,2026-05-01T19:22:05+00:00,-34.624790149375336,-58.37108218021988,46.7,32.8,ok
V0053,2026-05-01T19:22:19+00:00,-34.58646012319644,-58.419695608828725,50.4,21.3,ok
V0013,2026-05-01T19:22:31+00:00,-34.6035821188221,-58.35783147126563,46.9,27.9,ok
V0040,2026-05-01T19:22:43+00:00,-34.59084423474121,-58.420915830763896,80.9,32.5,ok
V0035,2026-05-01T19:22:49+00:00,-34.6303832934393,-58.386123184039214,80.9,19.5,ok
V0031,2026-05-01T19:23:04+00:00,-34.625154773501436,-58.359250836071396,70.0,18.0,ok
V0078,2026-05-01T19:23:12+00:00,-34.58922198759083,-58.42280865870286,97.4,13.8,ok
V0023,2026-05-01T19:23:29+00:00,-34.63998208956467,-58.3754069062294,94.5,14.7,ok
V0068,2026-05-01T19:23:39+00:00,-34.627643149770904,-58.40218133575162,68.9,22.5,ok
V0061,2026-05-01T19:23:54+00:00,-34.62500780439915,-58.36967343243139,100.0,26.5,ok
V0069,2026-05-01T19:24:04+00:00,-34.61458573745939,-58.38309489569795,71.6,21.5,ok
V0009,2026-05-01T19:24:14+00:00,-34.62834063558492,-58.41543721054596,74.8,21.7,ok
V0019,2026-05-01T19:24:26+00:00,-34.62945333472526,-58.41633322294931,64.3,21.8,ok
V0036,2026-05-01T19:24:38+00:00,-34.60585864111718,-58.358510719156854,73.7,20.0,idle
V0005,2026-05-01T19:24:49+00:00,-34.637801681611826,-58.37677833483115,43.1,13.8,ok
V0033,2026-05-01T19:25:01+00:00,-34.6376826567126,-58.37673188277461,58.0,10.9,ok
V0041,2026-05-01T19:25:16+00:00,-34.61149386505941,-58.34319725992921,56.9,16.3,ok
V0009,2026-05-01T19:25:24+00:00,-34.57922402841595,-58.342502680543134,43.6,12.7,ok
V0046,2026-05-01T19:25:43+00:00,-34.5902239432914,-58.42280030370729,27.4,22.0,idle
V0002,2026-05-01T19:25:50+00:00,-34.571144606588206,-58.37764263885803,68.9,13.4,ok
V0012,2026-05-01T19:26:03+00:00,-34.597440629005376,-58.40448629046023,93.8,17.9,ok
V0052,2026-05-01T19:26:14+00:00,-34.56411272076828,-58.41555046979842,67.8,22.6,idle
V0072,2026-05-01T19:26:32+00:00,-34.6064988565829,-58.35777527640192,79.2,12.4,ok
V0002,2026-05-01T19:26:41+00:00,-34.57524948021657,-58.4084823998316,60.8,21.1,idle
V0050,2026-05-01T19:26:53+00:00,-34.635938283141506,-58.36244249817369,51.8,18.7,ok
V0030,2026-05-01T19:27:04+00:00,-34.57239749622906,-58.37526378004765,70.8,13.5,idle
V0026,2026-05-01T19:27:13+00:00,-34.59631956468012,-58.40718283255196,58.4,13.5,idle
V0069,2026-05-01T19:27:31+00:00,-34.626460426101204,-58.40537200011733,53.5,27.9,idle
V0016,2026-05-01T19:27:41+00:00,-34.6143231631196,-58.38394046782131,65.0,15.2,ok
V0006,2026-05-01T19:27:49+00:00,-34.5910017832301,-58.4221003815465,73.1,26.7,ok
V0003,2026-05-01T19:28:05+00:00,-34.6283803560644,-58.3702913250893,87.4,18.7,ok
V0014,2026-05-01T19:28:14+00:00,-34.62643057283223,-58.36768510505285,47.0,17.3,ok
V0040,2026-05-01T19:28:26+00:00,-34.630296002945585,-58.41458042004377,77.4,31.9,ok
V0032,2026-05-01T19:28:43+00:00,-34.635747167230704,-58.360420584451504,45.7,16.8,idle
V0018,2026-05-01T19:28:48+00:00,-34.59524226764586,-58.40598201020115,73.9,17.5,idle
V0050,2026-05-01T19:29:04+00:00,-34.62387405574832,-58.3597387570417,56.5,20.8,ok
V0059,2026-05-01T19:29:17+00:00,-34.56964248882799,-58.38521681704367,74.1,23.5,ok
V0007,2026-05-01T19:29:29+00:00,-34.56937680236308,-58.382311973657814,41.5,18.5,ok
V0055,2026-05-01T19:29:37+00:00,-34.57212920994471,-58.37764294708534,61.5,20.5,ok
V0024,2026-05-01T19:29:56+00:00,-34.611672041569435,-58.34350982083235,81.0,35.1,ok
V0029,2026-05-01T19:30:06+00:00,-34.604271326337226,-58.359097038592985,66.0,16.5,ok
V0038,2026-05-01T19:30:12+00:00,-34.64246542520258,-58.38484727653002,83.1,24.0,idle
V0009,2026-05-01T19:30:31+00:00,-34.63046477301275,-58.386290016901654,53.6,32.8,ok
V0042,2026-05-01T19:30:40+00:00,-34.60560087469054,-58.350949448918854,34.9,24.0,ok
V0068,2026-05-01T19:30:48+00:00,-34.6366838292054,-58.37496955557287,65.2,32.3,ok
V0030,2026-05-01T19:31:01+00:00,-34.568872119177406,-58.385028886858166,66.4,19.7,ok
V0079,2026-05-01T19:31:14+00:00,-34.62707040920692,-58.386762362948986,36.4,20.8,ok
V0026,2026-05-01T19:31:29+00:00,-34.631319226337425,-58.385297936732954,63.3,23.8,idle
V0038,2026-05-01T19:31:38+00:00,-34.6020643685568,-58.352617675258415,68.0,31.2,idle
V0046,2026-05-01T19:31:56+00:00,-34.58986429134239,-58.36926184585424,44.9,23.8,ok
V0065,2026-05-01T19:32:02+00:00,-34.640082010093266,-58.37559330021679,73.6,14.5,ok
V0013,2026-05-01T19:32:18+00:00,-34.58947265226393,-58.37023114780663,32.1,18.4,ok
V0019,2026-05-01T19:32:32+00:00,-34.63733562595962,-58.36126565302385,68.2,21.6,idle
V0021,2026-05-01T19:32:43+00:00,-34.62836009169338,-58.418234131858256,81.0,23.2,ok
V0001,2026-05-01T19:32:54+00:00,-34.58952898572792,-58.369489881026546,77.8,20.7,ok
V0075,2026-05-01T19:33:02+00:00,-34.60481457421807,-58.353146345335446,77.3,12.5,ok
V0063,2026-05-01T19:33:19+00:00,-34.628594457835966,-58.36953489271692,34.2,29.4,ok
V0009,2026-05-01T19:33:30+00:00,-34.57805358600001,-58.34292883776994,100.0,17.4,idle
V0060,2026-05-01T19:33:40+00:00,-34.60505282394362,-58.35034261728871,75.8,20.8,ok
V0052,2026-05-01T19:33:49+00:00,-34.62753532095144,-58.36956341020284,60.1,27.9,ok
V0033,2026-05-01T19:34:04+00:00,-34.57009725791502,-58.37654243227582,50.4,22.8,ok
V0060,2026-05-01T19:34:12+00:00,-34.57983607270819,-58.34129331946467,72.8,16.7,ok
V0071,2026-05-01T19:34:24+00:00,-34.60630009569011,-58.35938392738525,19.9,18.1,ok
V0067,2026-05-01T19:34:39+00:00,-34.573449769021096,-58.408515382537864,85.8,21.4,ok
V0039,2026-05-01T19:34:49+00:00,-34.63973394046973,-58.37548566257746,80.3,16.7,ok
V0001,2026-05-01T19:35:04+00:00,-34.570567162177085,-58.37701004261532,38.0,11.0,ok
V0004,2026-05-01T19:35:19+00:00,-34.60974019702227,-58.34326129200689,33.6,12.2,ok
V0016,2026-05-01T19:35:24+00:00,-34.56549297063273,-58.41767709105842,57.9,24.1,idle
V0051,2026-05-01T19:35:37+00:00,-34.62564721001247,-58.38530284989603,61.5,8.9,ok
V0074,2026-05-01T19:35:53+00:00,-34.626455123177266,-58.359104043333986,44.2,21.6,ok
V0061,2026-05-01T19:36:06+00:00,-34.62920963732154,-58.414986039090806,45.7,18.1,idle
V0068,2026-05-01T19:36:18+00:00,-34.63236228689382,-58.38446138822031,87.0,21.5,ok
V0053,2026-05-01T19:36:25+00:00,-34.642283689793565,-58.38578288100095,63.7,31.6,idle
V0019,2026-05-01T19:36:44+00:00,-34.567967132846235,-58.38223198869111,57.9,15.6,idle
V0028,2026-05-01T19:36:55+00:00,-34.570867626287765,-58.38511976691484,64.6,16.5,idle
V0001,2026-05-01T19:37:04+00:00,-34.61001920718462,-58.34199545934801,60.6,27.7,ok
V0026,2026-05-01T19:37:16+00:00,-34.63949969317838,-58.362863916573716,66.2,11.7,ok
V0046,2026-05-01T19:37:26+00:00,-34.598876351972486,-58.40575060731515,64.6,19.4,idle
V0035,2026-05-01T19:37:36+00:00,-34.62878753565778,-58.41437897419488,79.3,21.3,ok
V0012,2026-05-01T19:37:53+00:00,-34.61432594854354,-58.38207008451019,79.0,20.2,ok
V0051,2026-05-01T19:38:03+00:00,-34.56451009518908,-58.41469784037939,54.0,24.8,ok
V0026,2026-05-01T19:38:12+00:00,-34.634168280637134,-58.356890243498924,64.7,18.5,idle
V0046,2026-05-01T19:38:29+00:00,-34.61252042170017,-58.389268351925246,55.1,10.4,ok
V0000,2026-05-01T19:38:36+00:00,-34.63712392493242,-58.35984430773064,61.6,18.5,ok
V0075,2026-05-01T19:38:53+00:00,-34.58715710690732,-58.41887045526991,71.8,19.4,ok
V0071,2026-05-01T19:39:02+00:00,-34.56757736965729,-58.416173734758075,35.8,20.7,ok
V0053,2026-05-01T19:39:13+00:00,-34.5910515839311,-58.366622106739314,80.9,23.6,ok
V0053,2026-05-01T19:39:27+00:00,-34.613237895799166,-58.38430729548331,40.4,20.7,ok
V0066,2026-05-01T19:39:36+00:00,-34.62587531253398,-58.35692066326886,61.4,16.8,ok
V0059,2026-05-01T19:39:48+00:00,-34.57155808457813,-58.384174594876384,63.7,14.6,ok
V0010,2026-05-01T19:40:07+00:00,-34.63808523979908,-58.35913041529,64.6,23.5,ok
V0069,2026-05-01T19:40:17+00:00,-34.61271181384958,-58.38363588430754,44.9,21.8,idle
V0013,2026-05-01T19:40:32+00:00,-34.589413722901845,-58.36902130922981,38.2,23.7,ok
V0013,2026-05-01T19:40:39+00:00,-34.62971347956314,-58.3847543997256,50.6,25.9,ok
V0041,2026-05-01T19:40:51+00:00,-34.60202734738197,-58.35012091316048,60.1,20.1,idle
V0005,2026-05-01T19:41:03+00:00,-34.629499535132865,-58.416999178952814,70.3,16.5,idle
V0060,2026-05-01T19:41:18+00:00,-34.58753497067057,-58.367222931235375,64.6,18.3,ok
V0003,2026-05-01T19:41:26+00:00,-34.63087678708467,-58.41653642244999,97.2,18.9,ok
V0027,2026-05-01T19:41:42+00:00,-34.590549226331966,-58.42062249129378,55.2,15.4,idle
V0056,2026-05-01T19:41:51+00:00,-34.63752557244441,-58.36095318330909,77.6,27.6,ok
V0034,2026-05-01T19:42:05+00:00,-34.62942389258217,-58.38613178749053,76.8,21.3,ok
V0036,2026-05-01T19:42:18+00:00,-34.611424911604075,-58.34064115608244,79.2,18.6,ok
V0011,2026-05-01T19:42:28+00:00,-34.63844089374464,-58.36029726674555,69.4,12.0,ok
V0041,2026-05-01T19:42:40+00:00,-34.626382355295085,-58.38636765726804,62.7,23.2,idle
V0047,2026-05-01T19:42:49+00:00,-34.5861799035023,-58.422825391002725,70.6,26.4,ok
V0069,2026-05-01T19:43:06+00:00,-34.60938887100664,-58.34078750198926,38.0,15.0,ok
V0045,2026-05-01T19:43:15+00:00,-34.62550729263204,-58.38650867431775,74.5,30.8,ok
V0060,2026-05-01T19:43:27+00:00,-34.57916958226068,-58.34176826978447,58.9,23.0,ok
V0064,2026-05-01T19:43:39+00:00,-34.57004634848716,-58.38557505629088,42.3,32.2,ok
V0069,2026-05-01T19:43:55+00:00,-34.61559361585691,-58.382653892205816,84.3,20.6,ok
V0027,2026-05-01T19:44:02+00:00,-34.60261749220701,-58.35279171196753,82.9,21.6,ok
V0048,2026-05-01T19:44:12+00:00,-34.56709295801912,-58.415790971941384,21.6,16.8,ok
V0008,2026-05-01T19:44:26+00:00,-34.613312020534764,-58.38540422596731,83.6,14.6,ok
V0077,2026-05-01T19:44:42+00:00,-34.63750054441904,-58.35733993679033,60.3,25.3,ok
V0010,2026-05-01T19:44:53+00:00,-34.62562127514226,-58.402632559607184,72.5,13.7,ok
V0013,2026-05-01T19:45:01+00:00,-34.59001656733259,-58.368642607866306,48.8,9.5,ok
V0011,2026-05-01T19:45:15+00:00,-34.627194261435605,-58.37038358721805,66.9,10.9,ok
V0053,2026-05-01T19:45:32+00:00,-34.579460639435524,-58.343207509329545,68.5,19.9,ok
V0008,2026-05-01T19:45:41+00:00,-34.62441112892339,-58.35931391967921,96.3,11.3,ok
V0002,2026-05-01T19:45:56+00:00,-34.59026256033154,-58.42284918165703,84.6,19.5,idle
V0065,2026-05-01T19:46:04+00:00,-34.63740546714927,-58.36397884950155,94.4,15.7,ok
V0027,2026-05-01T19:46:16+00:00,-34.571498049122845,-58.37528345933313,44.2,24.3,ok
V0010,2026-05-01T19:46:30+00:00,-34.56892113614123,-58.38248702913275,54.8,9.8,idle
V0046,2026-05-01T19:46:44+00:00,-34.630983415428176,-58.38598542199316,72.6,10.0,ok
V0066,2026-05-01T19:46:50+00:00,-34.62946892909361,-58.387034095454645,75.6,15.0,idle
V0051,2026-05-01T19:47:06+00:00,-34.5879403364198,-58.36693110198011,100.0,19.6,ok
V0006,2026-05-01T19:47:16+00:00,-34.614059679355115,-58.39171218162133,43.4,18.7,ok
V0012,2026-05-01T19:47:29+00:00,-34.57091662171853,-58.37753658401148,57.1,29.5,ok
V0024,2026-05-01T19:47:43+00:00,-34.578246732191865,-58.34153489042835,51.9,16.8,ok
V0079,2026-05-01T19:47:54+00:00,-34.57126681965521,-58.37799855041125,77.8,25.4,ok
V0071,2026-05-01T19:48:06+00:00,-34.57070230636109,-58.38312976394832,56.0,20.0,idle
V0024,2026-05-01T19:48:18+00:00,-34.5704373923292,-58.38418171642681,85.6,25.8,ok
V0026,2026-05-01T19:48:26+00:00,-34.634142857545605,-58.358645268491806,54.8,18.0,ok
V0070,2026-05-01T19:48:44+00:00,-34.63740366220758,-58.35621717173083,39.5,23.6,ok
V0048,2026-05-01T19:48:54+00:00,-34.60398025909282,-58.350861968088964,55.8,20.7,ok
V0057,2026-05-01T19:49:02+00:00,-34.630806749612034,-58.4158319275107,57.4,15.0,idle
V0066,2026-05-01T19:49:18+00:00,-34.629457068528104,-58.41772042110774,78.4,26.0,ok
V0045,2026-05-01T19:49:24+00:00,-34.623756131765376,-58.3579978490157,62.5,17.1,ok
V0029,2026-05-01T19:49:36+00:00,-34.61160325457725,-58.34247077342065,64.5,15.9,ok
V0016,2026-05-01T19:49:49+00:00,-34.61384481186137,-58.39305305383874,86.7,24.0,ok
V0049,2026-05-01T19:50:00+00:00,-34.573115312655105,-58.37435754238051,74.2,23.4,ok
V0048,2026-05-01T19:50:18+00:00,-34.635708529816625,-58.36382044516338,42.2,34.4,ok
V0055,2026-05-01T19:50:32+00:00,-34.64168212689626,-58.38568212623889,42.1,17.0,ok
V0003,2026-05-01T19:50:39+00:00,-34.57189049757275,-58.375878902705324,88.8,25.6,ok
V0024,2026-05-01T19:50:54+00:00,-34.58821151166934,-58.422624490708614,86.3,20.0,ok
V0052,2026-05-01T19:51:04+00:00,-34.596757447588395,-58.40767457271369,36.2,31.1,idle
V0012,2026-05-01T19:51:18+00:00,-34.60426047116792,-58.36026676553072,69.8,19.5,idle
V0012,2026-05-01T19:51:25+00:00,-34.57388816149038,-58.40776462877631,43.4,22.6,ok
V0024,2026-05-01T19:51:42+00:00,-34.634352404879074,-58.359076801295785,43.3,21.0,ok
V0068,2026-05-01T19:51:50+00:00,-34.626628634755384,-58.36948755732585,41.2,24.1,ok
V0052,2026-05-01T19:52:08+00:00,-34.638147737194075,-58.37527312389959,63.1,26.6,ok
V0036,2026-05-01T19:52:17+00:00,-34.62542114216794,-58.40566769844515,47.8,30.6,ok
V0042,2026-05-01T19:52:30+00:00,-34.638820457587876,-58.363186170806394,41.9,18.8,ok
V0011,2026-05-01T19:52:42+00:00,-34.636800470390334,-58.36146858791228,68.6,24.3,ok
V0060,2026-05-01T19:52:56+00:00,-34.63097303416958,-58.41514987785429,76.7,27.2,ok
V0014,2026-05-01T19:53:07+00:00,-34.588520953934626,-58.42044606485356,72.4,14.2,idle
V0045,2026-05-01T19:53:17+00:00,-34.63770631644852,-58.36150054833614,55.5,17.2,ok
V0069,2026-05-01T19:53:24+00:00,-34.58873907054361,-58.36946089506529,58.5,25.5,ok
V0015,2026-05-01T19:53:40+00:00,-34.632726211654415,-58.38437298692245,21.4,6.1,ok
V0007,2026-05-01T19:53:54+00:00,-34.62525936946004,-58.40192779785471,67.7,16.2,ok
V0056,2026-05-01T19:54:05+00:00,-34.589057850620854,-58.4218277959357,53.3,14.2,ok
V0019,2026-05-01T19:54:17+00:00,-34.612731594993846,-58.39233695059433,70.2,23.3,ok
V0012,2026-05-01T19:54:30+00:00,-34.58799606173194,-58.419421839477,78.7,17.9,ok
V0069,2026-05-01T19:54:36+00:00,-34.56544253523457,-58.41640261187046,46.2,14.5,ok
V0066,2026-05-01T19:54:54+00:00,-34.574754764368926,-58.408949577795376,57.6,16.3,idle
V0072,2026-05-01T19:55:05+00:00,-34.62963439293239,-58.38707237083918,62.8,18.2,ok
V0023,2026-05-01T19:55:13+00:00,-34.60457021561698,-58.358359231944874,30.8,23.7,ok
V0078,2026-05-01T19:55:29+00:00,-34.63485836019942,-58.35692633699581,60.9,21.3,ok
V0063,2026-05-01T19:55:44+00:00,-34.576598351703865,-58.34190658976383,72.2,16.8,idle
V0037,2026-05-01T19:55:54+00:00,-34.623110113175386,-58.359805522084386,59.3,19.9,ok
V0057,2026-05-01T19:56:08+00:00,-34.62541571205251,-58.386128264994525,68.6,12.9,ok
V0013,2026-05-01T19:56:13+00:00,-34.58885056274138,-58.422893436630524,73.8,12.2,idle
V0043,2026-05-01T19:56:32+00:00,-34.56755109371497,-58.414984497881406,83.1,26.2,idle
V0033,2026-05-01T19:56:39+00:00,-34.60460197734439,-58.36087658375343,74.0,20.1,ok
V0061,2026-05-01T19:56:55+00:00,-34.62529732997553,-58.40277552663297,53.3,22.7,ok
V0052,2026-05-01T19:57:02+00:00,-34.628359711237636,-58.41530335347878,30.4,28.9,ok
V0018,2026-05-01T19:57:14+00:00,-34.637353025379525,-58.37735509051657,60.4,24.8,ok
V0078,2026-05-01T19:57:29+00:00,-34.570844269902054,-58.37661221799781,82.5,21.5,idle
V0049,2026-05-01T19:57:38+00:00,-34.570612762783306,-58.38339547063249,57.5,29.5,ok
V0001,2026-05-01T19:57:52+00:00,-34.572335651888665,-58.375587407233056,85.8,22.4,ok
V0065,2026-05-01T19:58:05+00:00,-34.59877215260899,-58.40776043283358,62.8,20.6,idle
V0078,2026-05-01T19:58:15+00:00,-34.63204850959461,-58.38527210178711,88.6,21.2,ok
V0025,2026-05-01T19:58:30+00:00,-34.56475966402422,-58.417057470471676,82.4,19.4,ok
V0076,2026-05-01T19:58:44+00:00,-34.57913402647762,-58.343164102976225,72.7,10.1,ok
V0064,2026-05-01T19:58:56+00:00,-34.565301617446615,-58.4165831085609,73.1,29.2,idle
V0040,2026-05-01T19:59:07+00:00,-34.58850775733581,-58.36907834850772,86.6,17.6,ok
V0030,2026-05-01T19:59:14+00:00,-34.625678027106076,-58.38803034055823,67.8,9.7,ok
V0034,2026-05-01T19:59:24+00:00,-34.569839890049494,-58.383251884275175,45.2,26.1,ok
V0041,2026-05-01T19:59:37+00:00,-34.628118551304524,-58.403007355813514,61.4,20.6,ok
V0010,2026-05-01T19:59:51+00:00,-34.58773276299381,-58.36733075404934,77.5,27.1,ok
