venta_id,ts,sku,categoria,rider_id,ciudad,monto_ars,canal
S000000,2026-03-17T10:00:00+00:00,SKU021,accesorio,R0030,Cordoba,1890,app
S000001,2026-05-24T21:00:00+00:00,SKU030,accesorio,R0022,Buenos Aires,3490,app
S000002,2026-06-04T14:00:00+00:00,SKU031,seguro,R0007,Buenos Aires,9990,web
S000003,2026-03-04T03:00:00+00:00,SKU018,recarga,R0018,Buenos Aires,3490,app
S000004,2026-01-27T20:00:00+00:00,SKU009,pase,R0052,Cordoba,9790,estacion
S000005,2026-03-01T01:00:00+00:00,SKU013,recarga,R0074,Buenos Aires,3490,app
S000006,2026-03-30T15:00:00+00:00,SKU025,accesorio,R0057,Cordoba,9790,web
S000007,2026-05-19T03:00:00+00:00,SKU031,seguro,R0012,Cordoba,1890,app
S000008,2026-04-26T07:00:00+00:00,SKU011,recarga,R0003,Buenos Aires,3490,web
S000009,2026-03-09T01:00:00+00:00,SKU014,recarga,R0018,Buenos Aires,9990,app
S000010,2026-04-17T16:00:00+00:00,SKU033,seguro,R0075,Cordoba,1890,estacion
S000011,2026-06-07T12:00:00+00:00,SKU019,recarga,R0114,Buenos Aires,3490,web
S000012,2026-02-22T11:00:00+00:00,SKU020,recarga,R0084,Buenos Aires,1990,app
S000013,2026-03-06T02:00:00+00:00,SKU026,accesorio,R0042,Buenos Aires,9990,web
S000014,2026-02-16T02:00:00+00:00,SKU037,seguro,R0059,Buenos Aires,14990,estacion
S000015,2026-02-20T04:00:00+00:00,SKU028,accesorio,R0095,Cordoba,9790,estacion
S000016,2026-05-29T03:00:00+00:00,SKU018,recarga,R0096,Buenos Aires,3490,web
S000017,2026-02-04T05:00:00+00:00,SKU035,seguro,R0100,Buenos Aires,1990,app
S000018,2026-04-29T12:00:00+00:00,SKU029,accesorio,R0041,Buenos Aires,9990,estacion
S000019,2026-02-12T15:00:00+00:00,SKU029,accesorio,R0100,Cordoba,1890,app
S000020,2026-06-07T15:00:00+00:00,SKU039,seguro,R0015,Cordoba,5790,estacion
S000021,2026-05-11T22:00:00+00:00,SKU006,pase,R0061,Buenos Aires,9990,web
S000022,2026-03-14T04:00:00+00:00,SKU026,accesorio,R0057,Cordoba,3290,app
S000023,2026-05-28T02:00:00+00:00,SKU001,pase,R0098,Buenos Aires,14990,app
S000024,2026-02-17T13:00:00+00:00,SKU029,accesorio,R0008,Buenos Aires,9990,app
S000025,2026-03-07T14:00:00+00:00,SKU040,seguro,R0049,Buenos Aires,5990,web
S000026,2026-02-15T23:00:00+00:00,SKU040,seguro,R0071,Buenos Aires,5990,web
S000027,2026-01-27T01:00:00+00:00,SKU024,accesorio,R0095,Buenos Aires,1990,web
S000028,2026-01-29T13:00:00+00:00,SKU037,seguro,R0005,Buenos Aires,14990,estacion
S000029,2026-01-26T02:00:00+00:00,SKU013,recarga,R0019,Buenos Aires,3490,web
S000030,2026-02-12T08:00:00+00:00,SKU008,pase,R0004,Cordoba,9790,app
S000031,2026-03-10T02:00:00+00:00,SKU028,accesorio,R0064,Cordoba,9790,web
S000032,2026-01-22T22:00:00+00:00,SKU005,pase,R0099,Buenos Aires,5990,web
S000033,2026-04-04T01:00:00+00:00,SKU011,recarga,R0054,Buenos Aires,3490,estacion
S000034,2026-05-15T12:00:00+00:00,SKU039,seguro,R0105,Cordoba,5790,app
S000035,2026-06-12T14:00:00+00:00,SKU037,seguro,R0079,Buenos Aires,14990,estacion
S000036,2026-02-17T15:00:00+00:00,SKU006,pase,R0063,Cordoba,9790,web
S000037,2026-05-10T14:00:00+00:00,SKU017,recarga,R0088,Cordoba,1890,app
S000038,2026-06-13T03:00:00+00:00,SKU017,recarga,R0039,Buenos Aires,5990,web
S000039,2026-02-10T08:00:00+00:00,SKU019,recarga,R0058,Cordoba,5790,app
S000040,2026-04-29T06:00:00+00:00,SKU004,pase,R0059,Buenos Aires,9990,app
S000041,2026-01-25T10:00:00+00:00,SKU002,pase,R0070,Cordoba,3290,web
S000042,2026-05-02T22:00:00+00:00,SKU015,recarga,R0073,Buenos Aires,9990,estacion
S000043,2026-03-17T06:00:00+00:00,SKU004,pase,R0035,Cordoba,1890,app
S000044,2026-05-28T11:00:00+00:00,SKU039,seguro,R0053,Buenos Aires,14990,app
S000045,2026-03-13T21:00:00+00:00,SKU035,seguro,R0089,Buenos Aires,1990,app
S000046,2026-04-12T00:00:00+00:00,SKU015,recarga,R0005,Cordoba,3290,web
S000047,2026-05-11T03:00:00+00:00,SKU009,pase,R0030,Buenos Aires,5990,web
S000048,2026-05-13T12:00:00+00:00,SKU040,seguro,R0029,Buenos Aires,5990,web
S000049,2026-04-26T04:00:00+00:00,SKU036,seguro,R0020,Cordoba,3290,app
S000050,2026-05-21T18:00:00+00:00,SKU021,accesorio,R0100,Cordoba,1890,app
S000051,2026-01-21T08:00:00+00:00,SKU010,pase,R0011,Buenos Aires,9990,estacion
S000052,2026-01-27T15:00:00+00:00,SKU013,recarga,R0053,Cordoba,5790,web
S000053,2026-03-11T05:00:00+00:00,SKU005,pase,R0100,Buenos Aires,5990,estacion
S000054,2026-02-20T19:00:00+00:00,SKU008,pase,R0063,Buenos Aires,1990,app
S000055,2026-04-22T20:00:00+00:00,SKU022,accesorio,R0111,Cordoba,3290,app
S000056,2026-01-31T05:00:00+00:00,SKU010,pase,R0116,Buenos Aires,9990,app
S000057,2026-03-16T18:00:00+00:00,SKU025,accesorio,R0045,Buenos Aires,1990,app
S000058,2026-04-18T23:00:00+00:00,SKU034,seguro,R0119,Buenos Aires,1990,app
S000059,2026-03-23T13:00:00+00:00,SKU029,accesorio,R0106,Cordoba,1890,app
S000060,2026-04-11T16:00:00+00:00,SKU035,seguro,R0080,Buenos Aires,1990,estacion
S000061,2026-01-25T08:00:00+00:00,SKU002,pase,R0019,Cordoba,3290,app
S000062,2026-03-04T11:00:00+00:00,SKU011,recarga,R0067,Cordoba,9790,app
S000063,2026-03-20T01:00:00+00:00,SKU015,recarga,R0059,Cordoba,3290,estacion
S000064,2026-02-22T21:00:00+00:00,SKU001,pase,R0004,Buenos Aires,14990,app
S000065,2026-03-06T11:00:00+00:00,SKU003,pase,R0118,Buenos Aires,3490,estacion
S000066,2026-02-02T01:00:00+00:00,SKU018,recarga,R0115,Buenos Aires,3490,web
S000067,2026-02-09T21:00:00+00:00,SKU002,pase,R0051,Buenos Aires,9990,app
S000068,2026-04-14T19:00:00+00:00,SKU036,seguro,R0033,Buenos Aires,9990,app
S000069,2026-04-02T11:00:00+00:00,SKU006,pase,R0117,Cordoba,9790,app
S000070,2026-05-01T18:00:00+00:00,SKU006,pase,R0043,Cordoba,9790,app
S000071,2026-02-24T14:00:00+00:00,SKU029,accesorio,R0117,Buenos Aires,9990,app
S000072,2026-05-03T03:00:00+00:00,SKU003,pase,R0012,Buenos Aires,3490,app
S000073,2026-03-03T18:00:00+00:00,SKU037,seguro,R0071,Cordoba,5790,estacion
S000074,2026-04-30T05:00:00+00:00,SKU002,pase,R0117,Cordoba,3290,app
S000075,2026-01-31T04:00:00+00:00,SKU020,recarga,R0000,Buenos Aires,1990,web
S000076,2026-02-18T22:00:00+00:00,SKU029,accesorio,R0083,Cordoba,1890,app
S000077,2026-04-11T00:00:00+00:00,SKU009,pase,R0021,Buenos Aires,5990,web
S000078,2026-01-26T17:00:00+00:00,SKU012,recarga,R0069,Buenos Aires,1990,web
S000079,2026-04-19T11:00:00+00:00,SKU039,seguro,R0026,Buenos Aires,14990,app
S000080,2026-05-02T12:00:00+00:00,SKU018,recarga,R0059,Cordoba,3290,app
S000081,2026-01-30T08:00:00+00:00,SKU030,accesorio,R0115,Buenos Aires,3490,app
S000082,2026-03-16T11:00:00+00:00,SKU006,pase,R0005,Buenos Aires,9990,web
S000083,2026-04-10T22:00:00+00:00,SKU024,accesorio,R0089,Buenos Aires,1990,web
S000084,2026-02-26T07:00:00+00:00,SKU014,recarga,R0110,Cordoba,3290,web
S000085,2026-05-09T03:00:00+00:00,SKU012,recarga,R0114,Cordoba,1890,app
S000086,2026-03-10T23:00:00+00:00,SKU001,pase,R0053,Cordoba,9790,app
S000087,2026-04-14T14:00:00+00:00,SKU011,recarga,R0083,Cordoba,9790,app
S000088,2026-05-14T18:00:00+00:00,SKU002,pase,R0117,Buenos Aires,9990,web
S000089,2026-05-10T19:00:00+00:00,SKU002,pase,R0058,Buenos Aires,9990,app
S000090,2026-03-20T02:00:00+00:00,SKU021,accesorio,R0058,Cordoba,1890,app
S000091,2026-05-17T08:00:00+00:00,SKU031,seguro,R0086,Cordoba,1890,app
S000092,2026-05-03T00:00:00+00:00,SKU011,recarga,R0028,Cordoba,9790,web
S000093,2026-04-04T08:00:00+00:00,SKU009,pase,R0111,Buenos Aires,5990,app
S000094,2026-01-16T05:00:00+00:00,SKU037,seguro,R0053,Cordoba,5790,app
S000095,2026-01-28T15:00:00+00:00,SKU006,pase,R0054,Buenos Aires,9990,estacion
S000096,2026-05-20T15:00:00+00:00,SKU029,accesorio,R0099,Cordoba,1890,app
S000097,2026-02-19T13:00:00+00:00,SKU005,pase,R0119,Cordoba,5790,app
S000098,2026-01-23T23:00:00+00:00,SKU018,recarga,R0064,Buenos Aires,3490,web
S000099,2026-01-20T06:00:00+00:00,SKU036,seguro,R0086,Cordoba,3290,web
S000100,2026-02-27T06:00:00+00:00,SKU012,recarga,R0090,Buenos Aires,1990,app
S000101,2026-01-22T02:00:00+00:00,SKU002,pase,R0064,Buenos Aires,9990,app
S000102,2026-05-21T16:00:00+00:00,SKU023,accesorio,R0069,Cordoba,5790,estacion
S000103,2026-02-16T22:00:00+00:00,SKU006,pase,R0024,Buenos Aires,9990,app
S000104,2026-01-17T08:00:00+00:00,SKU037,seguro,R0030,Buenos Aires,14990,app
S000105,2026-02-09T04:00:00+00:00,SKU004,pase,R0084,Buenos Aires,9990,app
S000106,2026-03-30T14:00:00+00:00,SKU016,recarga,R0032,Buenos Aires,5990,app
S000107,2026-02-25T17:00:00+00:00,SKU018,recarga,R0034,Buenos Aires,3490,app
S000108,2026-06-07T04:00:00+00:00,SKU003,pase,R0007,Cordoba,1890,app
S000109,2026-02-13T05:00:00+00:00,SKU028,accesorio,R0035,Buenos Aires,5990,app
S000110,2026-03-29T16:00:00+00:00,SKU034,seguro,R0057,Buenos Aires,1990,web
S000111,2026-06-10T14:00:00+00:00,SKU012,recarga,R0101,Buenos Aires,1990,app
S000112,2026-06-09T13:00:00+00:00,SKU036,seguro,R0027,Buenos Aires,9990,estacion
S000113,2026-04-15T00:00:00+00:00,SKU015,recarga,R0093,Buenos Aires,9990,estacion
S000114,2026-04-13T13:00:00+00:00,SKU016,recarga,R0000,Cordoba,1890,web
S000115,2026-03-07T15:00:00+00:00,SKU005,pase,R0055,Cordoba,5790,estacion
S000116,2026-04-16T04:00:00+00:00,SKU024,accesorio,R0043,Cordoba,5790,web
S000117,2026-04-24T10:00:00+00:00,SKU017,recarga,R0093,Buenos Aires,5990,estacion
S000118,2026-05-09T04:00:00+00:00,SKU010,pase,R0083,Cordoba,1890,app
S000119,2026-05-15T04:00:00+00:00,SKU019,recarga,R0035,Cordoba,5790,app
S000120,2026-03-01T13:00:00+00:00,SKU009,pase,R0025,Buenos Aires,5990,estacion
S000121,2026-01-27T21:00:00+00:00,SKU019,recarga,R0052,Buenos Aires,3490,app
S000122,2026-04-30T12:00:00+00:00,SKU023,accesorio,R0007,Cordoba,5790,app
S000123,2026-01-20T20:00:00+00:00,SKU010,pase,R0033,Cordoba,1890,app
S000124,2026-05-15T11:00:00+00:00,SKU015,recarga,R0096,Cordoba,3290,estacion
S000125,2026-01-29T04:00:00+00:00,SKU011,recarga,R0087,Buenos Aires,3490,web
S000126,2026-04-26T08:00:00+00:00,SKU015,recarga,R0035,Buenos Aires,9990,app
S000127,2026-03-26T14:00:00+00:00,SKU009,pase,R0042,Buenos Aires,5990,web
S000128,2026-01-24T04:00:00+00:00,SKU011,recarga,R0047,Cordoba,9790,app
S000129,2026-05-05T23:00:00+00:00,SKU011,recarga,R0002,Buenos Aires,3490,web
S000130,2026-02-15T10:00:00+00:00,SKU031,seguro,R0050,Cordoba,1890,app
S000131,2026-05-20T00:00:00+00:00,SKU016,recarga,R0101,Buenos Aires,5990,web
S000132,2026-06-01T08:00:00+00:00,SKU018,recarga,R0063,Cordoba,3290,app
S000133,2026-05-01T19:00:00+00:00,SKU023,accesorio,R0053,Buenos Aires,14990,app
S000134,2026-05-14T12:00:00+00:00,SKU015,recarga,R0016,Buenos Aires,9990,app
S000135,2026-03-03T02:00:00+00:00,SKU027,accesorio,R0046,Cordoba,3290,web
S000136,2026-05-25T09:00:00+00:00,SKU015,recarga,R0012,Cordoba,3290,estacion
S000137,2026-03-22T11:00:00+00:00,SKU022,accesorio,R0013,Buenos Aires,1990,web
S000138,2026-05-25T23:00:00+00:00,SKU032,seguro,R0042,Cordoba,9790,estacion
S000139,2026-02-14T12:00:00+00:00,SKU040,seguro,R0043,Buenos Aires,5990,web
S000140,2026-01-26T04:00:00+00:00,SKU022,accesorio,R0024,Buenos Aires,1990,app
S000141,2026-05-27T19:00:00+00:00,SKU028,accesorio,R0061,Buenos Aires,5990,app
S000142,2026-02-23T01:00:00+00:00,SKU036,seguro,R0049,Cordoba,3290,app
S000143,2026-04-21T08:00:00+00:00,SKU021,accesorio,R0000,Buenos Aires,9990,app
S000144,2026-02-19T11:00:00+00:00,SKU040,seguro,R0084,Buenos Aires,5990,web
S000145,2026-05-25T00:00:00+00:00,SKU028,accesorio,R0084,Cordoba,9790,web
S000146,2026-05-14T09:00:00+00:00,SKU028,accesorio,R0107,Cordoba,9790,app
S000147,2026-04-03T12:00:00+00:00,SKU029,accesorio,R0099,Cordoba,1890,app
S000148,2026-01-19T12:00:00+00:00,SKU039,seguro,R0102,Buenos Aires,14990,app
S000149,2026-02-02T03:00:00+00:00,SKU032,seguro,R0103,Cordoba,9790,estacion
S000150,2026-06-10T22:00:00+00:00,SKU028,accesorio,R0074,Buenos Aires,5990,app
S000151,2026-04-22T09:00:00+00:00,SKU035,seguro,R0029,Cordoba,9790,estacion
S000152,2026-02-20T14:00:00+00:00,SKU015,recarga,R0075,Buenos Aires,9990,app
S000153,2026-04-30T02:00:00+00:00,SKU029,accesorio,R0024,Buenos Aires,9990,web
S000154,2026-03-03T18:00:00+00:00,SKU034,seguro,R0053,Buenos Aires,1990,web
S000155,2026-05-25T05:00:00+00:00,SKU030,accesorio,R0007,Cordoba,3290,estacion
S000156,2026-02-06T12:00:00+00:00,SKU018,recarga,R0018,Buenos Aires,3490,web
S000157,2026-04-25T23:00:00+00:00,SKU006,pase,R0052,Cordoba,9790,app
S000158,2026-03-04T11:00:00+00:00,SKU021,accesorio,R0092,Buenos Aires,9990,app
S000159,2026-01-31T23:00:00+00:00,SKU010,pase,R0111,Buenos Aires,9990,app
S000160,2026-04-26T11:00:00+00:00,SKU020,recarga,R0046,Buenos Aires,1990,app
S000161,2026-06-01T23:00:00+00:00,SKU021,accesorio,R0043,Cordoba,1890,app
S000162,2026-04-06T03:00:00+00:00,SKU020,recarga,R0061,Buenos Aires,1990,app
S000163,2026-03-27T03:00:00+00:00,SKU024,accesorio,R0025,Cordoba,5790,app
S000164,2026-04-26T03:00:00+00:00,SKU015,recarga,R0064,Cordoba,3290,estacion
S000165,2026-06-09T14:00:00+00:00,SKU010,pase,R0096,Cordoba,1890,estacion
S000166,2026-06-06T21:00:00+00:00,SKU021,accesorio,R0019,Cordoba,1890,app
S000167,2026-05-20T01:00:00+00:00,SKU023,accesorio,R0113,Buenos Aires,14990,estacion
S000168,2026-05-24T09:00:00+00:00,SKU015,recarga,R0025,Buenos Aires,9990,estacion
S000169,2026-05-16T04:00:00+00:00,SKU033,seguro,R0118,Buenos Aires,5990,web
S000170,2026-05-07T04:00:00+00:00,SKU019,recarga,R0097,Buenos Aires,3490,estacion
S000171,2026-04-10T00:00:00+00:00,SKU022,accesorio,R0017,Cordoba,3290,estacion
S000172,2026-03-05T03:00:00+00:00,SKU037,seguro,R0012,Buenos Aires,14990,app
S000173,2026-04-28T04:00:00+00:00,SKU001,pase,R0107,Cordoba,9790,app
S000174,2026-01-16T22:00:00+00:00,SKU025,accesorio,R0005,Cordoba,9790,estacion
S000175,2026-06-03T22:00:00+00:00,SKU026,accesorio,R0051,Buenos Aires,9990,app
S000176,2026-03-29T00:00:00+00:00,SKU017,recarga,R0095,Cordoba,1890,web
S000177,2026-01-19T18:00:00+00:00,SKU034,seguro,R0117,Buenos Aires,1990,app
S000178,2026-05-07T00:00:00+00:00,SKU034,seguro,R0101,Cordoba,5790,web
S000179,2026-02-20T11:00:00+00:00,SKU021,accesorio,R0049,Buenos Aires,9990,estacion
S000180,2026-03-26T14:00:00+00:00,SKU017,recarga,R0062,Cordoba,1890,app
S000181,2026-03-02T12:00:00+00:00,SKU015,recarga,R0060,Buenos Aires,9990,app
S000182,2026-05-11T01:00:00+00:00,SKU030,accesorio,R0105,Buenos Aires,3490,web
S000183,2026-03-13T07:00:00+00:00,SKU027,accesorio,R0007,Buenos Aires,9990,web
S000184,2026-03-15T05:00:00+00:00,SKU022,accesorio,R0024,Cordoba,3290,app
S000185,2026-03-18T03:00:00+00:00,SKU019,recarga,R0009,Buenos Aires,3490,estacion
S000186,2026-05-17T22:00:00+00:00,SKU021,accesorio,R0002,Buenos Aires,9990,app
S000187,2026-06-01T00:00:00+00:00,SKU015,recarga,R0070,Buenos Aires,9990,estacion
S000188,2026-02-06T15:00:00+00:00,SKU017,recarga,R0094,Cordoba,1890,app
S000189,2026-04-16T01:00:00+00:00,SKU032,seguro,R0063,Cordoba,9790,web
S000190,2026-03-10T23:00:00+00:00,SKU029,accesorio,R0110,Cordoba,1890,web
S000191,2026-04-13T02:00:00+00:00,SKU008,pase,R0022,Buenos Aires,1990,app
S000192,2026-06-06T05:00:00+00:00,SKU036,seguro,R0067,Cordoba,3290,app
S000193,2026-02-05T13:00:00+00:00,SKU010,pase,R0067,Buenos Aires,9990,app
S000194,2026-06-12T18:00:00+00:00,SKU011,recarga,R0058,Buenos Aires,3490,web
S000195,2026-03-10T12:00:00+00:00,SKU038,seguro,R0106,Buenos Aires,1990,app
S000196,2026-06-05T14:00:00+00:00,SKU019,recarga,R0098,Cordoba,5790,estacion
S000197,2026-03-06T22:00:00+00:00,SKU023,accesorio,R0001,Cordoba,5790,app
S000198,2026-04-20T22:00:00+00:00,SKU002,pase,R0080,Buenos Aires,9990,app
S000199,2026-06-02T08:00:00+00:00,SKU003,pase,R0069,Cordoba,1890,app
S000200,2026-04-15T13:00:00+00:00,SKU025,accesorio,R0099,Cordoba,9790,app
S000201,2026-03-05T05:00:00+00:00,SKU024,accesorio,R0093,Cordoba,5790,app
S000202,2026-02-14T01:00:00+00:00,SKU027,accesorio,R0112,Cordoba,3290,app
S000203,2026-02-07T05:00:00+00:00,SKU027,accesorio,R0021,Cordoba,3290,app
S000204,2026-02-14T18:00:00+00:00,SKU037,seguro,R0066,Cordoba,5790,app
S000205,2026-02-18T08:00:00+00:00,SKU017,recarga,R0070,Cordoba,1890,app
S000206,2026-01-20T07:00:00+00:00,SKU003,pase,R0076,Buenos Aires,3490,app
S000207,2026-04-02T02:00:00+00:00,SKU008,pase,R0072,Buenos Aires,1990,app
S000208,2026-06-01T16:00:00+00:00,SKU008,pase,R0115,Buenos Aires,1990,app
S000209,2026-05-16T20:00:00+00:00,SKU003,pase,R0014,Cordoba,1890,app
S000210,2026-05-11T12:00:00+00:00,SKU027,accesorio,R0089,Buenos Aires,9990,estacion
S000211,2026-02-10T23:00:00+00:00,SKU035,seguro,R0031,Cordoba,9790,estacion
S000212,2026-03-22T15:00:00+00:00,SKU027,accesorio,R0055,Buenos Aires,9990,app
S000213,2026-04-26T00:00:00+00:00,SKU037,seguro,R0039,Buenos Aires,14990,app
S000214,2026-04-10T19:00:00+00:00,SKU037,seguro,R0046,Buenos Aires,14990,estacion
S000215,2026-01-27T22:00:00+00:00,SKU031,seguro,R0117,Cordoba,1890,web
S000216,2026-04-14T01:00:00+00:00,SKU035,seguro,R0081,Buenos Aires,1990,app
S000217,2026-03-16T05:00:00+00:00,SKU037,seguro,R0071,Cordoba,5790,estacion
S000218,2026-03-02T06:00:00+00:00,SKU024,accesorio,R0019,Cordoba,5790,web
S000219,2026-05-14T00:00:00+00:00,SKU005,pase,R0071,Cordoba,5790,app
S000220,2026-04-27T15:00:00+00:00,SKU001,pase,R0001,Buenos Aires,14990,web
S000221,2026-02-24T13:00:00+00:00,SKU026,accesorio,R0092,Cordoba,3290,app
S000222,2026-02-05T22:00:00+00:00,SKU002,pase,R0061,Cordoba,3290,app
S000223,2026-01-25T22:00:00+00:00,SKU022,accesorio,R0051,Cordoba,3290,web
S000224,2026-03-17T04:00:00+00:00,SKU010,pase,R0054,Cordoba,1890,app
S000225,2026-03-07T12:00:00+00:00,SKU028,accesorio,R0092,Cordoba,9790,app
S000226,2026-05-06T23:00:00+00:00,SKU020,recarga,R0017,Cordoba,5790,app
S000227,2026-06-02T05:00:00+00:00,SKU018,recarga,R0103,Cordoba,3290,estacion
S000228,2026-05-22T14:00:00+00:00,SKU031,seguro,R0101,Buenos Aires,9990,estacion
S000229,2026-03-02T03:00:00+00:00,SKU034,seguro,R0078,Cordoba,5790,app
S000230,2026-03-01T19:00:00+00:00,SKU006,pase,R0110,Buenos Aires,9990,app
S000231,2026-05-08T23:00:00+00:00,SKU016,recarga,R0020,Cordoba,1890,web
S000232,2026-01-27T11:00:00+00:00,SKU029,accesorio,R0109,Cordoba,1890,app
S000233,2026-05-03T03:00:00+00:00,SKU028,accesorio,R0040,Cordoba,9790,web
S000234,2026-02-18T09:00:00+00:00,SKU037,seguro,R0053,Cordoba,5790,app
S000235,2026-05-26T18:00:00+00:00,SKU026,accesorio,R0091,Buenos Aires,9990,estacion
S000236,2026-03-11T12:00:00+00:00,SKU027,accesorio,R0048,Buenos Aires,9990,app
S000237,2026-04-17T08:00:00+00:00,SKU023,accesorio,R0082,Cordoba,5790,web
S000238,2026-04-23T15:00:00+00:00,SKU006,pase,R0070,Cordoba,9790,web
S000239,2026-01-29T10:00:00+00:00,SKU039,seguro,R0057,Buenos Aires,14990,web
S000240,2026-03-04T07:00:00+00:00,SKU027,accesorio,R0108,Cordoba,3290,app
S000241,2026-03-01T14:00:00+00:00,SKU002,pase,R0099,Cordoba,3290,estacion
S000242,2026-03-22T05:00:00+00:00,SKU032,seguro,R0088,Buenos Aires,5990,web
S000243,2026-06-01T17:00:00+00:00,SKU018,recarga,R0023,Cordoba,3290,app
S000244,2026-02-06T09:00:00+00:00,SKU031,seguro,R0119,Cordoba,1890,app
S000245,2026-01-24T20:00:00+00:00,SKU005,pase,R0020,Buenos Aires,5990,web
S000246,2026-02-15T02:00:00+00:00,SKU013,recarga,R0058,Cordoba,5790,web
S000247,2026-03-08T03:00:00+00:00,SKU036,seguro,R0071,Buenos Aires,9990,app
S000248,2026-03-15T04:00:00+00:00,SKU029,accesorio,R0031,Buenos Aires,9990,app
S000249,2026-04-17T13:00:00+00:00,SKU021,accesorio,R0112,Buenos Aires,9990,app
S000250,2026-03-08T05:00:00+00:00,SKU003,pase,R0016,Buenos Aires,3490,app
S000251,2026-01-27T00:00:00+00:00,SKU017,recarga,R0119,Cordoba,1890,estacion
S000252,2026-01-31T13:00:00+00:00,SKU025,accesorio,R0055,Buenos Aires,1990,app
S000253,2026-05-01T01:00:00+00:00,SKU023,accesorio,R0025,Cordoba,5790,app
S000254,2026-06-09T01:00:00+00:00,SKU011,recarga,R0046,Buenos Aires,3490,estacion
S000255,2026-06-02T23:00:00+00:00,SKU024,accesorio,R0044,Cordoba,5790,app
S000256,2026-03-10T03:00:00+00:00,SKU010,pase,R0088,Buenos Aires,9990,app
S000257,2026-03-17T16:00:00+00:00,SKU004,pase,R0107,Cordoba,1890,estacion
S000258,2026-05-21T10:00:00+00:00,SKU015,recarga,R0115,Cordoba,3290,app
S000259,2026-02-21T10:00:00+00:00,SKU022,accesorio,R0060,Buenos Aires,1990,estacion
S000260,2026-02-09T20:00:00+00:00,SKU018,recarga,R0045,Buenos Aires,3490,web
S000261,2026-04-29T13:00:00+00:00,SKU002,pase,R0077,Cordoba,3290,app
S000262,2026-02-20T10:00:00+00:00,SKU038,seguro,R0056,Cordoba,3290,web
S000263,2026-02-20T22:00:00+00:00,SKU027,accesorio,R0090,Buenos Aires,9990,web
S000264,2026-05-29T15:00:00+00:00,SKU040,seguro,R0058,Cordoba,5790,estacion
S000265,2026-04-25T09:00:00+00:00,SKU015,recarga,R0052,Buenos Aires,9990,app
S000266,2026-06-12T04:00:00+00:00,SKU021,accesorio,R0028,Cordoba,1890,estacion
S000267,2026-05-11T19:00:00+00:00,SKU021,accesorio,R0100,Buenos Aires,9990,app
S000268,2026-05-07T07:00:00+00:00,SKU009,pase,R0112,Buenos Aires,5990,app
S000269,2026-03-13T18:00:00+00:00,SKU010,pase,R0036,Cordoba,1890,estacion
S000270,2026-04-28T06:00:00+00:00,SKU010,pase,R0060,Buenos Aires,9990,app
S000271,2026-01-16T01:00:00+00:00,SKU036,seguro,R0108,Cordoba,3290,web
S000272,2026-04-10T10:00:00+00:00,SKU021,accesorio,R0006,Buenos Aires,9990,estacion
S000273,2026-02-21T19:00:00+00:00,SKU003,pase,R0117,Cordoba,1890,app
S000274,2026-02-25T23:00:00+00:00,SKU001,pase,R0019,Buenos Aires,14990,app
S000275,2026-03-12T01:00:00+00:00,SKU005,pase,R0022,Cordoba,5790,estacion
S000276,2026-04-05T13:00:00+00:00,SKU005,pase,R0018,Cordoba,5790,estacion
S000277,2026-05-24T12:00:00+00:00,SKU039,seguro,R0027,Buenos Aires,14990,estacion
S000278,2026-04-05T13:00:00+00:00,SKU016,recarga,R0032,Cordoba,1890,app
S000279,2026-06-09T18:00:00+00:00,SKU037,seguro,R0039,Buenos Aires,14990,web
S000280,2026-01-25T06:00:00+00:00,SKU008,pase,R0050,Cordoba,9790,app
S000281,2026-06-11T09:00:00+00:00,SKU020,recarga,R0086,Cordoba,5790,app
S000282,2026-01-19T10:00:00+00:00,SKU039,seguro,R0078,Buenos Aires,14990,app
S000283,2026-01-18T23:00:00+00:00,SKU005,pase,R0082,Buenos Aires,5990,web
S000284,2026-05-11T23:00:00+00:00,SKU004,pase,R0069,Buenos Aires,9990,app
S000285,2026-04-25T21:00:00+00:00,SKU017,recarga,R0005,Cordoba,1890,web
S000286,2026-03-17T23:00:00+00:00,SKU033,seguro,R0006,Buenos Aires,5990,app
S000287,2026-05-04T12:00:00+00:00,SKU039,seguro,R0096,Buenos Aires,14990,estacion
S000288,2026-04-11T00:00:00+00:00,SKU026,accesorio,R0084,Cordoba,3290,app
S000289,2026-02-10T14:00:00+00:00,SKU029,accesorio,R0018,Buenos Aires,9990,app
S000290,2026-01-28T10:00:00+00:00,SKU029,accesorio,R0042,Buenos Aires,9990,app
S000291,2026-03-18T18:00:00+00:00,SKU010,pase,R0051,Cordoba,1890,app
S000292,2026-02-18T17:00:00+00:00,SKU008,pase,R0099,Buenos Aires,1990,estacion
S000293,2026-02-08T18:00:00+00:00,SKU036,seguro,R0069,Cordoba,3290,app
S000294,2026-02-26T21:00:00+00:00,SKU003,pase,R0089,Buenos Aires,3490,app
S000295,2026-03-25T13:00:00+00:00,SKU018,recarga,R0029,Cordoba,3290,estacion
S000296,2026-04-21T04:00:00+00:00,SKU038,seguro,R0018,Buenos Aires,1990,app
S000297,2026-02-12T06:00:00+00:00,SKU040,seguro,R0006,Buenos Aires,5990,web
S000298,2026-02-14T18:00:00+00:00,SKU027,accesorio,R0078,Buenos Aires,9990,app
S000299,2026-05-13T01:00:00+00:00,SKU016,recarga,R0042,Buenos Aires,5990,web
S000300,2026-02-05T02:00:00+00:00,SKU001,pase,R0042,Cordoba,9790,app
S000301,2026-04-23T21:00:00+00:00,SKU029,accesorio,R0110,Cordoba,1890,app
S000302,2026-04-01T12:00:00+00:00,SKU022,accesorio,R0069,Cordoba,3290,app
S000303,2026-03-26T06:00:00+00:00,SKU027,accesorio,R0021,Cordoba,3290,app
S000304,2026-04-13T11:00:00+00:00,SKU031,seguro,R0111,Buenos Aires,9990,app
S000305,2026-05-16T11:00:00+00:00,SKU027,accesorio,R0063,Buenos Aires,9990,app
S000306,2026-01-20T19:00:00+00:00,SKU031,seguro,R0001,Buenos Aires,9990,app
S000307,2026-03-27T22:00:00+00:00,SKU016,recarga,R0103,Buenos Aires,5990,estacion
S000308,2026-03-17T21:00:00+00:00,SKU006,pase,R0097,Cordoba,9790,app
S000309,2026-06-01T00:00:00+00:00,SKU018,recarga,R0011,Buenos Aires,3490,web
S000310,2026-04-26T01:00:00+00:00,SKU008,pase,R0115,Buenos Aires,1990,web
S000311,2026-05-22T16:00:00+00:00,SKU011,recarga,R0022,Cordoba,9790,app
S000312,2026-03-27T12:00:00+00:00,SKU011,recarga,R0090,Buenos Aires,3490,app
S000313,2026-03-07T03:00:00+00:00,SKU035,seguro,R0108,Cordoba,9790,app
S000314,2026-01-21T00:00:00+00:00,SKU017,recarga,R0033,Buenos Aires,5990,estacion
S000315,2026-03-30T11:00:00+00:00,SKU019,recarga,R0059,Buenos Aires,3490,estacion
S000316,2026-04-12T23:00:00+00:00,SKU038,seguro,R0081,Cordoba,3290,app
S000317,2026-02-25T03:00:00+00:00,SKU020,recarga,R0049,Buenos Aires,1990,app
S000318,2026-05-19T00:00:00+00:00,SKU015,recarga,R0037,Cordoba,3290,app
S000319,2026-01-28T13:00:00+00:00,SKU001,pase,R0068,Buenos Aires,14990,app
S000320,2026-02-08T22:00:00+00:00,SKU002,pase,R0055,Buenos Aires,9990,estacion
S000321,2026-01-17T09:00:00+00:00,SKU024,accesorio,R0113,Cordoba,5790,web
S000322,2026-03-16T07:00:00+00:00,SKU025,accesorio,R0050,Buenos Aires,1990,app
S000323,2026-04-23T03:00:00+00:00,SKU024,accesorio,R0025,Buenos Aires,1990,web
S000324,2026-05-10T11:00:00+00:00,SKU003,pase,R0059,Buenos Aires,3490,app
S000325,2026-05-05T20:00:00+00:00,SKU032,seguro,R0032,Cordoba,9790,app
S000326,2026-05-27T15:00:00+00:00,SKU034,seguro,R0054,Buenos Aires,1990,web
S000327,2026-01-19T00:00:00+00:00,SKU011,recarga,R0098,Buenos Aires,3490,app
S000328,2026-05-06T11:00:00+00:00,SKU030,accesorio,R0112,Buenos Aires,3490,estacion
S000329,2026-02-24T11:00:00+00:00,SKU008,pase,R0070,Buenos Aires,1990,app
S000330,2026-05-02T13:00:00+00:00,SKU027,accesorio,R0083,Cordoba,3290,web
S000331,2026-06-02T09:00:00+00:00,SKU040,seguro,R0101,Cordoba,5790,estacion
S000332,2026-01-31T08:00:00+00:00,SKU018,recarga,R0108,Cordoba,3290,app
S000333,2026-06-11T23:00:00+00:00,SKU033,seguro,R0000,Cordoba,1890,estacion
S000334,2026-02-03T05:00:00+00:00,SKU011,recarga,R0114,Buenos Aires,3490,web
S000335,2026-05-08T22:00:00+00:00,SKU031,seguro,R0057,Buenos Aires,9990,estacion
S000336,2026-02-17T14:00:00+00:00,SKU014,recarga,R0091,Buenos Aires,9990,estacion
S000337,2026-02-19T01:00:00+00:00,SKU038,seguro,R0027,Buenos Aires,1990,app
S000338,2026-03-31T02:00:00+00:00,SKU014,recarga,R0101,Cordoba,3290,app
S000339,2026-04-27T01:00:00+00:00,SKU018,recarga,R0044,Cordoba,3290,app
S000340,2026-04-26T08:00:00+00:00,SKU040,seguro,R0023,Buenos Aires,5990,estacion
S000341,2026-03-20T13:00:00+00:00,SKU013,recarga,R0023,Cordoba,5790,app
S000342,2026-02-12T21:00:00+00:00,SKU022,accesorio,R0092,Buenos Aires,1990,app
S000343,2026-05-27T02:00:00+00:00,SKU011,recarga,R0091,Buenos Aires,3490,app
S000344,2026-05-26T13:00:00+00:00,SKU028,accesorio,R0047,Buenos Aires,5990,app
S000345,2026-04-07T22:00:00+00:00,SKU012,recarga,R0076,Buenos Aires,1990,app
S000346,2026-01-29T05:00:00+00:00,SKU012,recarga,R0102,Cordoba,1890,app
S000347,2026-02-11T22:00:00+00:00,SKU017,recarga,R0060,Buenos Aires,5990,app
S000348,2026-02-15T23:00:00+00:00,SKU030,accesorio,R0075,Cordoba,3290,web
S000349,2026-02-22T09:00:00+00:00,SKU036,seguro,R0072,Cordoba,3290,estacion
S000350,2026-02-02T02:00:00+00:00,SKU005,pase,R0064,Cordoba,5790,estacion
S000351,2026-02-12T03:00:00+00:00,SKU008,pase,R0082,Cordoba,9790,web
S000352,2026-01-23T20:00:00+00:00,SKU029,accesorio,R0043,Buenos Aires,9990,estacion
S000353,2026-03-31T01:00:00+00:00,SKU015,recarga,R0005,Cordoba,3290,app
S000354,2026-02-09T18:00:00+00:00,SKU012,recarga,R0018,Buenos Aires,1990,estacion
S000355,2026-05-18T21:00:00+00:00,SKU039,seguro,R0009,Cordoba,5790,app
S000356,2026-02-06T10:00:00+00:00,SKU038,seguro,R0050,Cordoba,3290,web
S000357,2026-04-18T09:00:00+00:00,SKU039,seguro,R0107,Buenos Aires,14990,estacion
S000358,2026-04-15T10:00:00+00:00,SKU033,seguro,R0092,Buenos Aires,5990,app
S000359,2026-01-27T00:00:00+00:00,SKU018,recarga,R0016,Buenos Aires,3490,app
S000360,2026-04-22T19:00:00+00:00,SKU017,recarga,R0020,Cordoba,1890,app
S000361,2026-02-22T03:00:00+00:00,SKU011,recarga,R0043,Cordoba,9790,app
S000362,2026-03-12T03:00:00+00:00,SKU008,pase,R0090,Buenos Aires,1990,estacion
S000363,2026-04-28T14:00:00+00:00,SKU011,recarga,R0107,Cordoba,9790,app
S000364,2026-03-14T05:00:00+00:00,SKU023,accesorio,R0031,Buenos Aires,14990,estacion
S000365,2026-03-02T06:00:00+00:00,SKU026,accesorio,R0020,Cordoba,3290,estacion
S000366,2026-02-25T15:00:00+00:00,SKU029,accesorio,R0007,Buenos Aires,9990,estacion
S000367,2026-02-17T06:00:00+00:00,SKU009,pase,R0082,Buenos Aires,5990,estacion
S000368,2026-04-29T16:00:00+00:00,SKU017,recarga,R0041,Buenos Aires,5990,app
S000369,2026-03-23T18:00:00+00:00,SKU029,accesorio,R0028,Buenos Aires,9990,app
S000370,2026-06-07T12:00:00+00:00,SKU040,seguro,R0065,Buenos Aires,5990,app
S000371,2026-02-02T13:00:00+00:00,SKU039,seguro,R0092,Buenos Aires,14990,web
S000372,2026-03-11T08:00:00+00:00,SKU010,pase,R0057,Buenos Aires,9990,estacion
S000373,2026-01-26T02:00:00+00:00,SKU014,recarga,R0029,Buenos Aires,9990,app
S000374,2026-05-11T19:00:00+00:00,SKU006,pase,R0068,Cordoba,9790,app
S000375,2026-04-07T08:00:00+00:00,SKU023,accesorio,R0117,Buenos Aires,14990,app
S000376,2026-03-16T16:00:00+00:00,SKU008,pase,R0025,Cordoba,9790,app
S000377,2026-03-29T17:00:00+00:00,SKU015,recarga,R0070,Buenos Aires,9990,web
S000378,2026-05-30T21:00:00+00:00,SKU021,accesorio,R0087,Cordoba,1890,app
S000379,2026-05-23T20:00:00+00:00,SKU030,accesorio,R0093,Buenos Aires,3490,app
S000380,2026-01-22T12:00:00+00:00,SKU002,pase,R0095,Cordoba,3290,app
S000381,2026-05-30T20:00:00+00:00,SKU014,recarga,R0039,Cordoba,3290,web
S000382,2026-05-25T21:00:00+00:00,SKU034,seguro,R0064,Buenos Aires,1990,app
S000383,2026-01-16T05:00:00+00:00,SKU003,pase,R0042,Buenos Aires,3490,app
S000384,2026-05-24T08:00:00+00:00,SKU010,pase,R0097,Cordoba,1890,app
S000385,2026-02-01T04:00:00+00:00,SKU032,seguro,R0085,Cordoba,9790,app
S000386,2026-04-06T22:00:00+00:00,SKU011,recarga,R0089,Buenos Aires,3490,app
S000387,2026-05-02T19:00:00+00:00,SKU032,seguro,R0011,Cordoba,9790,app
S000388,2026-02-19T19:00:00+00:00,SKU018,recarga,R0034,Cordoba,3290,app
S000389,2026-02-01T18:00:00+00:00,SKU006,pase,R0018,Buenos Aires,9990,estacion
S000390,2026-04-09T08:00:00+00:00,SKU005,pase,R0096,Buenos Aires,5990,app
S000391,2026-02-07T06:00:00+00:00,SKU039,seguro,R0090,Cordoba,5790,app
S000392,2026-01-21T05:00:00+00:00,SKU001,pase,R0085,Buenos Aires,14990,app
S000393,2026-02-03T21:00:00+00:00,SKU019,recarga,R0090,Cordoba,5790,app
S000394,2026-03-30T01:00:00+00:00,SKU025,accesorio,R0061,Buenos Aires,1990,app
S000395,2026-04-22T22:00:00+00:00,SKU008,pase,R0109,Buenos Aires,1990,web
S000396,2026-05-22T07:00:00+00:00,SKU028,accesorio,R0103,Cordoba,9790,app
S000397,2026-02-13T15:00:00+00:00,SKU003,pase,R0067,Buenos Aires,3490,app
S000398,2026-04-24T13:00:00+00:00,SKU014,recarga,R0004,Buenos Aires,9990,web
S000399,2026-04-04T17:00:00+00:00,SKU003,pase,R0100,Cordoba,1890,estacion
S000400,2026-05-20T16:00:00+00:00,SKU019,recarga,R0079,Buenos Aires,3490,web
S000401,2026-02-22T11:00:00+00:00,SKU003,pase,R0101,Buenos Aires,3490,app
S000402,2026-03-24T14:00:00+00:00,SKU030,accesorio,R0062,Cordoba,3290,app
S000403,2026-05-23T11:00:00+00:00,SKU010,pase,R0086,Buenos Aires,9990,app
S000404,2026-03-13T13:00:00+00:00,SKU029,accesorio,R0016,Cordoba,1890,estacion
S000405,2026-05-22T13:00:00+00:00,SKU006,pase,R0040,Cordoba,9790,web
S000406,2026-03-26T17:00:00+00:00,SKU010,pase,R0063,Cordoba,1890,app
S000407,2026-02-26T17:00:00+00:00,SKU037,seguro,R0116,Cordoba,5790,app
S000408,2026-06-09T22:00:00+00:00,SKU040,seguro,R0082,Cordoba,5790,estacion
S000409,2026-02-13T16:00:00+00:00,SKU006,pase,R0009,Buenos Aires,9990,estacion
S000410,2026-04-09T09:00:00+00:00,SKU016,recarga,R0029,Buenos Aires,5990,app
S000411,2026-04-23T10:00:00+00:00,SKU001,pase,R0075,Buenos Aires,14990,app
S000412,2026-03-02T08:00:00+00:00,SKU031,seguro,R0040,Cordoba,1890,app
S000413,2026-05-24T03:00:00+00:00,SKU034,seguro,R0061,Cordoba,5790,app
S000414,2026-05-31T00:00:00+00:00,SKU025,accesorio,R0113,Cordoba,9790,app
S000415,2026-03-13T11:00:00+00:00,SKU033,seguro,R0096,Cordoba,1890,web
S000416,2026-04-13T14:00:00+00:00,SKU003,pase,R0053,Buenos Aires,3490,web
S000417,2026-02-13T16:00:00+00:00,SKU013,recarga,R0035,Cordoba,5790,app
S000418,2026-01-28T23:00:00+00:00,SKU023,accesorio,R0012,Buenos Aires,14990,estacion
S000419,2026-04-05T21:00:00+00:00,SKU015,recarga,R0102,Buenos Aires,9990,estacion
S000420,2026-02-02T11:00:00+00:00,SKU027,accesorio,R0096,Cordoba,3290,app
S000421,2026-03-07T09:00:00+00:00,SKU002,pase,R0096,Cordoba,3290,estacion
S000422,2026-03-13T05:00:00+00:00,SKU038,seguro,R0012,Buenos Aires,1990,estacion
S000423,2026-03-19T07:00:00+00:00,SKU009,pase,R0056,Cordoba,9790,app
S000424,2026-01-17T13:00:00+00:00,SKU004,pase,R0035,Buenos Aires,9990,web
S000425,2026-03-07T05:00:00+00:00,SKU005,pase,R0009,Cordoba,5790,estacion
S000426,2026-06-01T07:00:00+00:00,SKU023,accesorio,R0028,Buenos Aires,14990,app
S000427,2026-04-14T23:00:00+00:00,SKU033,seguro,R0090,Cordoba,1890,app
S000428,2026-03-06T14:00:00+00:00,SKU035,seguro,R0013,Cordoba,9790,app
S000429,2026-05-26T06:00:00+00:00,SKU038,seguro,R0007,Cordoba,3290,app
S000430,2026-05-23T14:00:00+00:00,SKU009,pase,R0095,Buenos Aires,5990,app
S000431,2026-03-07T01:00:00+00:00,SKU010,pase,R0074,Cordoba,1890,app
S000432,2026-04-09T18:00:00+00:00,SKU024,accesorio,R0117,Cordoba,5790,estacion
S000433,2026-04-03T09:00:00+00:00,SKU004,pase,R0109,Buenos Aires,9990,estacion
S000434,2026-05-28T20:00:00+00:00,SKU038,seguro,R0081,Buenos Aires,1990,app
S000435,2026-03-14T11:00:00+00:00,SKU010,pase,R0105,Cordoba,1890,web
S000436,2026-05-29T20:00:00+00:00,SKU038,seguro,R0061,Buenos Aires,1990,app
S000437,2026-06-05T10:00:00+00:00,SKU002,pase,R0087,Buenos Aires,9990,app
S000438,2026-02-28T05:00:00+00:00,SKU020,recarga,R0017,Buenos Aires,1990,app
S000439,2026-02-20T11:00:00+00:00,SKU003,pase,R0014,Cordoba,1890,web
S000440,2026-01-26T03:00:00+00:00,SKU026,accesorio,R0105,Cordoba,3290,estacion
S000441,2026-03-27T03:00:00+00:00,SKU040,seguro,R0013,Cordoba,5790,estacion
S000442,2026-05-26T04:00:00+00:00,SKU030,accesorio,R0072,Buenos Aires,3490,estacion
S000443,2026-05-30T10:00:00+00:00,SKU018,recarga,R0095,Cordoba,3290,web
S000444,2026-02-03T21:00:00+00:00,SKU026,accesorio,R0064,Buenos Aires,9990,app
S000445,2026-03-17T04:00:00+00:00,SKU036,seguro,R0062,Buenos Aires,9990,web
S000446,2026-04-23T20:00:00+00:00,SKU003,pase,R0117,Cordoba,1890,web
S000447,2026-03-03T10:00:00+00:00,SKU026,accesorio,R0062,Buenos Aires,9990,estacion
S000448,2026-02-23T15:00:00+00:00,SKU008,pase,R0038,Cordoba,9790,estacion
S000449,2026-06-12T13:00:00+00:00,SKU036,seguro,R0008,Cordoba,3290,web
S000450,2026-05-03T11:00:00+00:00,SKU034,seguro,R0067,Buenos Aires,1990,app
S000451,2026-04-17T08:00:00+00:00,SKU016,recarga,R0000,Cordoba,1890,web
S000452,2026-05-01T07:00:00+00:00,SKU003,pase,R0003,Buenos Aires,3490,estacion
S000453,2026-05-23T07:00:00+00:00,SKU002,pase,R0005,Cordoba,3290,web
S000454,2026-04-01T06:00:00+00:00,SKU030,accesorio,R0002,Buenos Aires,3490,estacion
S000455,2026-04-19T03:00:00+00:00,SKU027,accesorio,R0066,Cordoba,3290,web
S000456,2026-04-05T00:00:00+00:00,SKU024,accesorio,R0070,Cordoba,5790,app
S000457,2026-03-25T21:00:00+00:00,SKU029,accesorio,R0064,Cordoba,1890,estacion
S000458,2026-04-08T20:00:00+00:00,SKU024,accesorio,R0078,Cordoba,5790,web
S000459,2026-01-31T18:00:00+00:00,SKU010,pase,R0063,Buenos Aires,9990,web
S000460,2026-02-20T11:00:00+00:00,SKU011,recarga,R0028,Cordoba,9790,app
S000461,2026-02-20T11:00:00+00:00,SKU012,recarga,R0064,Buenos Aires,1990,app
S000462,2026-03-21T09:00:00+00:00,SKU023,accesorio,R0017,Buenos Aires,14990,estacion
S000463,2026-04-27T11:00:00+00:00,SKU037,seguro,R0042,Cordoba,5790,app
S000464,2026-02-09T05:00:00+00:00,SKU024,accesorio,R0101,Cordoba,5790,app
S000465,2026-01-25T15:00:00+00:00,SKU004,pase,R0070,Buenos Aires,9990,web
S000466,2026-05-06T23:00:00+00:00,SKU040,seguro,R0074,Buenos Aires,5990,app
S000467,2026-01-20T16:00:00+00:00,SKU018,recarga,R0061,Cordoba,3290,app
S000468,2026-02-11T13:00:00+00:00,SKU040,seguro,R0040,Cordoba,5790,web
S000469,2026-02-19T18:00:00+00:00,SKU003,pase,R0020,Cordoba,1890,app
S000470,2026-02-01T14:00:00+00:00,SKU014,recarga,R0010,Buenos Aires,9990,app
S000471,2026-05-22T11:00:00+00:00,SKU021,accesorio,R0035,Buenos Aires,9990,web
S000472,2026-01-19T16:00:00+00:00,SKU039,seguro,R0101,Cordoba,5790,app
S000473,2026-03-10T12:00:00+00:00,SKU034,seguro,R0112,Cordoba,5790,web
S000474,2026-04-21T14:00:00+00:00,SKU040,seguro,R0000,Cordoba,5790,app
S000475,2026-04-24T10:00:00+00:00,SKU029,accesorio,R0061,Buenos Aires,9990,app
S000476,2026-05-31T10:00:00+00:00,SKU028,accesorio,R0011,Cordoba,9790,web
S000477,2026-04-20T18:00:00+00:00,SKU036,seguro,R0067,Buenos Aires,9990,estacion
S000478,2026-04-25T18:00:00+00:00,SKU024,accesorio,R0026,Buenos Aires,1990,app
S000479,2026-03-01T16:00:00+00:00,SKU033,seguro,R0048,Cordoba,1890,app
S000480,2026-05-24T09:00:00+00:00,SKU019,recarga,R0096,Buenos Aires,3490,web
S000481,2026-05-08T17:00:00+00:00,SKU032,seguro,R0084,Buenos Aires,5990,app
S000482,2026-03-01T04:00:00+00:00,SKU018,recarga,R0027,Cordoba,3290,web
S000483,2026-01-16T00:00:00+00:00,SKU001,pase,R0078,Buenos Aires,14990,app
S000484,2026-03-18T07:00:00+00:00,SKU032,seguro,R0087,Cordoba,9790,app
S000485,2026-05-13T21:00:00+00:00,SKU021,accesorio,R0026,Cordoba,1890,app
S000486,2026-01-31T03:00:00+00:00,SKU015,recarga,R0022,Cordoba,3290,estacion
S000487,2026-05-12T23:00:00+00:00,SKU017,recarga,R0006,Cordoba,1890,estacion
S000488,2026-05-23T21:00:00+00:00,SKU036,seguro,R0045,Cordoba,3290,estacion
S000489,2026-02-26T02:00:00+00:00,SKU013,recarga,R0053,Cordoba,5790,app
S000490,2026-06-13T08:00:00+00:00,SKU022,accesorio,R0030,Cordoba,3290,estacion
S000491,2026-03-02T22:00:00+00:00,SKU039,seguro,R0109,Buenos Aires,14990,estacion
S000492,2026-01-25T00:00:00+00:00,SKU001,pase,R0079,Buenos Aires,14990,web
S000493,2026-03-15T03:00:00+00:00,SKU019,recarga,R0050,Buenos Aires,3490,estacion
S000494,2026-05-04T10:00:00+00:00,SKU035,seguro,R0017,Cordoba,9790,estacion
S000495,2026-04-04T16:00:00+00:00,SKU034,seguro,R0004,Buenos Aires,1990,estacion
S000496,2026-03-02T11:00:00+00:00,SKU010,pase,R0043,Cordoba,1890,estacion
S000497,2026-04-08T16:00:00+00:00,SKU008,pase,R0028,Cordoba,9790,web
S000498,2026-05-01T02:00:00+00:00,SKU039,seguro,R0059,Cordoba,5790,estacion
S000499,2026-02-14T07:00:00+00:00,SKU012,recarga,R0100,Cordoba,1890,estacion
S000500,2026-02-17T18:00:00+00:00,SKU020,recarga,R0056,Cordoba,5790,app
S000501,2026-02-09T14:00:00+00:00,SKU032,seguro,R0064,Cordoba,9790,app
S000502,2026-05-26T08:00:00+00:00,SKU037,seguro,R0031,Cordoba,5790,estacion
S000503,2026-03-12T01:00:00+00:00,SKU029,accesorio,R0021,Cordoba,1890,app
S000504,2026-06-02T06:00:00+00:00,SKU026,accesorio,R0106,Buenos Aires,9990,estacion
S000505,2026-04-23T20:00:00+00:00,SKU020,recarga,R0100,Cordoba,5790,app
S000506,2026-03-16T17:00:00+00:00,SKU039,seguro,R0019,Buenos Aires,14990,web
S000507,2026-06-13T18:00:00+00:00,SKU033,seguro,R0102,Cordoba,1890,estacion
S000508,2026-04-12T12:00:00+00:00,SKU014,recarga,R0115,Buenos Aires,9990,app
S000509,2026-03-29T05:00:00+00:00,SKU006,pase,R0056,Cordoba,9790,estacion
S000510,2026-06-05T20:00:00+00:00,SKU024,accesorio,R0032,Cordoba,5790,web
S000511,2026-02-27T17:00:00+00:00,SKU031,seguro,R0114,Cordoba,1890,app
S000512,2026-06-13T05:00:00+00:00,SKU011,recarga,R0078,Buenos Aires,3490,app
S000513,2026-06-11T01:00:00+00:00,SKU026,accesorio,R0070,Buenos Aires,9990,estacion
S000514,2026-03-25T13:00:00+00:00,SKU029,accesorio,R0010,Cordoba,1890,web
S000515,2026-05-20T20:00:00+00:00,SKU024,accesorio,R0010,Buenos Aires,1990,web
S000516,2026-06-10T22:00:00+00:00,SKU008,pase,R0056,Cordoba,9790,web
S000517,2026-03-20T12:00:00+00:00,SKU006,pase,R0064,Buenos Aires,9990,estacion
S000518,2026-03-13T07:00:00+00:00,SKU003,pase,R0072,Cordoba,1890,app
S000519,2026-05-04T14:00:00+00:00,SKU015,recarga,R0042,Buenos Aires,9990,app
S000520,2026-03-11T19:00:00+00:00,SKU029,accesorio,R0013,Buenos Aires,9990,app
S000521,2026-06-12T17:00:00+00:00,SKU027,accesorio,R0055,Buenos Aires,9990,estacion
S000522,2026-02-04T03:00:00+00:00,SKU031,seguro,R0033,Buenos Aires,9990,web
S000523,2026-03-29T16:00:00+00:00,SKU014,recarga,R0113,Cordoba,3290,app
S000524,2026-02-20T02:00:00+00:00,SKU040,seguro,R0040,Buenos Aires,5990,web
S000525,2026-04-07T17:00:00+00:00,SKU013,recarga,R0022,Cordoba,5790,web
S000526,2026-01-30T20:00:00+00:00,SKU035,seguro,R0094,Cordoba,9790,estacion
S000527,2026-06-11T21:00:00+00:00,SKU026,accesorio,R0119,Buenos Aires,9990,web
S000528,2026-03-14T17:00:00+00:00,SKU013,recarga,R0113,Cordoba,5790,web
S000529,2026-03-23T07:00:00+00:00,SKU025,accesorio,R0058,Buenos Aires,1990,estacion
S000530,2026-02-03T13:00:00+00:00,SKU010,pase,R0090,Buenos Aires,9990,app
S000531,2026-06-09T04:00:00+00:00,SKU012,recarga,R0116,Buenos Aires,1990,web
S000532,2026-03-01T16:00:00+00:00,SKU017,recarga,R0017,Cordoba,1890,web
S000533,2026-02-22T11:00:00+00:00,SKU030,accesorio,R0099,Cordoba,3290,estacion
S000534,2026-05-31T10:00:00+00:00,SKU033,seguro,R0071,Cordoba,1890,estacion
S000535,2026-03-20T07:00:00+00:00,SKU027,accesorio,R0030,Buenos Aires,9990,web
S000536,2026-03-24T06:00:00+00:00,SKU031,seguro,R0073,Cordoba,1890,web
S000537,2026-03-12T09:00:00+00:00,SKU018,recarga,R0058,Buenos Aires,3490,estacion
S000538,2026-02-02T11:00:00+00:00,SKU005,pase,R0048,Buenos Aires,5990,app
S000539,2026-05-09T20:00:00+00:00,SKU039,seguro,R0005,Buenos Aires,14990,web
S000540,2026-02-15T18:00:00+00:00,SKU024,accesorio,R0078,Buenos Aires,1990,app
S000541,2026-03-29T22:00:00+00:00,SKU010,pase,R0081,Cordoba,1890,app
S000542,2026-02-12T02:00:00+00:00,SKU025,accesorio,R0047,Cordoba,9790,app
S000543,2026-05-16T17:00:00+00:00,SKU022,accesorio,R0049,Buenos Aires,1990,web
S000544,2026-01-24T20:00:00+00:00,SKU020,recarga,R0094,Buenos Aires,1990,web
S000545,2026-05-30T12:00:00+00:00,SKU036,seguro,R0008,Cordoba,3290,web
S000546,2026-01-15T13:00:00+00:00,SKU001,pase,R0109,Buenos Aires,14990,web
S000547,2026-05-25T09:00:00+00:00,SKU035,seguro,R0090,Cordoba,9790,app
S000548,2026-06-05T02:00:00+00:00,SKU018,recarga,R0030,Cordoba,3290,app
S000549,2026-05-12T14:00:00+00:00,SKU023,accesorio,R0020,Buenos Aires,14990,app
S000550,2026-03-02T18:00:00+00:00,SKU015,recarga,R0100,Buenos Aires,9990,web
S000551,2026-05-04T01:00:00+00:00,SKU014,recarga,R0086,Buenos Aires,9990,app
S000552,2026-01-31T16:00:00+00:00,SKU027,accesorio,R0025,Cordoba,3290,app
S000553,2026-01-30T12:00:00+00:00,SKU014,recarga,R0004,Cordoba,3290,app
S000554,2026-04-17T20:00:00+00:00,SKU022,accesorio,R0027,Cordoba,3290,web
S000555,2026-02-16T01:00:00+00:00,SKU033,seguro,R0016,Cordoba,1890,estacion
S000556,2026-03-16T04:00:00+00:00,SKU024,accesorio,R0103,Cordoba,5790,app
S000557,2026-04-01T09:00:00+00:00,SKU012,recarga,R0094,Cordoba,1890,web
S000558,2026-01-17T04:00:00+00:00,SKU040,seguro,R0032,Cordoba,5790,web
S000559,2026-02-26T00:00:00+00:00,SKU016,recarga,R0027,Cordoba,1890,app
S000560,2026-02-16T11:00:00+00:00,SKU009,pase,R0072,Cordoba,9790,app
S000561,2026-02-18T23:00:00+00:00,SKU024,accesorio,R0016,Buenos Aires,1990,estacion
S000562,2026-05-27T05:00:00+00:00,SKU005,pase,R0038,Cordoba,5790,web
S000563,2026-01-20T09:00:00+00:00,SKU028,accesorio,R0085,Buenos Aires,5990,estacion
S000564,2026-05-10T08:00:00+00:00,SKU004,pase,R0091,Buenos Aires,9990,estacion
S000565,2026-04-19T11:00:00+00:00,SKU039,seguro,R0092,Buenos Aires,14990,estacion
S000566,2026-01-24T06:00:00+00:00,SKU004,pase,R0093,Cordoba,1890,app
S000567,2026-05-04T19:00:00+00:00,SKU015,recarga,R0071,Cordoba,3290,app
S000568,2026-04-23T10:00:00+00:00,SKU033,seguro,R0084,Buenos Aires,5990,app
S000569,2026-01-26T10:00:00+00:00,SKU015,recarga,R0079,Buenos Aires,9990,app
S000570,2026-04-21T02:00:00+00:00,SKU002,pase,R0077,Buenos Aires,9990,web
S000571,2026-04-19T08:00:00+00:00,SKU020,recarga,R0109,Cordoba,5790,app
S000572,2026-01-27T11:00:00+00:00,SKU013,recarga,R0093,Cordoba,5790,app
S000573,2026-02-18T10:00:00+00:00,SKU032,seguro,R0098,Buenos Aires,5990,web
S000574,2026-02-23T11:00:00+00:00,SKU040,seguro,R0065,Cordoba,5790,estacion
S000575,2026-02-22T12:00:00+00:00,SKU036,seguro,R0067,Buenos Aires,9990,estacion
S000576,2026-04-14T15:00:00+00:00,SKU012,recarga,R0086,Buenos Aires,1990,web
S000577,2026-03-20T18:00:00+00:00,SKU011,recarga,R0019,Buenos Aires,3490,app
S000578,2026-06-09T17:00:00+00:00,SKU026,accesorio,R0115,Buenos Aires,9990,app
S000579,2026-04-02T02:00:00+00:00,SKU006,pase,R0054,Buenos Aires,9990,estacion
S000580,2026-03-16T15:00:00+00:00,SKU018,recarga,R0043,Buenos Aires,3490,web
S000581,2026-04-24T23:00:00+00:00,SKU034,seguro,R0068,Cordoba,5790,web
S000582,2026-03-17T18:00:00+00:00,SKU033,seguro,R0025,Cordoba,1890,app
S000583,2026-04-23T20:00:00+00:00,SKU030,accesorio,R0023,Buenos Aires,3490,app
S000584,2026-05-03T20:00:00+00:00,SKU039,seguro,R0090,Buenos Aires,14990,app
S000585,2026-03-04T06:00:00+00:00,SKU022,accesorio,R0078,Cordoba,3290,app
S000586,2026-04-02T14:00:00+00:00,SKU016,recarga,R0093,Cordoba,1890,app
S000587,2026-04-05T13:00:00+00:00,SKU026,accesorio,R0069,Buenos Aires,9990,estacion
S000588,2026-04-20T16:00:00+00:00,SKU031,seguro,R0067,Cordoba,1890,web
S000589,2026-05-31T20:00:00+00:00,SKU028,accesorio,R0081,Buenos Aires,5990,web
S000590,2026-05-04T23:00:00+00:00,SKU021,accesorio,R0069,Buenos Aires,9990,app
S000591,2026-04-22T04:00:00+00:00,SKU002,pase,R0006,Cordoba,3290,web
S000592,2026-04-28T11:00:00+00:00,SKU017,recarga,R0063,Buenos Aires,5990,estacion
S000593,2026-03-23T09:00:00+00:00,SKU003,pase,R0002,Cordoba,1890,web
S000594,2026-04-09T16:00:00+00:00,SKU040,seguro,R0095,Buenos Aires,5990,app
S000595,2026-05-10T21:00:00+00:00,SKU027,accesorio,R0081,Buenos Aires,9990,web
S000596,2026-04-22T00:00:00+00:00,SKU025,accesorio,R0058,Buenos Aires,1990,app
S000597,2026-02-24T12:00:00+00:00,SKU004,pase,R0027,Buenos Aires,9990,estacion
S000598,2026-04-28T00:00:00+00:00,SKU006,pase,R0083,Buenos Aires,9990,app
S000599,2026-01-16T02:00:00+00:00,SKU020,recarga,R0012,Buenos Aires,1990,web
S000600,2026-01-29T19:00:00+00:00,SKU014,recarga,R0046,Buenos Aires,9990,app
S000601,2026-05-31T01:00:00+00:00,SKU037,seguro,R0014,Buenos Aires,14990,app
S000602,2026-03-26T08:00:00+00:00,SKU005,pase,R0043,Cordoba,5790,web
S000603,2026-02-08T05:00:00+00:00,SKU005,pase,R0028,Buenos Aires,5990,app
S000604,2026-05-11T22:00:00+00:00,SKU037,seguro,R0077,Buenos Aires,14990,web
S000605,2026-03-10T03:00:00+00:00,SKU039,seguro,R0028,Buenos Aires,14990,estacion
S000606,2026-03-08T04:00:00+00:00,SKU009,pase,R0060,Buenos Aires,5990,web
S000607,2026-02-14T17:00:00+00:00,SKU021,accesorio,R0108,Cordoba,1890,app
S000608,2026-06-09T01:00:00+00:00,SKU002,pase,R0020,Cordoba,3290,app
S000609,2026-02-05T13:00:00+00:00,SKU019,recarga,R0098,Cordoba,5790,estacion
S000610,2026-04-05T15:00:00+00:00,SKU027,accesorio,R0061,Cordoba,3290,app
S000611,2026-03-18T17:00:00+00:00,SKU028,accesorio,R0066,Buenos Aires,5990,app
S000612,2026-03-11T04:00:00+00:00,SKU015,recarga,R0035,Cordoba,3290,web
S000613,2026-04-16T21:00:00+00:00,SKU019,recarga,R0098,Cordoba,5790,estacion
S000614,2026-04-25T02:00:00+00:00,SKU012,recarga,R0010,Cordoba,1890,web
S000615,2026-04-28T01:00:00+00:00,SKU018,recarga,R0009,Buenos Aires,3490,web
S000616,2026-05-12T21:00:00+00:00,SKU027,accesorio,R0113,Cordoba,3290,app
S000617,2026-03-25T08:00:00+00:00,SKU011,recarga,R0050,Buenos Aires,3490,estacion
S000618,2026-02-10T01:00:00+00:00,SKU023,accesorio,R0093,Buenos Aires,14990,app
S000619,2026-03-27T04:00:00+00:00,SKU022,accesorio,R0081,Cordoba,3290,app
S000620,2026-03-29T02:00:00+00:00,SKU036,seguro,R0027,Buenos Aires,9990,estacion
S000621,2026-03-03T14:00:00+00:00,SKU010,pase,R0069,Cordoba,1890,web
S000622,2026-05-24T13:00:00+00:00,SKU023,accesorio,R0082,Buenos Aires,14990,estacion
S000623,2026-03-30T10:00:00+00:00,SKU038,seguro,R0013,Cordoba,3290,estacion
S000624,2026-05-09T11:00:00+00:00,SKU004,pase,R0063,Cordoba,1890,web
S000625,2026-03-01T00:00:00+00:00,SKU039,seguro,R0086,Buenos Aires,14990,app
S000626,2026-06-06T23:00:00+00:00,SKU010,pase,R0053,Cordoba,1890,estacion
S000627,2026-06-12T04:00:00+00:00,SKU014,recarga,R0078,Cordoba,3290,web
S000628,2026-05-21T06:00:00+00:00,SKU002,pase,R0062,Buenos Aires,9990,app
S000629,2026-06-06T10:00:00+00:00,SKU028,accesorio,R0087,Buenos Aires,5990,web
S000630,2026-02-10T05:00:00+00:00,SKU022,accesorio,R0109,Cordoba,3290,app
S000631,2026-01-22T13:00:00+00:00,SKU015,recarga,R0023,Buenos Aires,9990,app
S000632,2026-06-07T03:00:00+00:00,SKU023,accesorio,R0070,Buenos Aires,14990,web
S000633,2026-02-07T08:00:00+00:00,SKU019,recarga,R0009,Buenos Aires,3490,estacion
S000634,2026-03-29T16:00:00+00:00,SKU016,recarga,R0095,Cordoba,1890,web
S000635,2026-02-14T13:00:00+00:00,SKU038,seguro,R0059,Cordoba,3290,estacion
S000636,2026-02-13T13:00:00+00:00,SKU005,pase,R0111,Buenos Aires,5990,web
S000637,2026-04-08T23:00:00+00:00,SKU038,seguro,R0092,Buenos Aires,1990,app
S000638,2026-04-06T06:00:00+00:00,SKU029,accesorio,R0042,Cordoba,1890,estacion
S000639,2026-02-09T19:00:00+00:00,SKU033,seguro,R0019,Buenos Aires,5990,estacion
S000640,2026-02-14T15:00:00+00:00,SKU015,recarga,R0080,Cordoba,3290,app
S000641,2026-02-04T14:00:00+00:00,SKU006,pase,R0105,Cordoba,9790,app
S000642,2026-02-11T16:00:00+00:00,SKU003,pase,R0046,Cordoba,1890,app
S000643,2026-04-07T02:00:00+00:00,SKU008,pase,R0067,Cordoba,9790,estacion
S000644,2026-05-22T02:00:00+00:00,SKU008,pase,R0013,Buenos Aires,1990,estacion
S000645,2026-02-08T01:00:00+00:00,SKU006,pase,R0097,Cordoba,9790,estacion
S000646,2026-02-07T11:00:00+00:00,SKU008,pase,R0021,Buenos Aires,1990,web
S000647,2026-06-13T19:00:00+00:00,SKU016,recarga,R0011,Buenos Aires,5990,web
S000648,2026-06-04T13:00:00+00:00,SKU013,recarga,R0102,Cordoba,5790,app
S000649,2026-06-11T19:00:00+00:00,SKU027,accesorio,R0010,Cordoba,3290,web
S000650,2026-03-30T11:00:00+00:00,SKU030,accesorio,R0074,Buenos Aires,3490,web
S000651,2026-03-28T20:00:00+00:00,SKU030,accesorio,R0099,Buenos Aires,3490,app
S000652,2026-05-11T07:00:00+00:00,SKU031,seguro,R0035,Buenos Aires,9990,app
S000653,2026-04-14T19:00:00+00:00,SKU016,recarga,R0075,Cordoba,1890,estacion
S000654,2026-05-01T07:00:00+00:00,SKU033,seguro,R0049,Cordoba,1890,app
S000655,2026-02-12T02:00:00+00:00,SKU016,recarga,R0104,Buenos Aires,5990,estacion
S000656,2026-06-01T10:00:00+00:00,SKU010,pase,R0058,Buenos Aires,9990,app
S000657,2026-04-19T01:00:00+00:00,SKU040,seguro,R0036,Cordoba,5790,app
S000658,2026-05-29T13:00:00+00:00,SKU038,seguro,R0084,Buenos Aires,1990,app
S000659,2026-04-21T02:00:00+00:00,SKU008,pase,R0039,Buenos Aires,1990,web
S000660,2026-03-31T11:00:00+00:00,SKU005,pase,R0077,Cordoba,5790,estacion
S000661,2026-02-16T10:00:00+00:00,SKU023,accesorio,R0109,Cordoba,5790,app
S000662,2026-04-15T12:00:00+00:00,SKU028,accesorio,R0016,Cordoba,9790,estacion
S000663,2026-02-07T16:00:00+00:00,SKU011,recarga,R0095,Buenos Aires,3490,web
S000664,2026-05-05T06:00:00+00:00,SKU002,pase,R0103,Cordoba,3290,web
S000665,2026-01-31T02:00:00+00:00,SKU005,pase,R0075,Buenos Aires,5990,app
S000666,2026-04-10T19:00:00+00:00,SKU028,accesorio,R0019,Cordoba,9790,app
S000667,2026-05-05T02:00:00+00:00,SKU005,pase,R0117,Cordoba,5790,app
S000668,2026-03-21T01:00:00+00:00,SKU015,recarga,R0037,Cordoba,3290,web
S000669,2026-03-06T03:00:00+00:00,SKU027,accesorio,R0015,Buenos Aires,9990,app
S000670,2026-01-30T14:00:00+00:00,SKU020,recarga,R0100,Cordoba,5790,web
S000671,2026-06-01T10:00:00+00:00,SKU010,pase,R0098,Cordoba,1890,estacion
S000672,2026-05-26T18:00:00+00:00,SKU019,recarga,R0092,Buenos Aires,3490,app
S000673,2026-06-04T03:00:00+00:00,SKU037,seguro,R0084,Buenos Aires,14990,app
S000674,2026-05-11T21:00:00+00:00,SKU039,seguro,R0034,Buenos Aires,14990,web
S000675,2026-04-22T16:00:00+00:00,SKU030,accesorio,R0066,Buenos Aires,3490,web
S000676,2026-04-20T06:00:00+00:00,SKU028,accesorio,R0081,Buenos Aires,5990,app
S000677,2026-04-11T15:00:00+00:00,SKU005,pase,R0040,Cordoba,5790,app
S000678,2026-04-22T11:00:00+00:00,SKU005,pase,R0103,Buenos Aires,5990,app
S000679,2026-02-09T00:00:00+00:00,SKU026,accesorio,R0023,Cordoba,3290,app
S000680,2026-06-06T06:00:00+00:00,SKU033,seguro,R0020,Cordoba,1890,web
S000681,2026-05-01T21:00:00+00:00,SKU037,seguro,R0080,Buenos Aires,14990,web
S000682,2026-04-02T03:00:00+00:00,SKU001,pase,R0055,Cordoba,9790,app
S000683,2026-03-07T10:00:00+00:00,SKU022,accesorio,R0093,Buenos Aires,1990,app
S000684,2026-01-21T11:00:00+00:00,SKU021,accesorio,R0089,Cordoba,1890,app
S000685,2026-06-03T14:00:00+00:00,SKU006,pase,R0086,Cordoba,9790,web
S000686,2026-05-05T20:00:00+00:00,SKU027,accesorio,R0119,Buenos Aires,9990,estacion
S000687,2026-02-26T12:00:00+00:00,SKU016,recarga,R0090,Buenos Aires,5990,estacion
S000688,2026-04-07T07:00:00+00:00,SKU037,seguro,R0021,Buenos Aires,14990,app
S000689,2026-05-28T09:00:00+00:00,SKU030,accesorio,R0030,Buenos Aires,3490,web
S000690,2026-02-11T09:00:00+00:00,SKU016,recarga,R0052,Cordoba,1890,estacion
S000691,2026-03-03T08:00:00+00:00,SKU031,seguro,R0097,Buenos Aires,9990,app
S000692,2026-04-13T02:00:00+00:00,SKU008,pase,R0037,Cordoba,9790,app
S000693,2026-04-09T01:00:00+00:00,SKU029,accesorio,R0037,Buenos Aires,9990,estacion
S000694,2026-04-27T02:00:00+00:00,SKU036,seguro,R0090,Buenos Aires,9990,app
S000695,2026-05-12T06:00:00+00:00,SKU033,seguro,R0072,Buenos Aires,5990,app
S000696,2026-03-16T20:00:00+00:00,SKU040,seguro,R0000,Buenos Aires,5990,app
S000697,2026-02-21T13:00:00+00:00,SKU040,seguro,R0068,Cordoba,5790,app
S000698,2026-02-24T04:00:00+00:00,SKU039,seguro,R0084,Cordoba,5790,app
S000699,2026-06-13T22:00:00+00:00,SKU029,accesorio,R0021,Cordoba,1890,web
S000700,2026-03-10T14:00:00+00:00,SKU011,recarga,R0004,Cordoba,9790,app
S000701,2026-02-14T07:00:00+00:00,SKU035,seguro,R0043,Cordoba,9790,web
S000702,2026-03-08T02:00:00+00:00,SKU017,recarga,R0092,Cordoba,1890,web
S000703,2026-06-13T02:00:00+00:00,SKU032,seguro,R0074,Cordoba,9790,app
S000704,2026-03-17T23:00:00+00:00,SKU010,pase,R0111,Buenos Aires,9990,estacion
S000705,2026-02-19T11:00:00+00:00,SKU029,accesorio,R0042,Buenos Aires,9990,web
S000706,2026-05-07T23:00:00+00:00,SKU031,seguro,R0044,Buenos Aires,9990,app
S000707,2026-05-09T04:00:00+00:00,SKU005,pase,R0101,Cordoba,5790,app
S000708,2026-02-09T05:00:00+00:00,SKU019,recarga,R0071,Cordoba,5790,web
S000709,2026-04-22T00:00:00+00:00,SKU036,seguro,R0091,Buenos Aires,9990,web
S000710,2026-02-03T18:00:00+00:00,SKU027,accesorio,R0013,Buenos Aires,9990,app
S000711,2026-04-10T04:00:00+00:00,SKU013,recarga,R0090,Buenos Aires,3490,app
S000712,2026-03-16T05:00:00+00:00,SKU014,recarga,R0113,Buenos Aires,9990,estacion
S000713,2026-01-23T06:00:00+00:00,SKU010,pase,R0079,Buenos Aires,9990,app
S000714,2026-05-09T20:00:00+00:00,SKU015,recarga,R0044,Buenos Aires,9990,estacion
S000715,2026-01-18T12:00:00+00:00,SKU035,seguro,R0066,Buenos Aires,1990,estacion
S000716,2026-04-24T07:00:00+00:00,SKU033,seguro,R0029,Cordoba,1890,estacion
S000717,2026-01-23T14:00:00+00:00,SKU001,pase,R0063,Buenos Aires,14990,estacion
S000718,2026-05-05T03:00:00+00:00,SKU037,seguro,R0087,Cordoba,5790,estacion
S000719,2026-02-20T14:00:00+00:00,SKU015,recarga,R0102,Cordoba,3290,estacion
S000720,2026-02-08T08:00:00+00:00,SKU014,recarga,R0005,Cordoba,3290,web
S000721,2026-05-13T19:00:00+00:00,SKU010,pase,R0033,Cordoba,1890,app
S000722,2026-06-05T01:00:00+00:00,SKU010,pase,R0079,Cordoba,1890,app
S000723,2026-01-31T19:00:00+00:00,SKU025,accesorio,R0024,Buenos Aires,1990,app
S000724,2026-02-13T03:00:00+00:00,SKU023,accesorio,R0110,Cordoba,5790,estacion
S000725,2026-05-11T17:00:00+00:00,SKU023,accesorio,R0014,Cordoba,5790,web
S000726,2026-03-18T21:00:00+00:00,SKU020,recarga,R0101,Buenos Aires,1990,app
S000727,2026-04-20T14:00:00+00:00,SKU004,pase,R0089,Cordoba,1890,estacion
S000728,2026-03-05T21:00:00+00:00,SKU002,pase,R0072,Cordoba,3290,estacion
S000729,2026-04-11T01:00:00+00:00,SKU006,pase,R0075,Buenos Aires,9990,estacion
S000730,2026-04-10T06:00:00+00:00,SKU004,pase,R0108,Buenos Aires,9990,app
S000731,2026-01-29T07:00:00+00:00,SKU025,accesorio,R0096,Buenos Aires,1990,web
S000732,2026-02-06T00:00:00+00:00,SKU016,recarga,R0026,Buenos Aires,5990,estacion
S000733,2026-01-21T13:00:00+00:00,SKU004,pase,R0036,Buenos Aires,9990,app
S000734,2026-05-14T06:00:00+00:00,SKU005,pase,R0118,Cordoba,5790,app
S000735,2026-03-13T18:00:00+00:00,SKU025,accesorio,R0008,Cordoba,9790,app
S000736,2026-04-16T18:00:00+00:00,SKU026,accesorio,R0008,Cordoba,3290,app
S000737,2026-04-16T07:00:00+00:00,SKU017,recarga,R0033,Cordoba,1890,web
S000738,2026-06-01T05:00:00+00:00,SKU031,seguro,R0070,Cordoba,1890,web
S000739,2026-02-12T00:00:00+00:00,SKU012,recarga,R0014,Cordoba,1890,app
S000740,2026-04-19T17:00:00+00:00,SKU021,accesorio,R0047,Buenos Aires,9990,app
S000741,2026-05-19T22:00:00+00:00,SKU009,pase,R0085,Buenos Aires,5990,web
S000742,2026-03-21T20:00:00+00:00,SKU020,recarga,R0039,Buenos Aires,1990,app
S000743,2026-03-13T11:00:00+00:00,SKU040,seguro,R0001,Buenos Aires,5990,web
S000744,2026-01-18T06:00:00+00:00,SKU024,accesorio,R0084,Cordoba,5790,app
S000745,2026-01-15T01:00:00+00:00,SKU027,accesorio,R0072,Buenos Aires,9990,web
S000746,2026-04-16T04:00:00+00:00,SKU024,accesorio,R0037,Cordoba,5790,web
S000747,2026-05-18T06:00:00+00:00,SKU030,accesorio,R0073,Cordoba,3290,app
S000748,2026-06-06T08:00:00+00:00,SKU037,seguro,R0119,Buenos Aires,14990,web
S000749,2026-03-11T07:00:00+00:00,SKU015,recarga,R0099,Cordoba,3290,estacion
S000750,2026-06-03T12:00:00+00:00,SKU009,pase,R0061,Cordoba,9790,app
S000751,2026-02-25T16:00:00+00:00,SKU019,recarga,R0054,Cordoba,5790,app
S000752,2026-02-19T05:00:00+00:00,SKU006,pase,R0098,Buenos Aires,9990,estacion
S000753,2026-05-29T00:00:00+00:00,SKU009,pase,R0039,Buenos Aires,5990,web
S000754,2026-01-31T14:00:00+00:00,SKU008,pase,R0057,Buenos Aires,1990,app
S000755,2026-04-26T21:00:00+00:00,SKU006,pase,R0075,Buenos Aires,9990,app
S000756,2026-05-01T17:00:00+00:00,SKU034,seguro,R0037,Cordoba,5790,app
S000757,2026-04-02T13:00:00+00:00,SKU006,pase,R0078,Buenos Aires,9990,web
S000758,2026-06-12T22:00:00+00:00,SKU028,accesorio,R0096,Buenos Aires,5990,app
S000759,2026-03-08T03:00:00+00:00,SKU036,seguro,R0044,Cordoba,3290,web
S000760,2026-05-12T10:00:00+00:00,SKU023,accesorio,R0029,Buenos Aires,14990,estacion
S000761,2026-03-28T12:00:00+00:00,SKU008,pase,R0015,Cordoba,9790,web
S000762,2026-06-07T03:00:00+00:00,SKU027,accesorio,R0059,Buenos Aires,9990,web
S000763,2026-02-19T18:00:00+00:00,SKU012,recarga,R0030,Buenos Aires,1990,estacion
S000764,2026-04-11T11:00:00+00:00,SKU030,accesorio,R0098,Cordoba,3290,app
S000765,2026-04-15T15:00:00+00:00,SKU006,pase,R0002,Buenos Aires,9990,web
S000766,2026-03-16T22:00:00+00:00,SKU037,seguro,R0060,Buenos Aires,14990,app
S000767,2026-05-24T08:00:00+00:00,SKU036,seguro,R0069,Buenos Aires,9990,estacion
S000768,2026-03-19T07:00:00+00:00,SKU037,seguro,R0019,Cordoba,5790,estacion
S000769,2026-01-30T03:00:00+00:00,SKU014,recarga,R0067,Buenos Aires,9990,web
S000770,2026-03-06T04:00:00+00:00,SKU003,pase,R0014,Buenos Aires,3490,app
S000771,2026-04-14T15:00:00+00:00,SKU013,recarga,R0049,Buenos Aires,3490,app
S000772,2026-04-01T15:00:00+00:00,SKU005,pase,R0086,Cordoba,5790,estacion
S000773,2026-03-12T16:00:00+00:00,SKU026,accesorio,R0086,Cordoba,3290,web
S000774,2026-06-12T17:00:00+00:00,SKU013,recarga,R0035,Buenos Aires,3490,app
S000775,2026-02-25T12:00:00+00:00,SKU025,accesorio,R0061,Cordoba,9790,app
S000776,2026-05-05T20:00:00+00:00,SKU003,pase,R0010,Cordoba,1890,app
S000777,2026-06-04T11:00:00+00:00,SKU034,seguro,R0095,Cordoba,5790,web
S000778,2026-03-23T08:00:00+00:00,SKU035,seguro,R0006,Buenos Aires,1990,web
S000779,2026-05-21T19:00:00+00:00,SKU025,accesorio,R0067,Buenos Aires,1990,app
S000780,2026-05-25T10:00:00+00:00,SKU024,accesorio,R0109,Cordoba,5790,app
S000781,2026-03-09T07:00:00+00:00,SKU009,pase,R0116,Cordoba,9790,app
S000782,2026-04-02T05:00:00+00:00,SKU036,seguro,R0024,Cordoba,3290,app
S000783,2026-03-12T14:00:00+00:00,SKU026,accesorio,R0089,Buenos Aires,9990,estacion
S000784,2026-01-21T05:00:00+00:00,SKU025,accesorio,R0117,Buenos Aires,1990,web
S000785,2026-03-02T09:00:00+00:00,SKU024,accesorio,R0049,Cordoba,5790,web
S000786,2026-05-28T09:00:00+00:00,SKU018,recarga,R0118,Cordoba,3290,app
S000787,2026-06-05T09:00:00+00:00,SKU005,pase,R0103,Cordoba,5790,web
S000788,2026-03-06T20:00:00+00:00,SKU002,pase,R0109,Buenos Aires,9990,estacion
S000789,2026-03-14T17:00:00+00:00,SKU020,recarga,R0004,Cordoba,5790,web
S000790,2026-04-23T15:00:00+00:00,SKU001,pase,R0106,Buenos Aires,14990,app
S000791,2026-02-06T20:00:00+00:00,SKU008,pase,R0013,Buenos Aires,1990,app
S000792,2026-04-28T05:00:00+00:00,SKU017,recarga,R0093,Cordoba,1890,app
S000793,2026-04-21T14:00:00+00:00,SKU011,recarga,R0107,Cordoba,9790,estacion
S000794,2026-01-28T05:00:00+00:00,SKU029,accesorio,R0105,Buenos Aires,9990,app
S000795,2026-04-07T02:00:00+00:00,SKU030,accesorio,R0016,Cordoba,3290,estacion
S000796,2026-05-13T16:00:00+00:00,SKU010,pase,R0026,Cordoba,1890,web
S000797,2026-05-14T22:00:00+00:00,SKU019,recarga,R0065,Cordoba,5790,estacion
S000798,2026-05-08T14:00:00+00:00,SKU002,pase,R0100,Cordoba,3290,app
S000799,2026-04-05T07:00:00+00:00,SKU029,accesorio,R0115,Cordoba,1890,app
S000800,2026-02-21T12:00:00+00:00,SKU013,recarga,R0118,Cordoba,5790,app
S000801,2026-02-07T15:00:00+00:00,SKU025,accesorio,R0079,Cordoba,9790,app
S000802,2026-03-07T17:00:00+00:00,SKU021,accesorio,R0059,Buenos Aires,9990,app
S000803,2026-01-27T16:00:00+00:00,SKU017,recarga,R0091,Buenos Aires,5990,estacion
S000804,2026-03-02T14:00:00+00:00,SKU020,recarga,R0094,Buenos Aires,1990,web
S000805,2026-02-13T09:00:00+00:00,SKU028,accesorio,R0024,Cordoba,9790,estacion
S000806,2026-01-28T01:00:00+00:00,SKU010,pase,R0076,Cordoba,1890,estacion
S000807,2026-05-31T19:00:00+00:00,SKU012,recarga,R0048,Cordoba,1890,app
S000808,2026-02-21T13:00:00+00:00,SKU005,pase,R0051,Buenos Aires,5990,app
S000809,2026-05-30T00:00:00+00:00,SKU028,accesorio,R0017,Cordoba,9790,app
S000810,2026-04-05T23:00:00+00:00,SKU012,recarga,R0104,Buenos Aires,1990,estacion
S000811,2026-05-11T09:00:00+00:00,SKU010,pase,R0048,Buenos Aires,9990,web
S000812,2026-02-02T21:00:00+00:00,SKU034,seguro,R0067,Cordoba,5790,app
S000813,2026-03-13T17:00:00+00:00,SKU013,recarga,R0020,Buenos Aires,3490,web
S000814,2026-02-15T03:00:00+00:00,SKU015,recarga,R0046,Cordoba,3290,estacion
S000815,2026-04-14T00:00:00+00:00,SKU036,seguro,R0007,Cordoba,3290,app
S000816,2026-04-28T00:00:00+00:00,SKU002,pase,R0070,Cordoba,3290,web
S000817,2026-01-25T20:00:00+00:00,SKU032,seguro,R0049,Buenos Aires,5990,app
S000818,2026-03-26T07:00:00+00:00,SKU017,recarga,R0093,Cordoba,1890,estacion
S000819,2026-05-29T23:00:00+00:00,SKU018,recarga,R0111,Cordoba,3290,web
S000820,2026-06-04T04:00:00+00:00,SKU021,accesorio,R0063,Cordoba,1890,app
S000821,2026-01-19T04:00:00+00:00,SKU027,accesorio,R0103,Cordoba,3290,estacion
S000822,2026-04-26T17:00:00+00:00,SKU035,seguro,R0067,Cordoba,9790,web
S000823,2026-04-26T18:00:00+00:00,SKU012,recarga,R0058,Buenos Aires,1990,app
S000824,2026-03-15T06:00:00+00:00,SKU016,recarga,R0099,Cordoba,1890,web
S000825,2026-02-09T15:00:00+00:00,SKU009,pase,R0072,Cordoba,9790,app
S000826,2026-04-08T01:00:00+00:00,SKU035,seguro,R0001,Cordoba,9790,app
S000827,2026-03-09T08:00:00+00:00,SKU011,recarga,R0028,Buenos Aires,3490,estacion
S000828,2026-03-28T18:00:00+00:00,SKU024,accesorio,R0119,Buenos Aires,1990,estacion
S000829,2026-05-17T16:00:00+00:00,SKU040,seguro,R0004,Buenos Aires,5990,estacion
S000830,2026-02-14T18:00:00+00:00,SKU013,recarga,R0019,Buenos Aires,3490,app
S000831,2026-06-01T19:00:00+00:00,SKU006,pase,R0033,Buenos Aires,9990,web
S000832,2026-04-20T00:00:00+00:00,SKU017,recarga,R0000,Cordoba,1890,app
S000833,2026-01-25T07:00:00+00:00,SKU028,accesorio,R0094,Cordoba,9790,app
S000834,2026-06-04T22:00:00+00:00,SKU034,seguro,R0040,Buenos Aires,1990,app
S000835,2026-06-01T11:00:00+00:00,SKU004,pase,R0048,Buenos Aires,9990,web
S000836,2026-05-06T22:00:00+00:00,SKU025,accesorio,R0095,Buenos Aires,1990,app
S000837,2026-05-20T14:00:00+00:00,SKU025,accesorio,R0074,Buenos Aires,1990,web
S000838,2026-04-22T01:00:00+00:00,SKU016,recarga,R0038,Cordoba,1890,app
S000839,2026-05-12T01:00:00+00:00,SKU030,accesorio,R0013,Cordoba,3290,web
S000840,2026-05-18T04:00:00+00:00,SKU039,seguro,R0111,Cordoba,5790,app
S000841,2026-05-11T18:00:00+00:00,SKU006,pase,R0011,Buenos Aires,9990,estacion
S000842,2026-06-09T11:00:00+00:00,SKU035,seguro,R0104,Buenos Aires,1990,app
S000843,2026-04-13T01:00:00+00:00,SKU016,recarga,R0022,Buenos Aires,5990,web
S000844,2026-02-19T07:00:00+00:00,SKU004,pase,R0026,Cordoba,1890,estacion
S000845,2026-02-11T06:00:00+00:00,SKU006,pase,R0028,Buenos Aires,9990,app
S000846,2026-06-01T09:00:00+00:00,SKU013,recarga,R0003,Buenos Aires,3490,estacion
S000847,2026-05-03T01:00:00+00:00,SKU038,seguro,R0088,Cordoba,3290,web
S000848,2026-04-03T00:00:00+00:00,SKU017,recarga,R0104,Cordoba,1890,app
S000849,2026-01-16T09:00:00+00:00,SKU016,recarga,R0111,Cordoba,1890,web
S000850,2026-05-01T05:00:00+00:00,SKU028,accesorio,R0073,Cordoba,9790,app
S000851,2026-02-15T22:00:00+00:00,SKU029,accesorio,R0011,Buenos Aires,9990,web
S000852,2026-06-13T23:00:00+00:00,SKU031,seguro,R0073,Buenos Aires,9990,app
S000853,2026-03-08T11:00:00+00:00,SKU002,pase,R0045,Buenos Aires,9990,app
S000854,2026-05-17T12:00:00+00:00,SKU016,recarga,R0068,Cordoba,1890,estacion
S000855,2026-05-01T00:00:00+00:00,SKU027,accesorio,R0115,Buenos Aires,9990,estacion
S000856,2026-05-05T09:00:00+00:00,SKU039,seguro,R0012,Buenos Aires,14990,app
S000857,2026-02-25T21:00:00+00:00,SKU013,recarga,R0033,Buenos Aires,3490,app
S000858,2026-03-20T12:00:00+00:00,SKU002,pase,R0002,Buenos Aires,9990,estacion
S000859,2026-03-18T13:00:00+00:00,SKU005,pase,R0080,Buenos Aires,5990,app
S000860,2026-03-07T12:00:00+00:00,SKU024,accesorio,R0080,Cordoba,5790,web
S000861,2026-04-04T19:00:00+00:00,SKU028,accesorio,R0049,Cordoba,9790,web
S000862,2026-05-07T20:00:00+00:00,SKU027,accesorio,R0085,Buenos Aires,9990,app
S000863,2026-03-31T14:00:00+00:00,SKU040,seguro,R0026,Cordoba,5790,app
S000864,2026-02-24T12:00:00+00:00,SKU013,recarga,R0062,Cordoba,5790,app
S000865,2026-02-17T03:00:00+00:00,SKU036,seguro,R0057,Cordoba,3290,web
S000866,2026-01-17T13:00:00+00:00,SKU039,seguro,R0000,Cordoba,5790,web
S000867,2026-02-27T00:00:00+00:00,SKU018,recarga,R0110,Cordoba,3290,app
S000868,2026-02-28T06:00:00+00:00,SKU016,recarga,R0060,Buenos Aires,5990,app
S000869,2026-05-20T09:00:00+00:00,SKU020,recarga,R0070,Buenos Aires,1990,app
S000870,2026-03-08T02:00:00+00:00,SKU030,accesorio,R0113,Buenos Aires,3490,estacion
S000871,2026-02-11T03:00:00+00:00,SKU019,recarga,R0011,Cordoba,5790,web
S000872,2026-06-12T19:00:00+00:00,SKU039,seguro,R0104,Buenos Aires,14990,web
S000873,2026-03-19T18:00:00+00:00,SKU022,accesorio,R0047,Buenos Aires,1990,estacion
S000874,2026-04-10T18:00:00+00:00,SKU038,seguro,R0117,Cordoba,3290,app
S000875,2026-01-31T17:00:00+00:00,SKU001,pase,R0023,Cordoba,9790,app
S000876,2026-03-09T21:00:00+00:00,SKU028,accesorio,R0066,Buenos Aires,5990,estacion
S000877,2026-01-15T06:00:00+00:00,SKU040,seguro,R0043,Buenos Aires,5990,app
S000878,2026-05-31T05:00:00+00:00,SKU033,seguro,R0101,Cordoba,1890,estacion
S000879,2026-03-19T23:00:00+00:00,SKU034,seguro,R0116,Buenos Aires,1990,estacion
S000880,2026-06-01T19:00:00+00:00,SKU027,accesorio,R0113,Cordoba,3290,web
S000881,2026-01-27T19:00:00+00:00,SKU015,recarga,R0072,Cordoba,3290,app
S000882,2026-02-08T22:00:00+00:00,SKU016,recarga,R0089,Cordoba,1890,app
S000883,2026-05-01T19:00:00+00:00,SKU004,pase,R0102,Cordoba,1890,app
S000884,2026-05-02T20:00:00+00:00,SKU024,accesorio,R0049,Cordoba,5790,app
S000885,2026-06-09T14:00:00+00:00,SKU022,accesorio,R0011,Buenos Aires,1990,web
S000886,2026-02-13T23:00:00+00:00,SKU021,accesorio,R0097,Cordoba,1890,estacion
S000887,2026-01-19T05:00:00+00:00,SKU032,seguro,R0021,Cordoba,9790,app
S000888,2026-02-22T07:00:00+00:00,SKU003,pase,R0062,Cordoba,1890,app
S000889,2026-04-21T16:00:00+00:00,SKU013,recarga,R0085,Buenos Aires,3490,app
S000890,2026-05-03T11:00:00+00:00,SKU027,accesorio,R0040,Buenos Aires,9990,app
S000891,2026-05-11T02:00:00+00:00,SKU020,recarga,R0116,Buenos Aires,1990,web
S000892,2026-04-12T06:00:00+00:00,SKU008,pase,R0085,Cordoba,9790,app
S000893,2026-03-21T16:00:00+00:00,SKU011,recarga,R0107,Cordoba,9790,app
S000894,2026-05-18T10:00:00+00:00,SKU029,accesorio,R0088,Cordoba,1890,app
S000895,2026-04-25T07:00:00+00:00,SKU029,accesorio,R0022,Buenos Aires,9990,app
S000896,2026-02-23T23:00:00+00:00,SKU033,seguro,R0027,Buenos Aires,5990,web
S000897,2026-03-01T12:00:00+00:00,SKU017,recarga,R0018,Cordoba,1890,app
S000898,2026-03-25T18:00:00+00:00,SKU019,recarga,R0051,Cordoba,5790,app
S000899,2026-05-11T18:00:00+00:00,SKU003,pase,R0024,Buenos Aires,3490,web
S000900,2026-03-03T06:00:00+00:00,SKU028,accesorio,R0000,Buenos Aires,5990,app
S000901,2026-03-05T18:00:00+00:00,SKU028,accesorio,R0107,Cordoba,9790,app
S000902,2026-02-07T14:00:00+00:00,SKU001,pase,R0110,Buenos Aires,14990,app
S000903,2026-04-06T21:00:00+00:00,SKU014,recarga,R0012,Cordoba,3290,app
S000904,2026-05-24T12:00:00+00:00,SKU033,seguro,R0033,Cordoba,1890,app
S000905,2026-04-28T02:00:00+00:00,SKU039,seguro,R0007,Buenos Aires,14990,web
S000906,2026-05-06T07:00:00+00:00,SKU026,accesorio,R0030,Buenos Aires,9990,web
S000907,2026-02-08T04:00:00+00:00,SKU025,accesorio,R0072,Cordoba,9790,app
S000908,2026-06-07T08:00:00+00:00,SKU034,seguro,R0018,Buenos Aires,1990,web
S000909,2026-05-15T01:00:00+00:00,SKU008,pase,R0061,Buenos Aires,1990,estacion
S000910,2026-03-21T12:00:00+00:00,SKU039,seguro,R0036,Buenos Aires,14990,web
S000911,2026-06-03T06:00:00+00:00,SKU035,seguro,R0113,Cordoba,9790,app
S000912,2026-03-31T21:00:00+00:00,SKU038,seguro,R0014,Buenos Aires,1990,app
S000913,2026-01-15T04:00:00+00:00,SKU033,seguro,R0026,Buenos Aires,5990,app
S000914,2026-04-27T16:00:00+00:00,SKU003,pase,R0088,Cordoba,1890,app
S000915,2026-04-29T03:00:00+00:00,SKU021,accesorio,R0110,Cordoba,1890,estacion
S000916,2026-04-17T03:00:00+00:00,SKU026,accesorio,R0093,Cordoba,3290,app
S000917,2026-01-29T20:00:00+00:00,SKU010,pase,R0013,Buenos Aires,9990,web
S000918,2026-03-05T22:00:00+00:00,SKU006,pase,R0040,Cordoba,9790,app
S000919,2026-03-10T21:00:00+00:00,SKU031,seguro,R0117,Cordoba,1890,web
S000920,2026-05-29T22:00:00+00:00,SKU011,recarga,R0024,Cordoba,9790,web
S000921,2026-04-26T21:00:00+00:00,SKU026,accesorio,R0007,Cordoba,3290,app
S000922,2026-04-11T12:00:00+00:00,SKU032,seguro,R0022,Cordoba,9790,web
S000923,2026-03-13T14:00:00+00:00,SKU035,seguro,R0003,Buenos Aires,1990,app
S000924,2026-01-21T16:00:00+00:00,SKU012,recarga,R0089,Cordoba,1890,app
S000925,2026-03-04T20:00:00+00:00,SKU010,pase,R0081,Cordoba,1890,web
S000926,2026-01-18T23:00:00+00:00,SKU029,accesorio,R0020,Cordoba,1890,app
S000927,2026-02-18T16:00:00+00:00,SKU013,recarga,R0037,Cordoba,5790,web
S000928,2026-03-14T14:00:00+00:00,SKU039,seguro,R0114,Cordoba,5790,web
S000929,2026-05-27T03:00:00+00:00,SKU013,recarga,R0016,Buenos Aires,3490,web
S000930,2026-03-16T05:00:00+00:00,SKU002,pase,R0038,Cordoba,3290,app
S000931,2026-02-21T02:00:00+00:00,SKU032,seguro,R0087,Cordoba,9790,web
S000932,2026-03-27T05:00:00+00:00,SKU021,accesorio,R0095,Cordoba,1890,estacion
S000933,2026-01-26T00:00:00+00:00,SKU027,accesorio,R0034,Buenos Aires,9990,web
S000934,2026-02-14T20:00:00+00:00,SKU035,seguro,R0067,Cordoba,9790,web
S000935,2026-05-01T08:00:00+00:00,SKU014,recarga,R0111,Cordoba,3290,app
S000936,2026-02-07T17:00:00+00:00,SKU006,pase,R0102,Cordoba,9790,app
S000937,2026-04-18T08:00:00+00:00,SKU033,seguro,R0061,Buenos Aires,5990,app
S000938,2026-01-28T05:00:00+00:00,SKU016,recarga,R0019,Cordoba,1890,web
S000939,2026-03-30T02:00:00+00:00,SKU021,accesorio,R0013,Buenos Aires,9990,web
S000940,2026-05-31T08:00:00+00:00,SKU029,accesorio,R0014,Buenos Aires,9990,estacion
S000941,2026-04-05T18:00:00+00:00,SKU015,recarga,R0081,Buenos Aires,9990,app
S000942,2026-03-25T19:00:00+00:00,SKU035,seguro,R0048,Cordoba,9790,web
S000943,2026-05-23T23:00:00+00:00,SKU037,seguro,R0077,Cordoba,5790,app
S000944,2026-03-30T07:00:00+00:00,SKU019,recarga,R0007,Buenos Aires,3490,estacion
S000945,2026-05-31T07:00:00+00:00,SKU030,accesorio,R0025,Buenos Aires,3490,web
S000946,2026-03-09T14:00:00+00:00,SKU027,accesorio,R0081,Buenos Aires,9990,app
S000947,2026-06-01T02:00:00+00:00,SKU029,accesorio,R0008,Buenos Aires,9990,app
S000948,2026-02-15T03:00:00+00:00,SKU024,accesorio,R0042,Buenos Aires,1990,estacion
S000949,2026-05-25T04:00:00+00:00,SKU027,accesorio,R0024,Buenos Aires,9990,app
S000950,2026-02-04T21:00:00+00:00,SKU037,seguro,R0024,Buenos Aires,14990,estacion
S000951,2026-01-15T06:00:00+00:00,SKU018,recarga,R0093,Buenos Aires,3490,app
S000952,2026-05-17T10:00:00+00:00,SKU040,seguro,R0006,Cordoba,5790,app
S000953,2026-03-21T01:00:00+00:00,SKU026,accesorio,R0027,Buenos Aires,9990,estacion
S000954,2026-03-15T14:00:00+00:00,SKU028,accesorio,R0066,Cordoba,9790,app
S000955,2026-03-27T10:00:00+00:00,SKU011,recarga,R0104,Buenos Aires,3490,estacion
S000956,2026-04-04T04:00:00+00:00,SKU029,accesorio,R0106,Buenos Aires,9990,app
S000957,2026-02-09T15:00:00+00:00,SKU011,recarga,R0067,Buenos Aires,3490,estacion
S000958,2026-03-10T20:00:00+00:00,SKU012,recarga,R0028,Cordoba,1890,estacion
S000959,2026-06-01T13:00:00+00:00,SKU005,pase,R0076,Buenos Aires,5990,app
S000960,2026-05-16T07:00:00+00:00,SKU029,accesorio,R0086,Buenos Aires,9990,web
S000961,2026-06-04T12:00:00+00:00,SKU025,accesorio,R0089,Cordoba,9790,app
S000962,2026-02-23T00:00:00+00:00,SKU026,accesorio,R0076,Buenos Aires,9990,app
S000963,2026-01-29T01:00:00+00:00,SKU029,accesorio,R0033,Cordoba,1890,app
S000964,2026-06-09T05:00:00+00:00,SKU037,seguro,R0046,Cordoba,5790,app
S000965,2026-04-01T13:00:00+00:00,SKU025,accesorio,R0039,Buenos Aires,1990,app
S000966,2026-03-30T15:00:00+00:00,SKU028,accesorio,R0104,Cordoba,9790,estacion
S000967,2026-05-31T22:00:00+00:00,SKU017,recarga,R0062,Buenos Aires,5990,app
S000968,2026-06-10T16:00:00+00:00,SKU035,seguro,R0033,Buenos Aires,1990,app
S000969,2026-05-05T10:00:00+00:00,SKU020,recarga,R0007,Buenos Aires,1990,app
S000970,2026-03-14T06:00:00+00:00,SKU003,pase,R0019,Buenos Aires,3490,app
S000971,2026-01-26T16:00:00+00:00,SKU008,pase,R0093,Buenos Aires,1990,web
S000972,2026-04-25T10:00:00+00:00,SKU025,accesorio,R0083,Buenos Aires,1990,web
S000973,2026-06-01T09:00:00+00:00,SKU001,pase,R0009,Buenos Aires,14990,app
S000974,2026-05-16T21:00:00+00:00,SKU036,seguro,R0088,Cordoba,3290,app
S000975,2026-02-14T21:00:00+00:00,SKU012,recarga,R0079,Cordoba,1890,web
S000976,2026-01-23T18:00:00+00:00,SKU028,accesorio,R0044,Buenos Aires,5990,estacion
S000977,2026-03-22T07:00:00+00:00,SKU017,recarga,R0026,Buenos Aires,5990,app
S000978,2026-02-17T03:00:00+00:00,SKU034,seguro,R0056,Cordoba,5790,estacion
S000979,2026-04-06T04:00:00+00:00,SKU024,accesorio,R0119,Buenos Aires,1990,estacion
S000980,2026-05-06T12:00:00+00:00,SKU005,pase,R0056,Buenos Aires,5990,web
S000981,2026-02-21T09:00:00+00:00,SKU034,seguro,R0065,Buenos Aires,1990,web
S000982,2026-02-05T07:00:00+00:00,SKU031,seguro,R0091,Cordoba,1890,app
S000983,2026-05-11T02:00:00+00:00,SKU013,recarga,R0027,Buenos Aires,3490,app
S000984,2026-02-19T22:00:00+00:00,SKU008,pase,R0067,Buenos Aires,1990,app
S000985,2026-05-25T07:00:00+00:00,SKU010,pase,R0102,Cordoba,1890,app
S000986,2026-04-22T11:00:00+00:00,SKU029,accesorio,R0035,Cordoba,1890,app
S000987,2026-03-31T07:00:00+00:00,SKU013,recarga,R0010,Cordoba,5790,estacion
S000988,2026-05-05T10:00:00+00:00,SKU016,recarga,R0007,Buenos Aires,5990,web
S000989,2026-03-21T14:00:00+00:00,SKU006,pase,R0050,Cordoba,9790,app
S000990,2026-05-17T09:00:00+00:00,SKU003,pase,R0110,Buenos Aires,3490,app
S000991,2026-05-14T02:00:00+00:00,SKU037,seguro,R0076,Buenos Aires,14990,app
S000992,2026-03-23T16:00:00+00:00,SKU004,pase,R0048,Buenos Aires,9990,app
S000993,2026-02-08T11:00:00+00:00,SKU028,accesorio,R0119,Cordoba,9790,app
S000994,2026-04-07T20:00:00+00:00,SKU029,accesorio,R0045,Buenos Aires,9990,app
S000995,2026-06-09T08:00:00+00:00,SKU019,recarga,R0108,Buenos Aires,3490,app
S000996,2026-02-28T03:00:00+00:00,SKU022,accesorio,R0004,Cordoba,3290,app
S000997,2026-05-24T23:00:00+00:00,SKU026,accesorio,R0045,Cordoba,3290,estacion
S000998,2026-03-17T06:00:00+00:00,SKU027,accesorio,R0074,Buenos Aires,9990,app
S000999,2026-04-03T03:00:00+00:00,SKU016,recarga,R0031,Cordoba,1890,web
S001000,2026-03-30T21:00:00+00:00,SKU004,pase,R0118,Cordoba,1890,estacion
S001001,2026-03-12T01:00:00+00:00,SKU028,accesorio,R0031,Buenos Aires,5990,estacion
S001002,2026-04-26T12:00:00+00:00,SKU020,recarga,R0094,Buenos Aires,1990,estacion
S001003,2026-04-15T01:00:00+00:00,SKU018,recarga,R0045,Cordoba,3290,estacion
S001004,2026-04-11T06:00:00+00:00,SKU017,recarga,R0006,Cordoba,1890,web
S001005,2026-03-06T15:00:00+00:00,SKU040,seguro,R0044,Buenos Aires,5990,app
S001006,2026-02-15T06:00:00+00:00,SKU033,seguro,R0099,Cordoba,1890,app
S001007,2026-04-15T20:00:00+00:00,SKU032,seguro,R0045,Buenos Aires,5990,estacion
S001008,2026-02-08T08:00:00+00:00,SKU013,recarga,R0081,Cordoba,5790,web
S001009,2026-02-16T18:00:00+00:00,SKU031,seguro,R0063,Buenos Aires,9990,web
S001010,2026-01-30T12:00:00+00:00,SKU037,seguro,R0098,Cordoba,5790,web
S001011,2026-04-25T06:00:00+00:00,SKU034,seguro,R0002,Buenos Aires,1990,app
S001012,2026-06-05T08:00:00+00:00,SKU005,pase,R0027,Buenos Aires,5990,app
S001013,2026-05-25T09:00:00+00:00,SKU030,accesorio,R0002,Buenos Aires,3490,app
S001014,2026-02-18T15:00:00+00:00,SKU017,recarga,R0077,Cordoba,1890,estacion
S001015,2026-02-12T08:00:00+00:00,SKU019,recarga,R0100,Buenos Aires,3490,estacion
S001016,2026-05-10T00:00:00+00:00,SKU027,accesorio,R0042,Buenos Aires,9990,app
S001017,2026-03-22T01:00:00+00:00,SKU026,accesorio,R0066,Buenos Aires,9990,app
S001018,2026-01-28T06:00:00+00:00,SKU015,recarga,R0112,Buenos Aires,9990,web
S001019,2026-03-20T02:00:00+00:00,SKU004,pase,R0060,Cordoba,1890,estacion
S001020,2026-05-25T02:00:00+00:00,SKU036,seguro,R0058,Cordoba,3290,estacion
S001021,2026-02-02T15:00:00+00:00,SKU004,pase,R0088,Buenos Aires,9990,web
S001022,2026-03-19T15:00:00+00:00,SKU010,pase,R0079,Cordoba,1890,app
S001023,2026-04-21T12:00:00+00:00,SKU020,recarga,R0009,Cordoba,5790,estacion
S001024,2026-01-19T15:00:00+00:00,SKU034,seguro,R0068,Buenos Aires,1990,web
S001025,2026-05-10T23:00:00+00:00,SKU035,seguro,R0015,Cordoba,9790,web
S001026,2026-03-19T22:00:00+00:00,SKU034,seguro,R0090,Buenos Aires,1990,app
S001027,2026-01-28T05:00:00+00:00,SKU040,seguro,R0081,Cordoba,5790,app
S001028,2026-03-29T11:00:00+00:00,SKU037,seguro,R0008,Buenos Aires,14990,estacion
S001029,2026-06-02T04:00:00+00:00,SKU016,recarga,R0093,Cordoba,1890,app
S001030,2026-04-09T07:00:00+00:00,SKU034,seguro,R0063,Cordoba,5790,web
S001031,2026-04-04T15:00:00+00:00,SKU029,accesorio,R0051,Cordoba,1890,app
S001032,2026-03-19T13:00:00+00:00,SKU036,seguro,R0031,Cordoba,3290,app
S001033,2026-03-24T13:00:00+00:00,SKU011,recarga,R0039,Buenos Aires,3490,app
S001034,2026-04-30T17:00:00+00:00,SKU010,pase,R0074,Cordoba,1890,app
S001035,2026-05-18T07:00:00+00:00,SKU031,seguro,R0019,Cordoba,1890,app
S001036,2026-02-06T13:00:00+00:00,SKU018,recarga,R0012,Cordoba,3290,web
S001037,2026-03-20T05:00:00+00:00,SKU001,pase,R0071,Buenos Aires,14990,web
S001038,2026-05-23T14:00:00+00:00,SKU040,seguro,R0061,Cordoba,5790,app
S001039,2026-06-11T01:00:00+00:00,SKU025,accesorio,R0104,Buenos Aires,1990,app
S001040,2026-02-23T02:00:00+00:00,SKU036,seguro,R0049,Buenos Aires,9990,app
S001041,2026-02-17T14:00:00+00:00,SKU023,accesorio,R0088,Buenos Aires,14990,web
S001042,2026-03-20T14:00:00+00:00,SKU038,seguro,R0018,Buenos Aires,1990,app
S001043,2026-03-08T04:00:00+00:00,SKU038,seguro,R0073,Cordoba,3290,web
S001044,2026-03-05T20:00:00+00:00,SKU021,accesorio,R0018,Cordoba,1890,estacion
S001045,2026-06-02T07:00:00+00:00,SKU022,accesorio,R0044,Cordoba,3290,web
S001046,2026-06-10T00:00:00+00:00,SKU035,seguro,R0006,Cordoba,9790,web
S001047,2026-04-10T02:00:00+00:00,SKU026,accesorio,R0006,Buenos Aires,9990,app
S001048,2026-06-13T02:00:00+00:00,SKU013,recarga,R0040,Buenos Aires,3490,estacion
S001049,2026-05-04T18:00:00+00:00,SKU034,seguro,R0102,Buenos Aires,1990,app
S001050,2026-03-25T06:00:00+00:00,SKU017,recarga,R0063,Buenos Aires,5990,app
S001051,2026-05-02T09:00:00+00:00,SKU009,pase,R0039,Cordoba,9790,web
S001052,2026-04-01T15:00:00+00:00,SKU020,recarga,R0005,Buenos Aires,1990,app
S001053,2026-06-10T12:00:00+00:00,SKU008,pase,R0067,Buenos Aires,1990,app
S001054,2026-04-12T02:00:00+00:00,SKU019,recarga,R0109,Cordoba,5790,web
S001055,2026-05-01T04:00:00+00:00,SKU012,recarga,R0052,Buenos Aires,1990,app
S001056,2026-02-23T11:00:00+00:00,SKU033,seguro,R0089,Cordoba,1890,app
S001057,2026-06-04T08:00:00+00:00,SKU006,pase,R0015,Cordoba,9790,estacion
S001058,2026-04-15T23:00:00+00:00,SKU031,seguro,R0014,Cordoba,1890,web
S001059,2026-02-06T17:00:00+00:00,SKU018,recarga,R0102,Cordoba,3290,web
S001060,2026-04-01T04:00:00+00:00,SKU028,accesorio,R0079,Cordoba,9790,web
S001061,2026-04-03T16:00:00+00:00,SKU013,recarga,R0116,Cordoba,5790,estacion
S001062,2026-05-24T09:00:00+00:00,SKU009,pase,R0028,Buenos Aires,5990,app
S001063,2026-06-06T23:00:00+00:00,SKU035,seguro,R0019,Cordoba,9790,app
S001064,2026-06-13T16:00:00+00:00,SKU011,recarga,R0071,Cordoba,9790,web
S001065,2026-01-25T01:00:00+00:00,SKU001,pase,R0006,Cordoba,9790,app
S001066,2026-05-08T18:00:00+00:00,SKU037,seguro,R0077,Buenos Aires,14990,web
S001067,2026-03-24T18:00:00+00:00,SKU031,seguro,R0092,Buenos Aires,9990,estacion
S001068,2026-05-21T19:00:00+00:00,SKU022,accesorio,R0106,Cordoba,3290,app
S001069,2026-05-22T13:00:00+00:00,SKU034,seguro,R0018,Cordoba,5790,web
S001070,2026-04-01T13:00:00+00:00,SKU038,seguro,R0064,Cordoba,3290,web
S001071,2026-04-30T00:00:00+00:00,SKU026,accesorio,R0104,Buenos Aires,9990,app
S001072,2026-03-14T21:00:00+00:00,SKU005,pase,R0027,Cordoba,5790,estacion
S001073,2026-04-24T08:00:00+00:00,SKU004,pase,R0106,Cordoba,1890,app
S001074,2026-04-06T10:00:00+00:00,SKU009,pase,R0024,Cordoba,9790,app
S001075,2026-06-06T16:00:00+00:00,SKU039,seguro,R0038,Buenos Aires,14990,web
S001076,2026-02-08T12:00:00+00:00,SKU004,pase,R0024,Cordoba,1890,web
S001077,2026-03-21T21:00:00+00:00,SKU008,pase,R0037,Buenos Aires,1990,web
S001078,2026-01-17T13:00:00+00:00,SKU008,pase,R0089,Cordoba,9790,app
S001079,2026-04-12T21:00:00+00:00,SKU002,pase,R0106,Buenos Aires,9990,estacion
S001080,2026-04-02T04:00:00+00:00,SKU004,pase,R0025,Cordoba,1890,web
S001081,2026-01-31T14:00:00+00:00,SKU009,pase,R0106,Buenos Aires,5990,estacion
S001082,2026-04-30T15:00:00+00:00,SKU003,pase,R0029,Buenos Aires,3490,web
S001083,2026-02-09T21:00:00+00:00,SKU030,accesorio,R0000,Cordoba,3290,app
S001084,2026-03-28T12:00:00+00:00,SKU006,pase,R0117,Buenos Aires,9990,estacion
S001085,2026-03-18T20:00:00+00:00,SKU008,pase,R0045,Cordoba,9790,web
S001086,2026-01-18T08:00:00+00:00,SKU004,pase,R0019,Cordoba,1890,estacion
S001087,2026-01-16T11:00:00+00:00,SKU035,seguro,R0081,Cordoba,9790,estacion
S001088,2026-04-01T20:00:00+00:00,SKU002,pase,R0045,Buenos Aires,9990,app
S001089,2026-04-13T09:00:00+00:00,SKU026,accesorio,R0010,Buenos Aires,9990,web
S001090,2026-05-25T06:00:00+00:00,SKU010,pase,R0098,Buenos Aires,9990,app
S001091,2026-02-09T19:00:00+00:00,SKU022,accesorio,R0060,Cordoba,3290,estacion
S001092,2026-05-03T08:00:00+00:00,SKU010,pase,R0028,Buenos Aires,9990,app
S001093,2026-03-06T07:00:00+00:00,SKU035,seguro,R0106,Buenos Aires,1990,estacion
S001094,2026-05-13T08:00:00+00:00,SKU021,accesorio,R0012,Buenos Aires,9990,app
S001095,2026-03-06T12:00:00+00:00,SKU031,seguro,R0110,Buenos Aires,9990,web
S001096,2026-02-03T00:00:00+00:00,SKU025,accesorio,R0048,Cordoba,9790,app
S001097,2026-05-04T15:00:00+00:00,SKU030,accesorio,R0065,Buenos Aires,3490,app
S001098,2026-01-15T06:00:00+00:00,SKU039,seguro,R0039,Buenos Aires,14990,app
S001099,2026-05-11T06:00:00+00:00,SKU014,recarga,R0028,Buenos Aires,9990,estacion
S001100,2026-02-19T23:00:00+00:00,SKU038,seguro,R0079,Buenos Aires,1990,app
S001101,2026-02-28T04:00:00+00:00,SKU036,seguro,R0091,Cordoba,3290,app
S001102,2026-02-17T01:00:00+00:00,SKU014,recarga,R0064,Cordoba,3290,app
S001103,2026-03-07T11:00:00+00:00,SKU012,recarga,R0019,Cordoba,1890,estacion
S001104,2026-02-04T13:00:00+00:00,SKU037,seguro,R0052,Buenos Aires,14990,estacion
S001105,2026-01-24T12:00:00+00:00,SKU006,pase,R0053,Cordoba,9790,web
S001106,2026-03-15T10:00:00+00:00,SKU013,recarga,R0064,Buenos Aires,3490,app
S001107,2026-04-03T12:00:00+00:00,SKU027,accesorio,R0076,Cordoba,3290,app
S001108,2026-05-03T16:00:00+00:00,SKU032,seguro,R0000,Cordoba,9790,estacion
S001109,2026-02-24T20:00:00+00:00,SKU010,pase,R0016,Cordoba,1890,app
S001110,2026-05-10T20:00:00+00:00,SKU026,accesorio,R0051,Buenos Aires,9990,web
S001111,2026-02-13T15:00:00+00:00,SKU026,accesorio,R0084,Cordoba,3290,web
S001112,2026-02-01T10:00:00+00:00,SKU026,accesorio,R0036,Buenos Aires,9990,web
S001113,2026-02-02T15:00:00+00:00,SKU016,recarga,R0101,Buenos Aires,5990,app
S001114,2026-01-23T18:00:00+00:00,SKU036,seguro,R0109,Buenos Aires,9990,app
S001115,2026-04-15T18:00:00+00:00,SKU013,recarga,R0064,Cordoba,5790,web
S001116,2026-03-24T16:00:00+00:00,SKU033,seguro,R0006,Cordoba,1890,app
S001117,2026-04-10T12:00:00+00:00,SKU026,accesorio,R0080,Cordoba,3290,estacion
S001118,2026-03-04T08:00:00+00:00,SKU030,accesorio,R0061,Cordoba,3290,app
S001119,2026-05-24T17:00:00+00:00,SKU039,seguro,R0089,Cordoba,5790,estacion
S001120,2026-03-24T12:00:00+00:00,SKU027,accesorio,R0072,Buenos Aires,9990,app
S001121,2026-05-04T12:00:00+00:00,SKU010,pase,R0119,Buenos Aires,9990,web
S001122,2026-02-04T18:00:00+00:00,SKU028,accesorio,R0075,Cordoba,9790,web
S001123,2026-03-30T05:00:00+00:00,SKU031,seguro,R0003,Buenos Aires,9990,web
S001124,2026-05-06T05:00:00+00:00,SKU030,accesorio,R0114,Buenos Aires,3490,estacion
S001125,2026-05-06T23:00:00+00:00,SKU020,recarga,R0067,Cordoba,5790,app
S001126,2026-05-05T01:00:00+00:00,SKU023,accesorio,R0081,Cordoba,5790,app
S001127,2026-03-21T15:00:00+00:00,SKU015,recarga,R0013,Buenos Aires,9990,app
S001128,2026-05-03T11:00:00+00:00,SKU038,seguro,R0106,Cordoba,3290,app
S001129,2026-03-06T08:00:00+00:00,SKU012,recarga,R0093,Cordoba,1890,web
S001130,2026-04-11T11:00:00+00:00,SKU032,seguro,R0112,Cordoba,9790,web
S001131,2026-03-20T20:00:00+00:00,SKU016,recarga,R0104,Buenos Aires,5990,app
S001132,2026-03-10T12:00:00+00:00,SKU034,seguro,R0038,Cordoba,5790,app
S001133,2026-04-10T18:00:00+00:00,SKU018,recarga,R0099,Cordoba,3290,app
S001134,2026-06-09T10:00:00+00:00,SKU001,pase,R0094,Buenos Aires,14990,estacion
S001135,2026-06-03T02:00:00+00:00,SKU036,seguro,R0050,Buenos Aires,9990,estacion
S001136,2026-02-16T05:00:00+00:00,SKU024,accesorio,R0096,Buenos Aires,1990,estacion
S001137,2026-05-19T17:00:00+00:00,SKU005,pase,R0054,Buenos Aires,5990,app
S001138,2026-04-15T17:00:00+00:00,SKU005,pase,R0039,Cordoba,5790,app
S001139,2026-04-07T14:00:00+00:00,SKU023,accesorio,R0100,Buenos Aires,14990,app
S001140,2026-01-24T22:00:00+00:00,SKU012,recarga,R0049,Buenos Aires,1990,app
S001141,2026-01-21T13:00:00+00:00,SKU017,recarga,R0072,Cordoba,1890,app
S001142,2026-04-15T21:00:00+00:00,SKU012,recarga,R0044,Cordoba,1890,estacion
S001143,2026-04-25T03:00:00+00:00,SKU002,pase,R0115,Buenos Aires,9990,app
S001144,2026-05-28T19:00:00+00:00,SKU004,pase,R0080,Cordoba,1890,estacion
S001145,2026-01-30T04:00:00+00:00,SKU023,accesorio,R0118,Cordoba,5790,app
S001146,2026-01-16T09:00:00+00:00,SKU020,recarga,R0072,Cordoba,5790,app
S001147,2026-05-27T10:00:00+00:00,SKU028,accesorio,R0111,Buenos Aires,5990,app
S001148,2026-05-23T20:00:00+00:00,SKU006,pase,R0029,Cordoba,9790,app
S001149,2026-04-28T03:00:00+00:00,SKU012,recarga,R0105,Cordoba,1890,estacion
S001150,2026-02-27T11:00:00+00:00,SKU030,accesorio,R0022,Cordoba,3290,app
S001151,2026-02-20T11:00:00+00:00,SKU010,pase,R0044,Cordoba,1890,app
S001152,2026-05-08T06:00:00+00:00,SKU029,accesorio,R0089,Cordoba,1890,estacion
S001153,2026-05-24T05:00:00+00:00,SKU040,seguro,R0033,Cordoba,5790,app
S001154,2026-05-10T00:00:00+00:00,SKU033,seguro,R0042,Buenos Aires,5990,estacion
S001155,2026-04-13T18:00:00+00:00,SKU027,accesorio,R0066,Cordoba,3290,app
S001156,2026-02-10T23:00:00+00:00,SKU036,seguro,R0078,Buenos Aires,9990,web
S001157,2026-03-14T19:00:00+00:00,SKU015,recarga,R0005,Cordoba,3290,app
S001158,2026-06-09T12:00:00+00:00,SKU016,recarga,R0005,Cordoba,1890,app
S001159,2026-05-17T05:00:00+00:00,SKU010,pase,R0027,Buenos Aires,9990,estacion
S001160,2026-02-11T01:00:00+00:00,SKU016,recarga,R0025,Cordoba,1890,estacion
S001161,2026-05-11T18:00:00+00:00,SKU009,pase,R0108,Buenos Aires,5990,app
S001162,2026-05-03T21:00:00+00:00,SKU040,seguro,R0064,Buenos Aires,5990,app
S001163,2026-03-20T17:00:00+00:00,SKU039,seguro,R0034,Cordoba,5790,app
S001164,2026-04-26T01:00:00+00:00,SKU015,recarga,R0017,Buenos Aires,9990,web
S001165,2026-01-27T16:00:00+00:00,SKU035,seguro,R0116,Cordoba,9790,web
S001166,2026-02-14T23:00:00+00:00,SKU038,seguro,R0085,Cordoba,3290,estacion
S001167,2026-02-18T02:00:00+00:00,SKU035,seguro,R0089,Cordoba,9790,estacion
S001168,2026-01-26T21:00:00+00:00,SKU010,pase,R0106,Cordoba,1890,estacion
S001169,2026-04-25T11:00:00+00:00,SKU005,pase,R0081,Buenos Aires,5990,app
S001170,2026-03-13T12:00:00+00:00,SKU034,seguro,R0106,Cordoba,5790,app
S001171,2026-01-29T01:00:00+00:00,SKU013,recarga,R0079,Cordoba,5790,app
S001172,2026-04-15T15:00:00+00:00,SKU040,seguro,R0068,Buenos Aires,5990,app
S001173,2026-06-12T15:00:00+00:00,SKU001,pase,R0107,Cordoba,9790,app
S001174,2026-03-05T02:00:00+00:00,SKU005,pase,R0039,Buenos Aires,5990,app
S001175,2026-05-30T23:00:00+00:00,SKU021,accesorio,R0060,Buenos Aires,9990,web
S001176,2026-04-15T00:00:00+00:00,SKU018,recarga,R0102,Buenos Aires,3490,estacion
S001177,2026-02-23T02:00:00+00:00,SKU035,seguro,R0012,Cordoba,9790,estacion
S001178,2026-05-07T16:00:00+00:00,SKU030,accesorio,R0078,Cordoba,3290,web
S001179,2026-04-29T07:00:00+00:00,SKU001,pase,R0042,Buenos Aires,14990,app
S001180,2026-06-07T20:00:00+00:00,SKU040,seguro,R0062,Buenos Aires,5990,web
S001181,2026-04-25T23:00:00+00:00,SKU011,recarga,R0073,Cordoba,9790,app
S001182,2026-04-27T12:00:00+00:00,SKU018,recarga,R0044,Buenos Aires,3490,estacion
S001183,2026-02-28T00:00:00+00:00,SKU014,recarga,R0054,Cordoba,3290,app
S001184,2026-05-13T00:00:00+00:00,SKU018,recarga,R0083,Cordoba,3290,web
S001185,2026-03-13T17:00:00+00:00,SKU023,accesorio,R0111,Buenos Aires,14990,app
S001186,2026-01-31T05:00:00+00:00,SKU017,recarga,R0081,Cordoba,1890,app
S001187,2026-03-04T22:00:00+00:00,SKU027,accesorio,R0046,Buenos Aires,9990,app
S001188,2026-06-02T16:00:00+00:00,SKU018,recarga,R0111,Cordoba,3290,app
S001189,2026-02-24T08:00:00+00:00,SKU039,seguro,R0077,Buenos Aires,14990,app
S001190,2026-03-15T18:00:00+00:00,SKU025,accesorio,R0091,Buenos Aires,1990,app
S001191,2026-01-29T09:00:00+00:00,SKU027,accesorio,R0097,Buenos Aires,9990,web
S001192,2026-02-12T06:00:00+00:00,SKU024,accesorio,R0074,Buenos Aires,1990,app
S001193,2026-01-15T08:00:00+00:00,SKU030,accesorio,R0044,Buenos Aires,3490,app
S001194,2026-03-30T13:00:00+00:00,SKU005,pase,R0045,Cordoba,5790,app
S001195,2026-06-02T12:00:00+00:00,SKU023,accesorio,R0022,Cordoba,5790,app
S001196,2026-04-24T02:00:00+00:00,SKU004,pase,R0073,Buenos Aires,9990,estacion
S001197,2026-03-30T18:00:00+00:00,SKU003,pase,R0057,Cordoba,1890,web
S001198,2026-02-23T12:00:00+00:00,SKU021,accesorio,R0092,Buenos Aires,9990,web
S001199,2026-06-05T21:00:00+00:00,SKU024,accesorio,R0107,Buenos Aires,1990,web
S001200,2026-04-06T17:00:00+00:00,SKU010,pase,R0099,Cordoba,1890,estacion
S001201,2026-03-26T02:00:00+00:00,SKU031,seguro,R0108,Cordoba,1890,web
S001202,2026-03-20T01:00:00+00:00,SKU011,recarga,R0047,Cordoba,9790,app
S001203,2026-06-08T10:00:00+00:00,SKU012,recarga,R0046,Buenos Aires,1990,estacion
S001204,2026-02-02T18:00:00+00:00,SKU013,recarga,R0060,Cordoba,5790,app
S001205,2026-04-11T10:00:00+00:00,SKU005,pase,R0019,Cordoba,5790,web
S001206,2026-03-12T11:00:00+00:00,SKU005,pase,R0055,Cordoba,5790,app
S001207,2026-02-13T02:00:00+00:00,SKU030,accesorio,R0075,Buenos Aires,3490,app
S001208,2026-05-27T05:00:00+00:00,SKU011,recarga,R0033,Buenos Aires,3490,estacion
S001209,2026-02-09T10:00:00+00:00,SKU036,seguro,R0004,Buenos Aires,9990,web
S001210,2026-04-20T11:00:00+00:00,SKU004,pase,R0058,Cordoba,1890,app
S001211,2026-02-07T06:00:00+00:00,SKU028,accesorio,R0034,Cordoba,9790,estacion
S001212,2026-05-02T01:00:00+00:00,SKU031,seguro,R0099,Buenos Aires,9990,estacion
S001213,2026-01-24T18:00:00+00:00,SKU028,accesorio,R0093,Cordoba,9790,estacion
S001214,2026-05-06T02:00:00+00:00,SKU002,pase,R0036,Buenos Aires,9990,app
S001215,2026-04-18T13:00:00+00:00,SKU020,recarga,R0045,Cordoba,5790,web
S001216,2026-03-05T01:00:00+00:00,SKU036,seguro,R0100,Buenos Aires,9990,estacion
S001217,2026-04-07T09:00:00+00:00,SKU003,pase,R0033,Cordoba,1890,app
S001218,2026-06-06T22:00:00+00:00,SKU002,pase,R0056,Cordoba,3290,web
S001219,2026-05-16T09:00:00+00:00,SKU035,seguro,R0016,Buenos Aires,1990,estacion
S001220,2026-05-14T00:00:00+00:00,SKU025,accesorio,R0009,Buenos Aires,1990,estacion
S001221,2026-02-11T22:00:00+00:00,SKU010,pase,R0061,Buenos Aires,9990,app
S001222,2026-05-06T10:00:00+00:00,SKU004,pase,R0107,Buenos Aires,9990,app
S001223,2026-02-15T04:00:00+00:00,SKU004,pase,R0040,Buenos Aires,9990,web
S001224,2026-01-19T01:00:00+00:00,SKU019,recarga,R0013,Cordoba,5790,web
S001225,2026-05-31T14:00:00+00:00,SKU034,seguro,R0048,Cordoba,5790,web
S001226,2026-03-05T08:00:00+00:00,SKU019,recarga,R0095,Cordoba,5790,estacion
S001227,2026-02-20T09:00:00+00:00,SKU026,accesorio,R0099,Cordoba,3290,estacion
S001228,2026-02-14T00:00:00+00:00,SKU020,recarga,R0111,Buenos Aires,1990,app
S001229,2026-01-17T14:00:00+00:00,SKU033,seguro,R0084,Buenos Aires,5990,estacion
S001230,2026-05-11T03:00:00+00:00,SKU039,seguro,R0104,Cordoba,5790,estacion
S001231,2026-02-17T01:00:00+00:00,SKU012,recarga,R0116,Cordoba,1890,estacion
S001232,2026-01-28T08:00:00+00:00,SKU012,recarga,R0116,Buenos Aires,1990,app
S001233,2026-04-26T01:00:00+00:00,SKU003,pase,R0004,Buenos Aires,3490,web
S001234,2026-03-28T07:00:00+00:00,SKU014,recarga,R0033,Cordoba,3290,web
S001235,2026-03-15T23:00:00+00:00,SKU008,pase,R0114,Cordoba,9790,web
S001236,2026-03-09T21:00:00+00:00,SKU011,recarga,R0030,Buenos Aires,3490,web
S001237,2026-02-16T19:00:00+00:00,SKU024,accesorio,R0020,Buenos Aires,1990,estacion
S001238,2026-02-24T20:00:00+00:00,SKU028,accesorio,R0096,Cordoba,9790,estacion
S001239,2026-03-10T02:00:00+00:00,SKU026,accesorio,R0086,Cordoba,3290,web
S001240,2026-06-09T03:00:00+00:00,SKU025,accesorio,R0023,Buenos Aires,1990,app
S001241,2026-01-16T23:00:00+00:00,SKU002,pase,R0071,Cordoba,3290,estacion
S001242,2026-01-23T08:00:00+00:00,SKU023,accesorio,R0010,Cordoba,5790,app
S001243,2026-05-04T10:00:00+00:00,SKU029,accesorio,R0054,Buenos Aires,9990,app
S001244,2026-03-03T04:00:00+00:00,SKU019,recarga,R0032,Buenos Aires,3490,app
S001245,2026-02-03T13:00:00+00:00,SKU002,pase,R0102,Buenos Aires,9990,app
S001246,2026-03-09T07:00:00+00:00,SKU027,accesorio,R0064,Buenos Aires,9990,estacion
S001247,2026-05-01T23:00:00+00:00,SKU038,seguro,R0043,Cordoba,3290,app
S001248,2026-02-18T07:00:00+00:00,SKU026,accesorio,R0041,Cordoba,3290,web
S001249,2026-04-03T01:00:00+00:00,SKU008,pase,R0052,Cordoba,9790,estacion
S001250,2026-01-21T13:00:00+00:00,SKU031,seguro,R0078,Buenos Aires,9990,web
S001251,2026-04-30T11:00:00+00:00,SKU010,pase,R0108,Buenos Aires,9990,app
S001252,2026-05-21T05:00:00+00:00,SKU035,seguro,R0020,Buenos Aires,1990,app
S001253,2026-05-28T04:00:00+00:00,SKU026,accesorio,R0077,Cordoba,3290,web
S001254,2026-06-03T22:00:00+00:00,SKU017,recarga,R0052,Cordoba,1890,web
S001255,2026-03-30T12:00:00+00:00,SKU028,accesorio,R0035,Buenos Aires,5990,app
S001256,2026-02-21T09:00:00+00:00,SKU036,seguro,R0070,Buenos Aires,9990,app
S001257,2026-03-17T02:00:00+00:00,SKU014,recarga,R0022,Cordoba,3290,app
S001258,2026-03-16T22:00:00+00:00,SKU027,accesorio,R0008,Cordoba,3290,app
S001259,2026-06-06T04:00:00+00:00,SKU017,recarga,R0039,Cordoba,1890,web
S001260,2026-03-07T05:00:00+00:00,SKU012,recarga,R0067,Cordoba,1890,app
S001261,2026-04-28T06:00:00+00:00,SKU038,seguro,R0059,Buenos Aires,1990,web
S001262,2026-06-09T19:00:00+00:00,SKU011,recarga,R0088,Cordoba,9790,app
S001263,2026-02-11T13:00:00+00:00,SKU026,accesorio,R0015,Cordoba,3290,estacion
S001264,2026-04-11T16:00:00+00:00,SKU038,seguro,R0093,Cordoba,3290,estacion
S001265,2026-03-24T05:00:00+00:00,SKU010,pase,R0017,Buenos Aires,9990,web
S001266,2026-03-09T07:00:00+00:00,SKU040,seguro,R0076,Cordoba,5790,estacion
S001267,2026-03-22T00:00:00+00:00,SKU036,seguro,R0112,Buenos Aires,9990,app
S001268,2026-06-13T05:00:00+00:00,SKU003,pase,R0015,Cordoba,1890,web
S001269,2026-05-21T22:00:00+00:00,SKU005,pase,R0087,Buenos Aires,5990,app
S001270,2026-01-22T03:00:00+00:00,SKU006,pase,R0029,Cordoba,9790,web
S001271,2026-03-16T19:00:00+00:00,SKU018,recarga,R0009,Buenos Aires,3490,estacion
S001272,2026-03-28T21:00:00+00:00,SKU003,pase,R0114,Cordoba,1890,app
S001273,2026-05-01T17:00:00+00:00,SKU039,seguro,R0091,Cordoba,5790,app
S001274,2026-05-15T02:00:00+00:00,SKU029,accesorio,R0040,Cordoba,1890,app
S001275,2026-01-17T22:00:00+00:00,SKU001,pase,R0047,Buenos Aires,14990,estacion
S001276,2026-03-03T20:00:00+00:00,SKU020,recarga,R0023,Buenos Aires,1990,app
S001277,2026-01-19T10:00:00+00:00,SKU002,pase,R0092,Cordoba,3290,web
S001278,2026-02-20T03:00:00+00:00,SKU028,accesorio,R0072,Buenos Aires,5990,web
S001279,2026-03-28T00:00:00+00:00,SKU027,accesorio,R0091,Cordoba,3290,app
S001280,2026-04-20T00:00:00+00:00,SKU021,accesorio,R0055,Buenos Aires,9990,app
S001281,2026-03-22T22:00:00+00:00,SKU019,recarga,R0074,Cordoba,5790,web
S001282,2026-02-23T17:00:00+00:00,SKU025,accesorio,R0064,Cordoba,9790,estacion
S001283,2026-05-01T01:00:00+00:00,SKU028,accesorio,R0022,Buenos Aires,5990,web
S001284,2026-03-06T15:00:00+00:00,SKU018,recarga,R0080,Buenos Aires,3490,app
S001285,2026-02-14T23:00:00+00:00,SKU006,pase,R0015,Buenos Aires,9990,web
S001286,2026-05-17T09:00:00+00:00,SKU037,seguro,R0064,Buenos Aires,14990,app
S001287,2026-04-03T09:00:00+00:00,SKU027,accesorio,R0066,Cordoba,3290,app
S001288,2026-05-11T06:00:00+00:00,SKU029,accesorio,R0013,Cordoba,1890,app
S001289,2026-05-07T17:00:00+00:00,SKU037,seguro,R0057,Buenos Aires,14990,app
S001290,2026-03-15T22:00:00+00:00,SKU027,accesorio,R0010,Buenos Aires,9990,estacion
S001291,2026-03-21T16:00:00+00:00,SKU030,accesorio,R0046,Cordoba,3290,app
S001292,2026-03-14T20:00:00+00:00,SKU009,pase,R0041,Buenos Aires,5990,web
S001293,2026-02-05T04:00:00+00:00,SKU011,recarga,R0040,Buenos Aires,3490,app
S001294,2026-04-18T21:00:00+00:00,SKU026,accesorio,R0117,Buenos Aires,9990,app
S001295,2026-04-22T05:00:00+00:00,SKU018,recarga,R0010,Cordoba,3290,app
S001296,2026-02-11T16:00:00+00:00,SKU030,accesorio,R0069,Buenos Aires,3490,estacion
S001297,2026-01-23T05:00:00+00:00,SKU017,recarga,R0060,Buenos Aires,5990,web
S001298,2026-04-02T20:00:00+00:00,SKU025,accesorio,R0066,Buenos Aires,1990,estacion
S001299,2026-04-17T04:00:00+00:00,SKU031,seguro,R0044,Buenos Aires,9990,estacion
S001300,2026-04-19T19:00:00+00:00,SKU006,pase,R0013,Cordoba,9790,app
S001301,2026-05-25T05:00:00+00:00,SKU017,recarga,R0031,Buenos Aires,5990,app
S001302,2026-05-21T19:00:00+00:00,SKU002,pase,R0116,Cordoba,3290,app
S001303,2026-01-27T14:00:00+00:00,SKU015,recarga,R0091,Cordoba,3290,app
S001304,2026-05-26T15:00:00+00:00,SKU040,seguro,R0057,Buenos Aires,5990,web
S001305,2026-03-27T19:00:00+00:00,SKU003,pase,R0014,Cordoba,1890,web
S001306,2026-06-02T09:00:00+00:00,SKU013,recarga,R0012,Cordoba,5790,web
S001307,2026-04-17T00:00:00+00:00,SKU027,accesorio,R0044,Cordoba,3290,estacion
S001308,2026-05-12T05:00:00+00:00,SKU031,seguro,R0000,Buenos Aires,9990,web
S001309,2026-06-10T15:00:00+00:00,SKU019,recarga,R0042,Buenos Aires,3490,app
S001310,2026-03-19T03:00:00+00:00,SKU027,accesorio,R0041,Buenos Aires,9990,app
S001311,2026-03-09T22:00:00+00:00,SKU031,seguro,R0103,Cordoba,1890,app
S001312,2026-05-26T20:00:00+00:00,SKU005,pase,R0035,Cordoba,5790,app
S001313,2026-01-24T23:00:00+00:00,SKU028,accesorio,R0014,Buenos Aires,5990,app
S001314,2026-05-08T03:00:00+00:00,SKU029,accesorio,R0018,Cordoba,1890,estacion
S001315,2026-05-28T13:00:00+00:00,SKU008,pase,R0061,Buenos Aires,1990,app
S001316,2026-02-18T09:00:00+00:00,SKU012,recarga,R0068,Buenos Aires,1990,app
S001317,2026-03-02T13:00:00+00:00,SKU012,recarga,R0096,Buenos Aires,1990,app
S001318,2026-06-07T08:00:00+00:00,SKU035,seguro,R0089,Buenos Aires,1990,app
S001319,2026-02-02T10:00:00+00:00,SKU012,recarga,R0072,Buenos Aires,1990,app
S001320,2026-05-12T10:00:00+00:00,SKU023,accesorio,R0119,Cordoba,5790,web
S001321,2026-05-07T10:00:00+00:00,SKU002,pase,R0107,Cordoba,3290,web
S001322,2026-02-12T01:00:00+00:00,SKU034,seguro,R0085,Cordoba,5790,estacion
S001323,2026-04-22T07:00:00+00:00,SKU008,pase,R0035,Buenos Aires,1990,estacion
S001324,2026-06-07T06:00:00+00:00,SKU002,pase,R0028,Buenos Aires,9990,app
S001325,2026-04-25T12:00:00+00:00,SKU005,pase,R0101,Cordoba,5790,estacion
S001326,2026-02-27T15:00:00+00:00,SKU029,accesorio,R0009,Buenos Aires,9990,app
S001327,2026-02-19T04:00:00+00:00,SKU016,recarga,R0076,Cordoba,1890,web
S001328,2026-02-08T06:00:00+00:00,SKU016,recarga,R0047,Cordoba,1890,web
S001329,2026-01-21T14:00:00+00:00,SKU035,seguro,R0056,Buenos Aires,1990,web
S001330,2026-04-12T13:00:00+00:00,SKU002,pase,R0053,Buenos Aires,9990,app
S001331,2026-06-04T13:00:00+00:00,SKU020,recarga,R0057,Buenos Aires,1990,app
S001332,2026-02-10T06:00:00+00:00,SKU018,recarga,R0027,Cordoba,3290,web
S001333,2026-04-12T13:00:00+00:00,SKU034,seguro,R0107,Buenos Aires,1990,estacion
S001334,2026-04-11T09:00:00+00:00,SKU018,recarga,R0000,Cordoba,3290,web
S001335,2026-02-21T18:00:00+00:00,SKU036,seguro,R0111,Buenos Aires,9990,app
S001336,2026-04-23T14:00:00+00:00,SKU028,accesorio,R0027,Cordoba,9790,app
S001337,2026-04-16T08:00:00+00:00,SKU005,pase,R0006,Buenos Aires,5990,estacion
S001338,2026-03-06T14:00:00+00:00,SKU025,accesorio,R0102,Cordoba,9790,estacion
S001339,2026-03-30T14:00:00+00:00,SKU008,pase,R0075,Cordoba,9790,web
S001340,2026-02-02T11:00:00+00:00,SKU014,recarga,R0030,Buenos Aires,9990,web
S001341,2026-01-30T16:00:00+00:00,SKU023,accesorio,R0018,Buenos Aires,14990,estacion
S001342,2026-03-14T06:00:00+00:00,SKU009,pase,R0077,Buenos Aires,5990,app
S001343,2026-05-11T14:00:00+00:00,SKU012,recarga,R0010,Buenos Aires,1990,app
S001344,2026-02-25T10:00:00+00:00,SKU032,seguro,R0023,Cordoba,9790,web
S001345,2026-05-01T14:00:00+00:00,SKU001,pase,R0106,Buenos Aires,14990,app
S001346,2026-06-13T17:00:00+00:00,SKU004,pase,R0070,Cordoba,1890,web
S001347,2026-03-30T07:00:00+00:00,SKU014,recarga,R0010,Cordoba,3290,app
S001348,2026-01-23T12:00:00+00:00,SKU002,pase,R0049,Cordoba,3290,app
S001349,2026-05-23T00:00:00+00:00,SKU019,recarga,R0097,Buenos Aires,3490,web
S001350,2026-01-31T16:00:00+00:00,SKU040,seguro,R0052,Buenos Aires,5990,web
S001351,2026-04-14T21:00:00+00:00,SKU010,pase,R0081,Buenos Aires,9990,web
S001352,2026-01-26T00:00:00+00:00,SKU025,accesorio,R0057,Buenos Aires,1990,app
S001353,2026-01-29T18:00:00+00:00,SKU016,recarga,R0041,Buenos Aires,5990,app
S001354,2026-06-05T06:00:00+00:00,SKU039,seguro,R0062,Buenos Aires,14990,app
S001355,2026-04-23T15:00:00+00:00,SKU024,accesorio,R0011,Cordoba,5790,app
S001356,2026-06-13T22:00:00+00:00,SKU037,seguro,R0100,Buenos Aires,14990,estacion
S001357,2026-02-23T11:00:00+00:00,SKU039,seguro,R0049,Cordoba,5790,estacion
S001358,2026-01-25T08:00:00+00:00,SKU027,accesorio,R0091,Cordoba,3290,web
S001359,2026-05-17T07:00:00+00:00,SKU006,pase,R0001,Cordoba,9790,web
S001360,2026-03-06T03:00:00+00:00,SKU006,pase,R0073,Buenos Aires,9990,estacion
S001361,2026-03-23T23:00:00+00:00,SKU019,recarga,R0083,Cordoba,5790,app
S001362,2026-05-10T08:00:00+00:00,SKU039,seguro,R0019,Buenos Aires,14990,web
S001363,2026-05-20T17:00:00+00:00,SKU004,pase,R0119,Cordoba,1890,estacion
S001364,2026-06-10T02:00:00+00:00,SKU026,accesorio,R0057,Buenos Aires,9990,app
S001365,2026-03-09T05:00:00+00:00,SKU018,recarga,R0046,Cordoba,3290,app
S001366,2026-04-04T16:00:00+00:00,SKU029,accesorio,R0103,Cordoba,1890,estacion
S001367,2026-05-21T07:00:00+00:00,SKU029,accesorio,R0069,Buenos Aires,9990,app
S001368,2026-01-25T16:00:00+00:00,SKU033,seguro,R0053,Cordoba,1890,estacion
S001369,2026-05-27T13:00:00+00:00,SKU032,seguro,R0105,Cordoba,9790,app
S001370,2026-06-04T06:00:00+00:00,SKU024,accesorio,R0075,Cordoba,5790,app
S001371,2026-01-22T18:00:00+00:00,SKU003,pase,R0001,Buenos Aires,3490,app
S001372,2026-04-05T04:00:00+00:00,SKU004,pase,R0047,Cordoba,1890,web
S001373,2026-02-18T15:00:00+00:00,SKU006,pase,R0085,Buenos Aires,9990,estacion
S001374,2026-02-18T01:00:00+00:00,SKU022,accesorio,R0027,Buenos Aires,1990,app
S001375,2026-05-11T21:00:00+00:00,SKU023,accesorio,R0006,Cordoba,5790,app
S001376,2026-05-02T06:00:00+00:00,SKU012,recarga,R0096,Cordoba,1890,estacion
S001377,2026-05-27T22:00:00+00:00,SKU018,recarga,R0092,Cordoba,3290,app
S001378,2026-06-09T16:00:00+00:00,SKU015,recarga,R0111,Cordoba,3290,web
S001379,2026-03-03T17:00:00+00:00,SKU038,seguro,R0085,Buenos Aires,1990,web
S001380,2026-04-04T09:00:00+00:00,SKU006,pase,R0069,Cordoba,9790,estacion
S001381,2026-04-11T02:00:00+00:00,SKU014,recarga,R0096,Buenos Aires,9990,estacion
S001382,2026-05-29T12:00:00+00:00,SKU031,seguro,R0080,Cordoba,1890,web
S001383,2026-05-27T23:00:00+00:00,SKU032,seguro,R0047,Buenos Aires,5990,web
S001384,2026-03-25T07:00:00+00:00,SKU011,recarga,R0108,Buenos Aires,3490,app
S001385,2026-02-23T09:00:00+00:00,SKU013,recarga,R0003,Buenos Aires,3490,app
S001386,2026-04-16T16:00:00+00:00,SKU008,pase,R0042,Cordoba,9790,web
S001387,2026-03-04T22:00:00+00:00,SKU002,pase,R0024,Buenos Aires,9990,web
S001388,2026-01-18T21:00:00+00:00,SKU032,seguro,R0083,Buenos Aires,5990,web
S001389,2026-05-15T20:00:00+00:00,SKU024,accesorio,R0063,Cordoba,5790,estacion
S001390,2026-01-19T14:00:00+00:00,SKU018,recarga,R0069,Cordoba,3290,web
S001391,2026-06-10T22:00:00+00:00,SKU028,accesorio,R0026,Buenos Aires,5990,app
S001392,2026-02-15T12:00:00+00:00,SKU021,accesorio,R0099,Cordoba,1890,estacion
S001393,2026-02-25T21:00:00+00:00,SKU017,recarga,R0068,Buenos Aires,5990,estacion
S001394,2026-05-06T16:00:00+00:00,SKU023,accesorio,R0002,Cordoba,5790,app
S001395,2026-02-01T08:00:00+00:00,SKU003,pase,R0021,Cordoba,1890,app
S001396,2026-04-11T23:00:00+00:00,SKU022,accesorio,R0099,Buenos Aires,1990,app
S001397,2026-05-12T05:00:00+00:00,SKU018,recarga,R0046,Buenos Aires,3490,web
S001398,2026-04-03T19:00:00+00:00,SKU006,pase,R0107,Buenos Aires,9990,web
S001399,2026-04-18T17:00:00+00:00,SKU016,recarga,R0106,Cordoba,1890,web
S001400,2026-03-24T23:00:00+00:00,SKU029,accesorio,R0016,Buenos Aires,9990,estacion
S001401,2026-05-10T02:00:00+00:00,SKU035,seguro,R0031,Cordoba,9790,web
S001402,2026-05-15T05:00:00+00:00,SKU013,recarga,R0033,Cordoba,5790,app
S001403,2026-04-20T04:00:00+00:00,SKU005,pase,R0022,Cordoba,5790,app
S001404,2026-02-02T22:00:00+00:00,SKU010,pase,R0032,Cordoba,1890,app
S001405,2026-03-19T21:00:00+00:00,SKU019,recarga,R0077,Cordoba,5790,app
S001406,2026-01-25T21:00:00+00:00,SKU035,seguro,R0006,Buenos Aires,1990,web
S001407,2026-02-18T18:00:00+00:00,SKU023,accesorio,R0041,Buenos Aires,14990,estacion
S001408,2026-06-04T00:00:00+00:00,SKU019,recarga,R0004,Cordoba,5790,estacion
S001409,2026-03-18T23:00:00+00:00,SKU026,accesorio,R0026,Cordoba,3290,web
S001410,2026-02-28T02:00:00+00:00,SKU011,recarga,R0042,Buenos Aires,3490,estacion
S001411,2026-03-06T18:00:00+00:00,SKU027,accesorio,R0013,Buenos Aires,9990,app
S001412,2026-03-09T04:00:00+00:00,SKU014,recarga,R0099,Cordoba,3290,web
S001413,2026-02-05T15:00:00+00:00,SKU016,recarga,R0086,Cordoba,1890,web
S001414,2026-02-18T10:00:00+00:00,SKU004,pase,R0056,Cordoba,1890,app
S001415,2026-04-29T06:00:00+00:00,SKU036,seguro,R0029,Buenos Aires,9990,app
S001416,2026-04-23T05:00:00+00:00,SKU023,accesorio,R0012,Buenos Aires,14990,app
S001417,2026-05-02T11:00:00+00:00,SKU037,seguro,R0000,Buenos Aires,14990,app
S001418,2026-05-23T05:00:00+00:00,SKU026,accesorio,R0077,Cordoba,3290,estacion
S001419,2026-04-10T21:00:00+00:00,SKU039,seguro,R0045,Buenos Aires,14990,estacion
S001420,2026-04-28T08:00:00+00:00,SKU010,pase,R0080,Cordoba,1890,app
S001421,2026-03-02T02:00:00+00:00,SKU003,pase,R0112,Buenos Aires,3490,app
S001422,2026-06-01T19:00:00+00:00,SKU036,seguro,R0025,Cordoba,3290,web
S001423,2026-05-07T09:00:00+00:00,SKU018,recarga,R0086,Cordoba,3290,web
S001424,2026-02-18T13:00:00+00:00,SKU018,recarga,R0107,Buenos Aires,3490,web
S001425,2026-04-01T07:00:00+00:00,SKU031,seguro,R0044,Buenos Aires,9990,web
S001426,2026-05-15T00:00:00+00:00,SKU035,seguro,R0005,Cordoba,9790,app
S001427,2026-01-19T06:00:00+00:00,SKU016,recarga,R0041,Cordoba,1890,app
S001428,2026-05-21T16:00:00+00:00,SKU029,accesorio,R0024,Cordoba,1890,app
S001429,2026-02-10T06:00:00+00:00,SKU012,recarga,R0088,Cordoba,1890,web
S001430,2026-04-18T04:00:00+00:00,SKU015,recarga,R0076,Cordoba,3290,estacion
S001431,2026-05-08T05:00:00+00:00,SKU011,recarga,R0105,Cordoba,9790,app
S001432,2026-01-29T11:00:00+00:00,SKU038,seguro,R0067,Buenos Aires,1990,app
S001433,2026-03-18T22:00:00+00:00,SKU027,accesorio,R0057,Cordoba,3290,estacion
S001434,2026-05-25T23:00:00+00:00,SKU028,accesorio,R0085,Buenos Aires,5990,web
S001435,2026-05-09T16:00:00+00:00,SKU027,accesorio,R0011,Buenos Aires,9990,app
S001436,2026-05-09T22:00:00+00:00,SKU016,recarga,R0036,Buenos Aires,5990,web
S001437,2026-05-01T22:00:00+00:00,SKU008,pase,R0063,Cordoba,9790,web
S001438,2026-03-15T04:00:00+00:00,SKU013,recarga,R0084,Buenos Aires,3490,app
S001439,2026-05-10T21:00:00+00:00,SKU021,accesorio,R0009,Buenos Aires,9990,app
S001440,2026-04-17T07:00:00+00:00,SKU001,pase,R0034,Buenos Aires,14990,app
S001441,2026-02-09T12:00:00+00:00,SKU036,seguro,R0004,Cordoba,3290,web
S001442,2026-05-07T10:00:00+00:00,SKU010,pase,R0027,Buenos Aires,9990,estacion
S001443,2026-03-06T16:00:00+00:00,SKU012,recarga,R0012,Buenos Aires,1990,estacion
S001444,2026-06-09T07:00:00+00:00,SKU021,accesorio,R0044,Buenos Aires,9990,estacion
S001445,2026-06-11T22:00:00+00:00,SKU010,pase,R0062,Cordoba,1890,web
S001446,2026-04-24T11:00:00+00:00,SKU006,pase,R0028,Cordoba,9790,estacion
S001447,2026-05-29T04:00:00+00:00,SKU033,seguro,R0022,Cordoba,1890,app
S001448,2026-01-31T21:00:00+00:00,SKU022,accesorio,R0088,Cordoba,3290,app
S001449,2026-03-28T00:00:00+00:00,SKU017,recarga,R0103,Buenos Aires,5990,app
S001450,2026-04-16T01:00:00+00:00,SKU011,recarga,R0013,Cordoba,9790,web
S001451,2026-02-07T05:00:00+00:00,SKU001,pase,R0084,Buenos Aires,14990,web
S001452,2026-04-01T00:00:00+00:00,SKU026,accesorio,R0017,Buenos Aires,9990,estacion
S001453,2026-02-10T03:00:00+00:00,SKU011,recarga,R0097,Buenos Aires,3490,app
S001454,2026-01-17T09:00:00+00:00,SKU028,accesorio,R0105,Buenos Aires,5990,estacion
S001455,2026-03-12T20:00:00+00:00,SKU016,recarga,R0076,Cordoba,1890,web
S001456,2026-04-27T22:00:00+00:00,SKU015,recarga,R0042,Buenos Aires,9990,app
S001457,2026-03-20T17:00:00+00:00,SKU037,seguro,R0001,Cordoba,5790,app
S001458,2026-01-30T07:00:00+00:00,SKU001,pase,R0001,Cordoba,9790,app
S001459,2026-02-17T04:00:00+00:00,SKU012,recarga,R0004,Buenos Aires,1990,estacion
S001460,2026-03-01T17:00:00+00:00,SKU034,seguro,R0050,Cordoba,5790,web
S001461,2026-04-25T23:00:00+00:00,SKU010,pase,R0113,Cordoba,1890,estacion
S001462,2026-04-25T01:00:00+00:00,SKU038,seguro,R0016,Cordoba,3290,web
S001463,2026-04-20T18:00:00+00:00,SKU034,seguro,R0042,Cordoba,5790,estacion
S001464,2026-05-31T11:00:00+00:00,SKU021,accesorio,R0100,Cordoba,1890,app
S001465,2026-06-03T15:00:00+00:00,SKU011,recarga,R0002,Buenos Aires,3490,web
S001466,2026-01-26T03:00:00+00:00,SKU004,pase,R0041,Buenos Aires,9990,app
S001467,2026-02-14T12:00:00+00:00,SKU011,recarga,R0117,Cordoba,9790,web
S001468,2026-03-25T14:00:00+00:00,SKU017,recarga,R0087,Buenos Aires,5990,estacion
S001469,2026-04-19T13:00:00+00:00,SKU026,accesorio,R0059,Cordoba,3290,web
S001470,2026-04-05T18:00:00+00:00,SKU031,seguro,R0075,Buenos Aires,9990,web
S001471,2026-04-01T03:00:00+00:00,SKU031,seguro,R0043,Cordoba,1890,estacion
S001472,2026-01-21T09:00:00+00:00,SKU024,accesorio,R0102,Cordoba,5790,web
S001473,2026-03-03T22:00:00+00:00,SKU026,accesorio,R0088,Cordoba,3290,app
S001474,2026-04-29T02:00:00+00:00,SKU001,pase,R0117,Cordoba,9790,app
S001475,2026-02-25T13:00:00+00:00,SKU014,recarga,R0059,Buenos Aires,9990,app
S001476,2026-02-27T06:00:00+00:00,SKU002,pase,R0034,Buenos Aires,9990,estacion
S001477,2026-05-11T07:00:00+00:00,SKU030,accesorio,R0086,Cordoba,3290,app
S001478,2026-03-08T16:00:00+00:00,SKU005,pase,R0108,Cordoba,5790,estacion
S001479,2026-02-18T18:00:00+00:00,SKU035,seguro,R0000,Buenos Aires,1990,app
S001480,2026-05-09T14:00:00+00:00,SKU040,seguro,R0029,Cordoba,5790,app
S001481,2026-05-06T22:00:00+00:00,SKU003,pase,R0093,Buenos Aires,3490,app
S001482,2026-05-07T13:00:00+00:00,SKU027,accesorio,R0091,Buenos Aires,9990,estacion
S001483,2026-02-10T20:00:00+00:00,SKU035,seguro,R0118,Buenos Aires,1990,app
S001484,2026-02-22T15:00:00+00:00,SKU019,recarga,R0106,Cordoba,5790,web
S001485,2026-01-21T16:00:00+00:00,SKU017,recarga,R0026,Cordoba,1890,estacion
S001486,2026-06-12T15:00:00+00:00,SKU024,accesorio,R0024,Cordoba,5790,estacion
S001487,2026-02-24T10:00:00+00:00,SKU003,pase,R0042,Buenos Aires,3490,app
S001488,2026-05-05T12:00:00+00:00,SKU039,seguro,R0083,Cordoba,5790,app
S001489,2026-05-01T07:00:00+00:00,SKU019,recarga,R0001,Cordoba,5790,app
S001490,2026-03-09T14:00:00+00:00,SKU009,pase,R0031,Buenos Aires,5990,app
S001491,2026-03-09T02:00:00+00:00,SKU023,accesorio,R0064,Cordoba,5790,web
S001492,2026-05-01T08:00:00+00:00,SKU037,seguro,R0112,Cordoba,5790,estacion
S001493,2026-02-11T03:00:00+00:00,SKU032,seguro,R0115,Buenos Aires,5990,estacion
S001494,2026-06-04T00:00:00+00:00,SKU006,pase,R0061,Cordoba,9790,app
S001495,2026-02-09T15:00:00+00:00,SKU018,recarga,R0049,Buenos Aires,3490,app
S001496,2026-03-01T07:00:00+00:00,SKU028,accesorio,R0083,Buenos Aires,5990,web
S001497,2026-02-06T01:00:00+00:00,SKU017,recarga,R0059,Buenos Aires,5990,estacion
S001498,2026-02-21T20:00:00+00:00,SKU008,pase,R0012,Cordoba,9790,app
S001499,2026-05-25T17:00:00+00:00,SKU010,pase,R0018,Cordoba,1890,estacion
S001500,2026-03-26T17:00:00+00:00,SKU035,seguro,R0044,Cordoba,9790,app
S001501,2026-02-20T14:00:00+00:00,SKU005,pase,R0036,Cordoba,5790,estacion
S001502,2026-06-01T10:00:00+00:00,SKU018,recarga,R0087,Cordoba,3290,app
S001503,2026-05-05T22:00:00+00:00,SKU026,accesorio,R0094,Buenos Aires,9990,estacion
S001504,2026-04-27T02:00:00+00:00,SKU010,pase,R0099,Cordoba,1890,app
S001505,2026-03-26T19:00:00+00:00,SKU029,accesorio,R0069,Buenos Aires,9990,app
S001506,2026-04-15T07:00:00+00:00,SKU003,pase,R0003,Cordoba,1890,estacion
S001507,2026-04-08T20:00:00+00:00,SKU026,accesorio,R0041,Buenos Aires,9990,app
S001508,2026-01-21T14:00:00+00:00,SKU031,seguro,R0014,Buenos Aires,9990,estacion
S001509,2026-04-15T05:00:00+00:00,SKU023,accesorio,R0056,Buenos Aires,14990,app
S001510,2026-01-15T19:00:00+00:00,SKU015,recarga,R0016,Buenos Aires,9990,app
S001511,2026-03-11T00:00:00+00:00,SKU039,seguro,R0110,Buenos Aires,14990,web
S001512,2026-03-13T09:00:00+00:00,SKU028,accesorio,R0096,Buenos Aires,5990,estacion
S001513,2026-03-16T21:00:00+00:00,SKU026,accesorio,R0025,Buenos Aires,9990,app
S001514,2026-03-19T02:00:00+00:00,SKU025,accesorio,R0068,Cordoba,9790,app
S001515,2026-03-09T15:00:00+00:00,SKU019,recarga,R0110,Buenos Aires,3490,app
S001516,2026-04-01T13:00:00+00:00,SKU013,recarga,R0079,Buenos Aires,3490,web
S001517,2026-03-08T14:00:00+00:00,SKU023,accesorio,R0026,Buenos Aires,14990,app
S001518,2026-02-24T14:00:00+00:00,SKU039,seguro,R0029,Buenos Aires,14990,estacion
S001519,2026-01-24T04:00:00+00:00,SKU015,recarga,R0060,Buenos Aires,9990,app
S001520,2026-03-12T23:00:00+00:00,SKU001,pase,R0027,Buenos Aires,14990,estacion
S001521,2026-05-14T13:00:00+00:00,SKU019,recarga,R0110,Cordoba,5790,estacion
S001522,2026-03-13T23:00:00+00:00,SKU008,pase,R0003,Buenos Aires,1990,app
S001523,2026-04-25T18:00:00+00:00,SKU002,pase,R0071,Cordoba,3290,estacion
S001524,2026-05-04T08:00:00+00:00,SKU004,pase,R0079,Buenos Aires,9990,estacion
S001525,2026-02-19T22:00:00+00:00,SKU003,pase,R0077,Buenos Aires,3490,web
S001526,2026-05-07T03:00:00+00:00,SKU013,recarga,R0117,Cordoba,5790,estacion
S001527,2026-05-29T05:00:00+00:00,SKU033,seguro,R0013,Cordoba,1890,app
S001528,2026-01-25T21:00:00+00:00,SKU002,pase,R0102,Buenos Aires,9990,web
S001529,2026-03-23T21:00:00+00:00,SKU038,seguro,R0105,Cordoba,3290,app
S001530,2026-06-13T19:00:00+00:00,SKU018,recarga,R0097,Buenos Aires,3490,app
S001531,2026-05-05T10:00:00+00:00,SKU013,recarga,R0033,Buenos Aires,3490,web
S001532,2026-05-08T10:00:00+00:00,SKU005,pase,R0014,Cordoba,5790,web
S001533,2026-04-26T00:00:00+00:00,SKU030,accesorio,R0097,Cordoba,3290,app
S001534,2026-02-13T15:00:00+00:00,SKU029,accesorio,R0080,Cordoba,1890,app
S001535,2026-03-05T11:00:00+00:00,SKU011,recarga,R0051,Buenos Aires,3490,web
S001536,2026-05-08T20:00:00+00:00,SKU018,recarga,R0097,Cordoba,3290,estacion
S001537,2026-01-27T10:00:00+00:00,SKU021,accesorio,R0052,Buenos Aires,9990,estacion
S001538,2026-05-06T13:00:00+00:00,SKU022,accesorio,R0007,Cordoba,3290,app
S001539,2026-04-17T21:00:00+00:00,SKU015,recarga,R0036,Cordoba,3290,web
S001540,2026-04-22T08:00:00+00:00,SKU035,seguro,R0090,Cordoba,9790,estacion
S001541,2026-05-28T22:00:00+00:00,SKU030,accesorio,R0102,Cordoba,3290,app
S001542,2026-03-31T21:00:00+00:00,SKU019,recarga,R0085,Cordoba,5790,app
S001543,2026-05-19T21:00:00+00:00,SKU023,accesorio,R0065,Buenos Aires,14990,app
S001544,2026-01-26T18:00:00+00:00,SKU008,pase,R0087,Cordoba,9790,web
S001545,2026-02-13T16:00:00+00:00,SKU029,accesorio,R0010,Cordoba,1890,estacion
S001546,2026-05-28T03:00:00+00:00,SKU038,seguro,R0107,Cordoba,3290,app
S001547,2026-03-30T20:00:00+00:00,SKU019,recarga,R0083,Buenos Aires,3490,estacion
S001548,2026-03-11T18:00:00+00:00,SKU015,recarga,R0051,Buenos Aires,9990,app
S001549,2026-04-20T12:00:00+00:00,SKU029,accesorio,R0052,Cordoba,1890,estacion
S001550,2026-02-01T10:00:00+00:00,SKU032,seguro,R0073,Buenos Aires,5990,app
S001551,2026-02-10T07:00:00+00:00,SKU026,accesorio,R0051,Buenos Aires,9990,web
S001552,2026-02-10T22:00:00+00:00,SKU033,seguro,R0052,Buenos Aires,5990,app
S001553,2026-05-13T10:00:00+00:00,SKU004,pase,R0067,Cordoba,1890,app
S001554,2026-01-30T21:00:00+00:00,SKU029,accesorio,R0096,Cordoba,1890,app
S001555,2026-03-20T17:00:00+00:00,SKU004,pase,R0113,Buenos Aires,9990,estacion
S001556,2026-03-22T10:00:00+00:00,SKU002,pase,R0000,Buenos Aires,9990,app
S001557,2026-03-08T07:00:00+00:00,SKU008,pase,R0114,Buenos Aires,1990,web
S001558,2026-03-28T05:00:00+00:00,SKU004,pase,R0010,Buenos Aires,9990,app
S001559,2026-04-09T23:00:00+00:00,SKU010,pase,R0103,Cordoba,1890,web
S001560,2026-06-07T19:00:00+00:00,SKU035,seguro,R0118,Buenos Aires,1990,estacion
S001561,2026-03-20T01:00:00+00:00,SKU003,pase,R0111,Buenos Aires,3490,app
S001562,2026-04-27T20:00:00+00:00,SKU002,pase,R0064,Cordoba,3290,app
S001563,2026-05-22T09:00:00+00:00,SKU028,accesorio,R0104,Buenos Aires,5990,web
S001564,2026-04-27T19:00:00+00:00,SKU028,accesorio,R0045,Buenos Aires,5990,web
S001565,2026-02-02T21:00:00+00:00,SKU014,recarga,R0111,Cordoba,3290,app
S001566,2026-02-11T23:00:00+00:00,SKU032,seguro,R0107,Cordoba,9790,app
S001567,2026-02-26T21:00:00+00:00,SKU039,seguro,R0049,Buenos Aires,14990,app
S001568,2026-03-11T12:00:00+00:00,SKU024,accesorio,R0020,Buenos Aires,1990,app
S001569,2026-01-29T23:00:00+00:00,SKU036,seguro,R0098,Cordoba,3290,web
S001570,2026-04-12T12:00:00+00:00,SKU026,accesorio,R0068,Buenos Aires,9990,estacion
S001571,2026-02-08T09:00:00+00:00,SKU005,pase,R0079,Cordoba,5790,app
S001572,2026-02-25T23:00:00+00:00,SKU013,recarga,R0018,Cordoba,5790,app
S001573,2026-03-24T14:00:00+00:00,SKU003,pase,R0066,Buenos Aires,3490,app
S001574,2026-03-23T05:00:00+00:00,SKU040,seguro,R0087,Cordoba,5790,web
S001575,2026-04-01T14:00:00+00:00,SKU018,recarga,R0075,Cordoba,3290,app
S001576,2026-02-06T16:00:00+00:00,SKU036,seguro,R0060,Buenos Aires,9990,app
S001577,2026-03-16T19:00:00+00:00,SKU029,accesorio,R0093,Buenos Aires,9990,estacion
S001578,2026-03-26T15:00:00+00:00,SKU035,seguro,R0053,Cordoba,9790,app
S001579,2026-05-07T18:00:00+00:00,SKU008,pase,R0017,Cordoba,9790,app
S001580,2026-03-04T09:00:00+00:00,SKU005,pase,R0052,Buenos Aires,5990,web
S001581,2026-02-07T14:00:00+00:00,SKU001,pase,R0101,Buenos Aires,14990,web
S001582,2026-04-16T14:00:00+00:00,SKU012,recarga,R0037,Cordoba,1890,app
S001583,2026-02-13T16:00:00+00:00,SKU031,seguro,R0102,Buenos Aires,9990,estacion
S001584,2026-05-16T05:00:00+00:00,SKU022,accesorio,R0062,Cordoba,3290,app
S001585,2026-02-27T19:00:00+00:00,SKU024,accesorio,R0007,Buenos Aires,1990,estacion
S001586,2026-03-14T13:00:00+00:00,SKU032,seguro,R0085,Cordoba,9790,web
S001587,2026-04-22T15:00:00+00:00,SKU036,seguro,R0040,Buenos Aires,9990,app
S001588,2026-02-11T14:00:00+00:00,SKU026,accesorio,R0018,Buenos Aires,9990,app
S001589,2026-02-17T03:00:00+00:00,SKU016,recarga,R0068,Cordoba,1890,web
S001590,2026-05-30T01:00:00+00:00,SKU012,recarga,R0106,Cordoba,1890,estacion
S001591,2026-04-11T19:00:00+00:00,SKU032,seguro,R0002,Buenos Aires,5990,estacion
S001592,2026-01-27T11:00:00+00:00,SKU036,seguro,R0032,Cordoba,3290,estacion
S001593,2026-05-26T23:00:00+00:00,SKU008,pase,R0113,Buenos Aires,1990,estacion
S001594,2026-06-04T19:00:00+00:00,SKU017,recarga,R0032,Cordoba,1890,app
S001595,2026-03-17T19:00:00+00:00,SKU029,accesorio,R0036,Cordoba,1890,estacion
S001596,2026-05-27T10:00:00+00:00,SKU014,recarga,R0041,Buenos Aires,9990,web
S001597,2026-02-10T16:00:00+00:00,SKU011,recarga,R0034,Buenos Aires,3490,app
S001598,2026-04-12T04:00:00+00:00,SKU038,seguro,R0116,Cordoba,3290,estacion
S001599,2026-03-15T05:00:00+00:00,SKU009,pase,R0059,Cordoba,9790,web
S001600,2026-04-08T17:00:00+00:00,SKU015,recarga,R0031,Cordoba,3290,app
S001601,2026-01-24T13:00:00+00:00,SKU012,recarga,R0100,Cordoba,1890,estacion
S001602,2026-03-24T01:00:00+00:00,SKU003,pase,R0111,Buenos Aires,3490,app
S001603,2026-05-30T14:00:00+00:00,SKU021,accesorio,R0034,Buenos Aires,9990,web
S001604,2026-06-12T17:00:00+00:00,SKU036,seguro,R0035,Cordoba,3290,app
S001605,2026-05-30T18:00:00+00:00,SKU019,recarga,R0008,Buenos Aires,3490,app
S001606,2026-02-20T02:00:00+00:00,SKU011,recarga,R0066,Cordoba,9790,estacion
S001607,2026-02-21T09:00:00+00:00,SKU019,recarga,R0029,Buenos Aires,3490,estacion
S001608,2026-05-21T13:00:00+00:00,SKU016,recarga,R0000,Cordoba,1890,app
S001609,2026-01-18T14:00:00+00:00,SKU016,recarga,R0087,Buenos Aires,5990,app
S001610,2026-01-20T01:00:00+00:00,SKU020,recarga,R0082,Cordoba,5790,app
S001611,2026-06-12T01:00:00+00:00,SKU035,seguro,R0019,Cordoba,9790,estacion
S001612,2026-04-22T22:00:00+00:00,SKU012,recarga,R0114,Buenos Aires,1990,app
S001613,2026-03-25T02:00:00+00:00,SKU024,accesorio,R0062,Cordoba,5790,estacion
S001614,2026-05-27T10:00:00+00:00,SKU006,pase,R0096,Buenos Aires,9990,estacion
S001615,2026-04-23T13:00:00+00:00,SKU032,seguro,R0051,Cordoba,9790,app
S001616,2026-03-02T08:00:00+00:00,SKU038,seguro,R0048,Buenos Aires,1990,estacion
S001617,2026-05-17T16:00:00+00:00,SKU030,accesorio,R0063,Buenos Aires,3490,app
S001618,2026-05-16T02:00:00+00:00,SKU018,recarga,R0005,Buenos Aires,3490,estacion
S001619,2026-05-30T06:00:00+00:00,SKU028,accesorio,R0030,Cordoba,9790,app
S001620,2026-02-19T17:00:00+00:00,SKU006,pase,R0022,Cordoba,9790,web
S001621,2026-05-07T02:00:00+00:00,SKU001,pase,R0042,Buenos Aires,14990,estacion
S001622,2026-03-17T12:00:00+00:00,SKU020,recarga,R0061,Cordoba,5790,web
S001623,2026-03-06T19:00:00+00:00,SKU017,recarga,R0067,Buenos Aires,5990,app
S001624,2026-01-28T17:00:00+00:00,SKU021,accesorio,R0082,Buenos Aires,9990,app
S001625,2026-01-17T13:00:00+00:00,SKU039,seguro,R0050,Cordoba,5790,app
S001626,2026-03-20T04:00:00+00:00,SKU001,pase,R0075,Cordoba,9790,web
S001627,2026-04-27T03:00:00+00:00,SKU005,pase,R0110,Cordoba,5790,app
S001628,2026-02-03T23:00:00+00:00,SKU010,pase,R0078,Cordoba,1890,web
S001629,2026-01-29T15:00:00+00:00,SKU036,seguro,R0109,Buenos Aires,9990,estacion
S001630,2026-03-17T20:00:00+00:00,SKU003,pase,R0035,Buenos Aires,3490,app
S001631,2026-02-26T04:00:00+00:00,SKU011,recarga,R0057,Buenos Aires,3490,app
S001632,2026-05-12T02:00:00+00:00,SKU020,recarga,R0049,Cordoba,5790,web
S001633,2026-03-10T00:00:00+00:00,SKU017,recarga,R0094,Cordoba,1890,app
S001634,2026-04-07T20:00:00+00:00,SKU002,pase,R0071,Buenos Aires,9990,estacion
S001635,2026-04-16T12:00:00+00:00,SKU002,pase,R0067,Cordoba,3290,app
S001636,2026-02-26T12:00:00+00:00,SKU015,recarga,R0103,Buenos Aires,9990,app
S001637,2026-03-11T02:00:00+00:00,SKU005,pase,R0039,Cordoba,5790,web
S001638,2026-02-06T00:00:00+00:00,SKU012,recarga,R0105,Buenos Aires,1990,web
S001639,2026-03-01T17:00:00+00:00,SKU008,pase,R0117,Buenos Aires,1990,app
S001640,2026-03-04T21:00:00+00:00,SKU027,accesorio,R0065,Cordoba,3290,app
S001641,2026-06-05T07:00:00+00:00,SKU033,seguro,R0102,Buenos Aires,5990,estacion
S001642,2026-03-23T13:00:00+00:00,SKU016,recarga,R0084,Cordoba,1890,app
S001643,2026-02-11T23:00:00+00:00,SKU010,pase,R0117,Buenos Aires,9990,app
S001644,2026-05-16T09:00:00+00:00,SKU035,seguro,R0006,Cordoba,9790,web
S001645,2026-02-06T08:00:00+00:00,SKU036,seguro,R0093,Cordoba,3290,app
S001646,2026-05-15T09:00:00+00:00,SKU021,accesorio,R0006,Buenos Aires,9990,web
S001647,2026-04-08T06:00:00+00:00,SKU020,recarga,R0055,Cordoba,5790,estacion
S001648,2026-02-10T05:00:00+00:00,SKU001,pase,R0019,Buenos Aires,14990,web
S001649,2026-04-11T15:00:00+00:00,SKU030,accesorio,R0049,Cordoba,3290,estacion
S001650,2026-05-26T13:00:00+00:00,SKU030,accesorio,R0038,Buenos Aires,3490,web
S001651,2026-04-22T22:00:00+00:00,SKU022,accesorio,R0087,Cordoba,3290,web
S001652,2026-05-19T03:00:00+00:00,SKU021,accesorio,R0003,Cordoba,1890,web
S001653,2026-04-13T15:00:00+00:00,SKU001,pase,R0035,Buenos Aires,14990,app
S001654,2026-03-06T17:00:00+00:00,SKU031,seguro,R0063,Cordoba,1890,web
S001655,2026-01-24T07:00:00+00:00,SKU020,recarga,R0010,Buenos Aires,1990,estacion
S001656,2026-05-27T06:00:00+00:00,SKU034,seguro,R0046,Cordoba,5790,estacion
S001657,2026-03-28T05:00:00+00:00,SKU016,recarga,R0117,Buenos Aires,5990,app
S001658,2026-04-10T17:00:00+00:00,SKU020,recarga,R0008,Buenos Aires,1990,app
S001659,2026-03-07T19:00:00+00:00,SKU020,recarga,R0049,Buenos Aires,1990,estacion
S001660,2026-05-03T09:00:00+00:00,SKU018,recarga,R0081,Buenos Aires,3490,estacion
S001661,2026-04-17T07:00:00+00:00,SKU009,pase,R0070,Buenos Aires,5990,app
S001662,2026-02-24T17:00:00+00:00,SKU004,pase,R0065,Buenos Aires,9990,app
S001663,2026-02-27T21:00:00+00:00,SKU026,accesorio,R0090,Cordoba,3290,app
S001664,2026-01-22T00:00:00+00:00,SKU011,recarga,R0107,Cordoba,9790,app
S001665,2026-03-18T23:00:00+00:00,SKU037,seguro,R0099,Buenos Aires,14990,app
S001666,2026-04-12T17:00:00+00:00,SKU014,recarga,R0012,Buenos Aires,9990,app
S001667,2026-02-24T13:00:00+00:00,SKU037,seguro,R0069,Buenos Aires,14990,estacion
S001668,2026-02-11T00:00:00+00:00,SKU032,seguro,R0018,Buenos Aires,5990,app
S001669,2026-06-02T16:00:00+00:00,SKU032,seguro,R0048,Buenos Aires,5990,app
S001670,2026-02-27T10:00:00+00:00,SKU011,recarga,R0067,Cordoba,9790,app
S001671,2026-04-04T20:00:00+00:00,SKU019,recarga,R0114,Cordoba,5790,app
S001672,2026-06-10T17:00:00+00:00,SKU006,pase,R0007,Cordoba,9790,estacion
S001673,2026-05-18T19:00:00+00:00,SKU040,seguro,R0078,Cordoba,5790,estacion
S001674,2026-02-21T13:00:00+00:00,SKU018,recarga,R0116,Cordoba,3290,app
S001675,2026-05-06T06:00:00+00:00,SKU036,seguro,R0111,Buenos Aires,9990,estacion
S001676,2026-01-30T13:00:00+00:00,SKU021,accesorio,R0064,Buenos Aires,9990,estacion
S001677,2026-04-10T19:00:00+00:00,SKU011,recarga,R0047,Cordoba,9790,estacion
S001678,2026-04-02T12:00:00+00:00,SKU011,recarga,R0030,Buenos Aires,3490,estacion
S001679,2026-04-15T06:00:00+00:00,SKU015,recarga,R0084,Cordoba,3290,web
S001680,2026-03-03T00:00:00+00:00,SKU026,accesorio,R0013,Buenos Aires,9990,web
S001681,2026-02-21T11:00:00+00:00,SKU005,pase,R0067,Cordoba,5790,web
S001682,2026-04-19T19:00:00+00:00,SKU024,accesorio,R0049,Buenos Aires,1990,estacion
S001683,2026-04-10T18:00:00+00:00,SKU033,seguro,R0066,Buenos Aires,5990,estacion
S001684,2026-04-07T08:00:00+00:00,SKU014,recarga,R0029,Cordoba,3290,estacion
S001685,2026-02-14T14:00:00+00:00,SKU022,accesorio,R0085,Cordoba,3290,app
S001686,2026-05-09T12:00:00+00:00,SKU021,accesorio,R0086,Cordoba,1890,app
S001687,2026-01-29T08:00:00+00:00,SKU038,seguro,R0077,Buenos Aires,1990,app
S001688,2026-03-06T08:00:00+00:00,SKU024,accesorio,R0013,Buenos Aires,1990,web
S001689,2026-04-06T07:00:00+00:00,SKU010,pase,R0030,Buenos Aires,9990,app
S001690,2026-05-21T17:00:00+00:00,SKU040,seguro,R0055,Buenos Aires,5990,app
S001691,2026-03-29T16:00:00+00:00,SKU033,seguro,R0110,Cordoba,1890,estacion
S001692,2026-06-03T02:00:00+00:00,SKU003,pase,R0091,Cordoba,1890,web
S001693,2026-03-09T12:00:00+00:00,SKU021,accesorio,R0096,Buenos Aires,9990,app
S001694,2026-05-03T23:00:00+00:00,SKU008,pase,R0043,Cordoba,9790,app
S001695,2026-01-23T07:00:00+00:00,SKU036,seguro,R0087,Buenos Aires,9990,app
S001696,2026-06-05T11:00:00+00:00,SKU035,seguro,R0018,Buenos Aires,1990,estacion
S001697,2026-03-20T09:00:00+00:00,SKU018,recarga,R0075,Buenos Aires,3490,web
S001698,2026-01-24T05:00:00+00:00,SKU027,accesorio,R0023,Cordoba,3290,web
S001699,2026-06-13T21:00:00+00:00,SKU012,recarga,R0079,Cordoba,1890,estacion
S001700,2026-05-20T22:00:00+00:00,SKU039,seguro,R0058,Cordoba,5790,web
S001701,2026-05-05T23:00:00+00:00,SKU029,accesorio,R0119,Cordoba,1890,app
S001702,2026-01-17T21:00:00+00:00,SKU019,recarga,R0056,Cordoba,5790,web
S001703,2026-05-09T11:00:00+00:00,SKU008,pase,R0043,Cordoba,9790,app
S001704,2026-01-27T01:00:00+00:00,SKU020,recarga,R0052,Buenos Aires,1990,app
S001705,2026-04-16T16:00:00+00:00,SKU014,recarga,R0005,Buenos Aires,9990,web
S001706,2026-02-10T12:00:00+00:00,SKU001,pase,R0045,Buenos Aires,14990,estacion
S001707,2026-02-11T21:00:00+00:00,SKU018,recarga,R0050,Buenos Aires,3490,app
S001708,2026-02-04T17:00:00+00:00,SKU019,recarga,R0079,Cordoba,5790,app
S001709,2026-03-20T10:00:00+00:00,SKU023,accesorio,R0066,Cordoba,5790,app
S001710,2026-03-08T07:00:00+00:00,SKU003,pase,R0022,Buenos Aires,3490,web
S001711,2026-05-09T23:00:00+00:00,SKU013,recarga,R0096,Cordoba,5790,web
S001712,2026-02-05T18:00:00+00:00,SKU028,accesorio,R0032,Buenos Aires,5990,app
S001713,2026-04-12T06:00:00+00:00,SKU012,recarga,R0044,Cordoba,1890,estacion
S001714,2026-04-17T08:00:00+00:00,SKU039,seguro,R0034,Buenos Aires,14990,app
S001715,2026-03-25T23:00:00+00:00,SKU033,seguro,R0109,Buenos Aires,5990,web
S001716,2026-06-10T15:00:00+00:00,SKU034,seguro,R0005,Cordoba,5790,estacion
S001717,2026-04-19T03:00:00+00:00,SKU001,pase,R0062,Buenos Aires,14990,web
S001718,2026-06-11T23:00:00+00:00,SKU036,seguro,R0002,Cordoba,3290,app
S001719,2026-02-13T05:00:00+00:00,SKU010,pase,R0065,Cordoba,1890,web
S001720,2026-05-20T16:00:00+00:00,SKU009,pase,R0025,Cordoba,9790,estacion
S001721,2026-03-21T05:00:00+00:00,SKU002,pase,R0075,Cordoba,3290,app
S001722,2026-02-17T08:00:00+00:00,SKU030,accesorio,R0068,Buenos Aires,3490,estacion
S001723,2026-04-30T19:00:00+00:00,SKU032,seguro,R0048,Cordoba,9790,web
S001724,2026-03-30T04:00:00+00:00,SKU015,recarga,R0031,Cordoba,3290,estacion
S001725,2026-04-18T15:00:00+00:00,SKU035,seguro,R0117,Cordoba,9790,estacion
S001726,2026-05-06T08:00:00+00:00,SKU036,seguro,R0065,Cordoba,3290,app
S001727,2026-04-12T15:00:00+00:00,SKU024,accesorio,R0004,Cordoba,5790,app
S001728,2026-02-19T20:00:00+00:00,SKU031,seguro,R0115,Cordoba,1890,app
S001729,2026-04-30T03:00:00+00:00,SKU027,accesorio,R0082,Cordoba,3290,web
S001730,2026-04-08T05:00:00+00:00,SKU035,seguro,R0066,Buenos Aires,1990,app
S001731,2026-02-03T02:00:00+00:00,SKU015,recarga,R0114,Buenos Aires,9990,estacion
S001732,2026-03-20T10:00:00+00:00,SKU036,seguro,R0052,Buenos Aires,9990,app
S001733,2026-04-11T15:00:00+00:00,SKU024,accesorio,R0024,Buenos Aires,1990,estacion
S001734,2026-03-05T20:00:00+00:00,SKU021,accesorio,R0061,Buenos Aires,9990,web
S001735,2026-05-08T08:00:00+00:00,SKU035,seguro,R0087,Buenos Aires,1990,app
S001736,2026-06-01T23:00:00+00:00,SKU033,seguro,R0091,Cordoba,1890,web
S001737,2026-03-23T10:00:00+00:00,SKU011,recarga,R0076,Buenos Aires,3490,app
S001738,2026-05-03T00:00:00+00:00,SKU011,recarga,R0070,Buenos Aires,3490,estacion
S001739,2026-03-04T11:00:00+00:00,SKU037,seguro,R0007,Buenos Aires,14990,web
S001740,2026-01-17T08:00:00+00:00,SKU035,seguro,R0010,Buenos Aires,1990,estacion
S001741,2026-01-18T07:00:00+00:00,SKU022,accesorio,R0071,Buenos Aires,1990,app
S001742,2026-02-03T02:00:00+00:00,SKU009,pase,R0066,Cordoba,9790,web
S001743,2026-03-09T05:00:00+00:00,SKU016,recarga,R0035,Buenos Aires,5990,estacion
S001744,2026-05-19T23:00:00+00:00,SKU003,pase,R0032,Buenos Aires,3490,app
S001745,2026-04-08T13:00:00+00:00,SKU028,accesorio,R0077,Cordoba,9790,app
S001746,2026-02-04T18:00:00+00:00,SKU013,recarga,R0037,Buenos Aires,3490,web
S001747,2026-03-08T14:00:00+00:00,SKU016,recarga,R0009,Buenos Aires,5990,app
S001748,2026-03-21T07:00:00+00:00,SKU020,recarga,R0057,Buenos Aires,1990,app
S001749,2026-03-12T00:00:00+00:00,SKU035,seguro,R0105,Buenos Aires,1990,app
S001750,2026-05-04T13:00:00+00:00,SKU030,accesorio,R0067,Buenos Aires,3490,app
S001751,2026-06-06T08:00:00+00:00,SKU036,seguro,R0047,Buenos Aires,9990,estacion
S001752,2026-04-20T22:00:00+00:00,SKU003,pase,R0108,Buenos Aires,3490,app
S001753,2026-05-19T09:00:00+00:00,SKU015,recarga,R0115,Buenos Aires,9990,estacion
S001754,2026-02-28T07:00:00+00:00,SKU014,recarga,R0038,Cordoba,3290,app
S001755,2026-03-24T02:00:00+00:00,SKU009,pase,R0088,Buenos Aires,5990,app
S001756,2026-05-26T05:00:00+00:00,SKU039,seguro,R0035,Cordoba,5790,estacion
S001757,2026-01-24T18:00:00+00:00,SKU034,seguro,R0043,Buenos Aires,1990,app
S001758,2026-03-08T02:00:00+00:00,SKU011,recarga,R0106,Cordoba,9790,app
S001759,2026-03-06T07:00:00+00:00,SKU025,accesorio,R0116,Cordoba,9790,app
S001760,2026-05-31T10:00:00+00:00,SKU020,recarga,R0050,Buenos Aires,1990,estacion
S001761,2026-01-16T12:00:00+00:00,SKU037,seguro,R0089,Buenos Aires,14990,app
S001762,2026-03-30T11:00:00+00:00,SKU037,seguro,R0017,Buenos Aires,14990,app
S001763,2026-03-28T20:00:00+00:00,SKU005,pase,R0038,Cordoba,5790,app
S001764,2026-02-25T20:00:00+00:00,SKU032,seguro,R0063,Buenos Aires,5990,app
S001765,2026-02-19T03:00:00+00:00,SKU019,recarga,R0110,Buenos Aires,3490,estacion
S001766,2026-05-30T22:00:00+00:00,SKU026,accesorio,R0012,Cordoba,3290,app
S001767,2026-04-28T08:00:00+00:00,SKU006,pase,R0081,Cordoba,9790,web
S001768,2026-05-17T22:00:00+00:00,SKU017,recarga,R0085,Cordoba,1890,web
S001769,2026-03-28T15:00:00+00:00,SKU006,pase,R0054,Cordoba,9790,app
S001770,2026-06-10T15:00:00+00:00,SKU013,recarga,R0042,Cordoba,5790,web
S001771,2026-03-07T18:00:00+00:00,SKU017,recarga,R0060,Cordoba,1890,app
S001772,2026-05-04T20:00:00+00:00,SKU023,accesorio,R0010,Cordoba,5790,web
S001773,2026-02-09T20:00:00+00:00,SKU011,recarga,R0068,Buenos Aires,3490,app
S001774,2026-03-27T16:00:00+00:00,SKU013,recarga,R0024,Cordoba,5790,app
S001775,2026-03-26T21:00:00+00:00,SKU006,pase,R0011,Buenos Aires,9990,estacion
S001776,2026-03-19T16:00:00+00:00,SKU014,recarga,R0099,Buenos Aires,9990,estacion
S001777,2026-05-29T01:00:00+00:00,SKU020,recarga,R0009,Cordoba,5790,web
S001778,2026-04-14T07:00:00+00:00,SKU028,accesorio,R0111,Cordoba,9790,app
S001779,2026-02-09T15:00:00+00:00,SKU003,pase,R0102,Cordoba,1890,app
S001780,2026-03-11T08:00:00+00:00,SKU020,recarga,R0078,Buenos Aires,1990,app
S001781,2026-05-08T15:00:00+00:00,SKU002,pase,R0111,Buenos Aires,9990,web
S001782,2026-06-11T19:00:00+00:00,SKU026,accesorio,R0109,Cordoba,3290,estacion
S001783,2026-04-18T14:00:00+00:00,SKU028,accesorio,R0000,Cordoba,9790,estacion
S001784,2026-04-15T01:00:00+00:00,SKU040,seguro,R0001,Cordoba,5790,app
S001785,2026-03-01T19:00:00+00:00,SKU011,recarga,R0009,Cordoba,9790,web
S001786,2026-03-12T11:00:00+00:00,SKU037,seguro,R0114,Buenos Aires,14990,web
S001787,2026-02-01T03:00:00+00:00,SKU031,seguro,R0018,Cordoba,1890,app
S001788,2026-04-28T01:00:00+00:00,SKU003,pase,R0112,Cordoba,1890,web
S001789,2026-04-08T23:00:00+00:00,SKU012,recarga,R0019,Buenos Aires,1990,app
S001790,2026-05-11T23:00:00+00:00,SKU004,pase,R0039,Buenos Aires,9990,app
S001791,2026-05-18T18:00:00+00:00,SKU020,recarga,R0058,Cordoba,5790,web
S001792,2026-03-04T14:00:00+00:00,SKU002,pase,R0036,Buenos Aires,9990,web
S001793,2026-05-06T12:00:00+00:00,SKU009,pase,R0068,Buenos Aires,5990,app
S001794,2026-02-14T08:00:00+00:00,SKU040,seguro,R0056,Cordoba,5790,estacion
S001795,2026-05-29T09:00:00+00:00,SKU006,pase,R0045,Cordoba,9790,web
S001796,2026-02-12T16:00:00+00:00,SKU002,pase,R0012,Cordoba,3290,web
S001797,2026-04-26T21:00:00+00:00,SKU013,recarga,R0086,Buenos Aires,3490,web
S001798,2026-05-03T07:00:00+00:00,SKU035,seguro,R0016,Buenos Aires,1990,estacion
S001799,2026-01-26T21:00:00+00:00,SKU032,seguro,R0026,Buenos Aires,5990,estacion
S001800,2026-02-28T08:00:00+00:00,SKU006,pase,R0039,Cordoba,9790,app
S001801,2026-01-23T03:00:00+00:00,SKU022,accesorio,R0083,Buenos Aires,1990,app
S001802,2026-04-19T15:00:00+00:00,SKU006,pase,R0049,Cordoba,9790,app
S001803,2026-03-11T06:00:00+00:00,SKU020,recarga,R0028,Buenos Aires,1990,app
S001804,2026-02-12T16:00:00+00:00,SKU023,accesorio,R0061,Buenos Aires,14990,app
S001805,2026-02-07T01:00:00+00:00,SKU005,pase,R0034,Cordoba,5790,web
S001806,2026-04-05T05:00:00+00:00,SKU004,pase,R0039,Cordoba,1890,estacion
S001807,2026-04-09T22:00:00+00:00,SKU022,accesorio,R0017,Buenos Aires,1990,app
S001808,2026-03-29T01:00:00+00:00,SKU023,accesorio,R0010,Buenos Aires,14990,web
S001809,2026-04-27T07:00:00+00:00,SKU008,pase,R0056,Buenos Aires,1990,web
S001810,2026-03-10T09:00:00+00:00,SKU002,pase,R0000,Cordoba,3290,estacion
S001811,2026-05-06T14:00:00+00:00,SKU022,accesorio,R0118,Buenos Aires,1990,web
S001812,2026-05-08T08:00:00+00:00,SKU003,pase,R0021,Buenos Aires,3490,app
S001813,2026-02-01T22:00:00+00:00,SKU025,accesorio,R0111,Buenos Aires,1990,estacion
S001814,2026-01-22T18:00:00+00:00,SKU029,accesorio,R0027,Buenos Aires,9990,app
S001815,2026-01-26T18:00:00+00:00,SKU039,seguro,R0087,Buenos Aires,14990,app
S001816,2026-03-19T16:00:00+00:00,SKU024,accesorio,R0086,Cordoba,5790,app
S001817,2026-05-05T12:00:00+00:00,SKU009,pase,R0095,Buenos Aires,5990,web
S001818,2026-03-31T05:00:00+00:00,SKU015,recarga,R0085,Cordoba,3290,app
S001819,2026-01-28T19:00:00+00:00,SKU029,accesorio,R0063,Cordoba,1890,app
S001820,2026-06-05T05:00:00+00:00,SKU011,recarga,R0066,Cordoba,9790,app
S001821,2026-04-13T07:00:00+00:00,SKU028,accesorio,R0032,Buenos Aires,5990,estacion
S001822,2026-03-08T23:00:00+00:00,SKU004,pase,R0085,Buenos Aires,9990,web
S001823,2026-03-03T06:00:00+00:00,SKU012,recarga,R0009,Buenos Aires,1990,app
S001824,2026-02-27T18:00:00+00:00,SKU012,recarga,R0075,Cordoba,1890,web
S001825,2026-04-15T11:00:00+00:00,SKU031,seguro,R0090,Buenos Aires,9990,app
S001826,2026-03-25T15:00:00+00:00,SKU032,seguro,R0029,Buenos Aires,5990,estacion
S001827,2026-04-05T06:00:00+00:00,SKU029,accesorio,R0056,Cordoba,1890,estacion
S001828,2026-06-02T10:00:00+00:00,SKU011,recarga,R0008,Buenos Aires,3490,app
S001829,2026-03-30T22:00:00+00:00,SKU021,accesorio,R0066,Cordoba,1890,app
S001830,2026-03-05T14:00:00+00:00,SKU009,pase,R0024,Buenos Aires,5990,estacion
S001831,2026-06-01T12:00:00+00:00,SKU032,seguro,R0027,Buenos Aires,5990,estacion
S001832,2026-02-22T19:00:00+00:00,SKU013,recarga,R0089,Cordoba,5790,app
S001833,2026-05-05T21:00:00+00:00,SKU025,accesorio,R0001,Buenos Aires,1990,estacion
S001834,2026-04-02T07:00:00+00:00,SKU019,recarga,R0073,Buenos Aires,3490,web
S001835,2026-03-11T20:00:00+00:00,SKU018,recarga,R0065,Cordoba,3290,app
S001836,2026-05-16T16:00:00+00:00,SKU002,pase,R0115,Buenos Aires,9990,app
S001837,2026-03-06T21:00:00+00:00,SKU028,accesorio,R0058,Buenos Aires,5990,estacion
S001838,2026-03-10T14:00:00+00:00,SKU032,seguro,R0076,Cordoba,9790,app
S001839,2026-01-30T04:00:00+00:00,SKU018,recarga,R0116,Cordoba,3290,estacion
S001840,2026-03-19T13:00:00+00:00,SKU040,seguro,R0032,Buenos Aires,5990,app
S001841,2026-03-04T13:00:00+00:00,SKU033,seguro,R0082,Cordoba,1890,app
S001842,2026-03-23T06:00:00+00:00,SKU039,seguro,R0025,Cordoba,5790,app
S001843,2026-03-14T01:00:00+00:00,SKU018,recarga,R0117,Buenos Aires,3490,app
S001844,2026-02-07T04:00:00+00:00,SKU021,accesorio,R0048,Cordoba,1890,app
S001845,2026-04-07T20:00:00+00:00,SKU020,recarga,R0065,Cordoba,5790,app
S001846,2026-01-21T09:00:00+00:00,SKU038,seguro,R0103,Cordoba,3290,web
S001847,2026-05-04T05:00:00+00:00,SKU001,pase,R0069,Buenos Aires,14990,web
S001848,2026-04-19T07:00:00+00:00,SKU036,seguro,R0092,Cordoba,3290,app
S001849,2026-04-30T21:00:00+00:00,SKU028,accesorio,R0001,Cordoba,9790,estacion
S001850,2026-03-18T00:00:00+00:00,SKU015,recarga,R0008,Cordoba,3290,app
S001851,2026-04-20T19:00:00+00:00,SKU015,recarga,R0103,Cordoba,3290,estacion
S001852,2026-04-07T21:00:00+00:00,SKU005,pase,R0037,Cordoba,5790,app
S001853,2026-02-09T04:00:00+00:00,SKU033,seguro,R0060,Buenos Aires,5990,app
S001854,2026-03-15T03:00:00+00:00,SKU028,accesorio,R0117,Buenos Aires,5990,app
S001855,2026-01-21T17:00:00+00:00,SKU013,recarga,R0043,Cordoba,5790,app
S001856,2026-05-15T21:00:00+00:00,SKU030,accesorio,R0088,Buenos Aires,3490,estacion
S001857,2026-02-25T18:00:00+00:00,SKU010,pase,R0026,Buenos Aires,9990,web
S001858,2026-04-27T05:00:00+00:00,SKU035,seguro,R0037,Cordoba,9790,app
S001859,2026-04-14T15:00:00+00:00,SKU025,accesorio,R0096,Cordoba,9790,estacion
S001860,2026-01-24T13:00:00+00:00,SKU020,recarga,R0000,Cordoba,5790,app
S001861,2026-02-09T14:00:00+00:00,SKU010,pase,R0039,Cordoba,1890,web
S001862,2026-06-10T18:00:00+00:00,SKU008,pase,R0058,Cordoba,9790,estacion
S001863,2026-03-23T05:00:00+00:00,SKU012,recarga,R0118,Buenos Aires,1990,web
S001864,2026-03-28T15:00:00+00:00,SKU027,accesorio,R0054,Buenos Aires,9990,web
S001865,2026-05-06T04:00:00+00:00,SKU019,recarga,R0115,Buenos Aires,3490,app
S001866,2026-02-06T03:00:00+00:00,SKU020,recarga,R0047,Buenos Aires,1990,app
S001867,2026-05-09T22:00:00+00:00,SKU017,recarga,R0051,Buenos Aires,5990,web
S001868,2026-05-21T07:00:00+00:00,SKU023,accesorio,R0032,Buenos Aires,14990,app
S001869,2026-03-02T13:00:00+00:00,SKU014,recarga,R0097,Buenos Aires,9990,estacion
S001870,2026-03-19T05:00:00+00:00,SKU027,accesorio,R0058,Cordoba,3290,app
S001871,2026-01-22T03:00:00+00:00,SKU024,accesorio,R0025,Buenos Aires,1990,estacion
S001872,2026-02-12T16:00:00+00:00,SKU002,pase,R0106,Cordoba,3290,app
S001873,2026-04-23T07:00:00+00:00,SKU012,recarga,R0051,Buenos Aires,1990,app
S001874,2026-05-07T03:00:00+00:00,SKU018,recarga,R0035,Buenos Aires,3490,estacion
S001875,2026-03-11T17:00:00+00:00,SKU009,pase,R0087,Buenos Aires,5990,app
S001876,2026-04-17T17:00:00+00:00,SKU039,seguro,R0104,Buenos Aires,14990,app
S001877,2026-06-01T09:00:00+00:00,SKU017,recarga,R0083,Buenos Aires,5990,estacion
S001878,2026-04-18T14:00:00+00:00,SKU005,pase,R0085,Cordoba,5790,app
S001879,2026-02-11T10:00:00+00:00,SKU030,accesorio,R0032,Buenos Aires,3490,estacion
S001880,2026-02-19T04:00:00+00:00,SKU039,seguro,R0019,Cordoba,5790,app
S001881,2026-02-28T04:00:00+00:00,SKU034,seguro,R0095,Buenos Aires,1990,app
S001882,2026-04-21T07:00:00+00:00,SKU030,accesorio,R0042,Buenos Aires,3490,app
S001883,2026-05-29T21:00:00+00:00,SKU005,pase,R0064,Cordoba,5790,web
S001884,2026-02-18T04:00:00+00:00,SKU002,pase,R0064,Buenos Aires,9990,web
S001885,2026-03-03T08:00:00+00:00,SKU017,recarga,R0050,Buenos Aires,5990,app
S001886,2026-04-14T09:00:00+00:00,SKU027,accesorio,R0049,Cordoba,3290,app
S001887,2026-01-23T15:00:00+00:00,SKU006,pase,R0048,Buenos Aires,9990,web
S001888,2026-05-26T23:00:00+00:00,SKU011,recarga,R0090,Cordoba,9790,app
S001889,2026-05-12T14:00:00+00:00,SKU005,pase,R0069,Buenos Aires,5990,app
S001890,2026-03-05T18:00:00+00:00,SKU010,pase,R0091,Buenos Aires,9990,web
S001891,2026-02-06T05:00:00+00:00,SKU024,accesorio,R0052,Buenos Aires,1990,web
S001892,2026-03-30T04:00:00+00:00,SKU034,seguro,R0025,Buenos Aires,1990,app
S001893,2026-01-15T07:00:00+00:00,SKU033,seguro,R0041,Buenos Aires,5990,estacion
S001894,2026-04-11T12:00:00+00:00,SKU005,pase,R0032,Buenos Aires,5990,app
S001895,2026-03-02T13:00:00+00:00,SKU019,recarga,R0041,Buenos Aires,3490,app
S001896,2026-05-04T07:00:00+00:00,SKU017,recarga,R0022,Cordoba,1890,web
S001897,2026-01-31T00:00:00+00:00,SKU014,recarga,R0101,Buenos Aires,9990,app
S001898,2026-06-08T14:00:00+00:00,SKU040,seguro,R0035,Cordoba,5790,web
S001899,2026-05-29T18:00:00+00:00,SKU022,accesorio,R0112,Cordoba,3290,web
S001900,2026-02-24T20:00:00+00:00,SKU015,recarga,R0001,Cordoba,3290,app
S001901,2026-05-25T22:00:00+00:00,SKU010,pase,R0071,Buenos Aires,9990,estacion
S001902,2026-02-23T02:00:00+00:00,SKU020,recarga,R0109,Buenos Aires,1990,web
S001903,2026-02-15T00:00:00+00:00,SKU010,pase,R0031,Cordoba,1890,estacion
S001904,2026-05-25T06:00:00+00:00,SKU037,seguro,R0033,Cordoba,5790,app
S001905,2026-05-18T14:00:00+00:00,SKU038,seguro,R0075,Cordoba,3290,estacion
S001906,2026-05-24T19:00:00+00:00,SKU014,recarga,R0051,Buenos Aires,9990,web
S001907,2026-03-16T22:00:00+00:00,SKU004,pase,R0065,Cordoba,1890,estacion
S001908,2026-01-18T00:00:00+00:00,SKU014,recarga,R0119,Cordoba,3290,estacion
S001909,2026-04-22T21:00:00+00:00,SKU035,seguro,R0117,Cordoba,9790,app
S001910,2026-03-22T20:00:00+00:00,SKU020,recarga,R0076,Buenos Aires,1990,estacion
S001911,2026-05-15T07:00:00+00:00,SKU029,accesorio,R0047,Buenos Aires,9990,app
S001912,2026-04-26T06:00:00+00:00,SKU022,accesorio,R0036,Cordoba,3290,estacion
S001913,2026-02-06T19:00:00+00:00,SKU003,pase,R0069,Buenos Aires,3490,web
S001914,2026-03-11T03:00:00+00:00,SKU014,recarga,R0005,Buenos Aires,9990,web
S001915,2026-05-29T05:00:00+00:00,SKU033,seguro,R0084,Buenos Aires,5990,estacion
S001916,2026-04-25T16:00:00+00:00,SKU009,pase,R0070,Cordoba,9790,estacion
S001917,2026-05-19T23:00:00+00:00,SKU022,accesorio,R0115,Cordoba,3290,web
S001918,2026-02-05T16:00:00+00:00,SKU006,pase,R0077,Cordoba,9790,app
S001919,2026-03-10T22:00:00+00:00,SKU031,seguro,R0025,Buenos Aires,9990,web
S001920,2026-02-26T10:00:00+00:00,SKU004,pase,R0109,Cordoba,1890,estacion
S001921,2026-05-15T04:00:00+00:00,SKU023,accesorio,R0085,Cordoba,5790,app
S001922,2026-01-20T05:00:00+00:00,SKU019,recarga,R0104,Buenos Aires,3490,app
S001923,2026-04-26T01:00:00+00:00,SKU040,seguro,R0031,Buenos Aires,5990,app
S001924,2026-01-30T14:00:00+00:00,SKU018,recarga,R0050,Cordoba,3290,estacion
S001925,2026-03-02T01:00:00+00:00,SKU018,recarga,R0061,Buenos Aires,3490,app
S001926,2026-05-09T06:00:00+00:00,SKU037,seguro,R0102,Cordoba,5790,app
S001927,2026-03-18T03:00:00+00:00,SKU028,accesorio,R0055,Cordoba,9790,app
S001928,2026-04-30T02:00:00+00:00,SKU010,pase,R0103,Cordoba,1890,app
S001929,2026-03-06T22:00:00+00:00,SKU013,recarga,R0093,Buenos Aires,3490,app
S001930,2026-06-04T02:00:00+00:00,SKU035,seguro,R0117,Buenos Aires,1990,web
S001931,2026-02-28T21:00:00+00:00,SKU018,recarga,R0073,Cordoba,3290,app
S001932,2026-01-22T07:00:00+00:00,SKU001,pase,R0007,Buenos Aires,14990,app
S001933,2026-05-25T18:00:00+00:00,SKU021,accesorio,R0105,Cordoba,1890,estacion
S001934,2026-02-11T23:00:00+00:00,SKU005,pase,R0109,Cordoba,5790,web
S001935,2026-02-24T04:00:00+00:00,SKU024,accesorio,R0032,Cordoba,5790,app
S001936,2026-05-16T12:00:00+00:00,SKU004,pase,R0085,Buenos Aires,9990,app
S001937,2026-05-06T17:00:00+00:00,SKU009,pase,R0070,Cordoba,9790,web
S001938,2026-02-07T00:00:00+00:00,SKU015,recarga,R0057,Cordoba,3290,web
S001939,2026-03-01T18:00:00+00:00,SKU008,pase,R0068,Cordoba,9790,web
S001940,2026-05-19T07:00:00+00:00,SKU037,seguro,R0039,Buenos Aires,14990,app
S001941,2026-05-09T19:00:00+00:00,SKU036,seguro,R0094,Buenos Aires,9990,app
S001942,2026-03-12T12:00:00+00:00,SKU022,accesorio,R0048,Cordoba,3290,estacion
S001943,2026-02-17T22:00:00+00:00,SKU035,seguro,R0095,Buenos Aires,1990,app
S001944,2026-02-21T04:00:00+00:00,SKU036,seguro,R0095,Cordoba,3290,estacion
S001945,2026-02-06T11:00:00+00:00,SKU009,pase,R0004,Cordoba,9790,app
S001946,2026-03-17T09:00:00+00:00,SKU003,pase,R0065,Cordoba,1890,app
S001947,2026-04-03T07:00:00+00:00,SKU016,recarga,R0002,Buenos Aires,5990,web
S001948,2026-03-18T23:00:00+00:00,SKU011,recarga,R0021,Buenos Aires,3490,estacion
S001949,2026-03-07T07:00:00+00:00,SKU032,seguro,R0081,Cordoba,9790,web
S001950,2026-04-12T18:00:00+00:00,SKU025,accesorio,R0074,Buenos Aires,1990,app
S001951,2026-03-24T21:00:00+00:00,SKU031,seguro,R0085,Cordoba,1890,web
S001952,2026-06-01T20:00:00+00:00,SKU006,pase,R0050,Cordoba,9790,app
S001953,2026-05-17T14:00:00+00:00,SKU012,recarga,R0063,Cordoba,1890,app
S001954,2026-04-25T18:00:00+00:00,SKU002,pase,R0074,Cordoba,3290,app
S001955,2026-05-01T12:00:00+00:00,SKU013,recarga,R0054,Cordoba,5790,estacion
S001956,2026-01-29T03:00:00+00:00,SKU016,recarga,R0068,Cordoba,1890,app
S001957,2026-02-10T18:00:00+00:00,SKU003,pase,R0071,Buenos Aires,3490,web
S001958,2026-04-09T07:00:00+00:00,SKU022,accesorio,R0032,Buenos Aires,1990,web
S001959,2026-04-04T12:00:00+00:00,SKU011,recarga,R0096,Cordoba,9790,app
S001960,2026-04-26T10:00:00+00:00,SKU039,seguro,R0080,Cordoba,5790,app
S001961,2026-05-03T05:00:00+00:00,SKU003,pase,R0021,Cordoba,1890,app
S001962,2026-03-25T04:00:00+00:00,SKU010,pase,R0035,Buenos Aires,9990,estacion
S001963,2026-01-31T02:00:00+00:00,SKU036,seguro,R0085,Cordoba,3290,app
S001964,2026-02-07T16:00:00+00:00,SKU022,accesorio,R0111,Buenos Aires,1990,app
S001965,2026-03-18T01:00:00+00:00,SKU040,seguro,R0081,Cordoba,5790,web
S001966,2026-05-18T22:00:00+00:00,SKU021,accesorio,R0107,Buenos Aires,9990,app
S001967,2026-05-10T09:00:00+00:00,SKU003,pase,R0087,Cordoba,1890,app
S001968,2026-02-03T07:00:00+00:00,SKU018,recarga,R0088,Cordoba,3290,app
S001969,2026-03-12T04:00:00+00:00,SKU040,seguro,R0019,Buenos Aires,5990,app
S001970,2026-04-28T15:00:00+00:00,SKU020,recarga,R0108,Cordoba,5790,app
S001971,2026-03-09T19:00:00+00:00,SKU026,accesorio,R0112,Cordoba,3290,app
S001972,2026-06-12T14:00:00+00:00,SKU027,accesorio,R0058,Buenos Aires,9990,app
S001973,2026-04-14T06:00:00+00:00,SKU021,accesorio,R0072,Buenos Aires,9990,estacion
S001974,2026-02-19T22:00:00+00:00,SKU032,seguro,R0025,Cordoba,9790,app
S001975,2026-05-26T14:00:00+00:00,SKU006,pase,R0115,Cordoba,9790,web
S001976,2026-04-19T02:00:00+00:00,SKU029,accesorio,R0038,Cordoba,1890,web
S001977,2026-01-24T02:00:00+00:00,SKU005,pase,R0067,Cordoba,5790,app
S001978,2026-05-25T15:00:00+00:00,SKU015,recarga,R0071,Buenos Aires,9990,app
S001979,2026-03-07T04:00:00+00:00,SKU026,accesorio,R0069,Cordoba,3290,web
S001980,2026-04-13T15:00:00+00:00,SKU024,accesorio,R0070,Buenos Aires,1990,estacion
S001981,2026-05-31T05:00:00+00:00,SKU018,recarga,R0029,Buenos Aires,3490,estacion
S001982,2026-02-20T13:00:00+00:00,SKU003,pase,R0081,Buenos Aires,3490,app
S001983,2026-03-21T23:00:00+00:00,SKU027,accesorio,R0057,Cordoba,3290,estacion
S001984,2026-03-19T05:00:00+00:00,SKU031,seguro,R0109,Buenos Aires,9990,web
S001985,2026-01-26T09:00:00+00:00,SKU027,accesorio,R0079,Cordoba,3290,estacion
S001986,2026-05-04T18:00:00+00:00,SKU005,pase,R0093,Buenos Aires,5990,estacion
S001987,2026-02-08T18:00:00+00:00,SKU033,seguro,R0023,Buenos Aires,5990,web
S001988,2026-02-06T12:00:00+00:00,SKU034,seguro,R0105,Buenos Aires,1990,estacion
S001989,2026-01-29T06:00:00+00:00,SKU015,recarga,R0002,Buenos Aires,9990,estacion
S001990,2026-01-18T01:00:00+00:00,SKU015,recarga,R0001,Buenos Aires,9990,web
S001991,2026-03-21T22:00:00+00:00,SKU031,seguro,R0097,Cordoba,1890,app
S001992,2026-05-15T08:00:00+00:00,SKU029,accesorio,R0111,Cordoba,1890,web
S001993,2026-02-22T07:00:00+00:00,SKU039,seguro,R0102,Buenos Aires,14990,app
S001994,2026-04-29T14:00:00+00:00,SKU003,pase,R0104,Cordoba,1890,app
S001995,2026-05-18T14:00:00+00:00,SKU033,seguro,R0010,Cordoba,1890,estacion
S001996,2026-05-30T19:00:00+00:00,SKU033,seguro,R0016,Buenos Aires,5990,web
S001997,2026-04-19T05:00:00+00:00,SKU005,pase,R0041,Cordoba,5790,estacion
S001998,2026-06-08T15:00:00+00:00,SKU009,pase,R0082,Cordoba,9790,web
S001999,2026-03-11T12:00:00+00:00,SKU026,accesorio,R0119,Cordoba,3290,web
S002000,2026-04-04T22:00:00+00:00,SKU036,seguro,R0114,Cordoba,3290,app
S002001,2026-05-13T16:00:00+00:00,SKU005,pase,R0084,Cordoba,5790,web
S002002,2026-05-13T01:00:00+00:00,SKU040,seguro,R0097,Cordoba,5790,app
S002003,2026-06-04T03:00:00+00:00,SKU029,accesorio,R0004,Cordoba,1890,app
S002004,2026-03-27T09:00:00+00:00,SKU026,accesorio,R0082,Buenos Aires,9990,web
S002005,2026-06-03T00:00:00+00:00,SKU012,recarga,R0086,Buenos Aires,1990,web
S002006,2026-05-16T21:00:00+00:00,SKU013,recarga,R0108,Cordoba,5790,web
S002007,2026-03-11T14:00:00+00:00,SKU002,pase,R0056,Cordoba,3290,estacion
S002008,2026-02-03T06:00:00+00:00,SKU027,accesorio,R0067,Cordoba,3290,app
S002009,2026-01-28T13:00:00+00:00,SKU015,recarga,R0040,Cordoba,3290,app
S002010,2026-04-18T22:00:00+00:00,SKU004,pase,R0111,Buenos Aires,9990,web
S002011,2026-06-05T00:00:00+00:00,SKU027,accesorio,R0053,Buenos Aires,9990,app
S002012,2026-02-03T18:00:00+00:00,SKU025,accesorio,R0118,Buenos Aires,1990,web
S002013,2026-02-25T03:00:00+00:00,SKU013,recarga,R0020,Cordoba,5790,web
S002014,2026-05-08T22:00:00+00:00,SKU021,accesorio,R0036,Cordoba,1890,web
S002015,2026-01-22T11:00:00+00:00,SKU031,seguro,R0078,Cordoba,1890,web
S002016,2026-05-29T14:00:00+00:00,SKU021,accesorio,R0071,Cordoba,1890,estacion
S002017,2026-06-04T07:00:00+00:00,SKU004,pase,R0018,Cordoba,1890,web
S002018,2026-03-31T13:00:00+00:00,SKU008,pase,R0060,Buenos Aires,1990,app
S002019,2026-05-27T09:00:00+00:00,SKU008,pase,R0066,Buenos Aires,1990,app
S002020,2026-02-03T00:00:00+00:00,SKU032,seguro,R0067,Cordoba,9790,app
S002021,2026-05-30T10:00:00+00:00,SKU023,accesorio,R0066,Cordoba,5790,estacion
S002022,2026-03-17T21:00:00+00:00,SKU027,accesorio,R0022,Cordoba,3290,estacion
S002023,2026-04-09T21:00:00+00:00,SKU006,pase,R0072,Buenos Aires,9990,app
S002024,2026-02-27T09:00:00+00:00,SKU027,accesorio,R0042,Buenos Aires,9990,web
S002025,2026-04-25T21:00:00+00:00,SKU033,seguro,R0047,Cordoba,1890,web
S002026,2026-05-19T15:00:00+00:00,SKU022,accesorio,R0084,Buenos Aires,1990,app
S002027,2026-04-12T06:00:00+00:00,SKU034,seguro,R0019,Buenos Aires,1990,estacion
S002028,2026-04-11T14:00:00+00:00,SKU019,recarga,R0026,Cordoba,5790,app
S002029,2026-04-23T03:00:00+00:00,SKU016,recarga,R0059,Buenos Aires,5990,web
S002030,2026-04-18T05:00:00+00:00,SKU033,seguro,R0016,Buenos Aires,5990,estacion
S002031,2026-05-08T11:00:00+00:00,SKU038,seguro,R0067,Buenos Aires,1990,web
S002032,2026-05-03T11:00:00+00:00,SKU027,accesorio,R0003,Buenos Aires,9990,web
S002033,2026-05-23T01:00:00+00:00,SKU005,pase,R0060,Cordoba,5790,app
S002034,2026-05-30T06:00:00+00:00,SKU021,accesorio,R0073,Cordoba,1890,web
S002035,2026-02-24T22:00:00+00:00,SKU010,pase,R0084,Cordoba,1890,web
S002036,2026-04-12T02:00:00+00:00,SKU024,accesorio,R0019,Buenos Aires,1990,web
S002037,2026-04-03T14:00:00+00:00,SKU018,recarga,R0074,Cordoba,3290,app
S002038,2026-02-07T20:00:00+00:00,SKU038,seguro,R0042,Cordoba,3290,app
S002039,2026-03-15T05:00:00+00:00,SKU013,recarga,R0112,Cordoba,5790,estacion
S002040,2026-05-08T00:00:00+00:00,SKU016,recarga,R0000,Cordoba,1890,estacion
S002041,2026-02-06T08:00:00+00:00,SKU021,accesorio,R0024,Cordoba,1890,web
S002042,2026-04-05T20:00:00+00:00,SKU003,pase,R0043,Buenos Aires,3490,app
S002043,2026-02-25T11:00:00+00:00,SKU034,seguro,R0112,Cordoba,5790,app
S002044,2026-01-20T04:00:00+00:00,SKU023,accesorio,R0058,Cordoba,5790,app
S002045,2026-01-30T17:00:00+00:00,SKU026,accesorio,R0068,Buenos Aires,9990,web
S002046,2026-02-20T11:00:00+00:00,SKU016,recarga,R0081,Buenos Aires,5990,web
S002047,2026-04-07T23:00:00+00:00,SKU010,pase,R0042,Buenos Aires,9990,app
S002048,2026-05-23T23:00:00+00:00,SKU009,pase,R0014,Buenos Aires,5990,web
S002049,2026-01-21T04:00:00+00:00,SKU022,accesorio,R0116,Cordoba,3290,estacion
S002050,2026-05-19T08:00:00+00:00,SKU014,recarga,R0092,Buenos Aires,9990,estacion
S002051,2026-06-02T17:00:00+00:00,SKU025,accesorio,R0045,Buenos Aires,1990,app
S002052,2026-04-12T23:00:00+00:00,SKU006,pase,R0078,Buenos Aires,9990,web
S002053,2026-05-07T00:00:00+00:00,SKU028,accesorio,R0107,Cordoba,9790,app
S002054,2026-02-03T21:00:00+00:00,SKU028,accesorio,R0013,Buenos Aires,5990,app
S002055,2026-02-17T10:00:00+00:00,SKU029,accesorio,R0064,Buenos Aires,9990,app
S002056,2026-02-10T02:00:00+00:00,SKU024,accesorio,R0107,Buenos Aires,1990,estacion
S002057,2026-05-27T15:00:00+00:00,SKU021,accesorio,R0079,Cordoba,1890,estacion
S002058,2026-02-04T13:00:00+00:00,SKU023,accesorio,R0041,Cordoba,5790,app
S002059,2026-03-05T10:00:00+00:00,SKU027,accesorio,R0102,Cordoba,3290,estacion
S002060,2026-01-16T04:00:00+00:00,SKU024,accesorio,R0044,Buenos Aires,1990,app
S002061,2026-06-02T14:00:00+00:00,SKU032,seguro,R0109,Cordoba,9790,web
S002062,2026-05-19T00:00:00+00:00,SKU002,pase,R0049,Buenos Aires,9990,estacion
S002063,2026-06-12T12:00:00+00:00,SKU038,seguro,R0107,Buenos Aires,1990,app
S002064,2026-03-19T14:00:00+00:00,SKU011,recarga,R0078,Cordoba,9790,app
S002065,2026-04-06T04:00:00+00:00,SKU028,accesorio,R0032,Buenos Aires,5990,estacion
S002066,2026-04-09T11:00:00+00:00,SKU030,accesorio,R0102,Buenos Aires,3490,app
S002067,2026-03-07T12:00:00+00:00,SKU008,pase,R0084,Buenos Aires,1990,app
S002068,2026-04-21T08:00:00+00:00,SKU011,recarga,R0092,Buenos Aires,3490,app
S002069,2026-04-06T04:00:00+00:00,SKU013,recarga,R0096,Buenos Aires,3490,app
S002070,2026-04-25T22:00:00+00:00,SKU020,recarga,R0118,Buenos Aires,1990,web
S002071,2026-06-02T21:00:00+00:00,SKU022,accesorio,R0104,Buenos Aires,1990,app
S002072,2026-03-09T06:00:00+00:00,SKU017,recarga,R0079,Buenos Aires,5990,estacion
S002073,2026-04-19T14:00:00+00:00,SKU035,seguro,R0068,Buenos Aires,1990,web
S002074,2026-01-30T15:00:00+00:00,SKU024,accesorio,R0040,Cordoba,5790,app
S002075,2026-05-29T19:00:00+00:00,SKU011,recarga,R0107,Cordoba,9790,estacion
S002076,2026-01-26T21:00:00+00:00,SKU020,recarga,R0100,Cordoba,5790,app
S002077,2026-02-26T01:00:00+00:00,SKU010,pase,R0073,Cordoba,1890,app
S002078,2026-06-01T06:00:00+00:00,SKU021,accesorio,R0094,Buenos Aires,9990,app
S002079,2026-04-13T20:00:00+00:00,SKU011,recarga,R0040,Buenos Aires,3490,app
S002080,2026-05-28T23:00:00+00:00,SKU015,recarga,R0098,Buenos Aires,9990,estacion
S002081,2026-02-16T03:00:00+00:00,SKU004,pase,R0087,Cordoba,1890,app
S002082,2026-01-27T00:00:00+00:00,SKU018,recarga,R0030,Cordoba,3290,app
S002083,2026-01-25T00:00:00+00:00,SKU037,seguro,R0094,Cordoba,5790,web
S002084,2026-04-20T06:00:00+00:00,SKU032,seguro,R0076,Cordoba,9790,estacion
S002085,2026-06-13T13:00:00+00:00,SKU011,recarga,R0038,Buenos Aires,3490,app
S002086,2026-03-16T00:00:00+00:00,SKU016,recarga,R0085,Buenos Aires,5990,estacion
S002087,2026-03-14T20:00:00+00:00,SKU021,accesorio,R0020,Cordoba,1890,app
S002088,2026-02-23T10:00:00+00:00,SKU034,seguro,R0031,Buenos Aires,1990,estacion
S002089,2026-05-23T22:00:00+00:00,SKU022,accesorio,R0071,Buenos Aires,1990,app
S002090,2026-02-03T03:00:00+00:00,SKU003,pase,R0090,Cordoba,1890,app
S002091,2026-05-20T04:00:00+00:00,SKU003,pase,R0061,Cordoba,1890,web
S002092,2026-05-07T21:00:00+00:00,SKU023,accesorio,R0099,Cordoba,5790,app
S002093,2026-05-25T09:00:00+00:00,SKU040,seguro,R0063,Buenos Aires,5990,app
S002094,2026-02-08T11:00:00+00:00,SKU006,pase,R0083,Buenos Aires,9990,estacion
S002095,2026-02-08T16:00:00+00:00,SKU005,pase,R0049,Cordoba,5790,estacion
S002096,2026-04-23T11:00:00+00:00,SKU001,pase,R0038,Cordoba,9790,estacion
S002097,2026-04-23T04:00:00+00:00,SKU035,seguro,R0016,Cordoba,9790,app
S002098,2026-05-16T07:00:00+00:00,SKU016,recarga,R0026,Buenos Aires,5990,app
S002099,2026-01-22T13:00:00+00:00,SKU035,seguro,R0047,Buenos Aires,1990,app
S002100,2026-02-01T23:00:00+00:00,SKU010,pase,R0031,Buenos Aires,9990,estacion
S002101,2026-01-26T13:00:00+00:00,SKU031,seguro,R0016,Cordoba,1890,app
S002102,2026-02-24T11:00:00+00:00,SKU015,recarga,R0109,Buenos Aires,9990,app
S002103,2026-01-20T22:00:00+00:00,SKU032,seguro,R0082,Buenos Aires,5990,web
S002104,2026-03-02T11:00:00+00:00,SKU013,recarga,R0076,Cordoba,5790,web
S002105,2026-06-05T06:00:00+00:00,SKU017,recarga,R0012,Cordoba,1890,app
S002106,2026-05-04T21:00:00+00:00,SKU003,pase,R0029,Buenos Aires,3490,web
S002107,2026-03-15T10:00:00+00:00,SKU035,seguro,R0029,Buenos Aires,1990,estacion
S002108,2026-04-03T23:00:00+00:00,SKU021,accesorio,R0013,Cordoba,1890,estacion
S002109,2026-04-28T22:00:00+00:00,SKU017,recarga,R0097,Cordoba,1890,app
S002110,2026-04-23T07:00:00+00:00,SKU004,pase,R0050,Cordoba,1890,app
S002111,2026-04-14T09:00:00+00:00,SKU005,pase,R0099,Buenos Aires,5990,app
S002112,2026-02-11T21:00:00+00:00,SKU013,recarga,R0085,Cordoba,5790,web
S002113,2026-04-15T13:00:00+00:00,SKU001,pase,R0110,Buenos Aires,14990,app
S002114,2026-04-07T03:00:00+00:00,SKU019,recarga,R0047,Cordoba,5790,app
S002115,2026-05-14T11:00:00+00:00,SKU019,recarga,R0025,Buenos Aires,3490,app
S002116,2026-04-16T06:00:00+00:00,SKU040,seguro,R0117,Cordoba,5790,web
S002117,2026-03-20T07:00:00+00:00,SKU020,recarga,R0017,Cordoba,5790,app
S002118,2026-05-07T14:00:00+00:00,SKU020,recarga,R0094,Buenos Aires,1990,app
S002119,2026-06-09T07:00:00+00:00,SKU036,seguro,R0035,Buenos Aires,9990,app
S002120,2026-01-20T12:00:00+00:00,SKU009,pase,R0105,Cordoba,9790,app
S002121,2026-02-10T01:00:00+00:00,SKU033,seguro,R0040,Buenos Aires,5990,estacion
S002122,2026-05-14T10:00:00+00:00,SKU008,pase,R0084,Cordoba,9790,app
S002123,2026-01-20T06:00:00+00:00,SKU025,accesorio,R0110,Buenos Aires,1990,app
S002124,2026-04-21T09:00:00+00:00,SKU021,accesorio,R0029,Cordoba,1890,estacion
S002125,2026-05-27T11:00:00+00:00,SKU023,accesorio,R0010,Cordoba,5790,app
S002126,2026-02-08T19:00:00+00:00,SKU003,pase,R0078,Buenos Aires,3490,app
S002127,2026-02-17T12:00:00+00:00,SKU024,accesorio,R0009,Cordoba,5790,app
S002128,2026-02-05T01:00:00+00:00,SKU032,seguro,R0061,Cordoba,9790,app
S002129,2026-05-20T08:00:00+00:00,SKU038,seguro,R0055,Cordoba,3290,estacion
S002130,2026-05-31T21:00:00+00:00,SKU014,recarga,R0029,Cordoba,3290,app
S002131,2026-02-09T23:00:00+00:00,SKU031,seguro,R0057,Buenos Aires,9990,app
S002132,2026-04-28T16:00:00+00:00,SKU039,seguro,R0099,Cordoba,5790,estacion
S002133,2026-01-17T21:00:00+00:00,SKU005,pase,R0067,Buenos Aires,5990,estacion
S002134,2026-04-20T14:00:00+00:00,SKU023,accesorio,R0082,Cordoba,5790,app
S002135,2026-05-11T20:00:00+00:00,SKU001,pase,R0107,Cordoba,9790,app
S002136,2026-04-15T15:00:00+00:00,SKU020,recarga,R0047,Cordoba,5790,app
S002137,2026-04-11T14:00:00+00:00,SKU038,seguro,R0118,Buenos Aires,1990,app
S002138,2026-02-01T17:00:00+00:00,SKU039,seguro,R0071,Cordoba,5790,web
S002139,2026-01-24T13:00:00+00:00,SKU029,accesorio,R0059,Buenos Aires,9990,app
S002140,2026-01-16T08:00:00+00:00,SKU008,pase,R0042,Buenos Aires,1990,app
S002141,2026-02-09T22:00:00+00:00,SKU030,accesorio,R0009,Buenos Aires,3490,app
S002142,2026-03-26T20:00:00+00:00,SKU014,recarga,R0072,Cordoba,3290,app
S002143,2026-01-30T01:00:00+00:00,SKU027,accesorio,R0019,Cordoba,3290,app
S002144,2026-02-27T21:00:00+00:00,SKU036,seguro,R0010,Cordoba,3290,estacion
S002145,2026-05-23T23:00:00+00:00,SKU036,seguro,R0068,Buenos Aires,9990,app
S002146,2026-01-15T04:00:00+00:00,SKU015,recarga,R0054,Cordoba,3290,estacion
S002147,2026-02-22T03:00:00+00:00,SKU020,recarga,R0070,Cordoba,5790,app
S002148,2026-04-07T02:00:00+00:00,SKU027,accesorio,R0063,Cordoba,3290,app
S002149,2026-01-17T22:00:00+00:00,SKU011,recarga,R0078,Cordoba,9790,estacion
S002150,2026-01-27T23:00:00+00:00,SKU036,seguro,R0104,Cordoba,3290,estacion
S002151,2026-01-21T15:00:00+00:00,SKU030,accesorio,R0118,Buenos Aires,3490,app
S002152,2026-05-20T04:00:00+00:00,SKU018,recarga,R0109,Cordoba,3290,app
S002153,2026-03-06T01:00:00+00:00,SKU027,accesorio,R0007,Cordoba,3290,app
S002154,2026-03-28T10:00:00+00:00,SKU006,pase,R0106,Cordoba,9790,web
S002155,2026-05-21T01:00:00+00:00,SKU013,recarga,R0067,Cordoba,5790,app
S002156,2026-02-12T01:00:00+00:00,SKU023,accesorio,R0109,Buenos Aires,14990,app
S002157,2026-05-24T10:00:00+00:00,SKU038,seguro,R0006,Cordoba,3290,estacion
S002158,2026-04-30T18:00:00+00:00,SKU013,recarga,R0082,Cordoba,5790,app
S002159,2026-05-14T16:00:00+00:00,SKU006,pase,R0039,Buenos Aires,9990,app
S002160,2026-03-17T06:00:00+00:00,SKU029,accesorio,R0002,Cordoba,1890,app
S002161,2026-04-30T23:00:00+00:00,SKU003,pase,R0112,Buenos Aires,3490,web
S002162,2026-05-06T05:00:00+00:00,SKU026,accesorio,R0080,Buenos Aires,9990,app
S002163,2026-06-01T17:00:00+00:00,SKU022,accesorio,R0031,Buenos Aires,1990,app
S002164,2026-03-13T03:00:00+00:00,SKU008,pase,R0046,Cordoba,9790,app
S002165,2026-04-05T06:00:00+00:00,SKU030,accesorio,R0029,Buenos Aires,3490,estacion
S002166,2026-02-23T22:00:00+00:00,SKU036,seguro,R0033,Cordoba,3290,estacion
S002167,2026-03-01T16:00:00+00:00,SKU016,recarga,R0043,Cordoba,1890,estacion
S002168,2026-01-15T22:00:00+00:00,SKU035,seguro,R0040,Cordoba,9790,app
S002169,2026-06-12T22:00:00+00:00,SKU018,recarga,R0048,Buenos Aires,3490,estacion
S002170,2026-04-30T00:00:00+00:00,SKU023,accesorio,R0118,Cordoba,5790,web
S002171,2026-01-17T09:00:00+00:00,SKU034,seguro,R0096,Buenos Aires,1990,app
S002172,2026-02-02T17:00:00+00:00,SKU001,pase,R0085,Cordoba,9790,app
S002173,2026-06-12T18:00:00+00:00,SKU002,pase,R0110,Buenos Aires,9990,app
S002174,2026-03-21T12:00:00+00:00,SKU036,seguro,R0015,Buenos Aires,9990,app
S002175,2026-01-26T20:00:00+00:00,SKU013,recarga,R0014,Buenos Aires,3490,web
S002176,2026-02-20T23:00:00+00:00,SKU037,seguro,R0009,Cordoba,5790,estacion
S002177,2026-04-22T01:00:00+00:00,SKU027,accesorio,R0037,Cordoba,3290,app
S002178,2026-05-20T10:00:00+00:00,SKU002,pase,R0012,Buenos Aires,9990,app
S002179,2026-04-05T09:00:00+00:00,SKU019,recarga,R0023,Buenos Aires,3490,app
S002180,2026-05-12T09:00:00+00:00,SKU026,accesorio,R0055,Cordoba,3290,app
S002181,2026-04-29T10:00:00+00:00,SKU013,recarga,R0062,Buenos Aires,3490,app
S002182,2026-04-21T00:00:00+00:00,SKU034,seguro,R0065,Cordoba,5790,app
S002183,2026-05-13T00:00:00+00:00,SKU031,seguro,R0005,Cordoba,1890,app
S002184,2026-05-08T08:00:00+00:00,SKU017,recarga,R0072,Cordoba,1890,estacion
S002185,2026-06-01T00:00:00+00:00,SKU021,accesorio,R0045,Cordoba,1890,estacion
S002186,2026-05-16T13:00:00+00:00,SKU001,pase,R0108,Cordoba,9790,estacion
S002187,2026-02-03T23:00:00+00:00,SKU035,seguro,R0051,Buenos Aires,1990,estacion
S002188,2026-02-07T04:00:00+00:00,SKU040,seguro,R0057,Cordoba,5790,app
S002189,2026-03-12T16:00:00+00:00,SKU034,seguro,R0004,Cordoba,5790,estacion
S002190,2026-06-08T02:00:00+00:00,SKU024,accesorio,R0101,Buenos Aires,1990,estacion
S002191,2026-05-10T12:00:00+00:00,SKU039,seguro,R0113,Buenos Aires,14990,app
S002192,2026-03-12T00:00:00+00:00,SKU006,pase,R0057,Buenos Aires,9990,app
S002193,2026-04-24T10:00:00+00:00,SKU036,seguro,R0042,Buenos Aires,9990,estacion
S002194,2026-03-12T19:00:00+00:00,SKU006,pase,R0095,Cordoba,9790,web
S002195,2026-02-11T02:00:00+00:00,SKU011,recarga,R0076,Buenos Aires,3490,estacion
S002196,2026-04-13T15:00:00+00:00,SKU037,seguro,R0024,Buenos Aires,14990,app
S002197,2026-02-25T02:00:00+00:00,SKU022,accesorio,R0077,Buenos Aires,1990,web
S002198,2026-04-10T05:00:00+00:00,SKU035,seguro,R0027,Buenos Aires,1990,estacion
S002199,2026-04-09T16:00:00+00:00,SKU003,pase,R0099,Buenos Aires,3490,estacion
S002200,2026-06-12T18:00:00+00:00,SKU001,pase,R0046,Cordoba,9790,app
S002201,2026-04-21T09:00:00+00:00,SKU035,seguro,R0037,Cordoba,9790,app
S002202,2026-04-23T21:00:00+00:00,SKU017,recarga,R0085,Buenos Aires,5990,app
S002203,2026-05-17T20:00:00+00:00,SKU028,accesorio,R0032,Cordoba,9790,app
S002204,2026-03-19T20:00:00+00:00,SKU002,pase,R0048,Cordoba,3290,estacion
S002205,2026-05-21T00:00:00+00:00,SKU037,seguro,R0057,Buenos Aires,14990,app
S002206,2026-06-12T05:00:00+00:00,SKU024,accesorio,R0100,Buenos Aires,1990,estacion
S002207,2026-04-04T22:00:00+00:00,SKU005,pase,R0015,Cordoba,5790,app
S002208,2026-05-08T05:00:00+00:00,SKU039,seguro,R0056,Buenos Aires,14990,web
S002209,2026-05-09T18:00:00+00:00,SKU010,pase,R0079,Buenos Aires,9990,estacion
S002210,2026-05-27T15:00:00+00:00,SKU023,accesorio,R0061,Cordoba,5790,estacion
S002211,2026-03-07T15:00:00+00:00,SKU021,accesorio,R0010,Buenos Aires,9990,app
S002212,2026-02-17T04:00:00+00:00,SKU004,pase,R0116,Buenos Aires,9990,estacion
S002213,2026-05-20T15:00:00+00:00,SKU015,recarga,R0040,Cordoba,3290,app
S002214,2026-04-11T16:00:00+00:00,SKU017,recarga,R0106,Cordoba,1890,estacion
S002215,2026-02-06T10:00:00+00:00,SKU013,recarga,R0030,Buenos Aires,3490,app
S002216,2026-05-15T10:00:00+00:00,SKU036,seguro,R0087,Buenos Aires,9990,app
S002217,2026-05-29T04:00:00+00:00,SKU008,pase,R0081,Buenos Aires,1990,estacion
S002218,2026-05-13T16:00:00+00:00,SKU024,accesorio,R0085,Cordoba,5790,estacion
S002219,2026-05-27T13:00:00+00:00,SKU032,seguro,R0090,Cordoba,9790,app
S002220,2026-03-02T07:00:00+00:00,SKU028,accesorio,R0029,Buenos Aires,5990,app
S002221,2026-01-20T09:00:00+00:00,SKU040,seguro,R0097,Cordoba,5790,app
S002222,2026-05-22T13:00:00+00:00,SKU023,accesorio,R0064,Cordoba,5790,app
S002223,2026-06-09T18:00:00+00:00,SKU011,recarga,R0005,Cordoba,9790,web
S002224,2026-02-15T11:00:00+00:00,SKU018,recarga,R0081,Buenos Aires,3490,web
S002225,2026-02-24T07:00:00+00:00,SKU030,accesorio,R0045,Buenos Aires,3490,app
S002226,2026-03-09T12:00:00+00:00,SKU025,accesorio,R0043,Buenos Aires,1990,estacion
S002227,2026-02-25T13:00:00+00:00,SKU034,seguro,R0117,Buenos Aires,1990,estacion
S002228,2026-05-21T11:00:00+00:00,SKU001,pase,R0101,Cordoba,9790,app
S002229,2026-06-03T03:00:00+00:00,SKU026,accesorio,R0039,Cordoba,3290,app
S002230,2026-02-28T16:00:00+00:00,SKU011,recarga,R0111,Cordoba,9790,web
S002231,2026-03-08T05:00:00+00:00,SKU040,seguro,R0031,Cordoba,5790,app
S002232,2026-02-05T08:00:00+00:00,SKU026,accesorio,R0077,Cordoba,3290,estacion
S002233,2026-01-16T07:00:00+00:00,SKU036,seguro,R0092,Buenos Aires,9990,estacion
S002234,2026-03-24T23:00:00+00:00,SKU018,recarga,R0012,Cordoba,3290,web
S002235,2026-02-16T06:00:00+00:00,SKU019,recarga,R0113,Buenos Aires,3490,app
S002236,2026-02-02T20:00:00+00:00,SKU039,seguro,R0003,Cordoba,5790,estacion
S002237,2026-02-22T10:00:00+00:00,SKU015,recarga,R0096,Buenos Aires,9990,web
S002238,2026-03-16T03:00:00+00:00,SKU028,accesorio,R0046,Buenos Aires,5990,estacion
S002239,2026-03-01T01:00:00+00:00,SKU030,accesorio,R0016,Buenos Aires,3490,estacion
S002240,2026-01-29T22:00:00+00:00,SKU004,pase,R0070,Cordoba,1890,app
S002241,2026-03-13T01:00:00+00:00,SKU032,seguro,R0013,Cordoba,9790,estacion
S002242,2026-01-27T07:00:00+00:00,SKU028,accesorio,R0066,Cordoba,9790,web
S002243,2026-04-19T09:00:00+00:00,SKU027,accesorio,R0106,Buenos Aires,9990,app
S002244,2026-02-08T07:00:00+00:00,SKU025,accesorio,R0034,Cordoba,9790,web
S002245,2026-01-25T03:00:00+00:00,SKU005,pase,R0006,Cordoba,5790,app
S002246,2026-01-17T17:00:00+00:00,SKU012,recarga,R0017,Buenos Aires,1990,app
S002247,2026-03-11T20:00:00+00:00,SKU033,seguro,R0032,Buenos Aires,5990,web
S002248,2026-02-06T08:00:00+00:00,SKU024,accesorio,R0011,Cordoba,5790,estacion
S002249,2026-05-26T07:00:00+00:00,SKU016,recarga,R0085,Cordoba,1890,app
S002250,2026-05-05T02:00:00+00:00,SKU019,recarga,R0117,Cordoba,5790,app
S002251,2026-02-11T15:00:00+00:00,SKU005,pase,R0029,Cordoba,5790,app
S002252,2026-04-29T22:00:00+00:00,SKU026,accesorio,R0004,Buenos Aires,9990,web
S002253,2026-02-05T08:00:00+00:00,SKU019,recarga,R0107,Buenos Aires,3490,estacion
S002254,2026-04-23T09:00:00+00:00,SKU009,pase,R0007,Cordoba,9790,estacion
S002255,2026-03-14T04:00:00+00:00,SKU017,recarga,R0054,Buenos Aires,5990,app
S002256,2026-05-01T06:00:00+00:00,SKU040,seguro,R0076,Buenos Aires,5990,web
S002257,2026-02-12T08:00:00+00:00,SKU013,recarga,R0075,Buenos Aires,3490,app
S002258,2026-02-13T04:00:00+00:00,SKU005,pase,R0014,Cordoba,5790,app
S002259,2026-06-12T21:00:00+00:00,SKU027,accesorio,R0040,Cordoba,3290,app
S002260,2026-06-03T07:00:00+00:00,SKU037,seguro,R0002,Buenos Aires,14990,app
S002261,2026-04-07T07:00:00+00:00,SKU020,recarga,R0003,Cordoba,5790,app
S002262,2026-05-21T14:00:00+00:00,SKU021,accesorio,R0062,Cordoba,1890,app
S002263,2026-03-15T13:00:00+00:00,SKU015,recarga,R0061,Cordoba,3290,web
S002264,2026-02-01T15:00:00+00:00,SKU026,accesorio,R0068,Cordoba,3290,estacion
S002265,2026-02-25T06:00:00+00:00,SKU023,accesorio,R0094,Buenos Aires,14990,app
S002266,2026-01-23T14:00:00+00:00,SKU032,seguro,R0083,Cordoba,9790,estacion
S002267,2026-04-07T04:00:00+00:00,SKU004,pase,R0036,Cordoba,1890,app
S002268,2026-02-04T11:00:00+00:00,SKU016,recarga,R0011,Buenos Aires,5990,app
S002269,2026-05-11T12:00:00+00:00,SKU018,recarga,R0079,Buenos Aires,3490,estacion
S002270,2026-05-08T09:00:00+00:00,SKU034,seguro,R0086,Cordoba,5790,web
S002271,2026-05-18T07:00:00+00:00,SKU030,accesorio,R0071,Cordoba,3290,app
S002272,2026-01-18T06:00:00+00:00,SKU036,seguro,R0039,Buenos Aires,9990,app
S002273,2026-04-12T12:00:00+00:00,SKU003,pase,R0077,Cordoba,1890,estacion
S002274,2026-04-23T13:00:00+00:00,SKU029,accesorio,R0069,Cordoba,1890,web
S002275,2026-05-30T02:00:00+00:00,SKU006,pase,R0095,Cordoba,9790,estacion
S002276,2026-05-26T20:00:00+00:00,SKU024,accesorio,R0088,Buenos Aires,1990,web
S002277,2026-03-13T04:00:00+00:00,SKU018,recarga,R0040,Buenos Aires,3490,estacion
S002278,2026-02-02T15:00:00+00:00,SKU018,recarga,R0076,Buenos Aires,3490,app
S002279,2026-01-26T20:00:00+00:00,SKU018,recarga,R0028,Cordoba,3290,web
S002280,2026-02-13T21:00:00+00:00,SKU005,pase,R0108,Buenos Aires,5990,web
S002281,2026-06-01T06:00:00+00:00,SKU035,seguro,R0022,Cordoba,9790,app
S002282,2026-06-04T02:00:00+00:00,SKU031,seguro,R0062,Buenos Aires,9990,app
S002283,2026-02-06T20:00:00+00:00,SKU012,recarga,R0076,Buenos Aires,1990,web
S002284,2026-04-06T09:00:00+00:00,SKU028,accesorio,R0049,Buenos Aires,5990,estacion
S002285,2026-01-21T16:00:00+00:00,SKU006,pase,R0013,Buenos Aires,9990,app
S002286,2026-04-15T05:00:00+00:00,SKU028,accesorio,R0019,Cordoba,9790,estacion
S002287,2026-01-22T12:00:00+00:00,SKU018,recarga,R0048,Buenos Aires,3490,app
S002288,2026-01-24T21:00:00+00:00,SKU029,accesorio,R0006,Cordoba,1890,app
S002289,2026-03-23T22:00:00+00:00,SKU005,pase,R0072,Cordoba,5790,web
S002290,2026-04-25T06:00:00+00:00,SKU028,accesorio,R0116,Cordoba,9790,app
S002291,2026-04-15T10:00:00+00:00,SKU006,pase,R0000,Buenos Aires,9990,app
S002292,2026-06-09T19:00:00+00:00,SKU025,accesorio,R0081,Buenos Aires,1990,app
S002293,2026-02-21T13:00:00+00:00,SKU019,recarga,R0037,Cordoba,5790,app
S002294,2026-03-18T07:00:00+00:00,SKU009,pase,R0019,Cordoba,9790,app
S002295,2026-06-05T14:00:00+00:00,SKU010,pase,R0059,Buenos Aires,9990,web
S002296,2026-02-20T01:00:00+00:00,SKU031,seguro,R0057,Cordoba,1890,estacion
S002297,2026-01-28T10:00:00+00:00,SKU024,accesorio,R0119,Buenos Aires,1990,web
S002298,2026-02-20T20:00:00+00:00,SKU017,recarga,R0084,Buenos Aires,5990,app
S002299,2026-03-28T22:00:00+00:00,SKU032,seguro,R0000,Buenos Aires,5990,app
S002300,2026-04-13T13:00:00+00:00,SKU017,recarga,R0073,Cordoba,1890,app
S002301,2026-02-25T21:00:00+00:00,SKU011,recarga,R0019,Buenos Aires,3490,app
S002302,2026-05-18T17:00:00+00:00,SKU015,recarga,R0061,Buenos Aires,9990,app
S002303,2026-06-06T12:00:00+00:00,SKU017,recarga,R0014,Cordoba,1890,app
S002304,2026-05-06T22:00:00+00:00,SKU018,recarga,R0028,Cordoba,3290,web
S002305,2026-02-20T18:00:00+00:00,SKU026,accesorio,R0087,Buenos Aires,9990,app
S002306,2026-02-18T16:00:00+00:00,SKU027,accesorio,R0011,Cordoba,3290,estacion
S002307,2026-05-14T17:00:00+00:00,SKU003,pase,R0037,Cordoba,1890,web
S002308,2026-01-26T09:00:00+00:00,SKU032,seguro,R0070,Buenos Aires,5990,app
S002309,2026-02-18T03:00:00+00:00,SKU019,recarga,R0026,Cordoba,5790,web
S002310,2026-04-25T02:00:00+00:00,SKU018,recarga,R0058,Cordoba,3290,web
S002311,2026-02-19T04:00:00+00:00,SKU004,pase,R0050,Cordoba,1890,app
S002312,2026-03-29T23:00:00+00:00,SKU031,seguro,R0110,Buenos Aires,9990,estacion
S002313,2026-02-11T13:00:00+00:00,SKU027,accesorio,R0083,Buenos Aires,9990,app
S002314,2026-02-13T12:00:00+00:00,SKU027,accesorio,R0085,Buenos Aires,9990,estacion
S002315,2026-02-17T11:00:00+00:00,SKU015,recarga,R0053,Cordoba,3290,app
S002316,2026-04-23T01:00:00+00:00,SKU005,pase,R0013,Buenos Aires,5990,estacion
S002317,2026-06-13T11:00:00+00:00,SKU020,recarga,R0066,Cordoba,5790,app
S002318,2026-03-12T07:00:00+00:00,SKU035,seguro,R0069,Cordoba,9790,web
S002319,2026-01-27T02:00:00+00:00,SKU024,accesorio,R0034,Buenos Aires,1990,web
S002320,2026-04-07T01:00:00+00:00,SKU019,recarga,R0046,Cordoba,5790,web
S002321,2026-02-15T22:00:00+00:00,SKU019,recarga,R0072,Buenos Aires,3490,app
S002322,2026-03-03T10:00:00+00:00,SKU034,seguro,R0010,Buenos Aires,1990,estacion
S002323,2026-03-19T15:00:00+00:00,SKU039,seguro,R0020,Buenos Aires,14990,estacion
S002324,2026-03-09T18:00:00+00:00,SKU019,recarga,R0092,Buenos Aires,3490,estacion
S002325,2026-04-12T04:00:00+00:00,SKU017,recarga,R0018,Cordoba,1890,web
S002326,2026-02-16T01:00:00+00:00,SKU029,accesorio,R0067,Buenos Aires,9990,app
S002327,2026-01-16T01:00:00+00:00,SKU010,pase,R0081,Cordoba,1890,app
S002328,2026-06-10T00:00:00+00:00,SKU032,seguro,R0070,Buenos Aires,5990,web
S002329,2026-05-14T14:00:00+00:00,SKU024,accesorio,R0081,Buenos Aires,1990,app
S002330,2026-05-22T17:00:00+00:00,SKU021,accesorio,R0032,Buenos Aires,9990,app
S002331,2026-04-25T09:00:00+00:00,SKU040,seguro,R0054,Cordoba,5790,estacion
S002332,2026-04-26T02:00:00+00:00,SKU030,accesorio,R0078,Buenos Aires,3490,web
S002333,2026-04-03T23:00:00+00:00,SKU003,pase,R0068,Buenos Aires,3490,estacion
S002334,2026-02-21T23:00:00+00:00,SKU006,pase,R0062,Cordoba,9790,app
S002335,2026-05-30T03:00:00+00:00,SKU006,pase,R0087,Cordoba,9790,app
S002336,2026-04-02T17:00:00+00:00,SKU002,pase,R0041,Cordoba,3290,web
S002337,2026-02-06T23:00:00+00:00,SKU009,pase,R0066,Cordoba,9790,estacion
S002338,2026-05-02T15:00:00+00:00,SKU017,recarga,R0028,Cordoba,1890,app
S002339,2026-04-20T16:00:00+00:00,SKU013,recarga,R0085,Buenos Aires,3490,estacion
S002340,2026-04-05T22:00:00+00:00,SKU020,recarga,R0068,Cordoba,5790,app
S002341,2026-01-24T21:00:00+00:00,SKU030,accesorio,R0089,Buenos Aires,3490,web
S002342,2026-03-28T12:00:00+00:00,SKU020,recarga,R0049,Cordoba,5790,app
S002343,2026-02-17T17:00:00+00:00,SKU006,pase,R0018,Cordoba,9790,app
S002344,2026-04-22T11:00:00+00:00,SKU039,seguro,R0001,Buenos Aires,14990,app
S002345,2026-03-06T00:00:00+00:00,SKU005,pase,R0111,Buenos Aires,5990,estacion
S002346,2026-03-09T16:00:00+00:00,SKU031,seguro,R0094,Buenos Aires,9990,estacion
S002347,2026-02-26T05:00:00+00:00,SKU008,pase,R0041,Cordoba,9790,app
S002348,2026-01-28T00:00:00+00:00,SKU023,accesorio,R0093,Cordoba,5790,app
S002349,2026-04-09T05:00:00+00:00,SKU025,accesorio,R0012,Buenos Aires,1990,estacion
S002350,2026-03-09T02:00:00+00:00,SKU019,recarga,R0112,Cordoba,5790,web
S002351,2026-03-23T21:00:00+00:00,SKU027,accesorio,R0090,Cordoba,3290,app
S002352,2026-04-14T20:00:00+00:00,SKU021,accesorio,R0089,Buenos Aires,9990,estacion
S002353,2026-05-15T05:00:00+00:00,SKU029,accesorio,R0021,Buenos Aires,9990,app
S002354,2026-06-12T10:00:00+00:00,SKU038,seguro,R0053,Cordoba,3290,web
S002355,2026-03-27T20:00:00+00:00,SKU023,accesorio,R0005,Buenos Aires,14990,app
S002356,2026-04-05T20:00:00+00:00,SKU012,recarga,R0083,Cordoba,1890,web
S002357,2026-01-23T20:00:00+00:00,SKU040,seguro,R0023,Buenos Aires,5990,app
S002358,2026-05-10T23:00:00+00:00,SKU020,recarga,R0080,Cordoba,5790,web
S002359,2026-04-20T21:00:00+00:00,SKU012,recarga,R0104,Buenos Aires,1990,web
S002360,2026-05-05T10:00:00+00:00,SKU003,pase,R0119,Cordoba,1890,estacion
S002361,2026-03-27T11:00:00+00:00,SKU027,accesorio,R0092,Cordoba,3290,web
S002362,2026-04-17T02:00:00+00:00,SKU028,accesorio,R0035,Buenos Aires,5990,app
S002363,2026-04-07T08:00:00+00:00,SKU012,recarga,R0031,Buenos Aires,1990,web
S002364,2026-06-04T17:00:00+00:00,SKU017,recarga,R0108,Buenos Aires,5990,app
S002365,2026-03-29T12:00:00+00:00,SKU022,accesorio,R0093,Cordoba,3290,app
S002366,2026-04-10T22:00:00+00:00,SKU012,recarga,R0055,Buenos Aires,1990,app
S002367,2026-05-08T03:00:00+00:00,SKU004,pase,R0003,Cordoba,1890,estacion
S002368,2026-02-01T07:00:00+00:00,SKU019,recarga,R0115,Cordoba,5790,estacion
S002369,2026-03-12T17:00:00+00:00,SKU003,pase,R0096,Cordoba,1890,app
S002370,2026-01-26T06:00:00+00:00,SKU031,seguro,R0100,Cordoba,1890,app
S002371,2026-02-04T10:00:00+00:00,SKU020,recarga,R0107,Cordoba,5790,app
S002372,2026-02-12T07:00:00+00:00,SKU030,accesorio,R0038,Buenos Aires,3490,app
S002373,2026-04-09T15:00:00+00:00,SKU032,seguro,R0099,Buenos Aires,5990,estacion
S002374,2026-04-06T19:00:00+00:00,SKU015,recarga,R0091,Cordoba,3290,web
S002375,2026-02-10T05:00:00+00:00,SKU006,pase,R0030,Buenos Aires,9990,estacion
S002376,2026-03-28T14:00:00+00:00,SKU039,seguro,R0048,Cordoba,5790,app
S002377,2026-01-24T06:00:00+00:00,SKU023,accesorio,R0016,Cordoba,5790,web
S002378,2026-04-12T07:00:00+00:00,SKU025,accesorio,R0025,Cordoba,9790,app
S002379,2026-01-27T12:00:00+00:00,SKU027,accesorio,R0051,Cordoba,3290,estacion
S002380,2026-04-01T16:00:00+00:00,SKU011,recarga,R0110,Cordoba,9790,web
S002381,2026-03-10T00:00:00+00:00,SKU040,seguro,R0014,Cordoba,5790,app
S002382,2026-03-04T15:00:00+00:00,SKU037,seguro,R0021,Buenos Aires,14990,estacion
S002383,2026-05-29T17:00:00+00:00,SKU020,recarga,R0053,Cordoba,5790,estacion
S002384,2026-02-01T22:00:00+00:00,SKU025,accesorio,R0044,Cordoba,9790,estacion
S002385,2026-01-28T14:00:00+00:00,SKU031,seguro,R0070,Cordoba,1890,web
S002386,2026-03-19T04:00:00+00:00,SKU037,seguro,R0108,Cordoba,5790,web
S002387,2026-01-24T11:00:00+00:00,SKU022,accesorio,R0001,Cordoba,3290,estacion
S002388,2026-04-15T06:00:00+00:00,SKU039,seguro,R0046,Buenos Aires,14990,estacion
S002389,2026-03-28T09:00:00+00:00,SKU018,recarga,R0012,Cordoba,3290,app
S002390,2026-03-16T00:00:00+00:00,SKU014,recarga,R0105,Cordoba,3290,web
S002391,2026-02-25T04:00:00+00:00,SKU025,accesorio,R0044,Cordoba,9790,app
S002392,2026-03-07T03:00:00+00:00,SKU039,seguro,R0020,Cordoba,5790,app
S002393,2026-02-14T01:00:00+00:00,SKU018,recarga,R0002,Cordoba,3290,web
S002394,2026-06-09T22:00:00+00:00,SKU026,accesorio,R0026,Buenos Aires,9990,estacion
S002395,2026-03-25T02:00:00+00:00,SKU015,recarga,R0071,Cordoba,3290,web
S002396,2026-02-07T22:00:00+00:00,SKU002,pase,R0099,Buenos Aires,9990,web
S002397,2026-04-23T17:00:00+00:00,SKU017,recarga,R0050,Cordoba,1890,web
S002398,2026-02-21T01:00:00+00:00,SKU018,recarga,R0092,Buenos Aires,3490,app
S002399,2026-02-07T19:00:00+00:00,SKU002,pase,R0018,Buenos Aires,9990,app
S002400,2026-04-21T00:00:00+00:00,SKU017,recarga,R0095,Buenos Aires,5990,app
S002401,2026-05-24T04:00:00+00:00,SKU030,accesorio,R0024,Buenos Aires,3490,app
S002402,2026-03-26T08:00:00+00:00,SKU005,pase,R0099,Cordoba,5790,estacion
S002403,2026-05-23T02:00:00+00:00,SKU018,recarga,R0002,Buenos Aires,3490,app
S002404,2026-05-14T23:00:00+00:00,SKU003,pase,R0117,Cordoba,1890,estacion
S002405,2026-02-27T07:00:00+00:00,SKU022,accesorio,R0011,Cordoba,3290,app
S002406,2026-03-15T13:00:00+00:00,SKU036,seguro,R0085,Cordoba,3290,app
S002407,2026-04-09T05:00:00+00:00,SKU005,pase,R0068,Cordoba,5790,estacion
S002408,2026-04-15T09:00:00+00:00,SKU014,recarga,R0077,Cordoba,3290,estacion
S002409,2026-03-23T22:00:00+00:00,SKU019,recarga,R0006,Cordoba,5790,app
S002410,2026-05-21T15:00:00+00:00,SKU037,seguro,R0086,Cordoba,5790,web
S002411,2026-02-22T22:00:00+00:00,SKU037,seguro,R0017,Buenos Aires,14990,estacion
S002412,2026-02-04T04:00:00+00:00,SKU028,accesorio,R0109,Buenos Aires,5990,app
S002413,2026-03-14T03:00:00+00:00,SKU002,pase,R0008,Cordoba,3290,web
S002414,2026-01-29T02:00:00+00:00,SKU022,accesorio,R0031,Cordoba,3290,app
S002415,2026-01-28T13:00:00+00:00,SKU010,pase,R0087,Buenos Aires,9990,app
S002416,2026-03-25T00:00:00+00:00,SKU023,accesorio,R0030,Cordoba,5790,estacion
S002417,2026-03-14T04:00:00+00:00,SKU005,pase,R0110,Cordoba,5790,app
S002418,2026-02-20T01:00:00+00:00,SKU019,recarga,R0110,Buenos Aires,3490,app
S002419,2026-04-01T10:00:00+00:00,SKU033,seguro,R0099,Buenos Aires,5990,app
S002420,2026-06-09T04:00:00+00:00,SKU031,seguro,R0044,Cordoba,1890,app
S002421,2026-05-27T06:00:00+00:00,SKU037,seguro,R0045,Cordoba,5790,app
S002422,2026-03-29T21:00:00+00:00,SKU012,recarga,R0081,Buenos Aires,1990,web
S002423,2026-05-02T11:00:00+00:00,SKU021,accesorio,R0019,Cordoba,1890,estacion
S002424,2026-04-02T23:00:00+00:00,SKU009,pase,R0089,Cordoba,9790,app
S002425,2026-05-22T12:00:00+00:00,SKU009,pase,R0086,Cordoba,9790,web
S002426,2026-05-23T02:00:00+00:00,SKU026,accesorio,R0016,Cordoba,3290,estacion
S002427,2026-02-18T02:00:00+00:00,SKU006,pase,R0014,Buenos Aires,9990,estacion
S002428,2026-01-24T06:00:00+00:00,SKU008,pase,R0092,Buenos Aires,1990,web
S002429,2026-03-06T21:00:00+00:00,SKU008,pase,R0109,Cordoba,9790,web
S002430,2026-03-26T03:00:00+00:00,SKU031,seguro,R0040,Cordoba,1890,estacion
S002431,2026-03-24T12:00:00+00:00,SKU023,accesorio,R0005,Buenos Aires,14990,web
S002432,2026-02-20T02:00:00+00:00,SKU008,pase,R0107,Cordoba,9790,estacion
S002433,2026-05-08T13:00:00+00:00,SKU013,recarga,R0045,Buenos Aires,3490,estacion
S002434,2026-06-13T21:00:00+00:00,SKU033,seguro,R0036,Cordoba,1890,web
S002435,2026-01-30T20:00:00+00:00,SKU030,accesorio,R0093,Buenos Aires,3490,estacion
S002436,2026-05-12T21:00:00+00:00,SKU010,pase,R0061,Buenos Aires,9990,web
S002437,2026-02-16T15:00:00+00:00,SKU010,pase,R0037,Cordoba,1890,web
S002438,2026-04-20T23:00:00+00:00,SKU008,pase,R0046,Buenos Aires,1990,estacion
S002439,2026-02-01T18:00:00+00:00,SKU039,seguro,R0044,Cordoba,5790,web
S002440,2026-04-19T16:00:00+00:00,SKU011,recarga,R0113,Cordoba,9790,web
S002441,2026-05-08T23:00:00+00:00,SKU008,pase,R0004,Cordoba,9790,app
S002442,2026-03-17T19:00:00+00:00,SKU036,seguro,R0084,Buenos Aires,9990,app
S002443,2026-06-14T00:00:00+00:00,SKU020,recarga,R0055,Buenos Aires,1990,app
S002444,2026-05-13T14:00:00+00:00,SKU038,seguro,R0108,Buenos Aires,1990,app
S002445,2026-05-29T03:00:00+00:00,SKU008,pase,R0031,Cordoba,9790,estacion
S002446,2026-04-28T02:00:00+00:00,SKU006,pase,R0044,Cordoba,9790,estacion
S002447,2026-02-13T12:00:00+00:00,SKU035,seguro,R0110,Cordoba,9790,estacion
S002448,2026-05-31T22:00:00+00:00,SKU001,pase,R0006,Buenos Aires,14990,app
S002449,2026-05-29T18:00:00+00:00,SKU006,pase,R0034,Buenos Aires,9990,estacion
S002450,2026-02-04T04:00:00+00:00,SKU039,seguro,R0032,Buenos Aires,14990,web
S002451,2026-06-09T17:00:00+00:00,SKU018,recarga,R0045,Cordoba,3290,app
S002452,2026-02-16T18:00:00+00:00,SKU040,seguro,R0010,Cordoba,5790,web
S002453,2026-02-11T00:00:00+00:00,SKU012,recarga,R0027,Cordoba,1890,web
S002454,2026-03-07T19:00:00+00:00,SKU016,recarga,R0112,Cordoba,1890,estacion
S002455,2026-03-16T13:00:00+00:00,SKU026,accesorio,R0114,Buenos Aires,9990,estacion
S002456,2026-04-28T11:00:00+00:00,SKU030,accesorio,R0003,Buenos Aires,3490,app
S002457,2026-04-21T04:00:00+00:00,SKU033,seguro,R0091,Buenos Aires,5990,estacion
S002458,2026-04-02T13:00:00+00:00,SKU034,seguro,R0089,Cordoba,5790,web
S002459,2026-02-26T10:00:00+00:00,SKU021,accesorio,R0069,Buenos Aires,9990,web
S002460,2026-06-12T17:00:00+00:00,SKU040,seguro,R0067,Cordoba,5790,app
S002461,2026-05-09T02:00:00+00:00,SKU030,accesorio,R0064,Cordoba,3290,app
S002462,2026-02-12T02:00:00+00:00,SKU005,pase,R0069,Cordoba,5790,app
S002463,2026-05-29T00:00:00+00:00,SKU003,pase,R0035,Cordoba,1890,web
S002464,2026-01-26T14:00:00+00:00,SKU002,pase,R0070,Buenos Aires,9990,app
S002465,2026-02-20T15:00:00+00:00,SKU028,accesorio,R0113,Cordoba,9790,app
S002466,2026-05-04T12:00:00+00:00,SKU039,seguro,R0022,Cordoba,5790,estacion
S002467,2026-04-25T20:00:00+00:00,SKU022,accesorio,R0017,Buenos Aires,1990,app
S002468,2026-06-12T23:00:00+00:00,SKU028,accesorio,R0032,Buenos Aires,5990,app
S002469,2026-04-13T08:00:00+00:00,SKU035,seguro,R0000,Buenos Aires,1990,app
S002470,2026-05-30T02:00:00+00:00,SKU034,seguro,R0090,Buenos Aires,1990,web
S002471,2026-01-28T12:00:00+00:00,SKU037,seguro,R0036,Cordoba,5790,web
S002472,2026-04-22T18:00:00+00:00,SKU036,seguro,R0088,Cordoba,3290,web
S002473,2026-02-20T09:00:00+00:00,SKU010,pase,R0013,Cordoba,1890,web
S002474,2026-02-01T17:00:00+00:00,SKU022,accesorio,R0027,Buenos Aires,1990,app
S002475,2026-03-24T09:00:00+00:00,SKU001,pase,R0098,Buenos Aires,14990,estacion
S002476,2026-03-28T12:00:00+00:00,SKU029,accesorio,R0021,Buenos Aires,9990,app
S002477,2026-05-16T12:00:00+00:00,SKU019,recarga,R0117,Buenos Aires,3490,estacion
S002478,2026-03-28T03:00:00+00:00,SKU005,pase,R0023,Buenos Aires,5990,app
S002479,2026-05-27T04:00:00+00:00,SKU038,seguro,R0073,Cordoba,3290,app
S002480,2026-02-08T22:00:00+00:00,SKU035,seguro,R0038,Cordoba,9790,app
S002481,2026-05-12T07:00:00+00:00,SKU019,recarga,R0026,Cordoba,5790,web
S002482,2026-03-11T03:00:00+00:00,SKU037,seguro,R0087,Cordoba,5790,estacion
S002483,2026-04-21T01:00:00+00:00,SKU037,seguro,R0110,Cordoba,5790,app
S002484,2026-06-08T14:00:00+00:00,SKU025,accesorio,R0090,Cordoba,9790,app
S002485,2026-03-13T09:00:00+00:00,SKU037,seguro,R0060,Buenos Aires,14990,web
S002486,2026-05-21T13:00:00+00:00,SKU002,pase,R0069,Buenos Aires,9990,app
S002487,2026-05-17T18:00:00+00:00,SKU006,pase,R0020,Cordoba,9790,web
S002488,2026-02-27T12:00:00+00:00,SKU038,seguro,R0101,Buenos Aires,1990,app
S002489,2026-05-15T02:00:00+00:00,SKU014,recarga,R0045,Cordoba,3290,estacion
S002490,2026-03-31T09:00:00+00:00,SKU008,pase,R0069,Cordoba,9790,web
S002491,2026-04-28T23:00:00+00:00,SKU032,seguro,R0047,Buenos Aires,5990,estacion
S002492,2026-01-17T00:00:00+00:00,SKU035,seguro,R0073,Cordoba,9790,web
S002493,2026-06-04T22:00:00+00:00,SKU005,pase,R0109,Buenos Aires,5990,web
S002494,2026-03-28T03:00:00+00:00,SKU034,seguro,R0019,Buenos Aires,1990,estacion
S002495,2026-04-18T10:00:00+00:00,SKU010,pase,R0026,Buenos Aires,9990,estacion
S002496,2026-03-29T12:00:00+00:00,SKU003,pase,R0076,Cordoba,1890,estacion
S002497,2026-03-04T04:00:00+00:00,SKU018,recarga,R0022,Cordoba,3290,estacion
S002498,2026-04-01T10:00:00+00:00,SKU004,pase,R0091,Buenos Aires,9990,app
S002499,2026-01-20T10:00:00+00:00,SKU003,pase,R0002,Cordoba,1890,app
S002500,2026-02-14T22:00:00+00:00,SKU024,accesorio,R0020,Buenos Aires,1990,app
S002501,2026-06-11T05:00:00+00:00,SKU023,accesorio,R0045,Buenos Aires,14990,estacion
S002502,2026-02-16T22:00:00+00:00,SKU035,seguro,R0099,Cordoba,9790,app
S002503,2026-02-11T17:00:00+00:00,SKU010,pase,R0109,Buenos Aires,9990,app
S002504,2026-04-24T15:00:00+00:00,SKU031,seguro,R0076,Cordoba,1890,estacion
S002505,2026-04-14T01:00:00+00:00,SKU034,seguro,R0051,Cordoba,5790,web
S002506,2026-05-23T20:00:00+00:00,SKU008,pase,R0076,Buenos Aires,1990,app
S002507,2026-05-16T21:00:00+00:00,SKU019,recarga,R0066,Cordoba,5790,web
S002508,2026-01-21T09:00:00+00:00,SKU024,accesorio,R0012,Cordoba,5790,estacion
S002509,2026-02-09T14:00:00+00:00,SKU027,accesorio,R0092,Cordoba,3290,app
S002510,2026-03-14T22:00:00+00:00,SKU001,pase,R0020,Buenos Aires,14990,app
S002511,2026-03-09T09:00:00+00:00,SKU035,seguro,R0058,Cordoba,9790,app
S002512,2026-02-18T23:00:00+00:00,SKU022,accesorio,R0085,Buenos Aires,1990,app
S002513,2026-05-16T01:00:00+00:00,SKU026,accesorio,R0062,Cordoba,3290,app
S002514,2026-04-16T21:00:00+00:00,SKU030,accesorio,R0082,Cordoba,3290,app
S002515,2026-04-27T22:00:00+00:00,SKU024,accesorio,R0075,Buenos Aires,1990,app
S002516,2026-06-03T12:00:00+00:00,SKU003,pase,R0054,Cordoba,1890,web
S002517,2026-04-07T18:00:00+00:00,SKU038,seguro,R0083,Buenos Aires,1990,estacion
S002518,2026-03-24T20:00:00+00:00,SKU029,accesorio,R0047,Buenos Aires,9990,app
S002519,2026-05-20T06:00:00+00:00,SKU038,seguro,R0015,Buenos Aires,1990,app
S002520,2026-03-25T13:00:00+00:00,SKU033,seguro,R0010,Buenos Aires,5990,estacion
S002521,2026-01-18T06:00:00+00:00,SKU011,recarga,R0032,Buenos Aires,3490,estacion
S002522,2026-02-04T21:00:00+00:00,SKU022,accesorio,R0037,Cordoba,3290,app
S002523,2026-06-03T01:00:00+00:00,SKU032,seguro,R0091,Buenos Aires,5990,app
S002524,2026-05-22T08:00:00+00:00,SKU002,pase,R0014,Cordoba,3290,estacion
S002525,2026-04-02T02:00:00+00:00,SKU005,pase,R0069,Buenos Aires,5990,app
S002526,2026-05-17T01:00:00+00:00,SKU010,pase,R0035,Cordoba,1890,estacion
S002527,2026-03-22T12:00:00+00:00,SKU001,pase,R0069,Cordoba,9790,app
S002528,2026-06-01T22:00:00+00:00,SKU002,pase,R0065,Cordoba,3290,app
S002529,2026-04-04T06:00:00+00:00,SKU040,seguro,R0028,Cordoba,5790,estacion
S002530,2026-03-10T19:00:00+00:00,SKU027,accesorio,R0018,Cordoba,3290,estacion
S002531,2026-04-08T06:00:00+00:00,SKU026,accesorio,R0012,Buenos Aires,9990,web
S002532,2026-05-15T10:00:00+00:00,SKU002,pase,R0065,Buenos Aires,9990,app
S002533,2026-03-11T08:00:00+00:00,SKU006,pase,R0092,Cordoba,9790,app
S002534,2026-04-29T19:00:00+00:00,SKU017,recarga,R0054,Cordoba,1890,app
S002535,2026-02-09T09:00:00+00:00,SKU025,accesorio,R0044,Cordoba,9790,estacion
S002536,2026-05-30T07:00:00+00:00,SKU018,recarga,R0074,Cordoba,3290,app
S002537,2026-01-25T10:00:00+00:00,SKU019,recarga,R0056,Cordoba,5790,app
S002538,2026-04-05T05:00:00+00:00,SKU020,recarga,R0025,Buenos Aires,1990,estacion
S002539,2026-03-14T19:00:00+00:00,SKU017,recarga,R0065,Cordoba,1890,app
S002540,2026-01-29T15:00:00+00:00,SKU033,seguro,R0013,Cordoba,1890,estacion
S002541,2026-04-19T04:00:00+00:00,SKU016,recarga,R0015,Buenos Aires,5990,web
S002542,2026-05-28T15:00:00+00:00,SKU008,pase,R0099,Cordoba,9790,estacion
S002543,2026-01-19T15:00:00+00:00,SKU001,pase,R0018,Cordoba,9790,app
S002544,2026-05-30T20:00:00+00:00,SKU011,recarga,R0062,Cordoba,9790,estacion
S002545,2026-03-22T20:00:00+00:00,SKU021,accesorio,R0105,Buenos Aires,9990,web
S002546,2026-05-06T22:00:00+00:00,SKU021,accesorio,R0073,Cordoba,1890,web
S002547,2026-04-10T18:00:00+00:00,SKU018,recarga,R0090,Buenos Aires,3490,estacion
S002548,2026-05-23T23:00:00+00:00,SKU037,seguro,R0099,Buenos Aires,14990,web
S002549,2026-04-02T23:00:00+00:00,SKU009,pase,R0026,Buenos Aires,5990,estacion
S002550,2026-05-22T02:00:00+00:00,SKU019,recarga,R0075,Cordoba,5790,app
S002551,2026-04-19T01:00:00+00:00,SKU009,pase,R0042,Buenos Aires,5990,web
S002552,2026-03-17T09:00:00+00:00,SKU039,seguro,R0004,Buenos Aires,14990,app
S002553,2026-02-05T16:00:00+00:00,SKU034,seguro,R0017,Buenos Aires,1990,app
S002554,2026-04-24T10:00:00+00:00,SKU016,recarga,R0031,Cordoba,1890,estacion
S002555,2026-05-19T23:00:00+00:00,SKU036,seguro,R0058,Cordoba,3290,app
S002556,2026-03-13T21:00:00+00:00,SKU035,seguro,R0039,Cordoba,9790,estacion
S002557,2026-05-30T00:00:00+00:00,SKU039,seguro,R0086,Buenos Aires,14990,estacion
S002558,2026-01-27T19:00:00+00:00,SKU011,recarga,R0118,Buenos Aires,3490,web
S002559,2026-04-05T02:00:00+00:00,SKU029,accesorio,R0119,Buenos Aires,9990,app
S002560,2026-02-26T12:00:00+00:00,SKU018,recarga,R0068,Cordoba,3290,web
S002561,2026-01-21T23:00:00+00:00,SKU027,accesorio,R0050,Cordoba,3290,app
S002562,2026-05-17T20:00:00+00:00,SKU033,seguro,R0067,Buenos Aires,5990,app
S002563,2026-02-06T22:00:00+00:00,SKU021,accesorio,R0103,Buenos Aires,9990,app
S002564,2026-06-09T22:00:00+00:00,SKU003,pase,R0108,Cordoba,1890,estacion
S002565,2026-02-26T11:00:00+00:00,SKU017,recarga,R0095,Buenos Aires,5990,web
S002566,2026-05-30T23:00:00+00:00,SKU032,seguro,R0031,Buenos Aires,5990,app
S002567,2026-06-01T05:00:00+00:00,SKU025,accesorio,R0030,Buenos Aires,1990,estacion
S002568,2026-05-26T06:00:00+00:00,SKU023,accesorio,R0093,Buenos Aires,14990,web
S002569,2026-01-23T14:00:00+00:00,SKU008,pase,R0009,Buenos Aires,1990,app
S002570,2026-04-21T09:00:00+00:00,SKU003,pase,R0083,Buenos Aires,3490,web
S002571,2026-05-26T23:00:00+00:00,SKU029,accesorio,R0077,Buenos Aires,9990,app
S002572,2026-06-03T00:00:00+00:00,SKU009,pase,R0068,Buenos Aires,5990,app
S002573,2026-05-26T11:00:00+00:00,SKU010,pase,R0010,Buenos Aires,9990,app
S002574,2026-05-29T07:00:00+00:00,SKU006,pase,R0098,Buenos Aires,9990,app
S002575,2026-02-16T07:00:00+00:00,SKU004,pase,R0072,Buenos Aires,9990,app
S002576,2026-03-14T03:00:00+00:00,SKU039,seguro,R0079,Buenos Aires,14990,web
S002577,2026-06-10T08:00:00+00:00,SKU033,seguro,R0016,Buenos Aires,5990,app
S002578,2026-04-04T21:00:00+00:00,SKU021,accesorio,R0001,Cordoba,1890,web
S002579,2026-06-09T09:00:00+00:00,SKU006,pase,R0011,Buenos Aires,9990,estacion
S002580,2026-05-20T09:00:00+00:00,SKU037,seguro,R0066,Buenos Aires,14990,estacion
S002581,2026-02-20T14:00:00+00:00,SKU005,pase,R0061,Buenos Aires,5990,app
S002582,2026-05-14T18:00:00+00:00,SKU033,seguro,R0050,Cordoba,1890,app
S002583,2026-04-11T04:00:00+00:00,SKU009,pase,R0094,Cordoba,9790,app
S002584,2026-05-08T10:00:00+00:00,SKU039,seguro,R0030,Buenos Aires,14990,app
S002585,2026-05-23T18:00:00+00:00,SKU036,seguro,R0017,Buenos Aires,9990,web
S002586,2026-03-19T12:00:00+00:00,SKU037,seguro,R0008,Cordoba,5790,estacion
S002587,2026-03-29T03:00:00+00:00,SKU031,seguro,R0035,Buenos Aires,9990,app
S002588,2026-02-11T22:00:00+00:00,SKU003,pase,R0038,Cordoba,1890,app
S002589,2026-01-27T14:00:00+00:00,SKU019,recarga,R0067,Cordoba,5790,estacion
S002590,2026-06-11T05:00:00+00:00,SKU030,accesorio,R0029,Buenos Aires,3490,web
S002591,2026-01-30T00:00:00+00:00,SKU012,recarga,R0111,Cordoba,1890,web
S002592,2026-05-13T08:00:00+00:00,SKU017,recarga,R0007,Cordoba,1890,web
S002593,2026-03-19T15:00:00+00:00,SKU011,recarga,R0050,Cordoba,9790,app
S002594,2026-05-09T04:00:00+00:00,SKU029,accesorio,R0085,Buenos Aires,9990,estacion
S002595,2026-05-01T12:00:00+00:00,SKU009,pase,R0019,Cordoba,9790,web
S002596,2026-04-26T03:00:00+00:00,SKU034,seguro,R0098,Buenos Aires,1990,app
S002597,2026-04-01T15:00:00+00:00,SKU018,recarga,R0074,Cordoba,3290,app
S002598,2026-05-16T02:00:00+00:00,SKU026,accesorio,R0095,Cordoba,3290,web
S002599,2026-01-28T05:00:00+00:00,SKU004,pase,R0070,Buenos Aires,9990,app
S002600,2026-01-15T14:00:00+00:00,SKU032,seguro,R0098,Buenos Aires,5990,web
S002601,2026-02-08T06:00:00+00:00,SKU020,recarga,R0066,Buenos Aires,1990,web
S002602,2026-01-28T06:00:00+00:00,SKU020,recarga,R0011,Cordoba,5790,app
S002603,2026-04-14T18:00:00+00:00,SKU024,accesorio,R0070,Cordoba,5790,estacion
S002604,2026-05-28T20:00:00+00:00,SKU022,accesorio,R0018,Cordoba,3290,estacion
S002605,2026-05-19T08:00:00+00:00,SKU026,accesorio,R0032,Buenos Aires,9990,web
S002606,2026-02-25T12:00:00+00:00,SKU033,seguro,R0078,Cordoba,1890,estacion
S002607,2026-05-03T20:00:00+00:00,SKU026,accesorio,R0104,Buenos Aires,9990,app
S002608,2026-03-26T23:00:00+00:00,SKU002,pase,R0063,Cordoba,3290,app
S002609,2026-05-31T09:00:00+00:00,SKU032,seguro,R0115,Buenos Aires,5990,app
S002610,2026-01-30T04:00:00+00:00,SKU019,recarga,R0029,Buenos Aires,3490,estacion
S002611,2026-06-06T16:00:00+00:00,SKU024,accesorio,R0002,Buenos Aires,1990,app
S002612,2026-03-03T18:00:00+00:00,SKU003,pase,R0095,Cordoba,1890,estacion
S002613,2026-06-05T15:00:00+00:00,SKU034,seguro,R0050,Buenos Aires,1990,app
S002614,2026-06-08T16:00:00+00:00,SKU029,accesorio,R0096,Buenos Aires,9990,estacion
S002615,2026-03-29T16:00:00+00:00,SKU014,recarga,R0049,Buenos Aires,9990,app
S002616,2026-05-25T19:00:00+00:00,SKU024,accesorio,R0109,Cordoba,5790,estacion
S002617,2026-05-26T13:00:00+00:00,SKU030,accesorio,R0058,Buenos Aires,3490,web
S002618,2026-01-21T00:00:00+00:00,SKU027,accesorio,R0006,Buenos Aires,9990,app
S002619,2026-02-04T19:00:00+00:00,SKU033,seguro,R0047,Cordoba,1890,web
S002620,2026-05-06T22:00:00+00:00,SKU011,recarga,R0018,Cordoba,9790,app
S002621,2026-02-03T15:00:00+00:00,SKU026,accesorio,R0052,Buenos Aires,9990,estacion
S002622,2026-01-18T02:00:00+00:00,SKU039,seguro,R0112,Buenos Aires,14990,web
S002623,2026-01-27T09:00:00+00:00,SKU032,seguro,R0098,Cordoba,9790,app
S002624,2026-06-08T11:00:00+00:00,SKU002,pase,R0108,Buenos Aires,9990,estacion
S002625,2026-04-22T02:00:00+00:00,SKU037,seguro,R0088,Cordoba,5790,app
S002626,2026-03-22T03:00:00+00:00,SKU024,accesorio,R0101,Buenos Aires,1990,app
S002627,2026-04-07T14:00:00+00:00,SKU024,accesorio,R0077,Cordoba,5790,app
S002628,2026-03-09T18:00:00+00:00,SKU019,recarga,R0000,Buenos Aires,3490,estacion
S002629,2026-02-10T16:00:00+00:00,SKU013,recarga,R0009,Cordoba,5790,estacion
S002630,2026-05-27T21:00:00+00:00,SKU003,pase,R0050,Cordoba,1890,estacion
S002631,2026-04-20T00:00:00+00:00,SKU033,seguro,R0058,Buenos Aires,5990,web
S002632,2026-01-19T08:00:00+00:00,SKU019,recarga,R0092,Cordoba,5790,web
S002633,2026-04-22T02:00:00+00:00,SKU005,pase,R0038,Buenos Aires,5990,web
S002634,2026-04-24T20:00:00+00:00,SKU022,accesorio,R0077,Cordoba,3290,app
S002635,2026-02-10T22:00:00+00:00,SKU009,pase,R0111,Buenos Aires,5990,web
S002636,2026-05-07T21:00:00+00:00,SKU021,accesorio,R0040,Buenos Aires,9990,app
S002637,2026-05-26T10:00:00+00:00,SKU036,seguro,R0118,Buenos Aires,9990,app
S002638,2026-03-17T00:00:00+00:00,SKU029,accesorio,R0110,Buenos Aires,9990,web
S002639,2026-01-24T04:00:00+00:00,SKU019,recarga,R0056,Cordoba,5790,estacion
S002640,2026-05-04T04:00:00+00:00,SKU035,seguro,R0056,Buenos Aires,1990,app
S002641,2026-03-21T02:00:00+00:00,SKU029,accesorio,R0036,Cordoba,1890,web
S002642,2026-05-03T05:00:00+00:00,SKU020,recarga,R0058,Cordoba,5790,web
S002643,2026-05-11T16:00:00+00:00,SKU004,pase,R0089,Cordoba,1890,app
S002644,2026-03-13T23:00:00+00:00,SKU017,recarga,R0093,Buenos Aires,5990,estacion
S002645,2026-04-30T05:00:00+00:00,SKU031,seguro,R0104,Cordoba,1890,app
S002646,2026-06-09T06:00:00+00:00,SKU025,accesorio,R0066,Cordoba,9790,web
S002647,2026-04-18T23:00:00+00:00,SKU022,accesorio,R0082,Buenos Aires,1990,web
S002648,2026-04-13T12:00:00+00:00,SKU010,pase,R0011,Cordoba,1890,web
S002649,2026-01-19T12:00:00+00:00,SKU010,pase,R0065,Cordoba,1890,app
S002650,2026-05-02T03:00:00+00:00,SKU017,recarga,R0018,Buenos Aires,5990,estacion
S002651,2026-05-01T10:00:00+00:00,SKU005,pase,R0081,Cordoba,5790,estacion
S002652,2026-05-16T23:00:00+00:00,SKU010,pase,R0021,Cordoba,1890,estacion
S002653,2026-01-19T05:00:00+00:00,SKU005,pase,R0036,Buenos Aires,5990,web
S002654,2026-03-03T16:00:00+00:00,SKU028,accesorio,R0083,Cordoba,9790,app
S002655,2026-06-06T12:00:00+00:00,SKU003,pase,R0108,Buenos Aires,3490,app
S002656,2026-04-24T09:00:00+00:00,SKU021,accesorio,R0040,Cordoba,1890,app
S002657,2026-01-28T18:00:00+00:00,SKU018,recarga,R0072,Buenos Aires,3490,estacion
S002658,2026-04-13T02:00:00+00:00,SKU001,pase,R0072,Buenos Aires,14990,web
S002659,2026-04-20T06:00:00+00:00,SKU002,pase,R0116,Cordoba,3290,app
S002660,2026-04-13T15:00:00+00:00,SKU021,accesorio,R0108,Buenos Aires,9990,estacion
S002661,2026-02-13T03:00:00+00:00,SKU016,recarga,R0054,Buenos Aires,5990,app
S002662,2026-05-27T16:00:00+00:00,SKU003,pase,R0029,Cordoba,1890,web
S002663,2026-04-17T05:00:00+00:00,SKU037,seguro,R0049,Buenos Aires,14990,web
S002664,2026-03-27T16:00:00+00:00,SKU022,accesorio,R0039,Buenos Aires,1990,app
S002665,2026-05-02T12:00:00+00:00,SKU038,seguro,R0061,Buenos Aires,1990,web
S002666,2026-05-29T09:00:00+00:00,SKU022,accesorio,R0019,Buenos Aires,1990,web
S002667,2026-04-30T01:00:00+00:00,SKU023,accesorio,R0019,Cordoba,5790,web
S002668,2026-01-22T11:00:00+00:00,SKU020,recarga,R0081,Buenos Aires,1990,app
S002669,2026-05-31T01:00:00+00:00,SKU017,recarga,R0093,Cordoba,1890,web
S002670,2026-04-05T06:00:00+00:00,SKU002,pase,R0036,Cordoba,3290,estacion
S002671,2026-03-20T14:00:00+00:00,SKU013,recarga,R0099,Cordoba,5790,app
S002672,2026-06-03T18:00:00+00:00,SKU040,seguro,R0011,Buenos Aires,5990,estacion
S002673,2026-02-12T03:00:00+00:00,SKU015,recarga,R0097,Cordoba,3290,app
S002674,2026-04-24T11:00:00+00:00,SKU002,pase,R0075,Buenos Aires,9990,app
S002675,2026-03-31T07:00:00+00:00,SKU035,seguro,R0038,Buenos Aires,1990,app
S002676,2026-04-22T18:00:00+00:00,SKU001,pase,R0045,Cordoba,9790,app
S002677,2026-04-06T10:00:00+00:00,SKU036,seguro,R0008,Buenos Aires,9990,app
S002678,2026-05-07T20:00:00+00:00,SKU015,recarga,R0054,Buenos Aires,9990,app
S002679,2026-03-02T09:00:00+00:00,SKU016,recarga,R0045,Cordoba,1890,web
S002680,2026-05-11T11:00:00+00:00,SKU017,recarga,R0037,Cordoba,1890,estacion
S002681,2026-03-19T12:00:00+00:00,SKU017,recarga,R0074,Buenos Aires,5990,estacion
S002682,2026-01-15T16:00:00+00:00,SKU031,seguro,R0043,Cordoba,1890,app
S002683,2026-05-01T19:00:00+00:00,SKU002,pase,R0025,Cordoba,3290,web
S002684,2026-02-14T11:00:00+00:00,SKU008,pase,R0035,Cordoba,9790,web
S002685,2026-05-23T19:00:00+00:00,SKU014,recarga,R0030,Cordoba,3290,app
S002686,2026-06-05T14:00:00+00:00,SKU025,accesorio,R0069,Buenos Aires,1990,estacion
S002687,2026-03-17T00:00:00+00:00,SKU017,recarga,R0078,Buenos Aires,5990,app
S002688,2026-03-10T06:00:00+00:00,SKU013,recarga,R0071,Buenos Aires,3490,app
S002689,2026-03-01T09:00:00+00:00,SKU005,pase,R0078,Buenos Aires,5990,web
S002690,2026-05-24T06:00:00+00:00,SKU017,recarga,R0110,Buenos Aires,5990,app
S002691,2026-05-13T12:00:00+00:00,SKU021,accesorio,R0049,Cordoba,1890,web
S002692,2026-04-28T02:00:00+00:00,SKU014,recarga,R0052,Buenos Aires,9990,estacion
S002693,2026-04-13T11:00:00+00:00,SKU023,accesorio,R0046,Buenos Aires,14990,estacion
S002694,2026-02-21T01:00:00+00:00,SKU029,accesorio,R0061,Cordoba,1890,estacion
S002695,2026-06-09T15:00:00+00:00,SKU034,seguro,R0062,Buenos Aires,1990,estacion
S002696,2026-05-25T10:00:00+00:00,SKU005,pase,R0090,Buenos Aires,5990,app
S002697,2026-04-07T11:00:00+00:00,SKU009,pase,R0113,Cordoba,9790,app
S002698,2026-03-13T01:00:00+00:00,SKU001,pase,R0025,Cordoba,9790,app
S002699,2026-04-09T04:00:00+00:00,SKU018,recarga,R0078,Buenos Aires,3490,app
S002700,2026-02-27T01:00:00+00:00,SKU015,recarga,R0068,Cordoba,3290,web
S002701,2026-05-06T01:00:00+00:00,SKU003,pase,R0100,Cordoba,1890,app
S002702,2026-05-03T19:00:00+00:00,SKU021,accesorio,R0011,Buenos Aires,9990,app
S002703,2026-01-24T20:00:00+00:00,SKU040,seguro,R0054,Cordoba,5790,web
S002704,2026-03-25T15:00:00+00:00,SKU015,recarga,R0000,Buenos Aires,9990,web
S002705,2026-06-13T00:00:00+00:00,SKU015,recarga,R0063,Cordoba,3290,app
S002706,2026-03-06T10:00:00+00:00,SKU035,seguro,R0089,Cordoba,9790,estacion
S002707,2026-06-11T17:00:00+00:00,SKU005,pase,R0065,Buenos Aires,5990,web
S002708,2026-02-27T05:00:00+00:00,SKU039,seguro,R0058,Buenos Aires,14990,app
S002709,2026-03-03T13:00:00+00:00,SKU025,accesorio,R0016,Cordoba,9790,web
S002710,2026-06-11T23:00:00+00:00,SKU040,seguro,R0006,Buenos Aires,5990,app
S002711,2026-04-25T01:00:00+00:00,SKU025,accesorio,R0090,Cordoba,9790,app
S002712,2026-02-16T22:00:00+00:00,SKU032,seguro,R0030,Buenos Aires,5990,app
S002713,2026-05-24T05:00:00+00:00,SKU012,recarga,R0102,Buenos Aires,1990,app
S002714,2026-01-15T19:00:00+00:00,SKU002,pase,R0105,Buenos Aires,9990,app
S002715,2026-05-19T06:00:00+00:00,SKU015,recarga,R0079,Buenos Aires,9990,web
S002716,2026-04-22T15:00:00+00:00,SKU011,recarga,R0005,Cordoba,9790,app
S002717,2026-05-21T21:00:00+00:00,SKU039,seguro,R0079,Cordoba,5790,app
S002718,2026-04-29T12:00:00+00:00,SKU005,pase,R0054,Cordoba,5790,estacion
S002719,2026-05-16T15:00:00+00:00,SKU038,seguro,R0106,Buenos Aires,1990,estacion
S002720,2026-03-08T00:00:00+00:00,SKU004,pase,R0061,Buenos Aires,9990,estacion
S002721,2026-06-05T11:00:00+00:00,SKU011,recarga,R0119,Buenos Aires,3490,app
S002722,2026-02-17T21:00:00+00:00,SKU006,pase,R0083,Cordoba,9790,app
S002723,2026-03-28T21:00:00+00:00,SKU027,accesorio,R0046,Buenos Aires,9990,app
S002724,2026-01-15T04:00:00+00:00,SKU030,accesorio,R0014,Cordoba,3290,app
S002725,2026-04-26T10:00:00+00:00,SKU015,recarga,R0073,Cordoba,3290,app
S002726,2026-04-16T03:00:00+00:00,SKU020,recarga,R0038,Cordoba,5790,app
S002727,2026-04-30T14:00:00+00:00,SKU018,recarga,R0104,Cordoba,3290,app
S002728,2026-03-05T02:00:00+00:00,SKU040,seguro,R0013,Cordoba,5790,app
S002729,2026-04-07T15:00:00+00:00,SKU030,accesorio,R0016,Cordoba,3290,web
S002730,2026-05-16T05:00:00+00:00,SKU022,accesorio,R0086,Cordoba,3290,app
S002731,2026-04-03T08:00:00+00:00,SKU033,seguro,R0085,Cordoba,1890,web
S002732,2026-05-22T07:00:00+00:00,SKU028,accesorio,R0032,Buenos Aires,5990,web
S002733,2026-01-25T11:00:00+00:00,SKU039,seguro,R0080,Cordoba,5790,web
S002734,2026-03-30T08:00:00+00:00,SKU032,seguro,R0088,Cordoba,9790,app
S002735,2026-02-15T02:00:00+00:00,SKU003,pase,R0015,Cordoba,1890,app
S002736,2026-04-19T18:00:00+00:00,SKU001,pase,R0059,Cordoba,9790,app
S002737,2026-06-11T06:00:00+00:00,SKU020,recarga,R0026,Cordoba,5790,app
S002738,2026-01-30T20:00:00+00:00,SKU038,seguro,R0047,Buenos Aires,1990,app
S002739,2026-06-11T10:00:00+00:00,SKU029,accesorio,R0102,Buenos Aires,9990,estacion
S002740,2026-02-14T06:00:00+00:00,SKU019,recarga,R0062,Buenos Aires,3490,estacion
S002741,2026-02-25T04:00:00+00:00,SKU004,pase,R0006,Cordoba,1890,app
S002742,2026-02-23T03:00:00+00:00,SKU018,recarga,R0060,Cordoba,3290,estacion
S002743,2026-05-10T22:00:00+00:00,SKU038,seguro,R0029,Buenos Aires,1990,app
S002744,2026-02-02T20:00:00+00:00,SKU003,pase,R0032,Buenos Aires,3490,estacion
S002745,2026-05-11T23:00:00+00:00,SKU025,accesorio,R0080,Buenos Aires,1990,app
S002746,2026-04-24T02:00:00+00:00,SKU019,recarga,R0101,Cordoba,5790,app
S002747,2026-04-05T18:00:00+00:00,SKU036,seguro,R0071,Cordoba,3290,web
S002748,2026-05-13T22:00:00+00:00,SKU024,accesorio,R0116,Cordoba,5790,estacion
S002749,2026-01-31T03:00:00+00:00,SKU008,pase,R0089,Buenos Aires,1990,app
S002750,2026-04-16T09:00:00+00:00,SKU032,seguro,R0102,Buenos Aires,5990,app
S002751,2026-06-02T00:00:00+00:00,SKU005,pase,R0088,Buenos Aires,5990,app
S002752,2026-06-13T02:00:00+00:00,SKU016,recarga,R0103,Cordoba,1890,web
S002753,2026-05-08T16:00:00+00:00,SKU008,pase,R0082,Buenos Aires,1990,estacion
S002754,2026-04-19T09:00:00+00:00,SKU003,pase,R0024,Cordoba,1890,app
S002755,2026-02-05T09:00:00+00:00,SKU025,accesorio,R0065,Cordoba,9790,app
S002756,2026-01-16T16:00:00+00:00,SKU014,recarga,R0086,Buenos Aires,9990,web
S002757,2026-04-24T22:00:00+00:00,SKU014,recarga,R0010,Cordoba,3290,app
S002758,2026-01-22T09:00:00+00:00,SKU006,pase,R0077,Cordoba,9790,web
S002759,2026-03-22T12:00:00+00:00,SKU023,accesorio,R0061,Buenos Aires,14990,web
S002760,2026-01-31T14:00:00+00:00,SKU004,pase,R0110,Buenos Aires,9990,app
S002761,2026-03-26T13:00:00+00:00,SKU040,seguro,R0104,Cordoba,5790,app
S002762,2026-04-21T05:00:00+00:00,SKU003,pase,R0045,Cordoba,1890,estacion
S002763,2026-02-21T07:00:00+00:00,SKU031,seguro,R0111,Cordoba,1890,web
S002764,2026-02-02T08:00:00+00:00,SKU038,seguro,R0081,Cordoba,3290,app
S002765,2026-03-19T15:00:00+00:00,SKU031,seguro,R0093,Buenos Aires,9990,web
S002766,2026-05-07T10:00:00+00:00,SKU016,recarga,R0060,Buenos Aires,5990,estacion
S002767,2026-02-05T20:00:00+00:00,SKU006,pase,R0024,Buenos Aires,9990,web
S002768,2026-05-07T00:00:00+00:00,SKU020,recarga,R0108,Cordoba,5790,estacion
S002769,2026-03-12T18:00:00+00:00,SKU015,recarga,R0105,Buenos Aires,9990,app
S002770,2026-04-22T09:00:00+00:00,SKU019,recarga,R0082,Buenos Aires,3490,app
S002771,2026-03-02T13:00:00+00:00,SKU011,recarga,R0001,Cordoba,9790,app
S002772,2026-02-13T15:00:00+00:00,SKU039,seguro,R0077,Buenos Aires,14990,estacion
S002773,2026-03-20T05:00:00+00:00,SKU013,recarga,R0044,Buenos Aires,3490,web
S002774,2026-03-22T09:00:00+00:00,SKU031,seguro,R0027,Cordoba,1890,web
S002775,2026-03-24T23:00:00+00:00,SKU010,pase,R0067,Cordoba,1890,app
S002776,2026-05-15T01:00:00+00:00,SKU038,seguro,R0025,Buenos Aires,1990,estacion
S002777,2026-01-15T12:00:00+00:00,SKU034,seguro,R0119,Buenos Aires,1990,web
S002778,2026-04-13T00:00:00+00:00,SKU010,pase,R0003,Cordoba,1890,estacion
S002779,2026-03-08T18:00:00+00:00,SKU028,accesorio,R0031,Cordoba,9790,estacion
S002780,2026-03-29T12:00:00+00:00,SKU033,seguro,R0083,Cordoba,1890,app
S002781,2026-02-01T22:00:00+00:00,SKU004,pase,R0086,Buenos Aires,9990,app
S002782,2026-03-05T06:00:00+00:00,SKU021,accesorio,R0091,Buenos Aires,9990,app
S002783,2026-05-01T21:00:00+00:00,SKU029,accesorio,R0000,Cordoba,1890,web
S002784,2026-03-31T07:00:00+00:00,SKU028,accesorio,R0044,Buenos Aires,5990,web
S002785,2026-01-30T03:00:00+00:00,SKU021,accesorio,R0061,Buenos Aires,9990,app
S002786,2026-04-22T16:00:00+00:00,SKU009,pase,R0047,Cordoba,9790,web
S002787,2026-06-01T03:00:00+00:00,SKU039,seguro,R0119,Buenos Aires,14990,app
S002788,2026-05-16T16:00:00+00:00,SKU017,recarga,R0028,Buenos Aires,5990,app
S002789,2026-04-16T13:00:00+00:00,SKU006,pase,R0002,Cordoba,9790,app
S002790,2026-03-31T01:00:00+00:00,SKU024,accesorio,R0047,Cordoba,5790,app
S002791,2026-01-16T20:00:00+00:00,SKU039,seguro,R0106,Buenos Aires,14990,web
S002792,2026-02-12T04:00:00+00:00,SKU029,accesorio,R0066,Cordoba,1890,estacion
S002793,2026-06-13T12:00:00+00:00,SKU005,pase,R0097,Buenos Aires,5990,web
S002794,2026-04-10T23:00:00+00:00,SKU003,pase,R0080,Cordoba,1890,web
S002795,2026-04-13T02:00:00+00:00,SKU032,seguro,R0106,Buenos Aires,5990,web
S002796,2026-01-18T17:00:00+00:00,SKU032,seguro,R0071,Cordoba,9790,web
S002797,2026-01-25T20:00:00+00:00,SKU005,pase,R0053,Buenos Aires,5990,app
S002798,2026-05-06T13:00:00+00:00,SKU031,seguro,R0052,Cordoba,1890,estacion
S002799,2026-02-23T12:00:00+00:00,SKU037,seguro,R0119,Cordoba,5790,app
S002800,2026-04-22T19:00:00+00:00,SKU034,seguro,R0065,Cordoba,5790,estacion
S002801,2026-05-24T11:00:00+00:00,SKU026,accesorio,R0011,Buenos Aires,9990,app
S002802,2026-06-13T14:00:00+00:00,SKU033,seguro,R0006,Cordoba,1890,app
S002803,2026-04-23T04:00:00+00:00,SKU017,recarga,R0044,Cordoba,1890,app
S002804,2026-05-20T12:00:00+00:00,SKU033,seguro,R0090,Buenos Aires,5990,app
S002805,2026-03-18T21:00:00+00:00,SKU025,accesorio,R0033,Buenos Aires,1990,app
S002806,2026-01-30T22:00:00+00:00,SKU025,accesorio,R0041,Buenos Aires,1990,estacion
S002807,2026-01-19T16:00:00+00:00,SKU011,recarga,R0001,Buenos Aires,3490,estacion
S002808,2026-04-28T00:00:00+00:00,SKU004,pase,R0067,Cordoba,1890,app
S002809,2026-05-10T05:00:00+00:00,SKU040,seguro,R0014,Cordoba,5790,app
S002810,2026-02-19T11:00:00+00:00,SKU006,pase,R0022,Buenos Aires,9990,web
S002811,2026-04-14T21:00:00+00:00,SKU023,accesorio,R0013,Cordoba,5790,estacion
S002812,2026-04-03T23:00:00+00:00,SKU002,pase,R0057,Buenos Aires,9990,app
S002813,2026-05-28T15:00:00+00:00,SKU031,seguro,R0002,Cordoba,1890,app
S002814,2026-05-19T16:00:00+00:00,SKU020,recarga,R0033,Buenos Aires,1990,app
S002815,2026-01-23T21:00:00+00:00,SKU030,accesorio,R0074,Buenos Aires,3490,app
S002816,2026-04-07T06:00:00+00:00,SKU005,pase,R0012,Cordoba,5790,app
S002817,2026-02-27T13:00:00+00:00,SKU036,seguro,R0000,Buenos Aires,9990,app
S002818,2026-01-17T03:00:00+00:00,SKU004,pase,R0064,Buenos Aires,9990,estacion
S002819,2026-04-16T06:00:00+00:00,SKU026,accesorio,R0087,Cordoba,3290,app
S002820,2026-05-28T13:00:00+00:00,SKU037,seguro,R0084,Buenos Aires,14990,app
S002821,2026-01-15T07:00:00+00:00,SKU012,recarga,R0110,Cordoba,1890,app
S002822,2026-06-10T20:00:00+00:00,SKU035,seguro,R0054,Buenos Aires,1990,app
S002823,2026-01-26T13:00:00+00:00,SKU028,accesorio,R0070,Cordoba,9790,estacion
S002824,2026-04-17T15:00:00+00:00,SKU022,accesorio,R0056,Buenos Aires,1990,app
S002825,2026-05-09T20:00:00+00:00,SKU026,accesorio,R0083,Buenos Aires,9990,estacion
S002826,2026-06-02T18:00:00+00:00,SKU034,seguro,R0009,Buenos Aires,1990,web
S002827,2026-04-24T14:00:00+00:00,SKU025,accesorio,R0063,Buenos Aires,1990,app
S002828,2026-04-13T08:00:00+00:00,SKU004,pase,R0007,Buenos Aires,9990,app
S002829,2026-03-07T00:00:00+00:00,SKU026,accesorio,R0105,Cordoba,3290,app
S002830,2026-02-07T17:00:00+00:00,SKU021,accesorio,R0114,Buenos Aires,9990,web
S002831,2026-04-22T11:00:00+00:00,SKU034,seguro,R0084,Buenos Aires,1990,app
S002832,2026-04-16T16:00:00+00:00,SKU004,pase,R0097,Buenos Aires,9990,estacion
S002833,2026-05-30T22:00:00+00:00,SKU008,pase,R0107,Buenos Aires,1990,app
S002834,2026-05-30T07:00:00+00:00,SKU004,pase,R0068,Buenos Aires,9990,app
S002835,2026-05-27T11:00:00+00:00,SKU027,accesorio,R0045,Cordoba,3290,app
S002836,2026-01-29T05:00:00+00:00,SKU023,accesorio,R0067,Cordoba,5790,estacion
S002837,2026-02-09T07:00:00+00:00,SKU033,seguro,R0046,Cordoba,1890,app
S002838,2026-02-15T05:00:00+00:00,SKU039,seguro,R0073,Buenos Aires,14990,estacion
S002839,2026-01-19T15:00:00+00:00,SKU032,seguro,R0069,Cordoba,9790,app
S002840,2026-04-24T11:00:00+00:00,SKU014,recarga,R0068,Cordoba,3290,estacion
S002841,2026-05-08T03:00:00+00:00,SKU034,seguro,R0072,Cordoba,5790,web
S002842,2026-05-25T10:00:00+00:00,SKU020,recarga,R0009,Cordoba,5790,app
S002843,2026-06-05T11:00:00+00:00,SKU021,accesorio,R0101,Cordoba,1890,app
S002844,2026-04-16T14:00:00+00:00,SKU008,pase,R0101,Cordoba,9790,app
S002845,2026-01-16T11:00:00+00:00,SKU017,recarga,R0056,Buenos Aires,5990,app
S002846,2026-05-24T23:00:00+00:00,SKU023,accesorio,R0105,Buenos Aires,14990,estacion
S002847,2026-03-17T09:00:00+00:00,SKU034,seguro,R0003,Cordoba,5790,web
S002848,2026-04-26T00:00:00+00:00,SKU022,accesorio,R0010,Buenos Aires,1990,estacion
S002849,2026-02-26T14:00:00+00:00,SKU008,pase,R0090,Buenos Aires,1990,app
S002850,2026-03-07T06:00:00+00:00,SKU016,recarga,R0098,Cordoba,1890,app
S002851,2026-04-30T12:00:00+00:00,SKU016,recarga,R0013,Cordoba,1890,estacion
S002852,2026-02-03T09:00:00+00:00,SKU005,pase,R0074,Cordoba,5790,app
S002853,2026-02-12T22:00:00+00:00,SKU012,recarga,R0117,Cordoba,1890,estacion
S002854,2026-03-01T19:00:00+00:00,SKU026,accesorio,R0057,Buenos Aires,9990,app
S002855,2026-05-05T03:00:00+00:00,SKU027,accesorio,R0084,Buenos Aires,9990,app
S002856,2026-05-27T13:00:00+00:00,SKU033,seguro,R0104,Buenos Aires,5990,app
S002857,2026-04-05T19:00:00+00:00,SKU018,recarga,R0005,Buenos Aires,3490,app
S002858,2026-04-06T17:00:00+00:00,SKU004,pase,R0105,Cordoba,1890,app
S002859,2026-06-05T07:00:00+00:00,SKU014,recarga,R0088,Cordoba,3290,app
S002860,2026-06-06T06:00:00+00:00,SKU034,seguro,R0054,Buenos Aires,1990,estacion
S002861,2026-01-16T16:00:00+00:00,SKU038,seguro,R0043,Cordoba,3290,web
S002862,2026-03-18T16:00:00+00:00,SKU027,accesorio,R0106,Buenos Aires,9990,app
S002863,2026-04-26T12:00:00+00:00,SKU019,recarga,R0048,Buenos Aires,3490,web
S002864,2026-03-14T10:00:00+00:00,SKU031,seguro,R0005,Cordoba,1890,web
S002865,2026-04-22T00:00:00+00:00,SKU025,accesorio,R0117,Cordoba,9790,web
S002866,2026-03-19T01:00:00+00:00,SKU010,pase,R0054,Cordoba,1890,app
S002867,2026-03-20T20:00:00+00:00,SKU004,pase,R0014,Cordoba,1890,app
S002868,2026-04-23T00:00:00+00:00,SKU001,pase,R0006,Cordoba,9790,app
S002869,2026-03-10T21:00:00+00:00,SKU039,seguro,R0056,Buenos Aires,14990,app
S002870,2026-04-19T04:00:00+00:00,SKU012,recarga,R0063,Buenos Aires,1990,app
S002871,2026-03-19T23:00:00+00:00,SKU036,seguro,R0063,Buenos Aires,9990,app
S002872,2026-02-19T18:00:00+00:00,SKU001,pase,R0078,Cordoba,9790,estacion
S002873,2026-02-15T02:00:00+00:00,SKU009,pase,R0016,Cordoba,9790,estacion
S002874,2026-02-25T23:00:00+00:00,SKU011,recarga,R0116,Buenos Aires,3490,web
S002875,2026-03-10T18:00:00+00:00,SKU030,accesorio,R0118,Buenos Aires,3490,web
S002876,2026-02-11T04:00:00+00:00,SKU035,seguro,R0005,Cordoba,9790,web
S002877,2026-04-11T13:00:00+00:00,SKU033,seguro,R0103,Buenos Aires,5990,app
S002878,2026-01-25T04:00:00+00:00,SKU004,pase,R0095,Cordoba,1890,web
S002879,2026-03-23T14:00:00+00:00,SKU005,pase,R0032,Cordoba,5790,estacion
S002880,2026-02-26T13:00:00+00:00,SKU029,accesorio,R0076,Cordoba,1890,estacion
S002881,2026-05-01T18:00:00+00:00,SKU029,accesorio,R0090,Cordoba,1890,app
S002882,2026-05-21T07:00:00+00:00,SKU025,accesorio,R0031,Buenos Aires,1990,web
S002883,2026-03-25T20:00:00+00:00,SKU027,accesorio,R0074,Cordoba,3290,app
S002884,2026-01-21T22:00:00+00:00,SKU029,accesorio,R0080,Buenos Aires,9990,estacion
S002885,2026-02-12T23:00:00+00:00,SKU027,accesorio,R0084,Cordoba,3290,app
S002886,2026-06-01T18:00:00+00:00,SKU005,pase,R0048,Cordoba,5790,estacion
S002887,2026-03-06T16:00:00+00:00,SKU035,seguro,R0108,Cordoba,9790,app
S002888,2026-03-15T08:00:00+00:00,SKU025,accesorio,R0048,Buenos Aires,1990,estacion
S002889,2026-05-03T07:00:00+00:00,SKU033,seguro,R0039,Cordoba,1890,web
S002890,2026-02-28T17:00:00+00:00,SKU016,recarga,R0015,Cordoba,1890,estacion
S002891,2026-04-13T18:00:00+00:00,SKU002,pase,R0112,Cordoba,3290,estacion
S002892,2026-03-05T01:00:00+00:00,SKU002,pase,R0085,Buenos Aires,9990,app
S002893,2026-06-12T10:00:00+00:00,SKU006,pase,R0037,Cordoba,9790,estacion
S002894,2026-01-26T07:00:00+00:00,SKU029,accesorio,R0105,Buenos Aires,9990,app
S002895,2026-03-23T03:00:00+00:00,SKU015,recarga,R0052,Buenos Aires,9990,web
S002896,2026-01-16T19:00:00+00:00,SKU030,accesorio,R0049,Cordoba,3290,estacion
S002897,2026-05-21T04:00:00+00:00,SKU031,seguro,R0015,Buenos Aires,9990,app
S002898,2026-06-09T06:00:00+00:00,SKU021,accesorio,R0032,Cordoba,1890,estacion
S002899,2026-01-23T14:00:00+00:00,SKU023,accesorio,R0018,Buenos Aires,14990,app
S002900,2026-03-02T17:00:00+00:00,SKU030,accesorio,R0094,Cordoba,3290,estacion
S002901,2026-01-15T12:00:00+00:00,SKU014,recarga,R0000,Cordoba,3290,app
S002902,2026-01-27T09:00:00+00:00,SKU014,recarga,R0002,Cordoba,3290,app
S002903,2026-02-11T07:00:00+00:00,SKU020,recarga,R0110,Buenos Aires,1990,estacion
S002904,2026-03-23T14:00:00+00:00,SKU026,accesorio,R0061,Cordoba,3290,app
S002905,2026-02-10T15:00:00+00:00,SKU026,accesorio,R0109,Buenos Aires,9990,app
S002906,2026-06-12T13:00:00+00:00,SKU014,recarga,R0096,Cordoba,3290,estacion
S002907,2026-03-25T03:00:00+00:00,SKU024,accesorio,R0097,Buenos Aires,1990,estacion
S002908,2026-03-25T02:00:00+00:00,SKU035,seguro,R0009,Cordoba,9790,estacion
S002909,2026-05-24T10:00:00+00:00,SKU008,pase,R0005,Buenos Aires,1990,app
S002910,2026-04-28T16:00:00+00:00,SKU013,recarga,R0018,Cordoba,5790,estacion
S002911,2026-04-23T15:00:00+00:00,SKU004,pase,R0001,Buenos Aires,9990,app
S002912,2026-04-29T06:00:00+00:00,SKU006,pase,R0044,Buenos Aires,9990,web
S002913,2026-05-07T11:00:00+00:00,SKU034,seguro,R0111,Buenos Aires,1990,estacion
S002914,2026-03-16T23:00:00+00:00,SKU029,accesorio,R0005,Cordoba,1890,app
S002915,2026-05-22T05:00:00+00:00,SKU034,seguro,R0063,Buenos Aires,1990,app
S002916,2026-06-05T07:00:00+00:00,SKU006,pase,R0003,Buenos Aires,9990,web
S002917,2026-02-10T23:00:00+00:00,SKU004,pase,R0086,Cordoba,1890,app
S002918,2026-03-22T06:00:00+00:00,SKU008,pase,R0064,Cordoba,9790,estacion
S002919,2026-02-04T02:00:00+00:00,SKU033,seguro,R0117,Buenos Aires,5990,app
S002920,2026-01-19T08:00:00+00:00,SKU037,seguro,R0043,Cordoba,5790,app
S002921,2026-03-27T13:00:00+00:00,SKU022,accesorio,R0098,Cordoba,3290,estacion
S002922,2026-04-23T08:00:00+00:00,SKU004,pase,R0103,Buenos Aires,9990,web
S002923,2026-04-23T21:00:00+00:00,SKU038,seguro,R0057,Buenos Aires,1990,web
S002924,2026-03-09T19:00:00+00:00,SKU003,pase,R0066,Cordoba,1890,estacion
S002925,2026-03-16T22:00:00+00:00,SKU030,accesorio,R0079,Buenos Aires,3490,app
S002926,2026-01-29T14:00:00+00:00,SKU027,accesorio,R0093,Buenos Aires,9990,web
S002927,2026-06-10T23:00:00+00:00,SKU039,seguro,R0038,Cordoba,5790,app
S002928,2026-04-27T17:00:00+00:00,SKU002,pase,R0014,Buenos Aires,9990,app
S002929,2026-06-01T12:00:00+00:00,SKU023,accesorio,R0040,Cordoba,5790,app
S002930,2026-03-19T12:00:00+00:00,SKU004,pase,R0045,Cordoba,1890,app
S002931,2026-01-29T00:00:00+00:00,SKU029,accesorio,R0101,Cordoba,1890,app
S002932,2026-05-08T21:00:00+00:00,SKU023,accesorio,R0015,Cordoba,5790,estacion
S002933,2026-05-05T08:00:00+00:00,SKU028,accesorio,R0006,Buenos Aires,5990,web
S002934,2026-02-06T04:00:00+00:00,SKU029,accesorio,R0105,Cordoba,1890,app
S002935,2026-02-03T22:00:00+00:00,SKU001,pase,R0096,Cordoba,9790,web
S002936,2026-04-23T22:00:00+00:00,SKU032,seguro,R0022,Buenos Aires,5990,estacion
S002937,2026-04-20T11:00:00+00:00,SKU024,accesorio,R0108,Buenos Aires,1990,app
S002938,2026-06-05T06:00:00+00:00,SKU029,accesorio,R0105,Buenos Aires,9990,app
S002939,2026-05-31T02:00:00+00:00,SKU026,accesorio,R0106,Buenos Aires,9990,app
S002940,2026-02-11T07:00:00+00:00,SKU040,seguro,R0003,Buenos Aires,5990,app
S002941,2026-04-14T01:00:00+00:00,SKU031,seguro,R0102,Buenos Aires,9990,app
S002942,2026-02-19T02:00:00+00:00,SKU020,recarga,R0002,Buenos Aires,1990,app
S002943,2026-03-17T15:00:00+00:00,SKU025,accesorio,R0008,Cordoba,9790,web
S002944,2026-05-27T09:00:00+00:00,SKU016,recarga,R0076,Buenos Aires,5990,web
S002945,2026-01-19T03:00:00+00:00,SKU021,accesorio,R0091,Cordoba,1890,web
S002946,2026-06-04T01:00:00+00:00,SKU009,pase,R0104,Buenos Aires,5990,app
S002947,2026-01-18T06:00:00+00:00,SKU005,pase,R0100,Cordoba,5790,app
S002948,2026-01-15T12:00:00+00:00,SKU008,pase,R0085,Buenos Aires,1990,app
S002949,2026-03-29T09:00:00+00:00,SKU021,accesorio,R0108,Cordoba,1890,estacion
S002950,2026-04-10T05:00:00+00:00,SKU033,seguro,R0049,Buenos Aires,5990,app
S002951,2026-05-24T01:00:00+00:00,SKU014,recarga,R0086,Buenos Aires,9990,web
S002952,2026-02-10T17:00:00+00:00,SKU017,recarga,R0028,Buenos Aires,5990,estacion
S002953,2026-04-02T09:00:00+00:00,SKU020,recarga,R0022,Buenos Aires,1990,estacion
S002954,2026-02-11T01:00:00+00:00,SKU038,seguro,R0051,Cordoba,3290,app
S002955,2026-02-07T22:00:00+00:00,SKU006,pase,R0074,Buenos Aires,9990,estacion
S002956,2026-03-12T05:00:00+00:00,SKU009,pase,R0025,Cordoba,9790,app
S002957,2026-05-22T02:00:00+00:00,SKU032,seguro,R0099,Buenos Aires,5990,estacion
S002958,2026-02-17T11:00:00+00:00,SKU021,accesorio,R0072,Cordoba,1890,estacion
S002959,2026-04-18T06:00:00+00:00,SKU034,seguro,R0083,Buenos Aires,1990,app
S002960,2026-02-08T01:00:00+00:00,SKU029,accesorio,R0032,Cordoba,1890,app
S002961,2026-02-11T14:00:00+00:00,SKU027,accesorio,R0087,Cordoba,3290,app
S002962,2026-03-13T19:00:00+00:00,SKU004,pase,R0030,Buenos Aires,9990,estacion
S002963,2026-03-17T18:00:00+00:00,SKU015,recarga,R0088,Buenos Aires,9990,app
S002964,2026-04-06T08:00:00+00:00,SKU011,recarga,R0030,Buenos Aires,3490,estacion
S002965,2026-06-12T22:00:00+00:00,SKU016,recarga,R0049,Cordoba,1890,app
S002966,2026-01-28T19:00:00+00:00,SKU037,seguro,R0006,Cordoba,5790,web
S002967,2026-05-19T15:00:00+00:00,SKU020,recarga,R0027,Cordoba,5790,app
S002968,2026-01-24T21:00:00+00:00,SKU010,pase,R0005,Cordoba,1890,app
S002969,2026-01-18T10:00:00+00:00,SKU018,recarga,R0100,Buenos Aires,3490,app
S002970,2026-02-05T21:00:00+00:00,SKU016,recarga,R0095,Cordoba,1890,app
S002971,2026-05-08T03:00:00+00:00,SKU014,recarga,R0012,Buenos Aires,9990,estacion
S002972,2026-04-23T07:00:00+00:00,SKU015,recarga,R0045,Cordoba,3290,app
S002973,2026-01-29T03:00:00+00:00,SKU006,pase,R0027,Buenos Aires,9990,app
S002974,2026-02-06T12:00:00+00:00,SKU004,pase,R0063,Cordoba,1890,estacion
S002975,2026-05-26T03:00:00+00:00,SKU006,pase,R0026,Cordoba,9790,estacion
S002976,2026-01-27T19:00:00+00:00,SKU004,pase,R0062,Cordoba,1890,app
S002977,2026-01-24T22:00:00+00:00,SKU012,recarga,R0047,Cordoba,1890,web
S002978,2026-04-17T01:00:00+00:00,SKU020,recarga,R0072,Buenos Aires,1990,app
S002979,2026-02-23T19:00:00+00:00,SKU023,accesorio,R0086,Cordoba,5790,estacion
S002980,2026-05-12T00:00:00+00:00,SKU032,seguro,R0003,Cordoba,9790,app
S002981,2026-02-25T09:00:00+00:00,SKU026,accesorio,R0017,Cordoba,3290,app
S002982,2026-03-16T14:00:00+00:00,SKU039,seguro,R0078,Buenos Aires,14990,app
S002983,2026-04-01T04:00:00+00:00,SKU024,accesorio,R0088,Cordoba,5790,app
S002984,2026-03-11T01:00:00+00:00,SKU034,seguro,R0024,Cordoba,5790,estacion
S002985,2026-05-18T11:00:00+00:00,SKU031,seguro,R0090,Buenos Aires,9990,web
S002986,2026-03-07T01:00:00+00:00,SKU040,seguro,R0015,Buenos Aires,5990,web
S002987,2026-03-26T18:00:00+00:00,SKU010,pase,R0032,Cordoba,1890,web
S002988,2026-02-06T12:00:00+00:00,SKU015,recarga,R0034,Buenos Aires,9990,app
S002989,2026-03-24T20:00:00+00:00,SKU025,accesorio,R0011,Cordoba,9790,app
S002990,2026-04-16T15:00:00+00:00,SKU004,pase,R0022,Buenos Aires,9990,estacion
S002991,2026-04-23T11:00:00+00:00,SKU020,recarga,R0077,Cordoba,5790,estacion
S002992,2026-02-22T05:00:00+00:00,SKU024,accesorio,R0016,Buenos Aires,1990,app
S002993,2026-03-16T10:00:00+00:00,SKU022,accesorio,R0036,Cordoba,3290,app
S002994,2026-01-31T07:00:00+00:00,SKU029,accesorio,R0109,Cordoba,1890,app
S002995,2026-02-23T22:00:00+00:00,SKU040,seguro,R0007,Cordoba,5790,web
S002996,2026-02-14T06:00:00+00:00,SKU029,accesorio,R0075,Buenos Aires,9990,app
S002997,2026-06-02T19:00:00+00:00,SKU013,recarga,R0075,Cordoba,5790,app
S002998,2026-02-16T16:00:00+00:00,SKU010,pase,R0031,Buenos Aires,9990,web
S002999,2026-02-19T23:00:00+00:00,SKU010,pase,R0076,Buenos Aires,9990,estacion
S003000,2026-05-27T11:00:00+00:00,SKU032,seguro,R0008,Cordoba,9790,estacion
S003001,2026-03-01T19:00:00+00:00,SKU002,pase,R0010,Buenos Aires,9990,app
S003002,2026-03-25T00:00:00+00:00,SKU009,pase,R0060,Cordoba,9790,app
S003003,2026-02-15T20:00:00+00:00,SKU025,accesorio,R0063,Cordoba,9790,estacion
S003004,2026-03-02T13:00:00+00:00,SKU013,recarga,R0100,Buenos Aires,3490,app
S003005,2026-02-06T13:00:00+00:00,SKU034,seguro,R0002,Cordoba,5790,estacion
S003006,2026-06-02T08:00:00+00:00,SKU018,recarga,R0024,Buenos Aires,3490,estacion
S003007,2026-02-16T11:00:00+00:00,SKU019,recarga,R0050,Cordoba,5790,estacion
S003008,2026-03-31T22:00:00+00:00,SKU022,accesorio,R0084,Buenos Aires,1990,estacion
S003009,2026-01-22T09:00:00+00:00,SKU024,accesorio,R0009,Cordoba,5790,app
S003010,2026-06-12T15:00:00+00:00,SKU024,accesorio,R0111,Cordoba,5790,web
S003011,2026-01-18T00:00:00+00:00,SKU036,seguro,R0000,Cordoba,3290,web
S003012,2026-03-28T02:00:00+00:00,SKU034,seguro,R0114,Buenos Aires,1990,web
S003013,2026-02-07T09:00:00+00:00,SKU006,pase,R0018,Cordoba,9790,app
S003014,2026-04-12T23:00:00+00:00,SKU001,pase,R0009,Buenos Aires,14990,estacion
S003015,2026-04-25T04:00:00+00:00,SKU035,seguro,R0044,Cordoba,9790,web
S003016,2026-02-03T21:00:00+00:00,SKU005,pase,R0077,Cordoba,5790,estacion
S003017,2026-05-23T15:00:00+00:00,SKU003,pase,R0034,Buenos Aires,3490,estacion
S003018,2026-01-29T22:00:00+00:00,SKU020,recarga,R0020,Buenos Aires,1990,web
S003019,2026-02-14T21:00:00+00:00,SKU037,seguro,R0014,Buenos Aires,14990,estacion
S003020,2026-04-27T02:00:00+00:00,SKU037,seguro,R0028,Cordoba,5790,app
S003021,2026-03-31T16:00:00+00:00,SKU039,seguro,R0018,Cordoba,5790,app
S003022,2026-04-05T09:00:00+00:00,SKU039,seguro,R0079,Buenos Aires,14990,app
S003023,2026-04-28T21:00:00+00:00,SKU032,seguro,R0018,Cordoba,9790,web
S003024,2026-05-03T00:00:00+00:00,SKU010,pase,R0025,Buenos Aires,9990,app
S003025,2026-05-04T16:00:00+00:00,SKU022,accesorio,R0069,Cordoba,3290,web
S003026,2026-05-17T08:00:00+00:00,SKU025,accesorio,R0035,Buenos Aires,1990,web
S003027,2026-01-28T13:00:00+00:00,SKU026,accesorio,R0008,Buenos Aires,9990,estacion
S003028,2026-05-07T19:00:00+00:00,SKU002,pase,R0023,Cordoba,3290,estacion
S003029,2026-04-20T09:00:00+00:00,SKU038,seguro,R0111,Buenos Aires,1990,web
S003030,2026-05-09T03:00:00+00:00,SKU017,recarga,R0064,Buenos Aires,5990,app
S003031,2026-02-05T01:00:00+00:00,SKU022,accesorio,R0093,Buenos Aires,1990,app
S003032,2026-05-20T04:00:00+00:00,SKU029,accesorio,R0054,Cordoba,1890,web
S003033,2026-01-17T11:00:00+00:00,SKU004,pase,R0017,Buenos Aires,9990,app
S003034,2026-04-02T11:00:00+00:00,SKU004,pase,R0054,Cordoba,1890,web
S003035,2026-02-24T08:00:00+00:00,SKU005,pase,R0007,Cordoba,5790,app
S003036,2026-01-16T03:00:00+00:00,SKU026,accesorio,R0084,Cordoba,3290,estacion
S003037,2026-04-03T05:00:00+00:00,SKU021,accesorio,R0087,Cordoba,1890,app
S003038,2026-05-27T20:00:00+00:00,SKU009,pase,R0000,Cordoba,9790,app
S003039,2026-04-20T23:00:00+00:00,SKU014,recarga,R0042,Cordoba,3290,app
S003040,2026-03-24T23:00:00+00:00,SKU009,pase,R0029,Buenos Aires,5990,web
S003041,2026-02-01T12:00:00+00:00,SKU016,recarga,R0013,Buenos Aires,5990,web
S003042,2026-03-22T13:00:00+00:00,SKU026,accesorio,R0081,Buenos Aires,9990,web
S003043,2026-01-22T08:00:00+00:00,SKU033,seguro,R0037,Buenos Aires,5990,app
S003044,2026-04-08T17:00:00+00:00,SKU016,recarga,R0108,Cordoba,1890,app
S003045,2026-02-09T10:00:00+00:00,SKU015,recarga,R0023,Buenos Aires,9990,app
S003046,2026-04-28T23:00:00+00:00,SKU021,accesorio,R0014,Buenos Aires,9990,estacion
S003047,2026-02-02T14:00:00+00:00,SKU005,pase,R0005,Buenos Aires,5990,app
S003048,2026-05-23T18:00:00+00:00,SKU018,recarga,R0076,Cordoba,3290,web
S003049,2026-06-13T01:00:00+00:00,SKU017,recarga,R0042,Buenos Aires,5990,estacion
S003050,2026-05-29T12:00:00+00:00,SKU020,recarga,R0044,Buenos Aires,1990,app
S003051,2026-06-09T13:00:00+00:00,SKU006,pase,R0045,Cordoba,9790,app
S003052,2026-02-24T07:00:00+00:00,SKU038,seguro,R0041,Buenos Aires,1990,app
S003053,2026-05-18T05:00:00+00:00,SKU038,seguro,R0014,Cordoba,3290,estacion
S003054,2026-03-21T07:00:00+00:00,SKU039,seguro,R0049,Cordoba,5790,app
S003055,2026-04-01T07:00:00+00:00,SKU015,recarga,R0080,Cordoba,3290,app
S003056,2026-05-24T09:00:00+00:00,SKU002,pase,R0067,Cordoba,3290,web
S003057,2026-03-27T02:00:00+00:00,SKU018,recarga,R0038,Buenos Aires,3490,web
S003058,2026-03-07T07:00:00+00:00,SKU005,pase,R0047,Cordoba,5790,app
S003059,2026-02-02T04:00:00+00:00,SKU018,recarga,R0023,Buenos Aires,3490,web
S003060,2026-05-10T14:00:00+00:00,SKU039,seguro,R0007,Cordoba,5790,web
S003061,2026-06-03T12:00:00+00:00,SKU039,seguro,R0069,Buenos Aires,14990,app
S003062,2026-03-09T12:00:00+00:00,SKU033,seguro,R0023,Buenos Aires,5990,web
S003063,2026-02-24T06:00:00+00:00,SKU039,seguro,R0027,Buenos Aires,14990,estacion
S003064,2026-01-23T18:00:00+00:00,SKU021,accesorio,R0049,Buenos Aires,9990,estacion
S003065,2026-03-06T07:00:00+00:00,SKU009,pase,R0067,Cordoba,9790,web
S003066,2026-01-19T22:00:00+00:00,SKU025,accesorio,R0049,Cordoba,9790,app
S003067,2026-03-13T05:00:00+00:00,SKU024,accesorio,R0106,Cordoba,5790,web
S003068,2026-04-29T08:00:00+00:00,SKU040,seguro,R0050,Buenos Aires,5990,estacion
S003069,2026-06-04T16:00:00+00:00,SKU003,pase,R0060,Cordoba,1890,app
S003070,2026-04-15T06:00:00+00:00,SKU025,accesorio,R0093,Buenos Aires,1990,app
S003071,2026-05-31T00:00:00+00:00,SKU036,seguro,R0029,Cordoba,3290,estacion
S003072,2026-02-08T23:00:00+00:00,SKU030,accesorio,R0041,Buenos Aires,3490,web
S003073,2026-03-24T13:00:00+00:00,SKU006,pase,R0031,Buenos Aires,9990,app
S003074,2026-02-26T17:00:00+00:00,SKU026,accesorio,R0100,Buenos Aires,9990,web
S003075,2026-01-28T16:00:00+00:00,SKU005,pase,R0050,Cordoba,5790,app
S003076,2026-02-25T00:00:00+00:00,SKU012,recarga,R0035,Buenos Aires,1990,app
S003077,2026-06-10T20:00:00+00:00,SKU028,accesorio,R0039,Buenos Aires,5990,app
S003078,2026-02-22T22:00:00+00:00,SKU003,pase,R0039,Buenos Aires,3490,web
S003079,2026-05-24T18:00:00+00:00,SKU001,pase,R0084,Cordoba,9790,app
S003080,2026-02-21T03:00:00+00:00,SKU009,pase,R0076,Buenos Aires,5990,web
S003081,2026-06-11T18:00:00+00:00,SKU022,accesorio,R0068,Buenos Aires,1990,app
S003082,2026-04-14T15:00:00+00:00,SKU032,seguro,R0087,Buenos Aires,5990,estacion
S003083,2026-06-03T09:00:00+00:00,SKU002,pase,R0026,Cordoba,3290,estacion
S003084,2026-03-03T18:00:00+00:00,SKU014,recarga,R0031,Cordoba,3290,app
S003085,2026-05-29T11:00:00+00:00,SKU015,recarga,R0009,Buenos Aires,9990,web
S003086,2026-06-11T20:00:00+00:00,SKU039,seguro,R0011,Buenos Aires,14990,web
S003087,2026-02-07T10:00:00+00:00,SKU014,recarga,R0031,Buenos Aires,9990,estacion
S003088,2026-05-31T09:00:00+00:00,SKU033,seguro,R0017,Cordoba,1890,app
S003089,2026-03-31T12:00:00+00:00,SKU019,recarga,R0046,Buenos Aires,3490,estacion
S003090,2026-03-28T08:00:00+00:00,SKU008,pase,R0059,Buenos Aires,1990,estacion
S003091,2026-02-28T21:00:00+00:00,SKU038,seguro,R0078,Cordoba,3290,app
S003092,2026-05-04T13:00:00+00:00,SKU014,recarga,R0068,Cordoba,3290,web
S003093,2026-04-27T19:00:00+00:00,SKU039,seguro,R0044,Buenos Aires,14990,app
S003094,2026-02-26T06:00:00+00:00,SKU039,seguro,R0097,Buenos Aires,14990,estacion
S003095,2026-03-29T01:00:00+00:00,SKU015,recarga,R0099,Buenos Aires,9990,app
S003096,2026-05-01T21:00:00+00:00,SKU008,pase,R0107,Buenos Aires,1990,web
S003097,2026-02-19T17:00:00+00:00,SKU021,accesorio,R0030,Cordoba,1890,estacion
S003098,2026-04-22T07:00:00+00:00,SKU018,recarga,R0013,Buenos Aires,3490,app
S003099,2026-04-22T23:00:00+00:00,SKU005,pase,R0001,Buenos Aires,5990,web
S003100,2026-03-18T06:00:00+00:00,SKU018,recarga,R0052,Cordoba,3290,app
S003101,2026-03-18T11:00:00+00:00,SKU002,pase,R0042,Cordoba,3290,web
S003102,2026-02-06T10:00:00+00:00,SKU009,pase,R0055,Cordoba,9790,web
S003103,2026-03-10T10:00:00+00:00,SKU014,recarga,R0100,Buenos Aires,9990,app
S003104,2026-02-23T15:00:00+00:00,SKU025,accesorio,R0067,Cordoba,9790,app
S003105,2026-03-07T00:00:00+00:00,SKU017,recarga,R0033,Buenos Aires,5990,app
S003106,2026-04-08T05:00:00+00:00,SKU024,accesorio,R0018,Cordoba,5790,web
S003107,2026-04-09T19:00:00+00:00,SKU018,recarga,R0064,Buenos Aires,3490,app
S003108,2026-05-24T02:00:00+00:00,SKU024,accesorio,R0076,Buenos Aires,1990,web
S003109,2026-05-01T22:00:00+00:00,SKU027,accesorio,R0050,Buenos Aires,9990,web
S003110,2026-04-18T09:00:00+00:00,SKU018,recarga,R0103,Cordoba,3290,app
S003111,2026-04-20T06:00:00+00:00,SKU040,seguro,R0118,Cordoba,5790,web
S003112,2026-04-21T09:00:00+00:00,SKU030,accesorio,R0100,Cordoba,3290,app
S003113,2026-03-15T11:00:00+00:00,SKU024,accesorio,R0008,Cordoba,5790,app
S003114,2026-04-17T08:00:00+00:00,SKU024,accesorio,R0072,Cordoba,5790,app
S003115,2026-06-12T23:00:00+00:00,SKU012,recarga,R0004,Cordoba,1890,app
S003116,2026-05-24T21:00:00+00:00,SKU030,accesorio,R0048,Cordoba,3290,web
S003117,2026-03-17T05:00:00+00:00,SKU002,pase,R0095,Cordoba,3290,estacion
S003118,2026-01-17T03:00:00+00:00,SKU030,accesorio,R0078,Buenos Aires,3490,app
S003119,2026-01-28T16:00:00+00:00,SKU009,pase,R0093,Cordoba,9790,app
S003120,2026-04-13T20:00:00+00:00,SKU037,seguro,R0097,Cordoba,5790,web
S003121,2026-05-15T09:00:00+00:00,SKU040,seguro,R0053,Buenos Aires,5990,app
S003122,2026-03-28T05:00:00+00:00,SKU004,pase,R0018,Cordoba,1890,app
S003123,2026-06-07T15:00:00+00:00,SKU003,pase,R0042,Cordoba,1890,app
S003124,2026-04-30T09:00:00+00:00,SKU019,recarga,R0029,Cordoba,5790,web
S003125,2026-01-24T22:00:00+00:00,SKU030,accesorio,R0017,Buenos Aires,3490,app
S003126,2026-04-29T13:00:00+00:00,SKU005,pase,R0037,Cordoba,5790,web
S003127,2026-01-27T20:00:00+00:00,SKU033,seguro,R0069,Cordoba,1890,app
S003128,2026-05-19T09:00:00+00:00,SKU009,pase,R0088,Buenos Aires,5990,app
S003129,2026-04-21T19:00:00+00:00,SKU040,seguro,R0112,Cordoba,5790,estacion
S003130,2026-03-14T06:00:00+00:00,SKU004,pase,R0071,Buenos Aires,9990,app
S003131,2026-03-20T15:00:00+00:00,SKU019,recarga,R0090,Cordoba,5790,app
S003132,2026-03-24T14:00:00+00:00,SKU010,pase,R0052,Cordoba,1890,web
S003133,2026-02-28T04:00:00+00:00,SKU001,pase,R0094,Cordoba,9790,app
S003134,2026-03-04T22:00:00+00:00,SKU012,recarga,R0054,Buenos Aires,1990,web
S003135,2026-05-20T17:00:00+00:00,SKU014,recarga,R0049,Buenos Aires,9990,app
S003136,2026-02-28T01:00:00+00:00,SKU018,recarga,R0009,Cordoba,3290,app
S003137,2026-01-26T23:00:00+00:00,SKU010,pase,R0029,Buenos Aires,9990,app
S003138,2026-05-06T12:00:00+00:00,SKU010,pase,R0002,Cordoba,1890,estacion
S003139,2026-02-23T10:00:00+00:00,SKU031,seguro,R0026,Cordoba,1890,estacion
S003140,2026-01-20T21:00:00+00:00,SKU022,accesorio,R0027,Buenos Aires,1990,estacion
S003141,2026-03-30T16:00:00+00:00,SKU020,recarga,R0014,Cordoba,5790,estacion
S003142,2026-05-19T22:00:00+00:00,SKU016,recarga,R0105,Buenos Aires,5990,estacion
S003143,2026-06-07T20:00:00+00:00,SKU016,recarga,R0096,Cordoba,1890,app
S003144,2026-05-12T05:00:00+00:00,SKU033,seguro,R0063,Cordoba,1890,web
S003145,2026-03-10T21:00:00+00:00,SKU031,seguro,R0017,Cordoba,1890,app
S003146,2026-06-11T05:00:00+00:00,SKU021,accesorio,R0058,Cordoba,1890,app
S003147,2026-01-18T22:00:00+00:00,SKU004,pase,R0111,Cordoba,1890,app
S003148,2026-02-06T00:00:00+00:00,SKU036,seguro,R0078,Buenos Aires,9990,app
S003149,2026-04-25T19:00:00+00:00,SKU024,accesorio,R0013,Cordoba,5790,app
S003150,2026-05-31T06:00:00+00:00,SKU008,pase,R0040,Cordoba,9790,web
S003151,2026-03-13T20:00:00+00:00,SKU036,seguro,R0097,Cordoba,3290,web
S003152,2026-03-03T05:00:00+00:00,SKU024,accesorio,R0008,Cordoba,5790,app
S003153,2026-02-21T11:00:00+00:00,SKU025,accesorio,R0060,Cordoba,9790,app
S003154,2026-03-13T05:00:00+00:00,SKU010,pase,R0105,Cordoba,1890,web
S003155,2026-04-10T17:00:00+00:00,SKU033,seguro,R0030,Cordoba,1890,web
S003156,2026-01-31T22:00:00+00:00,SKU038,seguro,R0108,Buenos Aires,1990,web
S003157,2026-03-30T07:00:00+00:00,SKU013,recarga,R0045,Buenos Aires,3490,web
S003158,2026-02-20T18:00:00+00:00,SKU036,seguro,R0063,Buenos Aires,9990,app
S003159,2026-05-05T02:00:00+00:00,SKU030,accesorio,R0032,Buenos Aires,3490,app
S003160,2026-01-21T04:00:00+00:00,SKU014,recarga,R0054,Cordoba,3290,estacion
S003161,2026-05-23T13:00:00+00:00,SKU031,seguro,R0006,Cordoba,1890,web
S003162,2026-03-05T02:00:00+00:00,SKU017,recarga,R0009,Cordoba,1890,estacion
S003163,2026-05-13T03:00:00+00:00,SKU006,pase,R0055,Cordoba,9790,app
S003164,2026-03-31T16:00:00+00:00,SKU025,accesorio,R0086,Cordoba,9790,app
S003165,2026-03-03T15:00:00+00:00,SKU001,pase,R0109,Cordoba,9790,estacion
S003166,2026-03-28T21:00:00+00:00,SKU002,pase,R0058,Cordoba,3290,app
S003167,2026-03-07T17:00:00+00:00,SKU018,recarga,R0106,Cordoba,3290,estacion
S003168,2026-06-09T18:00:00+00:00,SKU023,accesorio,R0092,Cordoba,5790,web
S003169,2026-01-18T12:00:00+00:00,SKU021,accesorio,R0083,Buenos Aires,9990,app
S003170,2026-04-01T19:00:00+00:00,SKU014,recarga,R0105,Cordoba,3290,app
S003171,2026-02-24T18:00:00+00:00,SKU012,recarga,R0008,Buenos Aires,1990,app
S003172,2026-04-21T03:00:00+00:00,SKU022,accesorio,R0091,Cordoba,3290,app
S003173,2026-05-02T22:00:00+00:00,SKU028,accesorio,R0109,Buenos Aires,5990,estacion
S003174,2026-01-21T04:00:00+00:00,SKU019,recarga,R0058,Cordoba,5790,estacion
S003175,2026-03-26T21:00:00+00:00,SKU014,recarga,R0033,Buenos Aires,9990,app
S003176,2026-02-22T16:00:00+00:00,SKU010,pase,R0083,Cordoba,1890,app
S003177,2026-05-30T20:00:00+00:00,SKU028,accesorio,R0118,Cordoba,9790,app
S003178,2026-04-15T11:00:00+00:00,SKU029,accesorio,R0045,Cordoba,1890,app
S003179,2026-02-04T18:00:00+00:00,SKU023,accesorio,R0068,Buenos Aires,14990,app
S003180,2026-03-10T09:00:00+00:00,SKU003,pase,R0045,Cordoba,1890,app
S003181,2026-04-21T02:00:00+00:00,SKU018,recarga,R0020,Cordoba,3290,app
S003182,2026-04-06T10:00:00+00:00,SKU002,pase,R0025,Buenos Aires,9990,web
S003183,2026-06-09T18:00:00+00:00,SKU011,recarga,R0000,Cordoba,9790,app
S003184,2026-03-11T10:00:00+00:00,SKU032,seguro,R0098,Cordoba,9790,app
S003185,2026-05-19T13:00:00+00:00,SKU009,pase,R0044,Buenos Aires,5990,web
S003186,2026-04-30T02:00:00+00:00,SKU008,pase,R0116,Buenos Aires,1990,estacion
S003187,2026-05-23T09:00:00+00:00,SKU009,pase,R0009,Cordoba,9790,app
S003188,2026-02-12T09:00:00+00:00,SKU011,recarga,R0108,Buenos Aires,3490,web
S003189,2026-04-01T01:00:00+00:00,SKU033,seguro,R0051,Buenos Aires,5990,estacion
S003190,2026-02-16T21:00:00+00:00,SKU028,accesorio,R0112,Buenos Aires,5990,app
S003191,2026-01-21T17:00:00+00:00,SKU015,recarga,R0119,Cordoba,3290,app
S003192,2026-03-27T14:00:00+00:00,SKU023,accesorio,R0039,Cordoba,5790,app
S003193,2026-05-28T20:00:00+00:00,SKU030,accesorio,R0006,Buenos Aires,3490,app
S003194,2026-02-06T18:00:00+00:00,SKU005,pase,R0079,Buenos Aires,5990,web
S003195,2026-03-01T18:00:00+00:00,SKU034,seguro,R0030,Cordoba,5790,estacion
S003196,2026-01-18T07:00:00+00:00,SKU004,pase,R0078,Cordoba,1890,app
S003197,2026-05-17T19:00:00+00:00,SKU015,recarga,R0076,Buenos Aires,9990,app
S003198,2026-05-12T14:00:00+00:00,SKU004,pase,R0011,Cordoba,1890,estacion
S003199,2026-02-22T02:00:00+00:00,SKU011,recarga,R0101,Buenos Aires,3490,app
S003200,2026-04-07T02:00:00+00:00,SKU013,recarga,R0041,Cordoba,5790,app
S003201,2026-05-18T15:00:00+00:00,SKU006,pase,R0017,Cordoba,9790,estacion
S003202,2026-02-03T02:00:00+00:00,SKU037,seguro,R0059,Cordoba,5790,app
S003203,2026-03-23T05:00:00+00:00,SKU034,seguro,R0063,Cordoba,5790,web
S003204,2026-03-03T14:00:00+00:00,SKU008,pase,R0030,Buenos Aires,1990,web
S003205,2026-02-14T11:00:00+00:00,SKU038,seguro,R0052,Cordoba,3290,app
S003206,2026-02-21T05:00:00+00:00,SKU027,accesorio,R0109,Cordoba,3290,app
S003207,2026-05-31T06:00:00+00:00,SKU034,seguro,R0059,Cordoba,5790,estacion
S003208,2026-05-20T02:00:00+00:00,SKU009,pase,R0019,Cordoba,9790,web
S003209,2026-01-31T15:00:00+00:00,SKU014,recarga,R0078,Buenos Aires,9990,estacion
S003210,2026-04-14T14:00:00+00:00,SKU003,pase,R0069,Cordoba,1890,estacion
S003211,2026-04-04T19:00:00+00:00,SKU038,seguro,R0050,Buenos Aires,1990,app
S003212,2026-05-14T07:00:00+00:00,SKU034,seguro,R0115,Cordoba,5790,app
S003213,2026-01-29T11:00:00+00:00,SKU003,pase,R0093,Cordoba,1890,web
S003214,2026-01-23T05:00:00+00:00,SKU040,seguro,R0023,Cordoba,5790,app
S003215,2026-02-05T03:00:00+00:00,SKU028,accesorio,R0035,Cordoba,9790,estacion
S003216,2026-01-19T19:00:00+00:00,SKU020,recarga,R0041,Cordoba,5790,app
S003217,2026-03-17T17:00:00+00:00,SKU029,accesorio,R0020,Buenos Aires,9990,web
S003218,2026-06-05T22:00:00+00:00,SKU016,recarga,R0052,Cordoba,1890,app
S003219,2026-01-21T12:00:00+00:00,SKU014,recarga,R0052,Cordoba,3290,estacion
S003220,2026-03-07T19:00:00+00:00,SKU022,accesorio,R0016,Buenos Aires,1990,app
S003221,2026-05-31T13:00:00+00:00,SKU022,accesorio,R0028,Cordoba,3290,app
S003222,2026-04-29T23:00:00+00:00,SKU001,pase,R0105,Buenos Aires,14990,estacion
S003223,2026-04-06T12:00:00+00:00,SKU004,pase,R0001,Buenos Aires,9990,estacion
S003224,2026-01-19T13:00:00+00:00,SKU012,recarga,R0084,Buenos Aires,1990,estacion
S003225,2026-06-04T03:00:00+00:00,SKU029,accesorio,R0030,Buenos Aires,9990,web
S003226,2026-04-13T17:00:00+00:00,SKU032,seguro,R0075,Buenos Aires,5990,web
S003227,2026-04-16T11:00:00+00:00,SKU039,seguro,R0010,Cordoba,5790,estacion
S003228,2026-05-22T18:00:00+00:00,SKU040,seguro,R0116,Buenos Aires,5990,app
S003229,2026-04-22T19:00:00+00:00,SKU022,accesorio,R0018,Buenos Aires,1990,estacion
S003230,2026-05-13T10:00:00+00:00,SKU008,pase,R0086,Cordoba,9790,app
S003231,2026-01-18T09:00:00+00:00,SKU023,accesorio,R0074,Buenos Aires,14990,app
S003232,2026-02-08T10:00:00+00:00,SKU024,accesorio,R0094,Buenos Aires,1990,estacion
S003233,2026-02-19T12:00:00+00:00,SKU034,seguro,R0116,Cordoba,5790,app
S003234,2026-03-23T00:00:00+00:00,SKU011,recarga,R0105,Buenos Aires,3490,app
S003235,2026-02-08T11:00:00+00:00,SKU033,seguro,R0093,Buenos Aires,5990,estacion
S003236,2026-05-31T12:00:00+00:00,SKU020,recarga,R0002,Cordoba,5790,web
S003237,2026-01-24T22:00:00+00:00,SKU028,accesorio,R0090,Buenos Aires,5990,web
S003238,2026-02-06T16:00:00+00:00,SKU020,recarga,R0000,Cordoba,5790,web
S003239,2026-03-24T09:00:00+00:00,SKU024,accesorio,R0097,Buenos Aires,1990,app
S003240,2026-04-25T02:00:00+00:00,SKU003,pase,R0050,Cordoba,1890,app
S003241,2026-03-26T16:00:00+00:00,SKU022,accesorio,R0100,Buenos Aires,1990,web
S003242,2026-06-05T21:00:00+00:00,SKU018,recarga,R0018,Cordoba,3290,web
S003243,2026-03-20T05:00:00+00:00,SKU003,pase,R0005,Cordoba,1890,app
S003244,2026-04-08T15:00:00+00:00,SKU011,recarga,R0064,Buenos Aires,3490,app
S003245,2026-02-20T09:00:00+00:00,SKU010,pase,R0026,Cordoba,1890,app
S003246,2026-03-19T07:00:00+00:00,SKU029,accesorio,R0067,Buenos Aires,9990,estacion
S003247,2026-02-09T21:00:00+00:00,SKU002,pase,R0021,Cordoba,3290,estacion
S003248,2026-05-02T18:00:00+00:00,SKU027,accesorio,R0084,Cordoba,3290,web
S003249,2026-02-07T22:00:00+00:00,SKU030,accesorio,R0116,Buenos Aires,3490,app
S003250,2026-05-08T04:00:00+00:00,SKU020,recarga,R0021,Buenos Aires,1990,web
S003251,2026-04-14T11:00:00+00:00,SKU032,seguro,R0052,Buenos Aires,5990,web
S003252,2026-03-19T21:00:00+00:00,SKU024,accesorio,R0063,Buenos Aires,1990,estacion
S003253,2026-05-17T14:00:00+00:00,SKU034,seguro,R0116,Cordoba,5790,web
S003254,2026-02-09T20:00:00+00:00,SKU018,recarga,R0025,Buenos Aires,3490,app
S003255,2026-05-07T04:00:00+00:00,SKU005,pase,R0102,Cordoba,5790,app
S003256,2026-04-13T12:00:00+00:00,SKU017,recarga,R0094,Buenos Aires,5990,web
S003257,2026-03-20T01:00:00+00:00,SKU024,accesorio,R0114,Cordoba,5790,app
S003258,2026-02-15T04:00:00+00:00,SKU006,pase,R0020,Cordoba,9790,app
S003259,2026-05-15T08:00:00+00:00,SKU015,recarga,R0087,Cordoba,3290,app
S003260,2026-05-29T03:00:00+00:00,SKU025,accesorio,R0080,Buenos Aires,1990,estacion
S003261,2026-05-21T08:00:00+00:00,SKU011,recarga,R0029,Buenos Aires,3490,estacion
S003262,2026-01-22T01:00:00+00:00,SKU033,seguro,R0002,Cordoba,1890,app
S003263,2026-05-17T02:00:00+00:00,SKU022,accesorio,R0097,Cordoba,3290,app
S003264,2026-03-31T07:00:00+00:00,SKU017,recarga,R0068,Buenos Aires,5990,app
S003265,2026-05-13T04:00:00+00:00,SKU025,accesorio,R0050,Cordoba,9790,app
S003266,2026-04-20T00:00:00+00:00,SKU040,seguro,R0029,Cordoba,5790,app
S003267,2026-06-07T14:00:00+00:00,SKU005,pase,R0000,Cordoba,5790,estacion
S003268,2026-04-24T15:00:00+00:00,SKU033,seguro,R0072,Buenos Aires,5990,estacion
S003269,2026-06-12T17:00:00+00:00,SKU035,seguro,R0094,Cordoba,9790,web
S003270,2026-05-04T17:00:00+00:00,SKU006,pase,R0112,Buenos Aires,9990,app
S003271,2026-03-11T21:00:00+00:00,SKU009,pase,R0098,Buenos Aires,5990,estacion
S003272,2026-02-25T22:00:00+00:00,SKU022,accesorio,R0001,Cordoba,3290,app
S003273,2026-05-27T22:00:00+00:00,SKU004,pase,R0012,Buenos Aires,9990,app
S003274,2026-04-25T06:00:00+00:00,SKU009,pase,R0042,Cordoba,9790,web
S003275,2026-02-06T18:00:00+00:00,SKU011,recarga,R0050,Buenos Aires,3490,app
S003276,2026-01-24T15:00:00+00:00,SKU031,seguro,R0011,Buenos Aires,9990,app
S003277,2026-02-12T16:00:00+00:00,SKU017,recarga,R0026,Buenos Aires,5990,web
S003278,2026-04-10T05:00:00+00:00,SKU002,pase,R0071,Cordoba,3290,app
S003279,2026-04-14T09:00:00+00:00,SKU027,accesorio,R0103,Buenos Aires,9990,app
S003280,2026-05-28T11:00:00+00:00,SKU028,accesorio,R0037,Cordoba,9790,app
S003281,2026-01-21T08:00:00+00:00,SKU024,accesorio,R0085,Cordoba,5790,app
S003282,2026-01-23T22:00:00+00:00,SKU027,accesorio,R0112,Buenos Aires,9990,estacion
S003283,2026-03-30T12:00:00+00:00,SKU001,pase,R0078,Cordoba,9790,web
S003284,2026-02-20T14:00:00+00:00,SKU016,recarga,R0014,Cordoba,1890,web
S003285,2026-04-03T17:00:00+00:00,SKU037,seguro,R0031,Cordoba,5790,estacion
S003286,2026-01-30T00:00:00+00:00,SKU013,recarga,R0006,Cordoba,5790,app
S003287,2026-06-10T17:00:00+00:00,SKU019,recarga,R0034,Cordoba,5790,web
S003288,2026-04-15T10:00:00+00:00,SKU008,pase,R0096,Cordoba,9790,estacion
S003289,2026-02-05T04:00:00+00:00,SKU011,recarga,R0042,Cordoba,9790,app
S003290,2026-05-07T18:00:00+00:00,SKU012,recarga,R0077,Cordoba,1890,web
S003291,2026-03-06T15:00:00+00:00,SKU012,recarga,R0094,Cordoba,1890,app
S003292,2026-05-25T23:00:00+00:00,SKU008,pase,R0015,Buenos Aires,1990,estacion
S003293,2026-03-28T07:00:00+00:00,SKU008,pase,R0098,Buenos Aires,1990,app
S003294,2026-05-16T11:00:00+00:00,SKU034,seguro,R0016,Cordoba,5790,app
S003295,2026-05-22T14:00:00+00:00,SKU039,seguro,R0058,Cordoba,5790,app
S003296,2026-05-06T19:00:00+00:00,SKU035,seguro,R0018,Cordoba,9790,estacion
S003297,2026-01-18T06:00:00+00:00,SKU039,seguro,R0062,Cordoba,5790,web
S003298,2026-01-22T05:00:00+00:00,SKU014,recarga,R0032,Buenos Aires,9990,app
S003299,2026-04-30T14:00:00+00:00,SKU020,recarga,R0010,Buenos Aires,1990,web
S003300,2026-06-08T21:00:00+00:00,SKU038,seguro,R0040,Cordoba,3290,estacion
S003301,2026-05-01T05:00:00+00:00,SKU005,pase,R0066,Buenos Aires,5990,app
S003302,2026-04-05T19:00:00+00:00,SKU026,accesorio,R0109,Buenos Aires,9990,app
S003303,2026-04-08T19:00:00+00:00,SKU035,seguro,R0042,Cordoba,9790,web
S003304,2026-06-13T07:00:00+00:00,SKU033,seguro,R0114,Buenos Aires,5990,web
S003305,2026-03-26T12:00:00+00:00,SKU014,recarga,R0089,Cordoba,3290,app
S003306,2026-03-30T00:00:00+00:00,SKU028,accesorio,R0097,Cordoba,9790,app
S003307,2026-04-04T10:00:00+00:00,SKU020,recarga,R0012,Cordoba,5790,app
S003308,2026-03-12T17:00:00+00:00,SKU002,pase,R0021,Buenos Aires,9990,app
S003309,2026-03-03T19:00:00+00:00,SKU003,pase,R0104,Cordoba,1890,app
S003310,2026-06-09T14:00:00+00:00,SKU008,pase,R0074,Cordoba,9790,app
S003311,2026-01-22T09:00:00+00:00,SKU029,accesorio,R0049,Buenos Aires,9990,app
S003312,2026-04-23T17:00:00+00:00,SKU038,seguro,R0000,Buenos Aires,1990,estacion
S003313,2026-04-10T09:00:00+00:00,SKU006,pase,R0051,Buenos Aires,9990,estacion
S003314,2026-02-06T10:00:00+00:00,SKU027,accesorio,R0029,Buenos Aires,9990,app
S003315,2026-04-16T19:00:00+00:00,SKU006,pase,R0092,Cordoba,9790,app
S003316,2026-03-31T23:00:00+00:00,SKU034,seguro,R0092,Buenos Aires,1990,app
S003317,2026-02-16T00:00:00+00:00,SKU039,seguro,R0070,Buenos Aires,14990,web
S003318,2026-06-11T19:00:00+00:00,SKU011,recarga,R0001,Buenos Aires,3490,web
S003319,2026-03-23T14:00:00+00:00,SKU027,accesorio,R0025,Cordoba,3290,app
S003320,2026-02-18T11:00:00+00:00,SKU027,accesorio,R0059,Cordoba,3290,app
S003321,2026-01-29T06:00:00+00:00,SKU004,pase,R0107,Buenos Aires,9990,app
S003322,2026-05-02T22:00:00+00:00,SKU036,seguro,R0107,Buenos Aires,9990,app
S003323,2026-01-25T16:00:00+00:00,SKU030,accesorio,R0038,Buenos Aires,3490,estacion
S003324,2026-03-13T02:00:00+00:00,SKU040,seguro,R0039,Buenos Aires,5990,web
S003325,2026-06-04T03:00:00+00:00,SKU002,pase,R0088,Cordoba,3290,estacion
S003326,2026-04-09T22:00:00+00:00,SKU016,recarga,R0025,Cordoba,1890,web
S003327,2026-05-27T00:00:00+00:00,SKU037,seguro,R0087,Cordoba,5790,app
S003328,2026-03-22T21:00:00+00:00,SKU031,seguro,R0000,Cordoba,1890,app
S003329,2026-04-19T08:00:00+00:00,SKU032,seguro,R0097,Buenos Aires,5990,web
S003330,2026-01-20T21:00:00+00:00,SKU003,pase,R0070,Buenos Aires,3490,app
S003331,2026-01-26T12:00:00+00:00,SKU034,seguro,R0099,Buenos Aires,1990,app
S003332,2026-02-06T14:00:00+00:00,SKU033,seguro,R0002,Buenos Aires,5990,app
S003333,2026-05-02T10:00:00+00:00,SKU004,pase,R0028,Buenos Aires,9990,estacion
S003334,2026-05-14T21:00:00+00:00,SKU020,recarga,R0109,Buenos Aires,1990,app
S003335,2026-02-06T19:00:00+00:00,SKU018,recarga,R0095,Cordoba,3290,estacion
S003336,2026-04-24T20:00:00+00:00,SKU005,pase,R0111,Cordoba,5790,app
S003337,2026-05-26T07:00:00+00:00,SKU035,seguro,R0076,Buenos Aires,1990,app
S003338,2026-01-22T02:00:00+00:00,SKU005,pase,R0118,Buenos Aires,5990,web
S003339,2026-05-27T23:00:00+00:00,SKU003,pase,R0062,Cordoba,1890,app
S003340,2026-05-16T12:00:00+00:00,SKU036,seguro,R0021,Cordoba,3290,app
S003341,2026-05-24T23:00:00+00:00,SKU022,accesorio,R0073,Buenos Aires,1990,app
S003342,2026-02-25T04:00:00+00:00,SKU023,accesorio,R0045,Buenos Aires,14990,web
S003343,2026-06-03T12:00:00+00:00,SKU016,recarga,R0106,Cordoba,1890,web
S003344,2026-04-24T20:00:00+00:00,SKU013,recarga,R0058,Buenos Aires,3490,app
S003345,2026-03-13T15:00:00+00:00,SKU011,recarga,R0088,Cordoba,9790,web
S003346,2026-06-07T18:00:00+00:00,SKU010,pase,R0103,Cordoba,1890,estacion
S003347,2026-03-13T05:00:00+00:00,SKU019,recarga,R0037,Buenos Aires,3490,app
S003348,2026-04-03T21:00:00+00:00,SKU028,accesorio,R0090,Buenos Aires,5990,web
S003349,2026-04-18T07:00:00+00:00,SKU002,pase,R0008,Buenos Aires,9990,web
S003350,2026-04-29T13:00:00+00:00,SKU038,seguro,R0062,Buenos Aires,1990,web
S003351,2026-04-05T00:00:00+00:00,SKU029,accesorio,R0021,Buenos Aires,9990,web
S003352,2026-02-16T14:00:00+00:00,SKU006,pase,R0032,Cordoba,9790,estacion
S003353,2026-04-07T16:00:00+00:00,SKU038,seguro,R0015,Buenos Aires,1990,estacion
S003354,2026-04-05T02:00:00+00:00,SKU019,recarga,R0105,Cordoba,5790,app
S003355,2026-05-25T19:00:00+00:00,SKU037,seguro,R0027,Buenos Aires,14990,app
S003356,2026-05-24T00:00:00+00:00,SKU037,seguro,R0037,Cordoba,5790,app
S003357,2026-05-15T11:00:00+00:00,SKU029,accesorio,R0119,Cordoba,1890,web
S003358,2026-06-03T00:00:00+00:00,SKU002,pase,R0050,Buenos Aires,9990,app
S003359,2026-06-12T19:00:00+00:00,SKU028,accesorio,R0042,Cordoba,9790,web
S003360,2026-04-16T22:00:00+00:00,SKU021,accesorio,R0067,Cordoba,1890,estacion
S003361,2026-02-27T00:00:00+00:00,SKU030,accesorio,R0070,Cordoba,3290,app
S003362,2026-01-20T21:00:00+00:00,SKU024,accesorio,R0086,Buenos Aires,1990,estacion
S003363,2026-04-18T07:00:00+00:00,SKU005,pase,R0094,Buenos Aires,5990,web
S003364,2026-02-07T12:00:00+00:00,SKU038,seguro,R0037,Buenos Aires,1990,web
S003365,2026-01-28T13:00:00+00:00,SKU031,seguro,R0007,Buenos Aires,9990,app
S003366,2026-05-02T13:00:00+00:00,SKU031,seguro,R0055,Buenos Aires,9990,web
S003367,2026-06-07T22:00:00+00:00,SKU035,seguro,R0093,Cordoba,9790,estacion
S003368,2026-04-08T02:00:00+00:00,SKU009,pase,R0029,Buenos Aires,5990,app
S003369,2026-02-02T07:00:00+00:00,SKU030,accesorio,R0019,Cordoba,3290,estacion
S003370,2026-06-05T21:00:00+00:00,SKU032,seguro,R0063,Cordoba,9790,estacion
S003371,2026-02-22T13:00:00+00:00,SKU004,pase,R0102,Cordoba,1890,web
S003372,2026-04-03T17:00:00+00:00,SKU034,seguro,R0057,Buenos Aires,1990,web
S003373,2026-05-30T04:00:00+00:00,SKU016,recarga,R0108,Buenos Aires,5990,estacion
S003374,2026-02-14T03:00:00+00:00,SKU005,pase,R0119,Cordoba,5790,estacion
S003375,2026-04-23T08:00:00+00:00,SKU028,accesorio,R0041,Cordoba,9790,app
S003376,2026-06-04T22:00:00+00:00,SKU033,seguro,R0115,Buenos Aires,5990,app
S003377,2026-04-16T22:00:00+00:00,SKU012,recarga,R0094,Buenos Aires,1990,estacion
S003378,2026-01-17T08:00:00+00:00,SKU040,seguro,R0106,Cordoba,5790,app
S003379,2026-06-08T05:00:00+00:00,SKU020,recarga,R0061,Cordoba,5790,app
S003380,2026-05-14T08:00:00+00:00,SKU026,accesorio,R0069,Buenos Aires,9990,app
S003381,2026-04-02T17:00:00+00:00,SKU027,accesorio,R0006,Buenos Aires,9990,web
S003382,2026-04-03T05:00:00+00:00,SKU027,accesorio,R0102,Buenos Aires,9990,app
S003383,2026-02-15T20:00:00+00:00,SKU020,recarga,R0071,Cordoba,5790,web
S003384,2026-01-29T14:00:00+00:00,SKU004,pase,R0092,Buenos Aires,9990,web
S003385,2026-02-02T01:00:00+00:00,SKU009,pase,R0014,Buenos Aires,5990,estacion
S003386,2026-04-11T18:00:00+00:00,SKU011,recarga,R0098,Buenos Aires,3490,web
S003387,2026-02-15T01:00:00+00:00,SKU016,recarga,R0046,Cordoba,1890,app
S003388,2026-03-07T02:00:00+00:00,SKU026,accesorio,R0000,Cordoba,3290,app
S003389,2026-02-09T08:00:00+00:00,SKU029,accesorio,R0024,Buenos Aires,9990,app
S003390,2026-05-07T01:00:00+00:00,SKU017,recarga,R0090,Buenos Aires,5990,estacion
S003391,2026-05-19T16:00:00+00:00,SKU023,accesorio,R0023,Buenos Aires,14990,app
S003392,2026-06-02T00:00:00+00:00,SKU023,accesorio,R0088,Buenos Aires,14990,web
S003393,2026-03-23T05:00:00+00:00,SKU038,seguro,R0103,Buenos Aires,1990,app
S003394,2026-02-13T19:00:00+00:00,SKU035,seguro,R0037,Buenos Aires,1990,app
S003395,2026-06-04T06:00:00+00:00,SKU030,accesorio,R0000,Buenos Aires,3490,app
S003396,2026-03-06T22:00:00+00:00,SKU025,accesorio,R0051,Buenos Aires,1990,estacion
S003397,2026-01-22T23:00:00+00:00,SKU018,recarga,R0079,Cordoba,3290,app
S003398,2026-01-18T18:00:00+00:00,SKU021,accesorio,R0107,Buenos Aires,9990,web
S003399,2026-02-05T15:00:00+00:00,SKU036,seguro,R0115,Buenos Aires,9990,app
S003400,2026-02-09T23:00:00+00:00,SKU028,accesorio,R0047,Cordoba,9790,estacion
S003401,2026-02-10T06:00:00+00:00,SKU019,recarga,R0088,Buenos Aires,3490,estacion
S003402,2026-02-14T06:00:00+00:00,SKU002,pase,R0041,Buenos Aires,9990,app
S003403,2026-02-01T19:00:00+00:00,SKU035,seguro,R0066,Buenos Aires,1990,web
S003404,2026-05-12T14:00:00+00:00,SKU040,seguro,R0057,Cordoba,5790,web
S003405,2026-04-12T12:00:00+00:00,SKU005,pase,R0052,Buenos Aires,5990,web
S003406,2026-05-30T18:00:00+00:00,SKU006,pase,R0108,Cordoba,9790,web
S003407,2026-03-19T04:00:00+00:00,SKU040,seguro,R0073,Cordoba,5790,app
S003408,2026-04-16T05:00:00+00:00,SKU035,seguro,R0088,Buenos Aires,1990,app
S003409,2026-02-28T18:00:00+00:00,SKU038,seguro,R0066,Cordoba,3290,app
S003410,2026-03-24T03:00:00+00:00,SKU039,seguro,R0057,Buenos Aires,14990,app
S003411,2026-03-12T19:00:00+00:00,SKU026,accesorio,R0054,Buenos Aires,9990,app
S003412,2026-03-04T15:00:00+00:00,SKU017,recarga,R0109,Cordoba,1890,app
S003413,2026-02-19T02:00:00+00:00,SKU013,recarga,R0054,Buenos Aires,3490,estacion
S003414,2026-05-06T00:00:00+00:00,SKU031,seguro,R0028,Buenos Aires,9990,app
S003415,2026-05-31T15:00:00+00:00,SKU004,pase,R0072,Cordoba,1890,app
S003416,2026-04-07T21:00:00+00:00,SKU008,pase,R0051,Cordoba,9790,web
S003417,2026-06-07T13:00:00+00:00,SKU018,recarga,R0064,Cordoba,3290,web
S003418,2026-05-17T07:00:00+00:00,SKU017,recarga,R0015,Cordoba,1890,estacion
S003419,2026-02-19T04:00:00+00:00,SKU035,seguro,R0004,Buenos Aires,1990,web
S003420,2026-02-10T07:00:00+00:00,SKU015,recarga,R0034,Cordoba,3290,estacion
S003421,2026-02-04T08:00:00+00:00,SKU023,accesorio,R0059,Cordoba,5790,app
S003422,2026-05-29T15:00:00+00:00,SKU013,recarga,R0106,Cordoba,5790,app
S003423,2026-04-06T21:00:00+00:00,SKU024,accesorio,R0102,Buenos Aires,1990,app
S003424,2026-01-22T18:00:00+00:00,SKU035,seguro,R0020,Cordoba,9790,estacion
S003425,2026-04-26T17:00:00+00:00,SKU023,accesorio,R0022,Buenos Aires,14990,web
S003426,2026-06-02T18:00:00+00:00,SKU004,pase,R0068,Buenos Aires,9990,app
S003427,2026-01-20T05:00:00+00:00,SKU030,accesorio,R0080,Cordoba,3290,app
S003428,2026-04-25T21:00:00+00:00,SKU003,pase,R0047,Buenos Aires,3490,web
S003429,2026-03-20T13:00:00+00:00,SKU004,pase,R0111,Buenos Aires,9990,app
S003430,2026-05-14T22:00:00+00:00,SKU014,recarga,R0061,Cordoba,3290,web
S003431,2026-02-22T05:00:00+00:00,SKU005,pase,R0043,Buenos Aires,5990,app
S003432,2026-03-28T21:00:00+00:00,SKU026,accesorio,R0069,Cordoba,3290,web
S003433,2026-06-05T07:00:00+00:00,SKU006,pase,R0078,Buenos Aires,9990,app
S003434,2026-02-14T04:00:00+00:00,SKU002,pase,R0048,Buenos Aires,9990,app
S003435,2026-06-04T06:00:00+00:00,SKU004,pase,R0033,Buenos Aires,9990,estacion
S003436,2026-02-02T01:00:00+00:00,SKU020,recarga,R0118,Cordoba,5790,app
S003437,2026-04-21T20:00:00+00:00,SKU035,seguro,R0020,Cordoba,9790,app
S003438,2026-04-11T12:00:00+00:00,SKU002,pase,R0043,Cordoba,3290,app
S003439,2026-05-10T21:00:00+00:00,SKU014,recarga,R0021,Buenos Aires,9990,web
S003440,2026-04-02T16:00:00+00:00,SKU037,seguro,R0108,Cordoba,5790,estacion
S003441,2026-04-30T17:00:00+00:00,SKU032,seguro,R0086,Cordoba,9790,app
S003442,2026-04-27T20:00:00+00:00,SKU010,pase,R0015,Buenos Aires,9990,app
S003443,2026-01-26T00:00:00+00:00,SKU015,recarga,R0026,Buenos Aires,9990,web
S003444,2026-06-10T02:00:00+00:00,SKU029,accesorio,R0087,Cordoba,1890,estacion
S003445,2026-06-06T09:00:00+00:00,SKU023,accesorio,R0065,Buenos Aires,14990,app
S003446,2026-06-03T14:00:00+00:00,SKU022,accesorio,R0024,Buenos Aires,1990,app
S003447,2026-01-30T22:00:00+00:00,SKU035,seguro,R0061,Cordoba,9790,estacion
S003448,2026-02-04T00:00:00+00:00,SKU017,recarga,R0078,Cordoba,1890,web
S003449,2026-04-06T18:00:00+00:00,SKU033,seguro,R0042,Buenos Aires,5990,app
S003450,2026-03-25T17:00:00+00:00,SKU001,pase,R0007,Buenos Aires,14990,app
S003451,2026-02-19T12:00:00+00:00,SKU003,pase,R0026,Buenos Aires,3490,app
S003452,2026-03-14T07:00:00+00:00,SKU005,pase,R0026,Cordoba,5790,app
S003453,2026-03-03T05:00:00+00:00,SKU032,seguro,R0018,Cordoba,9790,estacion
S003454,2026-05-13T15:00:00+00:00,SKU039,seguro,R0115,Cordoba,5790,web
S003455,2026-05-21T21:00:00+00:00,SKU010,pase,R0080,Cordoba,1890,estacion
S003456,2026-02-09T21:00:00+00:00,SKU026,accesorio,R0119,Cordoba,3290,estacion
S003457,2026-04-04T12:00:00+00:00,SKU008,pase,R0068,Buenos Aires,1990,web
S003458,2026-04-29T09:00:00+00:00,SKU002,pase,R0118,Buenos Aires,9990,app
S003459,2026-04-03T05:00:00+00:00,SKU029,accesorio,R0086,Cordoba,1890,app
S003460,2026-02-24T10:00:00+00:00,SKU014,recarga,R0033,Cordoba,3290,app
S003461,2026-03-20T12:00:00+00:00,SKU001,pase,R0041,Cordoba,9790,estacion
S003462,2026-06-12T00:00:00+00:00,SKU021,accesorio,R0114,Buenos Aires,9990,app
S003463,2026-02-12T03:00:00+00:00,SKU026,accesorio,R0001,Buenos Aires,9990,web
S003464,2026-03-24T08:00:00+00:00,SKU022,accesorio,R0021,Cordoba,3290,web
S003465,2026-02-17T14:00:00+00:00,SKU016,recarga,R0019,Buenos Aires,5990,app
S003466,2026-05-24T23:00:00+00:00,SKU023,accesorio,R0022,Cordoba,5790,app
S003467,2026-04-17T14:00:00+00:00,SKU006,pase,R0014,Cordoba,9790,app
S003468,2026-01-18T13:00:00+00:00,SKU010,pase,R0042,Buenos Aires,9990,web
S003469,2026-05-10T06:00:00+00:00,SKU034,seguro,R0108,Buenos Aires,1990,estacion
S003470,2026-03-10T21:00:00+00:00,SKU011,recarga,R0059,Cordoba,9790,estacion
S003471,2026-05-03T07:00:00+00:00,SKU028,accesorio,R0031,Cordoba,9790,estacion
S003472,2026-05-17T02:00:00+00:00,SKU009,pase,R0006,Buenos Aires,5990,app
S003473,2026-06-09T03:00:00+00:00,SKU011,recarga,R0099,Cordoba,9790,web
S003474,2026-05-29T00:00:00+00:00,SKU005,pase,R0031,Buenos Aires,5990,app
S003475,2026-05-21T15:00:00+00:00,SKU032,seguro,R0006,Cordoba,9790,estacion
S003476,2026-04-02T23:00:00+00:00,SKU030,accesorio,R0113,Cordoba,3290,web
S003477,2026-04-08T23:00:00+00:00,SKU036,seguro,R0093,Buenos Aires,9990,web
S003478,2026-01-18T07:00:00+00:00,SKU037,seguro,R0012,Buenos Aires,14990,app
S003479,2026-02-27T17:00:00+00:00,SKU034,seguro,R0076,Buenos Aires,1990,web
S003480,2026-02-03T01:00:00+00:00,SKU022,accesorio,R0032,Buenos Aires,1990,app
S003481,2026-05-03T12:00:00+00:00,SKU034,seguro,R0062,Buenos Aires,1990,app
S003482,2026-06-10T16:00:00+00:00,SKU029,accesorio,R0058,Buenos Aires,9990,app
S003483,2026-02-12T06:00:00+00:00,SKU014,recarga,R0107,Cordoba,3290,app
S003484,2026-01-29T22:00:00+00:00,SKU018,recarga,R0051,Buenos Aires,3490,app
S003485,2026-04-02T19:00:00+00:00,SKU001,pase,R0024,Buenos Aires,14990,app
S003486,2026-06-09T04:00:00+00:00,SKU011,recarga,R0021,Buenos Aires,3490,estacion
S003487,2026-05-07T18:00:00+00:00,SKU027,accesorio,R0001,Buenos Aires,9990,app
S003488,2026-03-23T09:00:00+00:00,SKU028,accesorio,R0020,Cordoba,9790,app
S003489,2026-06-09T12:00:00+00:00,SKU027,accesorio,R0104,Cordoba,3290,web
S003490,2026-05-27T07:00:00+00:00,SKU027,accesorio,R0055,Buenos Aires,9990,app
S003491,2026-03-28T10:00:00+00:00,SKU030,accesorio,R0064,Cordoba,3290,app
S003492,2026-03-12T15:00:00+00:00,SKU027,accesorio,R0016,Cordoba,3290,estacion
S003493,2026-05-30T11:00:00+00:00,SKU005,pase,R0094,Buenos Aires,5990,app
S003494,2026-05-24T21:00:00+00:00,SKU002,pase,R0044,Cordoba,3290,app
S003495,2026-04-13T09:00:00+00:00,SKU032,seguro,R0077,Cordoba,9790,estacion
S003496,2026-04-21T05:00:00+00:00,SKU027,accesorio,R0006,Buenos Aires,9990,web
S003497,2026-03-20T16:00:00+00:00,SKU021,accesorio,R0060,Cordoba,1890,app
S003498,2026-03-05T23:00:00+00:00,SKU023,accesorio,R0014,Cordoba,5790,app
S003499,2026-02-28T15:00:00+00:00,SKU031,seguro,R0081,Buenos Aires,9990,app
S003500,2026-05-07T14:00:00+00:00,SKU005,pase,R0035,Cordoba,5790,web
S003501,2026-03-13T11:00:00+00:00,SKU012,recarga,R0023,Cordoba,1890,app
S003502,2026-03-23T22:00:00+00:00,SKU029,accesorio,R0072,Cordoba,1890,app
S003503,2026-02-03T09:00:00+00:00,SKU015,recarga,R0086,Cordoba,3290,web
S003504,2026-04-20T23:00:00+00:00,SKU015,recarga,R0022,Cordoba,3290,app
S003505,2026-02-28T17:00:00+00:00,SKU004,pase,R0096,Cordoba,1890,app
S003506,2026-05-02T13:00:00+00:00,SKU032,seguro,R0079,Cordoba,9790,app
S003507,2026-04-08T14:00:00+00:00,SKU031,seguro,R0059,Cordoba,1890,web
S003508,2026-01-28T00:00:00+00:00,SKU011,recarga,R0048,Buenos Aires,3490,app
S003509,2026-03-24T00:00:00+00:00,SKU010,pase,R0076,Buenos Aires,9990,app
S003510,2026-02-22T03:00:00+00:00,SKU027,accesorio,R0072,Buenos Aires,9990,web
S003511,2026-06-06T13:00:00+00:00,SKU032,seguro,R0018,Cordoba,9790,app
S003512,2026-04-20T14:00:00+00:00,SKU037,seguro,R0049,Buenos Aires,14990,app
S003513,2026-05-11T10:00:00+00:00,SKU019,recarga,R0039,Buenos Aires,3490,app
S003514,2026-02-03T00:00:00+00:00,SKU015,recarga,R0043,Cordoba,3290,app
S003515,2026-03-28T09:00:00+00:00,SKU015,recarga,R0065,Buenos Aires,9990,app
S003516,2026-02-22T03:00:00+00:00,SKU014,recarga,R0102,Cordoba,3290,app
S003517,2026-02-20T12:00:00+00:00,SKU027,accesorio,R0089,Cordoba,3290,app
S003518,2026-03-19T18:00:00+00:00,SKU026,accesorio,R0116,Buenos Aires,9990,estacion
S003519,2026-01-16T07:00:00+00:00,SKU015,recarga,R0026,Buenos Aires,9990,web
S003520,2026-05-11T05:00:00+00:00,SKU013,recarga,R0076,Cordoba,5790,estacion
S003521,2026-06-10T13:00:00+00:00,SKU037,seguro,R0098,Cordoba,5790,web
S003522,2026-05-16T13:00:00+00:00,SKU038,seguro,R0091,Cordoba,3290,app
S003523,2026-01-15T15:00:00+00:00,SKU035,seguro,R0039,Buenos Aires,1990,app
S003524,2026-03-06T01:00:00+00:00,SKU036,seguro,R0088,Buenos Aires,9990,web
S003525,2026-02-06T04:00:00+00:00,SKU040,seguro,R0039,Buenos Aires,5990,app
S003526,2026-02-18T00:00:00+00:00,SKU037,seguro,R0113,Cordoba,5790,estacion
S003527,2026-03-20T07:00:00+00:00,SKU029,accesorio,R0012,Cordoba,1890,app
S003528,2026-04-07T04:00:00+00:00,SKU010,pase,R0061,Cordoba,1890,app
S003529,2026-01-27T04:00:00+00:00,SKU018,recarga,R0089,Buenos Aires,3490,estacion
S003530,2026-05-28T07:00:00+00:00,SKU013,recarga,R0004,Buenos Aires,3490,app
S003531,2026-02-25T16:00:00+00:00,SKU035,seguro,R0083,Buenos Aires,1990,app
S003532,2026-05-13T17:00:00+00:00,SKU002,pase,R0093,Cordoba,3290,estacion
S003533,2026-05-02T21:00:00+00:00,SKU010,pase,R0031,Cordoba,1890,app
S003534,2026-02-04T10:00:00+00:00,SKU027,accesorio,R0075,Buenos Aires,9990,app
S003535,2026-05-18T17:00:00+00:00,SKU034,seguro,R0031,Buenos Aires,1990,web
S003536,2026-04-09T18:00:00+00:00,SKU020,recarga,R0072,Cordoba,5790,app
S003537,2026-05-09T13:00:00+00:00,SKU020,recarga,R0057,Buenos Aires,1990,app
S003538,2026-05-29T08:00:00+00:00,SKU001,pase,R0086,Buenos Aires,14990,app
S003539,2026-04-01T04:00:00+00:00,SKU008,pase,R0073,Cordoba,9790,app
S003540,2026-04-16T10:00:00+00:00,SKU004,pase,R0096,Buenos Aires,9990,estacion
S003541,2026-04-28T05:00:00+00:00,SKU020,recarga,R0067,Cordoba,5790,app
S003542,2026-04-19T21:00:00+00:00,SKU016,recarga,R0052,Cordoba,1890,web
S003543,2026-02-18T04:00:00+00:00,SKU019,recarga,R0066,Cordoba,5790,estacion
S003544,2026-06-01T13:00:00+00:00,SKU013,recarga,R0116,Cordoba,5790,app
S003545,2026-03-23T18:00:00+00:00,SKU038,seguro,R0030,Cordoba,3290,web
S003546,2026-06-01T17:00:00+00:00,SKU029,accesorio,R0049,Cordoba,1890,app
S003547,2026-04-04T09:00:00+00:00,SKU010,pase,R0049,Cordoba,1890,estacion
S003548,2026-05-09T01:00:00+00:00,SKU009,pase,R0066,Buenos Aires,5990,estacion
S003549,2026-01-25T10:00:00+00:00,SKU030,accesorio,R0101,Cordoba,3290,web
S003550,2026-02-06T13:00:00+00:00,SKU038,seguro,R0064,Cordoba,3290,app
S003551,2026-05-30T14:00:00+00:00,SKU034,seguro,R0049,Cordoba,5790,web
S003552,2026-05-28T06:00:00+00:00,SKU038,seguro,R0098,Cordoba,3290,app
S003553,2026-03-12T00:00:00+00:00,SKU040,seguro,R0009,Cordoba,5790,web
S003554,2026-02-01T02:00:00+00:00,SKU016,recarga,R0065,Buenos Aires,5990,web
S003555,2026-03-15T16:00:00+00:00,SKU012,recarga,R0004,Buenos Aires,1990,app
S003556,2026-03-19T06:00:00+00:00,SKU022,accesorio,R0096,Buenos Aires,1990,estacion
S003557,2026-01-30T03:00:00+00:00,SKU016,recarga,R0018,Cordoba,1890,app
S003558,2026-04-17T02:00:00+00:00,SKU016,recarga,R0109,Buenos Aires,5990,app
S003559,2026-04-15T01:00:00+00:00,SKU018,recarga,R0046,Buenos Aires,3490,app
S003560,2026-06-02T04:00:00+00:00,SKU011,recarga,R0037,Buenos Aires,3490,estacion
S003561,2026-03-12T04:00:00+00:00,SKU029,accesorio,R0073,Cordoba,1890,estacion
S003562,2026-03-17T17:00:00+00:00,SKU017,recarga,R0087,Cordoba,1890,estacion
S003563,2026-01-21T07:00:00+00:00,SKU034,seguro,R0084,Buenos Aires,1990,estacion
S003564,2026-02-12T16:00:00+00:00,SKU019,recarga,R0099,Cordoba,5790,estacion
S003565,2026-03-29T10:00:00+00:00,SKU008,pase,R0109,Buenos Aires,1990,estacion
S003566,2026-03-11T09:00:00+00:00,SKU033,seguro,R0014,Buenos Aires,5990,estacion
S003567,2026-06-11T20:00:00+00:00,SKU028,accesorio,R0095,Cordoba,9790,app
S003568,2026-01-24T18:00:00+00:00,SKU017,recarga,R0024,Cordoba,1890,app
S003569,2026-05-26T00:00:00+00:00,SKU036,seguro,R0103,Cordoba,3290,web
S003570,2026-01-31T01:00:00+00:00,SKU016,recarga,R0027,Buenos Aires,5990,web
S003571,2026-03-29T09:00:00+00:00,SKU002,pase,R0021,Cordoba,3290,app
S003572,2026-04-24T21:00:00+00:00,SKU023,accesorio,R0073,Buenos Aires,14990,web
S003573,2026-03-13T19:00:00+00:00,SKU014,recarga,R0074,Cordoba,3290,app
S003574,2026-05-23T00:00:00+00:00,SKU030,accesorio,R0103,Cordoba,3290,web
S003575,2026-03-17T11:00:00+00:00,SKU038,seguro,R0113,Cordoba,3290,app
S003576,2026-02-06T22:00:00+00:00,SKU012,recarga,R0092,Buenos Aires,1990,app
S003577,2026-03-26T22:00:00+00:00,SKU026,accesorio,R0012,Buenos Aires,9990,web
S003578,2026-05-22T21:00:00+00:00,SKU005,pase,R0091,Buenos Aires,5990,app
S003579,2026-03-03T08:00:00+00:00,SKU016,recarga,R0048,Cordoba,1890,app
S003580,2026-06-03T04:00:00+00:00,SKU011,recarga,R0044,Buenos Aires,3490,estacion
S003581,2026-02-13T20:00:00+00:00,SKU022,accesorio,R0109,Cordoba,3290,app
S003582,2026-04-10T09:00:00+00:00,SKU038,seguro,R0091,Cordoba,3290,estacion
S003583,2026-03-02T03:00:00+00:00,SKU016,recarga,R0058,Buenos Aires,5990,app
S003584,2026-04-22T05:00:00+00:00,SKU016,recarga,R0054,Buenos Aires,5990,web
S003585,2026-02-10T12:00:00+00:00,SKU028,accesorio,R0087,Cordoba,9790,estacion
S003586,2026-03-26T07:00:00+00:00,SKU025,accesorio,R0002,Cordoba,9790,web
S003587,2026-03-15T11:00:00+00:00,SKU012,recarga,R0093,Buenos Aires,1990,estacion
S003588,2026-01-21T16:00:00+00:00,SKU010,pase,R0035,Cordoba,1890,web
S003589,2026-04-04T14:00:00+00:00,SKU002,pase,R0112,Cordoba,3290,app
S003590,2026-05-23T17:00:00+00:00,SKU038,seguro,R0101,Buenos Aires,1990,app
S003591,2026-01-18T15:00:00+00:00,SKU027,accesorio,R0040,Cordoba,3290,web
S003592,2026-01-20T16:00:00+00:00,SKU009,pase,R0061,Cordoba,9790,app
S003593,2026-01-23T17:00:00+00:00,SKU021,accesorio,R0117,Buenos Aires,9990,app
S003594,2026-05-28T05:00:00+00:00,SKU019,recarga,R0053,Buenos Aires,3490,estacion
S003595,2026-01-15T16:00:00+00:00,SKU034,seguro,R0107,Cordoba,5790,app
S003596,2026-04-30T16:00:00+00:00,SKU005,pase,R0070,Cordoba,5790,app
S003597,2026-03-26T21:00:00+00:00,SKU005,pase,R0119,Cordoba,5790,app
S003598,2026-06-08T20:00:00+00:00,SKU014,recarga,R0113,Buenos Aires,9990,app
S003599,2026-05-05T15:00:00+00:00,SKU008,pase,R0081,Cordoba,9790,estacion
S003600,2026-05-03T11:00:00+00:00,SKU040,seguro,R0054,Cordoba,5790,web
S003601,2026-03-18T09:00:00+00:00,SKU001,pase,R0014,Cordoba,9790,app
S003602,2026-03-06T23:00:00+00:00,SKU006,pase,R0114,Cordoba,9790,app
S003603,2026-03-09T06:00:00+00:00,SKU025,accesorio,R0030,Cordoba,9790,estacion
S003604,2026-05-03T22:00:00+00:00,SKU008,pase,R0050,Buenos Aires,1990,web
S003605,2026-03-25T03:00:00+00:00,SKU022,accesorio,R0097,Buenos Aires,1990,app
S003606,2026-02-05T23:00:00+00:00,SKU015,recarga,R0057,Buenos Aires,9990,app
S003607,2026-04-17T12:00:00+00:00,SKU003,pase,R0056,Buenos Aires,3490,app
S003608,2026-04-30T14:00:00+00:00,SKU029,accesorio,R0098,Buenos Aires,9990,web
S003609,2026-04-10T14:00:00+00:00,SKU004,pase,R0078,Buenos Aires,9990,app
S003610,2026-05-24T05:00:00+00:00,SKU039,seguro,R0119,Buenos Aires,14990,app
S003611,2026-01-19T18:00:00+00:00,SKU009,pase,R0077,Cordoba,9790,web
S003612,2026-02-18T03:00:00+00:00,SKU029,accesorio,R0067,Buenos Aires,9990,web
S003613,2026-05-20T04:00:00+00:00,SKU010,pase,R0101,Cordoba,1890,estacion
S003614,2026-04-16T06:00:00+00:00,SKU026,accesorio,R0048,Buenos Aires,9990,app
S003615,2026-06-10T02:00:00+00:00,SKU002,pase,R0025,Cordoba,3290,web
S003616,2026-04-13T02:00:00+00:00,SKU010,pase,R0014,Cordoba,1890,web
S003617,2026-05-06T01:00:00+00:00,SKU013,recarga,R0089,Buenos Aires,3490,app
S003618,2026-05-03T13:00:00+00:00,SKU015,recarga,R0006,Buenos Aires,9990,app
S003619,2026-02-27T16:00:00+00:00,SKU018,recarga,R0055,Buenos Aires,3490,estacion
S003620,2026-02-04T23:00:00+00:00,SKU033,seguro,R0081,Buenos Aires,5990,app
S003621,2026-03-01T04:00:00+00:00,SKU012,recarga,R0087,Buenos Aires,1990,web
S003622,2026-02-16T08:00:00+00:00,SKU034,seguro,R0003,Cordoba,5790,estacion
S003623,2026-04-17T06:00:00+00:00,SKU001,pase,R0064,Buenos Aires,14990,app
S003624,2026-01-21T10:00:00+00:00,SKU019,recarga,R0068,Buenos Aires,3490,app
S003625,2026-04-21T14:00:00+00:00,SKU037,seguro,R0021,Cordoba,5790,app
S003626,2026-03-31T22:00:00+00:00,SKU022,accesorio,R0106,Cordoba,3290,app
S003627,2026-05-06T23:00:00+00:00,SKU006,pase,R0038,Buenos Aires,9990,estacion
S003628,2026-04-04T02:00:00+00:00,SKU039,seguro,R0024,Cordoba,5790,app
S003629,2026-03-13T13:00:00+00:00,SKU004,pase,R0054,Buenos Aires,9990,estacion
S003630,2026-02-27T14:00:00+00:00,SKU027,accesorio,R0071,Cordoba,3290,app
S003631,2026-04-04T16:00:00+00:00,SKU029,accesorio,R0114,Cordoba,1890,estacion
S003632,2026-01-18T17:00:00+00:00,SKU016,recarga,R0077,Cordoba,1890,estacion
S003633,2026-05-14T19:00:00+00:00,SKU038,seguro,R0028,Buenos Aires,1990,app
S003634,2026-05-15T17:00:00+00:00,SKU014,recarga,R0103,Cordoba,3290,app
S003635,2026-04-20T14:00:00+00:00,SKU005,pase,R0040,Cordoba,5790,web
S003636,2026-05-04T13:00:00+00:00,SKU004,pase,R0036,Cordoba,1890,app
S003637,2026-03-01T21:00:00+00:00,SKU019,recarga,R0056,Cordoba,5790,estacion
S003638,2026-05-15T17:00:00+00:00,SKU010,pase,R0083,Buenos Aires,9990,app
S003639,2026-02-21T06:00:00+00:00,SKU025,accesorio,R0032,Buenos Aires,1990,app
S003640,2026-05-23T07:00:00+00:00,SKU020,recarga,R0069,Buenos Aires,1990,web
S003641,2026-03-21T22:00:00+00:00,SKU031,seguro,R0096,Cordoba,1890,app
S003642,2026-01-22T23:00:00+00:00,SKU039,seguro,R0100,Buenos Aires,14990,web
S003643,2026-03-11T03:00:00+00:00,SKU017,recarga,R0024,Cordoba,1890,app
S003644,2026-06-08T07:00:00+00:00,SKU018,recarga,R0056,Buenos Aires,3490,app
S003645,2026-01-15T00:00:00+00:00,SKU016,recarga,R0017,Cordoba,1890,web
S003646,2026-04-14T22:00:00+00:00,SKU035,seguro,R0012,Buenos Aires,1990,web
S003647,2026-04-28T19:00:00+00:00,SKU020,recarga,R0076,Buenos Aires,1990,web
S003648,2026-05-01T08:00:00+00:00,SKU003,pase,R0011,Buenos Aires,3490,app
S003649,2026-02-23T01:00:00+00:00,SKU001,pase,R0043,Buenos Aires,14990,app
S003650,2026-04-02T23:00:00+00:00,SKU001,pase,R0027,Cordoba,9790,web
S003651,2026-04-02T05:00:00+00:00,SKU001,pase,R0091,Cordoba,9790,app
S003652,2026-04-11T04:00:00+00:00,SKU012,recarga,R0115,Buenos Aires,1990,web
S003653,2026-01-26T07:00:00+00:00,SKU020,recarga,R0044,Buenos Aires,1990,app
S003654,2026-05-19T18:00:00+00:00,SKU034,seguro,R0005,Cordoba,5790,app
S003655,2026-05-27T20:00:00+00:00,SKU023,accesorio,R0020,Cordoba,5790,estacion
S003656,2026-03-09T19:00:00+00:00,SKU003,pase,R0085,Cordoba,1890,app
S003657,2026-04-06T09:00:00+00:00,SKU039,seguro,R0089,Buenos Aires,14990,app
S003658,2026-04-15T23:00:00+00:00,SKU039,seguro,R0030,Cordoba,5790,app
S003659,2026-05-02T21:00:00+00:00,SKU037,seguro,R0082,Cordoba,5790,app
S003660,2026-04-26T23:00:00+00:00,SKU011,recarga,R0037,Cordoba,9790,app
S003661,2026-03-11T12:00:00+00:00,SKU014,recarga,R0096,Buenos Aires,9990,app
S003662,2026-06-06T01:00:00+00:00,SKU028,accesorio,R0115,Buenos Aires,5990,app
S003663,2026-05-27T14:00:00+00:00,SKU003,pase,R0057,Buenos Aires,3490,app
S003664,2026-04-18T18:00:00+00:00,SKU009,pase,R0044,Cordoba,9790,app
S003665,2026-03-27T03:00:00+00:00,SKU014,recarga,R0060,Buenos Aires,9990,estacion
S003666,2026-03-07T11:00:00+00:00,SKU004,pase,R0031,Buenos Aires,9990,web
S003667,2026-02-08T19:00:00+00:00,SKU020,recarga,R0118,Cordoba,5790,app
S003668,2026-05-29T23:00:00+00:00,SKU012,recarga,R0035,Cordoba,1890,web
S003669,2026-04-17T05:00:00+00:00,SKU020,recarga,R0027,Buenos Aires,1990,estacion
S003670,2026-05-25T19:00:00+00:00,SKU011,recarga,R0117,Cordoba,9790,app
S003671,2026-04-28T15:00:00+00:00,SKU034,seguro,R0024,Cordoba,5790,estacion
S003672,2026-05-08T06:00:00+00:00,SKU032,seguro,R0019,Cordoba,9790,app
S003673,2026-04-22T01:00:00+00:00,SKU023,accesorio,R0085,Cordoba,5790,web
S003674,2026-05-30T15:00:00+00:00,SKU027,accesorio,R0014,Buenos Aires,9990,app
S003675,2026-05-08T16:00:00+00:00,SKU012,recarga,R0027,Cordoba,1890,app
S003676,2026-05-08T01:00:00+00:00,SKU029,accesorio,R0110,Cordoba,1890,app
S003677,2026-04-23T21:00:00+00:00,SKU008,pase,R0085,Buenos Aires,1990,app
S003678,2026-06-01T15:00:00+00:00,SKU021,accesorio,R0109,Buenos Aires,9990,web
S003679,2026-05-05T14:00:00+00:00,SKU033,seguro,R0091,Buenos Aires,5990,app
S003680,2026-05-14T02:00:00+00:00,SKU020,recarga,R0099,Buenos Aires,1990,web
S003681,2026-05-30T01:00:00+00:00,SKU015,recarga,R0056,Buenos Aires,9990,web
S003682,2026-02-14T14:00:00+00:00,SKU023,accesorio,R0002,Buenos Aires,14990,web
S003683,2026-02-27T21:00:00+00:00,SKU018,recarga,R0093,Buenos Aires,3490,estacion
S003684,2026-03-21T19:00:00+00:00,SKU028,accesorio,R0052,Buenos Aires,5990,app
S003685,2026-05-30T08:00:00+00:00,SKU037,seguro,R0067,Cordoba,5790,app
S003686,2026-03-03T05:00:00+00:00,SKU009,pase,R0067,Buenos Aires,5990,web
S003687,2026-04-17T23:00:00+00:00,SKU009,pase,R0039,Cordoba,9790,app
S003688,2026-03-05T07:00:00+00:00,SKU015,recarga,R0074,Buenos Aires,9990,web
S003689,2026-03-20T19:00:00+00:00,SKU030,accesorio,R0014,Cordoba,3290,app
S003690,2026-03-30T03:00:00+00:00,SKU018,recarga,R0103,Buenos Aires,3490,app
S003691,2026-04-22T05:00:00+00:00,SKU031,seguro,R0118,Buenos Aires,9990,estacion
S003692,2026-02-17T20:00:00+00:00,SKU024,accesorio,R0114,Buenos Aires,1990,app
S003693,2026-03-05T08:00:00+00:00,SKU039,seguro,R0047,Cordoba,5790,web
S003694,2026-02-18T16:00:00+00:00,SKU025,accesorio,R0067,Buenos Aires,1990,app
S003695,2026-04-22T01:00:00+00:00,SKU037,seguro,R0034,Buenos Aires,14990,estacion
S003696,2026-06-12T17:00:00+00:00,SKU003,pase,R0006,Buenos Aires,3490,estacion
S003697,2026-03-11T14:00:00+00:00,SKU039,seguro,R0095,Cordoba,5790,web
S003698,2026-05-30T13:00:00+00:00,SKU031,seguro,R0001,Buenos Aires,9990,app
S003699,2026-03-17T19:00:00+00:00,SKU029,accesorio,R0050,Cordoba,1890,app
S003700,2026-04-30T06:00:00+00:00,SKU012,recarga,R0043,Buenos Aires,1990,app
S003701,2026-05-30T12:00:00+00:00,SKU010,pase,R0020,Buenos Aires,9990,app
S003702,2026-05-28T08:00:00+00:00,SKU005,pase,R0055,Buenos Aires,5990,estacion
S003703,2026-02-23T18:00:00+00:00,SKU013,recarga,R0088,Buenos Aires,3490,estacion
S003704,2026-02-21T15:00:00+00:00,SKU023,accesorio,R0114,Cordoba,5790,web
S003705,2026-02-20T09:00:00+00:00,SKU024,accesorio,R0085,Buenos Aires,1990,app
S003706,2026-02-11T01:00:00+00:00,SKU023,accesorio,R0006,Buenos Aires,14990,app
S003707,2026-05-22T21:00:00+00:00,SKU026,accesorio,R0090,Buenos Aires,9990,web
S003708,2026-02-16T05:00:00+00:00,SKU016,recarga,R0063,Cordoba,1890,estacion
S003709,2026-02-26T02:00:00+00:00,SKU022,accesorio,R0072,Cordoba,3290,app
S003710,2026-03-14T05:00:00+00:00,SKU032,seguro,R0098,Cordoba,9790,web
S003711,2026-06-10T09:00:00+00:00,SKU031,seguro,R0119,Cordoba,1890,app
S003712,2026-04-14T12:00:00+00:00,SKU029,accesorio,R0092,Cordoba,1890,app
S003713,2026-03-23T11:00:00+00:00,SKU035,seguro,R0114,Cordoba,9790,web
S003714,2026-03-03T00:00:00+00:00,SKU027,accesorio,R0038,Buenos Aires,9990,web
S003715,2026-03-05T17:00:00+00:00,SKU002,pase,R0095,Buenos Aires,9990,estacion
S003716,2026-03-31T11:00:00+00:00,SKU013,recarga,R0081,Cordoba,5790,app
S003717,2026-03-18T21:00:00+00:00,SKU008,pase,R0061,Cordoba,9790,app
S003718,2026-06-02T06:00:00+00:00,SKU009,pase,R0106,Cordoba,9790,app
S003719,2026-03-05T07:00:00+00:00,SKU014,recarga,R0094,Buenos Aires,9990,app
S003720,2026-04-15T00:00:00+00:00,SKU033,seguro,R0050,Buenos Aires,5990,app
S003721,2026-02-15T05:00:00+00:00,SKU013,recarga,R0057,Cordoba,5790,estacion
S003722,2026-02-20T01:00:00+00:00,SKU004,pase,R0090,Buenos Aires,9990,web
S003723,2026-04-01T01:00:00+00:00,SKU022,accesorio,R0006,Buenos Aires,1990,app
S003724,2026-04-06T16:00:00+00:00,SKU026,accesorio,R0076,Cordoba,3290,app
S003725,2026-05-17T07:00:00+00:00,SKU009,pase,R0097,Buenos Aires,5990,app
S003726,2026-05-29T01:00:00+00:00,SKU024,accesorio,R0082,Buenos Aires,1990,web
S003727,2026-01-20T04:00:00+00:00,SKU032,seguro,R0050,Cordoba,9790,app
S003728,2026-03-29T23:00:00+00:00,SKU004,pase,R0105,Buenos Aires,9990,web
S003729,2026-05-25T12:00:00+00:00,SKU015,recarga,R0048,Cordoba,3290,app
S003730,2026-03-09T18:00:00+00:00,SKU017,recarga,R0072,Cordoba,1890,estacion
S003731,2026-03-01T03:00:00+00:00,SKU031,seguro,R0007,Cordoba,1890,app
S003732,2026-04-06T05:00:00+00:00,SKU003,pase,R0055,Buenos Aires,3490,web
S003733,2026-04-11T09:00:00+00:00,SKU002,pase,R0061,Cordoba,3290,app
S003734,2026-03-18T19:00:00+00:00,SKU025,accesorio,R0073,Buenos Aires,1990,app
S003735,2026-03-18T17:00:00+00:00,SKU040,seguro,R0103,Buenos Aires,5990,app
S003736,2026-04-04T11:00:00+00:00,SKU027,accesorio,R0118,Cordoba,3290,app
S003737,2026-02-24T08:00:00+00:00,SKU038,seguro,R0036,Buenos Aires,1990,app
S003738,2026-02-13T22:00:00+00:00,SKU032,seguro,R0069,Cordoba,9790,web
S003739,2026-02-27T19:00:00+00:00,SKU014,recarga,R0075,Buenos Aires,9990,estacion
S003740,2026-01-20T18:00:00+00:00,SKU019,recarga,R0059,Buenos Aires,3490,estacion
S003741,2026-03-24T02:00:00+00:00,SKU022,accesorio,R0019,Buenos Aires,1990,web
S003742,2026-02-05T08:00:00+00:00,SKU014,recarga,R0105,Cordoba,3290,web
S003743,2026-02-09T22:00:00+00:00,SKU031,seguro,R0037,Buenos Aires,9990,estacion
S003744,2026-03-28T07:00:00+00:00,SKU019,recarga,R0095,Cordoba,5790,web
S003745,2026-02-07T13:00:00+00:00,SKU001,pase,R0089,Cordoba,9790,estacion
S003746,2026-04-23T05:00:00+00:00,SKU027,accesorio,R0063,Buenos Aires,9990,app
S003747,2026-04-11T03:00:00+00:00,SKU020,recarga,R0067,Cordoba,5790,web
S003748,2026-05-29T09:00:00+00:00,SKU029,accesorio,R0096,Buenos Aires,9990,estacion
S003749,2026-02-11T04:00:00+00:00,SKU021,accesorio,R0083,Buenos Aires,9990,app
S003750,2026-06-03T16:00:00+00:00,SKU032,seguro,R0007,Cordoba,9790,web
S003751,2026-02-25T04:00:00+00:00,SKU039,seguro,R0027,Cordoba,5790,estacion
S003752,2026-02-14T19:00:00+00:00,SKU006,pase,R0001,Cordoba,9790,app
S003753,2026-01-15T06:00:00+00:00,SKU012,recarga,R0041,Buenos Aires,1990,app
S003754,2026-05-25T07:00:00+00:00,SKU039,seguro,R0024,Cordoba,5790,estacion
S003755,2026-04-09T23:00:00+00:00,SKU001,pase,R0006,Buenos Aires,14990,app
S003756,2026-05-09T22:00:00+00:00,SKU036,seguro,R0019,Cordoba,3290,app
S003757,2026-02-14T23:00:00+00:00,SKU006,pase,R0110,Cordoba,9790,app
S003758,2026-02-15T07:00:00+00:00,SKU011,recarga,R0079,Cordoba,9790,app
S003759,2026-05-06T04:00:00+00:00,SKU021,accesorio,R0116,Buenos Aires,9990,estacion
S003760,2026-04-01T22:00:00+00:00,SKU013,recarga,R0073,Buenos Aires,3490,app
S003761,2026-01-16T05:00:00+00:00,SKU009,pase,R0087,Cordoba,9790,web
S003762,2026-05-11T23:00:00+00:00,SKU039,seguro,R0055,Buenos Aires,14990,estacion
S003763,2026-05-08T11:00:00+00:00,SKU002,pase,R0095,Buenos Aires,9990,app
S003764,2026-02-02T09:00:00+00:00,SKU006,pase,R0113,Cordoba,9790,app
S003765,2026-06-05T19:00:00+00:00,SKU034,seguro,R0000,Cordoba,5790,web
S003766,2026-05-16T15:00:00+00:00,SKU037,seguro,R0063,Cordoba,5790,web
S003767,2026-05-15T03:00:00+00:00,SKU038,seguro,R0042,Cordoba,3290,app
S003768,2026-06-08T05:00:00+00:00,SKU004,pase,R0029,Cordoba,1890,app
S003769,2026-04-11T17:00:00+00:00,SKU015,recarga,R0075,Buenos Aires,9990,estacion
S003770,2026-01-28T13:00:00+00:00,SKU014,recarga,R0045,Cordoba,3290,web
S003771,2026-05-13T04:00:00+00:00,SKU023,accesorio,R0056,Buenos Aires,14990,estacion
S003772,2026-01-21T15:00:00+00:00,SKU019,recarga,R0001,Buenos Aires,3490,estacion
S003773,2026-04-09T23:00:00+00:00,SKU033,seguro,R0078,Buenos Aires,5990,app
S003774,2026-03-17T09:00:00+00:00,SKU002,pase,R0074,Buenos Aires,9990,app
S003775,2026-05-23T05:00:00+00:00,SKU021,accesorio,R0027,Buenos Aires,9990,web
S003776,2026-03-21T10:00:00+00:00,SKU030,accesorio,R0112,Cordoba,3290,app
S003777,2026-05-21T17:00:00+00:00,SKU015,recarga,R0019,Cordoba,3290,web
S003778,2026-04-07T22:00:00+00:00,SKU012,recarga,R0115,Cordoba,1890,app
S003779,2026-05-12T19:00:00+00:00,SKU030,accesorio,R0111,Cordoba,3290,web
S003780,2026-03-08T04:00:00+00:00,SKU019,recarga,R0098,Cordoba,5790,estacion
S003781,2026-02-17T13:00:00+00:00,SKU019,recarga,R0093,Buenos Aires,3490,estacion
S003782,2026-04-20T22:00:00+00:00,SKU025,accesorio,R0085,Buenos Aires,1990,web
S003783,2026-04-18T04:00:00+00:00,SKU003,pase,R0081,Buenos Aires,3490,app
S003784,2026-05-06T06:00:00+00:00,SKU033,seguro,R0059,Buenos Aires,5990,estacion
S003785,2026-03-27T22:00:00+00:00,SKU037,seguro,R0055,Buenos Aires,14990,app
S003786,2026-05-28T11:00:00+00:00,SKU023,accesorio,R0072,Cordoba,5790,app
S003787,2026-05-02T09:00:00+00:00,SKU038,seguro,R0029,Buenos Aires,1990,estacion
S003788,2026-02-13T11:00:00+00:00,SKU016,recarga,R0104,Cordoba,1890,app
S003789,2026-03-20T12:00:00+00:00,SKU005,pase,R0050,Buenos Aires,5990,app
S003790,2026-06-06T20:00:00+00:00,SKU033,seguro,R0086,Cordoba,1890,estacion
S003791,2026-01-24T09:00:00+00:00,SKU015,recarga,R0089,Buenos Aires,9990,web
S003792,2026-04-21T13:00:00+00:00,SKU035,seguro,R0003,Buenos Aires,1990,estacion
S003793,2026-04-30T22:00:00+00:00,SKU019,recarga,R0112,Cordoba,5790,estacion
S003794,2026-03-30T17:00:00+00:00,SKU006,pase,R0076,Cordoba,9790,app
S003795,2026-05-04T12:00:00+00:00,SKU001,pase,R0003,Buenos Aires,14990,web
S003796,2026-06-08T10:00:00+00:00,SKU034,seguro,R0012,Buenos Aires,1990,app
S003797,2026-02-25T12:00:00+00:00,SKU022,accesorio,R0026,Cordoba,3290,estacion
S003798,2026-05-22T18:00:00+00:00,SKU036,seguro,R0029,Buenos Aires,9990,app
S003799,2026-01-16T17:00:00+00:00,SKU039,seguro,R0072,Cordoba,5790,web
S003800,2026-06-10T20:00:00+00:00,SKU017,recarga,R0027,Buenos Aires,5990,web
S003801,2026-06-05T06:00:00+00:00,SKU029,accesorio,R0012,Cordoba,1890,app
S003802,2026-05-05T12:00:00+00:00,SKU016,recarga,R0024,Buenos Aires,5990,app
S003803,2026-04-20T14:00:00+00:00,SKU036,seguro,R0001,Cordoba,3290,web
S003804,2026-02-08T23:00:00+00:00,SKU023,accesorio,R0042,Buenos Aires,14990,web
S003805,2026-02-01T20:00:00+00:00,SKU022,accesorio,R0017,Buenos Aires,1990,web
S003806,2026-04-28T14:00:00+00:00,SKU029,accesorio,R0009,Cordoba,1890,estacion
S003807,2026-05-14T15:00:00+00:00,SKU024,accesorio,R0080,Buenos Aires,1990,app
S003808,2026-02-14T21:00:00+00:00,SKU010,pase,R0050,Buenos Aires,9990,app
S003809,2026-04-09T10:00:00+00:00,SKU005,pase,R0098,Buenos Aires,5990,app
S003810,2026-03-01T16:00:00+00:00,SKU040,seguro,R0112,Buenos Aires,5990,app
S003811,2026-03-11T05:00:00+00:00,SKU016,recarga,R0034,Buenos Aires,5990,estacion
S003812,2026-03-08T14:00:00+00:00,SKU022,accesorio,R0093,Cordoba,3290,app
S003813,2026-05-20T03:00:00+00:00,SKU021,accesorio,R0109,Buenos Aires,9990,app
S003814,2026-05-22T19:00:00+00:00,SKU026,accesorio,R0092,Buenos Aires,9990,app
S003815,2026-03-16T20:00:00+00:00,SKU005,pase,R0002,Cordoba,5790,estacion
S003816,2026-04-19T14:00:00+00:00,SKU032,seguro,R0024,Buenos Aires,5990,app
S003817,2026-04-29T18:00:00+00:00,SKU004,pase,R0004,Cordoba,1890,app
S003818,2026-01-15T00:00:00+00:00,SKU018,recarga,R0032,Buenos Aires,3490,web
S003819,2026-02-14T22:00:00+00:00,SKU029,accesorio,R0038,Cordoba,1890,app
S003820,2026-03-29T04:00:00+00:00,SKU019,recarga,R0060,Buenos Aires,3490,app
S003821,2026-06-02T09:00:00+00:00,SKU017,recarga,R0044,Cordoba,1890,web
S003822,2026-02-10T01:00:00+00:00,SKU025,accesorio,R0071,Buenos Aires,1990,estacion
S003823,2026-04-11T20:00:00+00:00,SKU006,pase,R0101,Cordoba,9790,web
S003824,2026-05-14T02:00:00+00:00,SKU018,recarga,R0082,Buenos Aires,3490,web
S003825,2026-04-06T12:00:00+00:00,SKU022,accesorio,R0036,Cordoba,3290,app
S003826,2026-04-22T17:00:00+00:00,SKU003,pase,R0021,Buenos Aires,3490,web
S003827,2026-04-02T13:00:00+00:00,SKU016,recarga,R0007,Cordoba,1890,estacion
S003828,2026-02-03T02:00:00+00:00,SKU024,accesorio,R0021,Buenos Aires,1990,estacion
S003829,2026-05-31T11:00:00+00:00,SKU009,pase,R0083,Buenos Aires,5990,app
S003830,2026-04-19T17:00:00+00:00,SKU036,seguro,R0069,Buenos Aires,9990,app
S003831,2026-05-30T12:00:00+00:00,SKU011,recarga,R0095,Cordoba,9790,web
S003832,2026-02-03T09:00:00+00:00,SKU038,seguro,R0016,Cordoba,3290,app
S003833,2026-04-01T01:00:00+00:00,SKU036,seguro,R0065,Buenos Aires,9990,estacion
S003834,2026-06-12T20:00:00+00:00,SKU012,recarga,R0035,Buenos Aires,1990,app
S003835,2026-02-03T21:00:00+00:00,SKU031,seguro,R0010,Cordoba,1890,app
S003836,2026-04-05T03:00:00+00:00,SKU033,seguro,R0101,Buenos Aires,5990,app
S003837,2026-01-16T08:00:00+00:00,SKU003,pase,R0116,Buenos Aires,3490,app
S003838,2026-01-30T01:00:00+00:00,SKU032,seguro,R0110,Cordoba,9790,estacion
S003839,2026-04-12T01:00:00+00:00,SKU015,recarga,R0029,Buenos Aires,9990,app
S003840,2026-04-12T21:00:00+00:00,SKU020,recarga,R0048,Cordoba,5790,estacion
S003841,2026-02-15T01:00:00+00:00,SKU012,recarga,R0016,Buenos Aires,1990,app
S003842,2026-03-29T06:00:00+00:00,SKU040,seguro,R0016,Buenos Aires,5990,app
S003843,2026-03-22T13:00:00+00:00,SKU009,pase,R0086,Cordoba,9790,web
S003844,2026-06-01T19:00:00+00:00,SKU028,accesorio,R0025,Cordoba,9790,app
S003845,2026-02-15T02:00:00+00:00,SKU017,recarga,R0058,Buenos Aires,5990,app
S003846,2026-03-18T06:00:00+00:00,SKU005,pase,R0103,Cordoba,5790,estacion
S003847,2026-02-12T16:00:00+00:00,SKU031,seguro,R0039,Cordoba,1890,app
S003848,2026-03-31T11:00:00+00:00,SKU016,recarga,R0076,Buenos Aires,5990,app
S003849,2026-04-03T16:00:00+00:00,SKU008,pase,R0080,Cordoba,9790,estacion
S003850,2026-05-20T18:00:00+00:00,SKU019,recarga,R0075,Buenos Aires,3490,app
S003851,2026-05-30T14:00:00+00:00,SKU033,seguro,R0023,Buenos Aires,5990,app
S003852,2026-03-07T17:00:00+00:00,SKU013,recarga,R0040,Buenos Aires,3490,app
S003853,2026-05-08T15:00:00+00:00,SKU025,accesorio,R0040,Cordoba,9790,app
S003854,2026-02-15T22:00:00+00:00,SKU017,recarga,R0088,Cordoba,1890,estacion
S003855,2026-02-18T05:00:00+00:00,SKU004,pase,R0064,Buenos Aires,9990,estacion
S003856,2026-04-16T05:00:00+00:00,SKU014,recarga,R0010,Cordoba,3290,app
S003857,2026-05-28T02:00:00+00:00,SKU012,recarga,R0044,Buenos Aires,1990,estacion
S003858,2026-01-19T03:00:00+00:00,SKU031,seguro,R0007,Cordoba,1890,estacion
S003859,2026-03-01T12:00:00+00:00,SKU020,recarga,R0083,Cordoba,5790,app
S003860,2026-02-05T08:00:00+00:00,SKU009,pase,R0025,Cordoba,9790,app
S003861,2026-05-07T04:00:00+00:00,SKU006,pase,R0072,Buenos Aires,9990,app
S003862,2026-02-15T13:00:00+00:00,SKU027,accesorio,R0001,Buenos Aires,9990,web
S003863,2026-04-13T07:00:00+00:00,SKU028,accesorio,R0107,Buenos Aires,5990,web
S003864,2026-05-23T10:00:00+00:00,SKU023,accesorio,R0030,Cordoba,5790,app
S003865,2026-03-10T09:00:00+00:00,SKU015,recarga,R0085,Buenos Aires,9990,app
S003866,2026-01-27T02:00:00+00:00,SKU004,pase,R0041,Cordoba,1890,web
S003867,2026-06-13T01:00:00+00:00,SKU011,recarga,R0119,Cordoba,9790,estacion
S003868,2026-05-31T05:00:00+00:00,SKU006,pase,R0087,Cordoba,9790,web
S003869,2026-06-08T08:00:00+00:00,SKU026,accesorio,R0081,Cordoba,3290,estacion
S003870,2026-02-12T06:00:00+00:00,SKU032,seguro,R0036,Buenos Aires,5990,web
S003871,2026-02-06T12:00:00+00:00,SKU038,seguro,R0065,Buenos Aires,1990,app
S003872,2026-05-01T02:00:00+00:00,SKU009,pase,R0073,Buenos Aires,5990,estacion
S003873,2026-05-17T09:00:00+00:00,SKU012,recarga,R0022,Cordoba,1890,estacion
S003874,2026-06-03T10:00:00+00:00,SKU004,pase,R0060,Buenos Aires,9990,estacion
S003875,2026-04-20T07:00:00+00:00,SKU018,recarga,R0035,Cordoba,3290,web
S003876,2026-04-11T02:00:00+00:00,SKU008,pase,R0075,Buenos Aires,1990,app
S003877,2026-02-09T19:00:00+00:00,SKU005,pase,R0021,Buenos Aires,5990,app
S003878,2026-02-28T03:00:00+00:00,SKU012,recarga,R0119,Cordoba,1890,estacion
S003879,2026-01-15T21:00:00+00:00,SKU032,seguro,R0095,Cordoba,9790,app
S003880,2026-03-22T08:00:00+00:00,SKU011,recarga,R0118,Cordoba,9790,app
S003881,2026-01-26T14:00:00+00:00,SKU037,seguro,R0086,Buenos Aires,14990,web
S003882,2026-06-04T18:00:00+00:00,SKU038,seguro,R0098,Cordoba,3290,app
S003883,2026-04-09T13:00:00+00:00,SKU031,seguro,R0080,Cordoba,1890,web
S003884,2026-01-23T15:00:00+00:00,SKU024,accesorio,R0109,Cordoba,5790,estacion
S003885,2026-03-22T11:00:00+00:00,SKU010,pase,R0011,Cordoba,1890,app
S003886,2026-02-07T08:00:00+00:00,SKU024,accesorio,R0036,Cordoba,5790,app
S003887,2026-01-21T08:00:00+00:00,SKU040,seguro,R0104,Cordoba,5790,app
S003888,2026-05-31T06:00:00+00:00,SKU019,recarga,R0110,Buenos Aires,3490,web
S003889,2026-06-06T19:00:00+00:00,SKU021,accesorio,R0014,Cordoba,1890,web
S003890,2026-05-04T22:00:00+00:00,SKU023,accesorio,R0017,Buenos Aires,14990,app
S003891,2026-06-01T17:00:00+00:00,SKU023,accesorio,R0089,Cordoba,5790,web
S003892,2026-05-06T20:00:00+00:00,SKU028,accesorio,R0030,Buenos Aires,5990,app
S003893,2026-03-22T08:00:00+00:00,SKU035,seguro,R0066,Cordoba,9790,app
S003894,2026-05-12T09:00:00+00:00,SKU029,accesorio,R0111,Buenos Aires,9990,web
S003895,2026-04-25T10:00:00+00:00,SKU014,recarga,R0028,Buenos Aires,9990,app
S003896,2026-01-26T06:00:00+00:00,SKU006,pase,R0109,Buenos Aires,9990,app
S003897,2026-02-06T14:00:00+00:00,SKU023,accesorio,R0038,Buenos Aires,14990,app
S003898,2026-03-29T17:00:00+00:00,SKU023,accesorio,R0049,Cordoba,5790,web
S003899,2026-02-03T20:00:00+00:00,SKU006,pase,R0022,Cordoba,9790,app
S003900,2026-04-14T05:00:00+00:00,SKU005,pase,R0076,Cordoba,5790,app
S003901,2026-01-21T02:00:00+00:00,SKU013,recarga,R0119,Buenos Aires,3490,web
S003902,2026-03-03T02:00:00+00:00,SKU033,seguro,R0067,Buenos Aires,5990,app
S003903,2026-03-11T10:00:00+00:00,SKU003,pase,R0054,Cordoba,1890,app
S003904,2026-03-30T02:00:00+00:00,SKU030,accesorio,R0020,Buenos Aires,3490,estacion
S003905,2026-05-28T21:00:00+00:00,SKU027,accesorio,R0087,Cordoba,3290,app
S003906,2026-05-02T09:00:00+00:00,SKU016,recarga,R0053,Buenos Aires,5990,app
S003907,2026-04-14T01:00:00+00:00,SKU017,recarga,R0095,Buenos Aires,5990,app
S003908,2026-04-14T05:00:00+00:00,SKU026,accesorio,R0074,Buenos Aires,9990,app
S003909,2026-02-24T12:00:00+00:00,SKU013,recarga,R0003,Cordoba,5790,web
S003910,2026-04-01T09:00:00+00:00,SKU022,accesorio,R0017,Buenos Aires,1990,estacion
S003911,2026-02-09T23:00:00+00:00,SKU040,seguro,R0079,Buenos Aires,5990,app
S003912,2026-01-26T11:00:00+00:00,SKU004,pase,R0050,Cordoba,1890,app
S003913,2026-01-22T21:00:00+00:00,SKU033,seguro,R0095,Buenos Aires,5990,app
S003914,2026-03-28T16:00:00+00:00,SKU030,accesorio,R0069,Buenos Aires,3490,estacion
S003915,2026-05-11T08:00:00+00:00,SKU025,accesorio,R0063,Cordoba,9790,estacion
S003916,2026-03-10T02:00:00+00:00,SKU022,accesorio,R0030,Buenos Aires,1990,app
S003917,2026-04-05T20:00:00+00:00,SKU006,pase,R0063,Cordoba,9790,estacion
S003918,2026-03-15T18:00:00+00:00,SKU024,accesorio,R0090,Buenos Aires,1990,app
S003919,2026-05-28T12:00:00+00:00,SKU009,pase,R0034,Cordoba,9790,app
S003920,2026-04-23T13:00:00+00:00,SKU038,seguro,R0061,Buenos Aires,1990,web
S003921,2026-02-09T07:00:00+00:00,SKU030,accesorio,R0064,Cordoba,3290,app
S003922,2026-05-26T09:00:00+00:00,SKU040,seguro,R0032,Buenos Aires,5990,estacion
S003923,2026-02-01T19:00:00+00:00,SKU006,pase,R0101,Buenos Aires,9990,app
S003924,2026-04-12T12:00:00+00:00,SKU014,recarga,R0105,Cordoba,3290,app
S003925,2026-04-23T06:00:00+00:00,SKU018,recarga,R0071,Cordoba,3290,app
S003926,2026-01-16T03:00:00+00:00,SKU021,accesorio,R0032,Buenos Aires,9990,app
S003927,2026-04-27T01:00:00+00:00,SKU008,pase,R0079,Buenos Aires,1990,web
S003928,2026-05-07T11:00:00+00:00,SKU039,seguro,R0051,Cordoba,5790,estacion
S003929,2026-03-16T04:00:00+00:00,SKU030,accesorio,R0096,Cordoba,3290,estacion
S003930,2026-04-05T20:00:00+00:00,SKU014,recarga,R0041,Buenos Aires,9990,app
S003931,2026-06-11T16:00:00+00:00,SKU004,pase,R0081,Buenos Aires,9990,estacion
S003932,2026-04-19T23:00:00+00:00,SKU026,accesorio,R0034,Cordoba,3290,app
S003933,2026-04-25T09:00:00+00:00,SKU034,seguro,R0096,Cordoba,5790,app
S003934,2026-02-13T11:00:00+00:00,SKU004,pase,R0086,Buenos Aires,9990,estacion
S003935,2026-02-24T10:00:00+00:00,SKU020,recarga,R0115,Cordoba,5790,app
S003936,2026-03-03T20:00:00+00:00,SKU018,recarga,R0104,Buenos Aires,3490,web
S003937,2026-05-04T15:00:00+00:00,SKU022,accesorio,R0027,Cordoba,3290,web
S003938,2026-06-01T01:00:00+00:00,SKU035,seguro,R0041,Cordoba,9790,estacion
S003939,2026-01-20T17:00:00+00:00,SKU027,accesorio,R0056,Cordoba,3290,app
S003940,2026-03-07T20:00:00+00:00,SKU030,accesorio,R0091,Cordoba,3290,app
S003941,2026-05-03T01:00:00+00:00,SKU039,seguro,R0075,Cordoba,5790,app
S003942,2026-03-28T04:00:00+00:00,SKU002,pase,R0115,Cordoba,3290,estacion
S003943,2026-04-26T00:00:00+00:00,SKU026,accesorio,R0078,Cordoba,3290,app
S003944,2026-06-07T08:00:00+00:00,SKU016,recarga,R0054,Cordoba,1890,estacion
S003945,2026-02-22T13:00:00+00:00,SKU030,accesorio,R0030,Cordoba,3290,app
S003946,2026-02-15T03:00:00+00:00,SKU018,recarga,R0062,Buenos Aires,3490,app
S003947,2026-01-15T17:00:00+00:00,SKU021,accesorio,R0051,Buenos Aires,9990,estacion
S003948,2026-04-24T21:00:00+00:00,SKU003,pase,R0025,Buenos Aires,3490,app
S003949,2026-03-04T14:00:00+00:00,SKU019,recarga,R0089,Buenos Aires,3490,app
S003950,2026-01-22T16:00:00+00:00,SKU029,accesorio,R0062,Cordoba,1890,estacion
S003951,2026-04-01T09:00:00+00:00,SKU018,recarga,R0100,Buenos Aires,3490,web
S003952,2026-02-19T01:00:00+00:00,SKU005,pase,R0008,Buenos Aires,5990,estacion
S003953,2026-06-05T13:00:00+00:00,SKU035,seguro,R0084,Buenos Aires,1990,estacion
S003954,2026-01-16T09:00:00+00:00,SKU039,seguro,R0050,Cordoba,5790,app
S003955,2026-04-21T09:00:00+00:00,SKU029,accesorio,R0047,Cordoba,1890,estacion
S003956,2026-03-30T19:00:00+00:00,SKU035,seguro,R0021,Cordoba,9790,app
S003957,2026-04-03T18:00:00+00:00,SKU003,pase,R0081,Buenos Aires,3490,app
S003958,2026-03-19T02:00:00+00:00,SKU036,seguro,R0119,Buenos Aires,9990,app
S003959,2026-02-15T19:00:00+00:00,SKU033,seguro,R0060,Cordoba,1890,app
S003960,2026-04-30T19:00:00+00:00,SKU014,recarga,R0015,Cordoba,3290,app
S003961,2026-05-29T16:00:00+00:00,SKU015,recarga,R0024,Cordoba,3290,web
S003962,2026-05-01T23:00:00+00:00,SKU038,seguro,R0103,Cordoba,3290,app
S003963,2026-03-16T08:00:00+00:00,SKU010,pase,R0118,Buenos Aires,9990,app
S003964,2026-05-09T20:00:00+00:00,SKU009,pase,R0083,Cordoba,9790,estacion
S003965,2026-03-29T21:00:00+00:00,SKU006,pase,R0060,Cordoba,9790,app
S003966,2026-03-11T12:00:00+00:00,SKU026,accesorio,R0111,Cordoba,3290,app
S003967,2026-04-04T08:00:00+00:00,SKU028,accesorio,R0038,Cordoba,9790,app
S003968,2026-03-23T13:00:00+00:00,SKU004,pase,R0018,Cordoba,1890,app
S003969,2026-05-17T14:00:00+00:00,SKU026,accesorio,R0025,Cordoba,3290,app
S003970,2026-03-27T01:00:00+00:00,SKU020,recarga,R0025,Buenos Aires,1990,web
S003971,2026-03-09T23:00:00+00:00,SKU017,recarga,R0101,Cordoba,1890,web
S003972,2026-05-24T06:00:00+00:00,SKU012,recarga,R0107,Cordoba,1890,estacion
S003973,2026-05-29T08:00:00+00:00,SKU016,recarga,R0048,Cordoba,1890,estacion
S003974,2026-02-02T16:00:00+00:00,SKU005,pase,R0078,Buenos Aires,5990,web
S003975,2026-05-07T14:00:00+00:00,SKU006,pase,R0012,Cordoba,9790,app
S003976,2026-03-06T15:00:00+00:00,SKU034,seguro,R0087,Cordoba,5790,web
S003977,2026-05-05T12:00:00+00:00,SKU023,accesorio,R0116,Cordoba,5790,app
S003978,2026-05-17T12:00:00+00:00,SKU015,recarga,R0056,Buenos Aires,9990,app
S003979,2026-02-25T00:00:00+00:00,SKU035,seguro,R0022,Cordoba,9790,web
S003980,2026-03-01T08:00:00+00:00,SKU003,pase,R0109,Cordoba,1890,web
S003981,2026-02-18T14:00:00+00:00,SKU017,recarga,R0034,Cordoba,1890,app
S003982,2026-04-07T04:00:00+00:00,SKU028,accesorio,R0048,Buenos Aires,5990,app
S003983,2026-05-24T21:00:00+00:00,SKU030,accesorio,R0041,Buenos Aires,3490,app
S003984,2026-02-22T12:00:00+00:00,SKU027,accesorio,R0083,Cordoba,3290,app
S003985,2026-04-22T04:00:00+00:00,SKU030,accesorio,R0032,Buenos Aires,3490,app
S003986,2026-02-24T10:00:00+00:00,SKU020,recarga,R0047,Buenos Aires,1990,app
S003987,2026-01-30T00:00:00+00:00,SKU020,recarga,R0084,Cordoba,5790,estacion
S003988,2026-04-01T14:00:00+00:00,SKU001,pase,R0023,Cordoba,9790,web
S003989,2026-01-30T05:00:00+00:00,SKU011,recarga,R0108,Buenos Aires,3490,web
S003990,2026-03-17T06:00:00+00:00,SKU033,seguro,R0048,Buenos Aires,5990,app
S003991,2026-01-31T03:00:00+00:00,SKU026,accesorio,R0048,Cordoba,3290,web
S003992,2026-03-18T02:00:00+00:00,SKU026,accesorio,R0037,Cordoba,3290,app
S003993,2026-03-27T09:00:00+00:00,SKU016,recarga,R0099,Cordoba,1890,app
S003994,2026-03-13T20:00:00+00:00,SKU037,seguro,R0113,Cordoba,5790,app
S003995,2026-03-26T10:00:00+00:00,SKU036,seguro,R0081,Buenos Aires,9990,app
S003996,2026-03-08T02:00:00+00:00,SKU004,pase,R0048,Cordoba,1890,estacion
S003997,2026-04-17T00:00:00+00:00,SKU030,accesorio,R0080,Cordoba,3290,web
S003998,2026-05-11T17:00:00+00:00,SKU019,recarga,R0016,Buenos Aires,3490,app
S003999,2026-05-06T18:00:00+00:00,SKU019,recarga,R0048,Buenos Aires,3490,web
