ride_id,ts_start,ts_end,duration_s,rider_id,vehicle_id,station_start,station_end,barrio_start,barrio_end,lat_start,lon_start,lat_end,lon_end,km,fare_ars,clima_codigo
T0000000,2026-05-09T04:34:00+00:00,2026-05-09T04:35:38+00:00,98,R0043,V0002,ST002,ST022,San Telmo,Microcentro,-34.610974,-58.389171,-34.632494,-58.417063,2.022,195.2,0
T0000001,2026-04-27T10:31:00+00:00,2026-04-27T10:43:47+00:00,767,R0027,V0008,ST001,ST015,Recoleta,Belgrano,-34.610295,-58.397389,-34.625648,-58.392026,0.1,352.45,1
T0000002,2026-03-09T12:24:00+00:00,2026-03-09T12:29:33+00:00,333,R0000,V0001,ST017,ST016,Almagro,Caballito,-34.588172,-58.363104,-34.633031,-58.362781,1.439,254.11,0
T0000003,2026-04-23T21:33:00+00:00,2026-04-23T21:48:21+00:00,921,R0046,V0024,ST022,ST015,Microcentro,Belgrano,-34.632494,-58.417063,-34.625648,-58.392026,2.333,495.68,2
T0000004,2026-04-09T11:23:00+00:00,2026-04-09T11:24:42+00:00,102,R0107,V0023,ST011,ST007,Chacarita,Nunez,-34.614375,-58.40349,-34.605502,-58.409497,3.637,261.19,0
T0000005,2026-04-25T06:52:00+00:00,2026-04-25T06:56:27+00:00,267,R0074,V0053,ST022,ST005,Microcentro,Almagro,-34.632494,-58.417063,-34.583016,-58.36633,2.611,277.88,63
T0000006,2026-03-05T00:49:00+00:00,2026-03-05T00:52:14+00:00,194,R0080,V0032,ST015,ST019,Belgrano,Nunez,-34.625648,-58.392026,-34.591041,-58.407355,7.956,466.16,2
T0000007,2026-03-14T11:55:00+00:00,2026-03-14T11:56:48+00:00,108,R0103,V0078,ST017,ST023,Almagro,Chacarita,-34.588172,-58.363104,-34.580066,-58.364739,3.349,251.76,0
T0000008,2026-03-26T10:42:00+00:00,2026-03-26T10:44:13+00:00,133,R0050,V0041,ST001,ST022,Recoleta,Microcentro,-34.610295,-58.397389,-34.632494,-58.417063,4.43,303.74,0
T0000009,2026-05-12T17:45:00+00:00,2026-05-12T17:50:18+00:00,318,R0025,V0001,ST020,ST007,Colegiales,Nunez,-34.611329,-58.358197,-34.605502,-58.409497,6.99,470.88,63
T0000010,2026-04-21T17:11:00+00:00,2026-04-21T17:16:32+00:00,332,R0011,V0034,ST016,ST004,Caballito,Caballito,-34.633031,-58.362781,-34.593884,-58.383394,3.221,325.03,0
T0000011,2026-04-09T07:52:00+00:00,2026-04-09T07:57:02+00:00,302,R0088,V0063,ST019,ST020,Nunez,Colegiales,-34.591041,-58.407355,-34.611329,-58.358197,5.058,388.02,0
T0000012,2026-03-08T11:40:00+00:00,2026-03-08T11:45:39+00:00,339,R0094,V0045,ST007,ST014,Nunez,San Telmo,-34.605502,-58.409497,-34.578076,-58.40303,4.76,389.04,61
T0000013,2026-03-06T06:41:00+00:00,2026-03-06T06:44:35+00:00,215,R0062,V0053,ST020,ST022,Colegiales,Microcentro,-34.611329,-58.358197,-34.632494,-58.417063,5.117,359.94,0
T0000014,2026-05-24T00:03:00+00:00,2026-05-24T00:06:09+00:00,189,R0008,V0011,ST003,ST016,Belgrano,Caballito,-34.576528,-58.407896,-34.633031,-58.362781,0.455,164.36,1
T0000015,2026-03-18T22:27:00+00:00,2026-03-18T22:28:39+00:00,99,R0072,V0037,ST008,ST012,Colegiales,Palermo,-34.60824,-58.367253,-34.594241,-58.405192,0.748,144.58,3
T0000016,2026-04-23T06:12:00+00:00,2026-04-23T06:16:07+00:00,247,R0029,V0000,ST002,ST013,San Telmo,Recoleta,-34.610974,-58.389171,-34.609842,-58.376294,0.503,186.59,63
T0000017,2026-05-18T06:32:00+00:00,2026-05-18T06:36:14+00:00,254,R0068,V0024,ST019,ST019,Nunez,Nunez,-34.591041,-58.407355,-34.591041,-58.407355,0.355,183.1,3
T0000018,2026-04-06T08:11:00+00:00,2026-04-06T08:12:57+00:00,117,R0078,V0030,ST009,ST017,Retiro,Almagro,-34.570346,-58.412202,-34.588172,-58.363104,4.997,320.83,80
T0000019,2026-04-03T22:05:00+00:00,2026-04-03T22:15:31+00:00,631,R0062,V0015,ST010,ST015,Microcentro,Belgrano,-34.598502,-58.399031,-34.625648,-58.392026,4.252,470.94,0
T0000020,2026-03-26T21:42:00+00:00,2026-03-26T21:51:41+00:00,581,R0083,V0027,ST019,ST001,Nunez,Recoleta,-34.591041,-58.407355,-34.610295,-58.397389,8.075,606.34,3
T0000021,2026-04-18T13:44:00+00:00,2026-04-18T13:47:04+00:00,184,R0077,V0040,ST002,ST000,San Telmo,Palermo,-34.610974,-58.389171,-34.577947,-58.413815,0.994,184.17,80
T0000022,2026-04-20T10:52:00+00:00,2026-04-20T10:56:58+00:00,298,R0046,V0031,ST016,ST002,Caballito,San Telmo,-34.633031,-58.362781,-34.610974,-58.389171,2.052,266.39,0
T0000023,2026-03-06T07:23:00+00:00,2026-03-06T07:26:07+00:00,187,R0101,V0059,ST012,ST010,Palermo,Microcentro,-34.594241,-58.405192,-34.598502,-58.399031,5.969,384.2,0
T0000024,2026-04-23T02:24:00+00:00,2026-04-23T02:26:29+00:00,149,R0068,V0070,ST020,ST008,Colegiales,Colegiales,-34.611329,-58.358197,-34.60824,-58.367253,5.222,341.02,2
T0000025,2026-03-16T23:26:00+00:00,2026-03-16T23:31:07+00:00,307,R0071,V0026,ST016,ST003,Caballito,Belgrano,-34.633031,-58.362781,-34.576528,-58.407896,1.088,230.99,80
T0000026,2026-04-12T13:56:00+00:00,2026-04-12T14:07:32+00:00,692,R0114,V0049,ST005,ST019,Almagro,Nunez,-34.583016,-58.36633,-34.591041,-58.407355,0.997,362.09,2
T0000027,2026-04-05T13:30:00+00:00,2026-04-05T13:38:38+00:00,518,R0090,V0026,ST014,ST021,San Telmo,Retiro,-34.578076,-58.40303,-34.587639,-58.392154,5.377,476.36,3
T0000028,2026-03-01T17:46:00+00:00,2026-03-01T17:46:58+00:00,58,R0107,V0061,ST009,ST016,Retiro,Caballito,-34.570346,-58.412202,-34.633031,-58.362781,4.341,273.93,63
T0000029,2026-03-28T06:05:00+00:00,2026-03-28T06:08:24+00:00,204,R0055,V0056,ST018,ST019,Villa Crespo,Nunez,-34.576118,-58.346187,-34.591041,-58.407355,7.914,467.94,80
T0000030,2026-05-07T21:49:00+00:00,2026-05-07T21:54:22+00:00,322,R0064,V0056,ST007,ST007,Nunez,Nunez,-34.605502,-58.409497,-34.605502,-58.409497,0.366,207.34,0
T0000031,2026-05-03T01:11:00+00:00,2026-05-03T01:12:41+00:00,101,R0068,V0051,ST007,ST009,Nunez,Retiro,-34.605502,-58.409497,-34.570346,-58.412202,7.773,426.29,63
T0000032,2026-04-17T08:01:00+00:00,2026-04-17T08:04:07+00:00,187,R0110,V0035,ST017,ST017,Almagro,Almagro,-34.588172,-58.363104,-34.588172,-58.363104,0.248,155.37,3
T0000033,2026-04-03T17:33:00+00:00,2026-04-03T17:35:10+00:00,130,R0025,V0078,ST004,ST002,Caballito,San Telmo,-34.593884,-58.383394,-34.610974,-58.389171,8.166,452.13,0
T0000034,2026-04-05T11:35:00+00:00,2026-04-05T17:08:20+00:00,20000,R0019,V0022,ST005,ST011,Almagro,Chacarita,-34.583016,-58.36633,-34.614375,-58.40349,1.12,7124.79,2
T0000035,2026-03-05T21:02:00+00:00,2026-03-05T21:07:41+00:00,341,R0042,V0065,ST016,ST021,Caballito,Retiro,-34.633031,-58.362781,-34.587639,-58.392154,4.805,391.53,80
T0000036,2026-03-21T02:59:00+00:00,2026-03-21T03:02:23+00:00,203,R0119,V0036,ST006,ST001,Villa Crespo,Recoleta,-34.635972,-58.409566,-34.610295,-58.397389,2.67,257.84,1
T0000037,2026-05-10T04:39:00+00:00,2026-05-10T04:46:34+00:00,454,R0096,V0045,ST006,ST018,Villa Crespo,Villa Crespo,-34.635972,-58.409566,-34.576118,-58.346187,4.53,420.1,1
T0000038,2026-04-28T16:31:00+00:00,2026-04-28T16:41:47+00:00,647,R0115,V0019,ST014,ST001,San Telmo,Recoleta,-34.578076,-58.40303,-34.610295,-58.397389,5.281,517.67,0
T0000039,2026-03-03T23:13:00+00:00,2026-03-03T23:14:26+00:00,86,R0045,V0076,ST003,ST011,Belgrano,Chacarita,-34.576528,-58.407896,-34.614375,-58.40349,6.07,352.91,0
T0000040,2026-03-17T09:37:00+00:00,2026-03-17T09:39:51+00:00,171,R0098,V0028,ST017,ST005,Almagro,Almagro,-34.588172,-58.363104,-34.583016,-58.36633,1.634,205.22,0
T0000041,2026-03-10T04:23:00+00:00,2026-03-10T04:26:09+00:00,189,R0060,V0071,ST008,ST023,Colegiales,Chacarita,-34.60824,-58.367253,-34.580066,-58.364739,0.705,174.35,0
T0000042,2026-05-08T23:40:00+00:00,2026-05-08T23:44:03+00:00,243,R0094,V0055,ST004,ST010,Caballito,Microcentro,-34.593884,-58.383394,-34.598502,-58.399031,4.499,345.0,3
T0000043,2026-05-09T09:59:00+00:00,2026-05-09T10:02:11+00:00,191,R0048,V0047,ST013,ST013,Recoleta,Recoleta,-34.609842,-58.376294,-34.609842,-58.376294,0.069,149.61,2
T0000044,2026-04-22T19:34:00+00:00,2026-04-22T19:39:34+00:00,334,R0114,V0052,ST015,ST008,Belgrano,Colegiales,-34.625648,-58.392026,-34.60824,-58.367253,2.69,304.5,1
T0000045,2026-05-09T00:53:00+00:00,2026-05-09T00:58:07+00:00,307,R0071,V0009,ST017,ST020,Almagro,Colegiales,-34.588172,-58.363104,-34.611329,-58.358197,2.177,274.54,2
T0000046,2026-04-09T03:27:00+00:00,2026-04-09T03:34:34+00:00,454,R0047,V0036,ST001,ST015,Recoleta,Belgrano,-34.610295,-58.397389,-34.625648,-58.392026,5.423,455.83,3
T0000047,2026-04-06T19:32:00+00:00,2026-04-06T19:35:39+00:00,219,R0102,V0014,ST003,ST019,Belgrano,Nunez,-34.576528,-58.407896,-34.591041,-58.407355,7.023,437.58,0
T0000048,2026-05-11T16:59:00+00:00,2026-05-11T17:04:19+00:00,319,R0057,V0031,ST012,ST000,Palermo,Palermo,-34.594241,-58.405192,-34.577947,-58.413815,1.938,269.16,63
T0000049,2026-03-04T07:01:00+00:00,2026-03-04T07:05:20+00:00,260,R0066,V0067,ST019,ST007,Nunez,Nunez,-34.591041,-58.407355,-34.605502,-58.409497,4.859,365.36,0
T0000050,2026-04-13T09:20:00+00:00,2026-04-13T09:27:56+00:00,476,R0060,V0026,ST018,ST008,Villa Crespo,Colegiales,-34.576118,-58.346187,-34.60824,-58.367253,1.895,322.42,61
T0000051,2026-04-16T16:09:00+00:00,2026-04-16T16:15:23+00:00,383,R0033,V0038,ST012,ST002,Palermo,San Telmo,-34.594241,-58.405192,-34.610974,-58.389171,4.206,382.28,63
T0000052,2026-05-24T20:55:00+00:00,2026-05-24T20:59:05+00:00,245,R0093,V0071,ST015,ST022,Belgrano,Microcentro,-34.625648,-58.392026,-34.632494,-58.417063,3.355,299.93,0
T0000053,2026-05-04T06:11:00+00:00,2026-05-04T06:26:36+00:00,936,R0063,V0047,ST014,ST012,San Telmo,Palermo,-34.578076,-58.40303,-34.594241,-58.405192,7.441,705.24,0
T0000054,2026-04-01T12:32:00+00:00,2026-04-01T12:34:06+00:00,126,R0002,V0063,ST002,ST009,San Telmo,Retiro,-34.610974,-58.389171,-34.570346,-58.412202,3.113,248.61,63
T0000055,2026-04-28T21:38:00+00:00,2026-04-28T21:42:30+00:00,270,R0081,V0078,ST021,ST012,Retiro,Palermo,-34.587639,-58.392154,-34.594241,-58.405192,4.023,335.4,2
T0000056,2026-05-10T21:41:00+00:00,2026-05-10T21:42:16+00:00,76,R0066,V0023,ST005,ST009,Almagro,Retiro,-34.583016,-58.36633,-34.570346,-58.412202,0.413,123.12,3
T0000057,2026-03-13T16:57:00+00:00,2026-03-13T17:02:58+00:00,358,R0025,V0068,ST020,ST019,Colegiales,Nunez,-34.611329,-58.358197,-34.591041,-58.407355,7.454,503.47,1
T0000058,2026-03-09T19:11:00+00:00,2026-03-09T19:13:12+00:00,132,R0094,V0045,ST009,ST003,Retiro,Belgrano,-34.570346,-58.412202,-34.576528,-58.407896,4.244,295.96,0
T0000059,2026-04-12T02:27:00+00:00,2026-04-12T02:30:40+00:00,220,R0027,V0070,ST016,ST009,Caballito,Retiro,-34.633031,-58.362781,-34.570346,-58.412202,4.592,340.67,0
T0000060,2026-03-31T22:51:00+00:00,2026-03-31T22:56:16+00:00,316,R0049,V0059,ST003,ST008,Belgrano,Colegiales,-34.576528,-58.407896,-34.60824,-58.367253,2.484,289.97,0
T0000061,2026-03-02T14:07:00+00:00,2026-03-02T14:10:16+00:00,196,R0052,V0063,ST009,ST005,Retiro,Almagro,-34.570346,-58.412202,-34.583016,-58.36633,5.074,351.55,0
T0000062,2026-05-05T04:17:00+00:00,2026-05-05T04:17:08+00:00,8,R0042,V0016,ST014,ST003,San Telmo,Belgrano,-34.578076,-58.40303,-34.576528,-58.407896,4.271,253.65,61
T0000063,2026-03-24T07:10:00+00:00,2026-03-24T07:13:20+00:00,200,R0058,V0050,ST005,ST008,Almagro,Colegiales,-34.583016,-58.36633,-34.60824,-58.367253,6.64,415.62,80
T0000064,2026-04-06T02:06:00+00:00,2026-04-06T02:09:16+00:00,196,R0002,V0070,ST002,ST003,San Telmo,Belgrano,-34.610974,-58.389171,-34.576528,-58.407896,4.076,311.65,0
T0000065,2026-04-26T00:07:00+00:00,2026-04-26T00:14:15+00:00,435,R0048,V0064,ST018,ST014,Villa Crespo,San Telmo,-34.576118,-58.346187,-34.578076,-58.40303,4.027,393.32,0
T0000066,2026-03-13T07:49:00+00:00,2026-03-13T07:50:34+00:00,94,R0097,V0040,ST010,ST004,Microcentro,Caballito,-34.598502,-58.399031,-34.593884,-58.383394,7.063,395.44,2
T0000067,2026-04-28T19:04:00+00:00,2026-04-28T19:11:00+00:00,420,R0081,V0028,ST003,ST006,Belgrano,Villa Crespo,-34.576528,-58.407896,-34.635972,-58.409566,5.805,459.2,3
T0000068,2026-04-10T08:12:00+00:00,2026-04-10T08:15:00+00:00,180,R0005,V0040,ST008,ST021,Colegiales,Retiro,-34.60824,-58.367253,-34.587639,-58.392154,6.456,401.23,2
T0000069,2026-04-06T12:00:00+00:00,2026-04-06T12:02:48+00:00,168,R0001,V0019,ST006,ST006,Villa Crespo,Villa Crespo,-34.635972,-58.409566,-34.635972,-58.409566,0.011,139.24,63
T0000070,2026-05-11T14:16:00+00:00,2026-05-11T14:17:56+00:00,116,R0072,V0068,ST022,ST005,Microcentro,Almagro,-34.632494,-58.417063,-34.583016,-58.36633,0.341,134.24,80
T0000071,2026-03-02T19:20:00+00:00,2026-03-02T19:25:22+00:00,322,R0039,V0014,ST022,ST018,Microcentro,Villa Crespo,-34.632494,-58.417063,-34.576118,-58.346187,7.938,510.21,0
T0000072,2026-03-15T10:25:00+00:00,2026-03-15T10:29:35+00:00,275,R0105,V0030,ST011,ST022,Chacarita,Microcentro,-34.614375,-58.40349,-34.632494,-58.417063,4.873,371.15,0
T0000073,2026-03-19T22:16:00+00:00,2026-03-19T22:17:06+00:00,66,R0063,V0062,ST006,ST020,Villa Crespo,Colegiales,-34.635972,-58.409566,-34.611329,-58.358197,2.668,209.83,1
T0000074,2026-03-26T00:57:00+00:00,2026-03-26T01:01:16+00:00,256,R0026,V0020,ST004,ST002,Caballito,San Telmo,-34.593884,-58.383394,-34.610974,-58.389171,4.864,364.14,80
T0000075,2026-04-13T03:08:00+00:00,2026-04-13T03:14:57+00:00,417,R0070,V0060,ST002,ST001,San Telmo,Recoleta,-34.610974,-58.389171,-34.610295,-58.397389,1.621,290.79,61
T0000076,2026-04-08T17:24:00+00:00,2026-04-08T17:31:38+00:00,458,R0008,V0063,ST014,ST005,San Telmo,Almagro,-34.578076,-58.40303,-34.583016,-58.36633,4.48,419.49,1
T0000077,2026-04-12T21:36:00+00:00,2026-04-12T21:39:50+00:00,230,R0035,V0055,ST000,ST007,Palermo,Nunez,-34.577947,-58.413815,-34.605502,-58.409497,6.101,404.54,80
T0000078,2026-04-27T11:59:00+00:00,2026-04-27T12:15:13+00:00,973,R0101,V0065,ST011,ST001,Chacarita,Recoleta,-34.614375,-58.40349,-34.610295,-58.397389,6.039,662.12,0
T0000079,2026-04-11T17:51:00+00:00,2026-04-11T18:03:02+00:00,722,R0035,V0027,ST000,ST020,Palermo,Colegiales,-34.577947,-58.413815,-34.611329,-58.358197,4.632,517.99,63
T0000080,2026-03-11T04:30:00+00:00,2026-03-11T04:37:47+00:00,467,R0078,V0008,ST012,ST007,Palermo,Nunez,-34.594241,-58.405192,-34.605502,-58.409497,3.581,386.7,80
T0000081,2026-05-28T11:29:00+00:00,2026-05-28T11:32:17+00:00,197,R0093,V0010,ST023,ST014,Chacarita,San Telmo,-34.580066,-58.364739,-34.578076,-58.40303,2.223,237.85,0
T0000082,2026-03-02T16:05:00+00:00,2026-03-02T16:12:13+00:00,433,R0042,V0034,ST022,ST009,Microcentro,Retiro,-34.632494,-58.417063,-34.570346,-58.412202,0.877,266.61,3
T0000083,2026-05-08T07:46:00+00:00,2026-05-08T07:48:34+00:00,154,R0025,V0073,ST020,ST017,Colegiales,Almagro,-34.611329,-58.358197,-34.588172,-58.363104,6.446,391.74,63
T0000084,2026-03-15T03:55:00+00:00,2026-03-15T04:04:51+00:00,591,R0041,V0070,ST013,ST018,Recoleta,Villa Crespo,-34.609842,-58.376294,-34.576118,-58.346187,0.529,308.0,1
T0000085,2026-04-08T16:33:00+00:00,2026-04-08T16:35:16+00:00,136,R0084,V0045,ST008,ST006,Colegiales,Villa Crespo,-34.60824,-58.367253,-34.635972,-58.409566,0.359,141.97,1
T0000086,2026-03-25T15:33:00+00:00,2026-03-25T15:41:17+00:00,497,R0021,V0014,ST015,ST013,Belgrano,Recoleta,-34.625648,-58.392026,-34.609842,-58.376294,4.739,443.51,1
T0000087,2026-03-21T05:10:00+00:00,2026-03-21T05:13:08+00:00,188,R0050,V0029,ST019,ST022,Nunez,Microcentro,-34.591041,-58.407355,-34.632494,-58.417063,8.447,483.7,3
T0000088,2026-04-24T02:33:00+00:00,2026-04-24T02:36:38+00:00,218,R0081,V0009,ST011,ST004,Chacarita,Caballito,-34.614375,-58.40349,-34.593884,-58.383394,1.69,223.91,0
T0000089,2026-05-26T05:04:00+00:00,2026-05-26T05:07:29+00:00,209,R0053,V0005,ST011,ST015,Chacarita,Belgrano,-34.614375,-58.40349,-34.625648,-58.392026,6.84,426.73,0
T0000090,2026-04-16T20:17:00+00:00,2026-04-16T20:19:56+00:00,176,R0002,V0019,ST011,ST023,Chacarita,Chacarita,-34.614375,-58.40349,-34.580066,-58.364739,1.755,211.79,0
T0000091,2026-04-18T01:10:00+00:00,2026-04-18T01:13:34+00:00,214,R0017,V0025,ST015,ST002,Belgrano,San Telmo,-34.625648,-58.392026,-34.610974,-58.389171,5.532,376.19,0
T0000092,2026-04-14T22:29:00+00:00,2026-04-15T04:02:20+00:00,20000,R0007,V0027,ST011,ST005,Chacarita,Almagro,-34.614375,-58.40349,-34.583016,-58.36633,3.079,7203.15,0
T0000093,2026-03-02T10:27:00+00:00,2026-03-02T10:29:37+00:00,157,R0096,V0051,ST001,ST013,Recoleta,Recoleta,-34.610295,-58.397389,-34.609842,-58.376294,6.734,404.3,0
T0000094,2026-05-17T06:26:00+00:00,2026-05-17T06:27:35+00:00,95,R0051,V0054,ST019,ST015,Nunez,Belgrano,-34.591041,-58.407355,-34.625648,-58.392026,7.462,411.74,61
T0000095,2026-04-14T02:58:00+00:00,2026-04-14T03:00:59+00:00,179,R0068,V0063,ST006,ST011,Villa Crespo,Chacarita,-34.635972,-58.409566,-34.614375,-58.40349,1.604,206.83,0
T0000096,2026-04-02T05:49:00+00:00,2026-04-02T05:59:21+00:00,621,R0050,V0067,ST000,ST021,Palermo,Retiro,-34.577947,-58.413815,-34.587639,-58.392154,6.934,574.73,63
T0000097,2026-04-29T18:29:00+00:00,2026-04-29T18:31:19+00:00,139,R0069,V0002,ST012,ST006,Palermo,Villa Crespo,-34.594241,-58.405192,-34.635972,-58.409566,5.189,336.19,61
T0000098,2026-05-14T19:29:00+00:00,2026-05-14T19:32:15+00:00,195,R0113,V0059,ST023,ST022,Chacarita,Microcentro,-34.580066,-58.364739,-34.632494,-58.417063,8.138,473.79,61
T0000099,2026-03-17T06:28:00+00:00,2026-03-17T06:34:35+00:00,395,R0115,V0002,ST018,ST002,Villa Crespo,San Telmo,-34.576118,-58.346187,-34.610974,-58.389171,4.292,389.93,0
T0000100,2026-04-23T00:27:00+00:00,2026-04-23T00:34:14+00:00,434,R0091,V0055,ST015,ST010,Belgrano,Microcentro,-34.625648,-58.392026,-34.598502,-58.399031,5.62,456.7,0
T0000101,2026-03-12T04:08:00+00:00,2026-03-12T04:11:18+00:00,198,R0079,V0024,ST013,ST015,Recoleta,Belgrano,-34.609842,-58.376294,-34.625648,-58.392026,3.506,289.55,0
T0000102,2026-05-19T11:05:00+00:00,2026-05-19T11:08:24+00:00,204,R0115,V0050,ST004,ST003,Caballito,Belgrano,-34.593884,-58.383394,-34.576528,-58.407896,1.07,194.21,0
T0000103,2026-05-22T17:15:00+00:00,2026-05-22T17:17:56+00:00,176,R0009,V0006,ST000,ST017,Palermo,Almagro,-34.577947,-58.413815,-34.588172,-58.363104,3.224,270.56,1
T0000104,2026-03-12T23:19:00+00:00,2026-03-12T23:21:41+00:00,161,R0036,V0063,ST004,ST021,Caballito,Retiro,-34.593884,-58.383394,-34.587639,-58.392154,2.98,255.55,0
T0000105,2026-04-03T01:21:00+00:00,2026-04-03T01:23:48+00:00,168,R0024,V0033,ST023,ST000,Chacarita,Palermo,-34.580066,-58.364739,-34.577947,-58.413815,4.033,300.11,1
T0000106,2026-04-30T14:40:00+00:00,2026-04-30T14:48:16+00:00,496,R0011,V0020,ST022,ST009,Microcentro,Retiro,-34.632494,-58.417063,-34.570346,-58.412202,2.004,333.77,80
T0000107,2026-05-24T20:04:00+00:00,2026-05-24T20:12:51+00:00,531,R0048,V0037,ST022,ST015,Microcentro,Belgrano,-34.632494,-58.417063,-34.625648,-58.392026,7.743,575.56,1
T0000108,2026-04-13T20:14:00+00:00,2026-04-13T20:17:04+00:00,184,R0005,V0075,ST004,ST012,Caballito,Palermo,-34.593884,-58.383394,-34.594241,-58.405192,1.124,189.36,61
T0000109,2026-05-12T14:32:00+00:00,2026-05-12T14:37:06+00:00,306,R0099,V0039,ST014,ST012,San Telmo,Palermo,-34.578076,-58.40303,-34.594241,-58.405192,8.492,526.79,80
T0000110,2026-03-31T11:05:00+00:00,2026-03-31T11:08:07+00:00,187,R0015,V0074,ST014,ST008,San Telmo,Colegiales,-34.578076,-58.40303,-34.60824,-58.367253,4.534,326.8,1
T0000111,2026-04-23T05:01:00+00:00,2026-04-23T05:05:26+00:00,266,R0115,V0017,ST002,ST006,San Telmo,Villa Crespo,-34.610974,-58.389171,-34.635972,-58.409566,2.411,269.56,0
T0000112,2026-04-16T02:53:00+00:00,2026-04-16T02:55:26+00:00,146,R0072,V0055,ST009,ST017,Retiro,Almagro,-34.570346,-58.412202,-34.588172,-58.363104,7.733,440.44,0
T0000113,2026-04-05T05:00:00+00:00,2026-04-05T05:03:00+00:00,180,R0107,V0049,ST023,ST022,Chacarita,Microcentro,-34.580066,-58.364739,-34.632494,-58.417063,7.521,443.84,80
T0000114,2026-03-24T12:18:00+00:00,2026-03-24T12:22:54+00:00,294,R0092,V0073,ST015,ST020,Belgrano,Colegiales,-34.625648,-58.392026,-34.611329,-58.358197,3.322,315.78,0
T0000115,2026-03-07T16:28:00+00:00,2026-03-07T16:33:10+00:00,310,R0084,V0069,ST020,ST001,Colegiales,Recoleta,-34.611329,-58.358197,-34.610295,-58.397389,1.758,258.81,0
T0000116,2026-05-11T14:56:00+00:00,2026-05-11T14:59:55+00:00,235,R0100,V0061,ST012,ST014,Palermo,San Telmo,-34.594241,-58.405192,-34.578076,-58.40303,5.6,386.26,3
T0000117,2026-05-12T14:29:00+00:00,2026-05-12T14:32:36+00:00,216,R0072,V0039,ST019,ST004,Nunez,Caballito,-34.591041,-58.407355,-34.593884,-58.383394,6.384,410.97,0
T0000118,2026-03-04T10:00:00+00:00,2026-03-04T10:01:40+00:00,100,R0037,V0058,ST022,ST016,Microcentro,Caballito,-34.632494,-58.417063,-34.633031,-58.362781,5.341,328.64,2
T0000119,2026-05-03T09:14:00+00:00,2026-05-03T09:16:53+00:00,173,R0098,V0061,ST013,ST002,Recoleta,San Telmo,-34.609842,-58.376294,-34.610974,-58.389171,2.401,236.6,1
T0000120,2026-05-14T03:24:00+00:00,2026-05-14T03:27:45+00:00,225,R0109,V0035,ST007,ST008,Nunez,Colegiales,-34.605502,-58.409497,-34.60824,-58.367253,7.781,470.01,61
T0000121,2026-03-24T11:31:00+00:00,2026-03-24T11:35:19+00:00,259,R0022,V0010,ST008,ST020,Colegiales,Colegiales,-34.60824,-58.367253,-34.611329,-58.358197,5.506,390.89,61
T0000122,2026-04-06T04:41:00+00:00,2026-04-06T04:46:29+00:00,329,R0059,V0022,ST000,ST000,Palermo,Palermo,-34.577947,-58.413815,-34.577947,-58.413815,0.381,210.39,61
T0000123,2026-05-06T17:50:00+00:00,2026-05-06T17:54:29+00:00,269,R0097,V0036,ST018,ST003,Villa Crespo,Belgrano,-34.576118,-58.346187,-34.576528,-58.407896,6.215,422.77,3
T0000124,2026-04-16T08:41:00+00:00,2026-04-16T08:46:12+00:00,312,R0119,V0016,ST009,ST016,Retiro,Caballito,-34.570346,-58.412202,-34.633031,-58.362781,6.551,451.24,61
T0000125,2026-05-13T21:56:00+00:00,2026-05-14T03:29:20+00:00,20000,R0020,V0047,ST022,ST014,Microcentro,San Telmo,-34.632494,-58.417063,-34.578076,-58.40303,5.743,7309.7,63
T0000126,2026-03-18T04:23:00+00:00,2026-03-18T04:32:49+00:00,589,R0087,V0004,ST002,ST004,San Telmo,Caballito,-34.610974,-58.389171,-34.593884,-58.383394,0.422,303.02,61
T0000127,2026-04-06T10:05:00+00:00,2026-04-06T10:08:46+00:00,226,R0046,V0041,ST000,ST005,Palermo,Almagro,-34.577947,-58.413815,-34.583016,-58.36633,3.6,303.11,2
T0000128,2026-04-30T02:03:00+00:00,2026-04-30T02:07:48+00:00,288,R0093,V0038,ST001,ST023,Recoleta,Chacarita,-34.610295,-58.397389,-34.580066,-58.364739,0.1,184.8,3
T0000129,2026-05-17T01:11:00+00:00,2026-05-17T01:35:43+00:00,1483,R0020,V0077,ST023,ST009,Chacarita,Retiro,-34.580066,-58.364739,-34.570346,-58.412202,0.294,610.8,63
T0000130,2026-03-30T02:05:00+00:00,2026-03-30T02:09:54+00:00,294,R0035,V0015,ST005,ST002,Almagro,San Telmo,-34.583016,-58.36633,-34.610974,-58.389171,4.369,357.65,0
T0000131,2026-04-17T12:04:00+00:00,2026-04-17T12:06:04+00:00,124,R0094,V0001,ST004,ST003,Caballito,Belgrano,-34.593884,-58.383394,-34.576528,-58.407896,5.182,330.68,1
T0000132,2026-03-02T10:00:00+00:00,2026-03-02T10:03:59+00:00,239,R0065,V0065,ST004,ST011,Caballito,Chacarita,-34.593884,-58.383394,-34.614375,-58.40349,1.623,228.59,0
T0000133,2026-05-12T12:34:00+00:00,2026-05-12T12:39:19+00:00,319,R0051,V0069,ST003,ST018,Belgrano,Villa Crespo,-34.576528,-58.407896,-34.576118,-58.346187,5.928,428.79,63
T0000134,2026-05-21T20:16:00+00:00,2026-05-21T20:20:49+00:00,289,R0020,V0073,ST023,ST022,Chacarita,Microcentro,-34.580066,-58.364739,-34.632494,-58.417063,1.463,239.66,0
T0000135,2026-04-15T11:15:00+00:00,2026-04-15T11:22:26+00:00,446,R0067,V0023,ST017,ST019,Almagro,Nunez,-34.588172,-58.363104,-34.591041,-58.407355,5.726,465.12,2
T0000136,2026-03-26T17:58:00+00:00,2026-03-26T18:01:08+00:00,188,R0108,V0074,ST004,ST002,Caballito,San Telmo,-34.593884,-58.383394,-34.610974,-58.389171,4.12,310.59,0
T0000137,2026-05-15T17:04:00+00:00,2026-05-15T17:07:02+00:00,182,R0017,V0062,ST009,ST020,Retiro,Colegiales,-34.570346,-58.412202,-34.611329,-58.358197,5.658,370.04,0
T0000138,2026-05-14T09:52:00+00:00,2026-05-14T09:53:58+00:00,118,R0057,V0065,ST008,ST006,Colegiales,Villa Crespo,-34.60824,-58.367253,-34.635972,-58.409566,6.785,392.69,0
T0000139,2026-05-25T03:44:00+00:00,2026-05-25T03:46:30+00:00,150,R0065,V0038,ST007,ST001,Nunez,Recoleta,-34.605502,-58.409497,-34.610295,-58.397389,3.786,283.93,3
T0000140,2026-03-10T06:33:00+00:00,2026-03-10T06:38:45+00:00,345,R0086,V0018,ST008,ST008,Colegiales,Colegiales,-34.60824,-58.367253,-34.60824,-58.367253,0.296,212.59,80
T0000141,2026-03-27T08:01:00+00:00,2026-03-27T08:09:59+00:00,539,R0022,V0038,ST003,ST004,Belgrano,Caballito,-34.576528,-58.407896,-34.593884,-58.383394,5.127,473.74,0
T0000142,2026-03-20T11:52:00+00:00,2026-03-20T11:57:32+00:00,332,R0084,V0060,ST012,ST003,Palermo,Belgrano,-34.594241,-58.405192,-34.576528,-58.407896,1.899,272.16,0
T0000143,2026-04-12T06:23:00+00:00,2026-04-12T06:27:53+00:00,293,R0059,V0006,ST023,ST003,Chacarita,Belgrano,-34.580066,-58.364739,-34.576528,-58.407896,3.976,341.61,61
T0000144,2026-05-01T16:09:00+00:00,2026-05-01T16:11:33+00:00,153,R0019,V0066,ST023,ST018,Chacarita,Villa Crespo,-34.580066,-58.364739,-34.576118,-58.346187,0.13,138.75,2
T0000145,2026-03-13T21:38:00+00:00,2026-03-13T21:40:51+00:00,171,R0097,V0056,ST004,ST009,Caballito,Retiro,-34.593884,-58.383394,-34.570346,-58.412202,4.732,329.13,0
T0000146,2026-05-21T20:51:00+00:00,2026-05-21T20:54:35+00:00,215,R0094,V0059,ST002,ST000,San Telmo,Palermo,-34.610974,-58.389171,-34.577947,-58.413815,3.187,282.74,80
T0000147,2026-03-14T21:12:00+00:00,2026-03-14T21:15:57+00:00,237,R0101,V0031,ST015,ST000,Belgrano,Palermo,-34.625648,-58.392026,-34.577947,-58.413815,4.784,354.33,0
T0000148,2026-03-17T00:45:00+00:00,2026-03-17T00:47:45+00:00,165,R0053,V0014,ST007,ST012,Nunez,Palermo,-34.605502,-58.409497,-34.594241,-58.405192,0.615,162.35,80
T0000149,2026-05-03T20:28:00+00:00,2026-05-03T20:31:46+00:00,226,R0119,V0015,ST010,ST013,Microcentro,Recoleta,-34.598502,-58.399031,-34.609842,-58.376294,8.265,489.72,0
T0000150,2026-04-25T19:37:00+00:00,2026-04-25T19:40:45+00:00,225,R0115,V0012,ST023,ST017,Chacarita,Almagro,-34.580066,-58.364739,-34.588172,-58.363104,7.021,439.58,0
T0000151,2026-04-08T11:37:00+00:00,2026-04-08T11:40:28+00:00,208,R0025,V0052,ST023,ST006,Chacarita,Villa Crespo,-34.580066,-58.364739,-34.635972,-58.409566,2.068,235.52,61
T0000152,2026-03-09T23:19:00+00:00,2026-03-09T23:21:11+00:00,131,R0086,V0055,ST009,ST008,Retiro,Colegiales,-34.570346,-58.412202,-34.60824,-58.367253,5.218,334.55,3
T0000153,2026-05-28T16:16:00+00:00,2026-05-28T16:17:25+00:00,85,R0073,V0053,ST003,ST015,Belgrano,Belgrano,-34.576528,-58.407896,-34.625648,-58.392026,1.595,173.55,0
T0000154,2026-05-07T15:02:00+00:00,2026-05-07T15:04:25+00:00,145,R0029,V0006,ST004,ST011,Caballito,Chacarita,-34.593884,-58.383394,-34.614375,-58.40349,6.573,393.65,63
T0000155,2026-03-07T20:54:00+00:00,2026-03-07T20:57:17+00:00,197,R0008,V0042,ST016,ST018,Caballito,Villa Crespo,-34.633031,-58.362781,-34.576118,-58.346187,8.207,477.23,2
T0000156,2026-05-23T08:44:00+00:00,2026-05-23T08:51:12+00:00,432,R0048,V0055,ST010,ST006,Microcentro,Villa Crespo,-34.598502,-58.399031,-34.635972,-58.409566,7.753,541.32,0
T0000157,2026-04-12T07:50:00+00:00,2026-04-12T08:06:20+00:00,980,R0104,V0060,ST006,ST015,Villa Crespo,Belgrano,-34.635972,-58.409566,-34.625648,-58.392026,7.909,739.35,0
T0000158,2026-04-25T06:36:00+00:00,2026-04-25T06:40:14+00:00,254,R0057,V0043,ST022,ST009,Microcentro,Retiro,-34.632494,-58.417063,-34.570346,-58.412202,5.198,376.81,3
T0000159,2026-03-01T20:23:00+00:00,2026-03-01T20:29:14+00:00,374,R0112,V0067,ST003,ST019,Belgrano,Nunez,-34.576528,-58.407896,-34.591041,-58.407355,6.119,455.65,1
T0000160,2026-05-29T05:46:00+00:00,2026-05-29T05:51:25+00:00,325,R0060,V0018,ST017,ST021,Almagro,Retiro,-34.588172,-58.363104,-34.587639,-58.392154,8.003,513.85,80
T0000161,2026-04-29T19:28:00+00:00,2026-04-29T19:28:12+00:00,12,R0040,V0061,ST023,ST008,Chacarita,Colegiales,-34.580066,-58.364739,-34.60824,-58.367253,2.273,175.11,80
T0000162,2026-04-16T16:14:00+00:00,2026-04-16T16:15:30+00:00,90,R0098,V0070,ST015,ST011,Belgrano,Chacarita,-34.625648,-58.392026,-34.614375,-58.40349,3.443,249.24,1
T0000163,2026-05-26T19:30:00+00:00,2026-05-26T19:34:45+00:00,285,R0091,V0028,ST013,ST015,Recoleta,Belgrano,-34.609842,-58.376294,-34.625648,-58.392026,3.321,312.59,61
T0000164,2026-04-18T08:16:00+00:00,2026-04-18T08:19:06+00:00,186,R0030,V0028,ST017,ST014,Almagro,San Telmo,-34.588172,-58.363104,-34.578076,-58.40303,2.391,240.75,2
T0000165,2026-03-09T20:43:00+00:00,2026-03-09T20:51:45+00:00,525,R0076,V0072,ST020,ST016,Colegiales,Caballito,-34.611329,-58.358197,-34.633031,-58.362781,1.056,306.0,3
T0000166,2026-04-11T20:38:00+00:00,2026-04-11T20:41:06+00:00,186,R0036,V0034,ST022,ST007,Microcentro,Nunez,-34.632494,-58.417063,-34.605502,-58.409497,5.117,349.79,63
T0000167,2026-03-31T18:34:00+00:00,2026-03-31T18:37:05+00:00,185,R0029,V0069,ST003,ST004,Belgrano,Caballito,-34.576528,-58.407896,-34.593884,-58.383394,6.7,412.75,2
T0000168,2026-05-21T11:33:00+00:00,2026-05-21T11:35:48+00:00,168,R0114,V0058,ST021,ST014,Retiro,San Telmo,-34.587639,-58.392154,-34.578076,-58.40303,7.276,429.82,0
T0000169,2026-05-22T06:45:00+00:00,2026-05-22T06:57:51+00:00,771,R0102,V0032,ST023,ST007,Chacarita,Nunez,-34.580066,-58.364739,-34.605502,-58.409497,1.608,414.18,63
T0000170,2026-04-23T09:42:00+00:00,2026-04-23T09:48:09+00:00,369,R0076,V0052,ST007,ST001,Nunez,Recoleta,-34.605502,-58.409497,-34.610295,-58.397389,2.263,299.69,0
T0000171,2026-04-16T12:53:00+00:00,2026-04-16T12:56:49+00:00,229,R0109,V0048,ST004,ST014,Caballito,San Telmo,-34.593884,-58.383394,-34.578076,-58.40303,0.394,175.9,0
T0000172,2026-05-16T02:33:00+00:00,2026-05-16T02:38:26+00:00,326,R0109,V0029,ST005,ST006,Almagro,Villa Crespo,-34.583016,-58.36633,-34.635972,-58.409566,4.9,390.1,80
T0000173,2026-05-24T06:32:00+00:00,2026-05-24T06:36:03+00:00,243,R0089,V0028,ST002,ST007,San Telmo,Nunez,-34.610974,-58.389171,-34.605502,-58.409497,5.364,379.61,0
T0000174,2026-04-02T07:55:00+00:00,2026-04-02T07:58:22+00:00,202,R0074,V0060,ST022,ST008,Microcentro,Colegiales,-34.632494,-58.417063,-34.60824,-58.367253,4.809,343.05,0
T0000175,2026-03-09T07:37:00+00:00,2026-03-09T07:46:20+00:00,560,R0112,V0075,ST003,ST002,Belgrano,San Telmo,-34.576528,-58.407896,-34.610974,-58.389171,3.958,434.31,0
T0000176,2026-05-17T00:29:00+00:00,2026-05-17T00:31:17+00:00,137,R0001,V0000,ST008,ST003,Colegiales,Belgrano,-34.60824,-58.367253,-34.576528,-58.407896,6.406,384.21,61
T0000177,2026-03-16T22:45:00+00:00,2026-03-16T22:49:02+00:00,242,R0043,V0026,ST003,ST000,Belgrano,Palermo,-34.576528,-58.407896,-34.577947,-58.413815,6.258,415.0,0
T0000178,2026-05-25T17:28:00+00:00,2026-05-25T17:29:38+00:00,98,R0009,V0020,ST018,ST010,Villa Crespo,Microcentro,-34.576118,-58.346187,-34.598502,-58.399031,6.491,373.95,63
T0000179,2026-05-10T21:22:00+00:00,2026-05-10T21:25:15+00:00,195,R0110,V0021,ST010,ST009,Microcentro,Retiro,-34.598502,-58.399031,-34.570346,-58.412202,4.604,332.4,61
T0000180,2026-04-13T14:33:00+00:00,2026-04-13T14:38:33+00:00,333,R0016,V0026,ST019,ST022,Nunez,Microcentro,-34.591041,-58.407355,-34.632494,-58.417063,4.129,361.71,0
T0000181,2026-05-09T13:24:00+00:00,2026-05-09T13:27:54+00:00,234,R0043,V0030,ST010,ST022,Microcentro,Microcentro,-34.598502,-58.399031,-34.632494,-58.417063,0.444,179.65,80
T0000182,2026-05-09T02:42:00+00:00,2026-05-09T02:45:16+00:00,196,R0032,V0039,ST012,ST022,Palermo,Microcentro,-34.594241,-58.405192,-34.632494,-58.417063,5.758,378.93,80
T0000183,2026-03-27T15:47:00+00:00,2026-03-27T15:51:35+00:00,275,R0052,V0014,ST011,ST020,Chacarita,Colegiales,-34.614375,-58.40349,-34.611329,-58.358197,8.401,512.29,0
T0000184,2026-03-30T22:55:00+00:00,2026-03-30T22:57:52+00:00,172,R0028,V0079,ST005,ST000,Almagro,Palermo,-34.583016,-58.36633,-34.577947,-58.413815,3.224,269.16,0
T0000185,2026-05-01T10:03:00+00:00,2026-05-01T10:09:46+00:00,406,R0041,V0013,ST015,ST017,Belgrano,Almagro,-34.625648,-58.392026,-34.588172,-58.363104,2.939,339.66,2
T0000186,2026-05-17T14:44:00+00:00,2026-05-17T14:45:10+00:00,70,R0070,V0043,ST001,ST007,Recoleta,Nunez,-34.610295,-58.397389,-34.605502,-58.409497,0.575,127.5,0
T0000187,2026-03-28T00:51:00+00:00,2026-03-28T00:52:42+00:00,102,R0058,V0034,ST000,ST012,Palermo,Palermo,-34.577947,-58.413815,-34.594241,-58.405192,4.18,282.91,0
T0000188,2026-03-12T06:45:00+00:00,2026-03-12T06:48:37+00:00,217,R0022,V0027,ST006,ST004,Villa Crespo,Caballito,-34.635972,-58.409566,-34.593884,-58.383394,2.398,251.89,0
T0000189,2026-05-14T04:40:00+00:00,2026-05-14T04:47:15+00:00,435,R0034,V0019,ST023,ST002,Chacarita,San Telmo,-34.580066,-58.364739,-34.610974,-58.389171,1.591,295.91,63
T0000190,2026-03-01T11:03:00+00:00,2026-03-01T11:10:11+00:00,431,R0007,V0018,ST019,ST007,Nunez,Nunez,-34.591041,-58.407355,-34.605502,-58.409497,3.782,382.12,2
T0000191,2026-05-29T15:14:00+00:00,2026-05-29T15:21:53+00:00,473,R0113,V0073,ST019,ST022,Nunez,Microcentro,-34.591041,-58.407355,-34.632494,-58.417063,5.906,481.8,63
T0000192,2026-04-15T09:48:00+00:00,2026-04-15T09:52:29+00:00,269,R0074,V0006,ST018,ST011,Villa Crespo,Chacarita,-34.576118,-58.346187,-34.614375,-58.40349,0.411,190.6,3
T0000193,2026-05-06T08:29:00+00:00,2026-05-06T08:33:51+00:00,291,R0115,V0006,ST005,ST009,Almagro,Retiro,-34.583016,-58.36633,-34.570346,-58.412202,2.897,297.75,2
T0000194,2026-03-10T20:05:00+00:00,2026-03-10T20:08:15+00:00,195,R0111,V0033,ST019,ST007,Nunez,Nunez,-34.591041,-58.407355,-34.605502,-58.409497,4.014,308.82,0
T0000195,2026-04-20T20:39:00+00:00,2026-04-20T20:45:06+00:00,366,R0080,V0014,ST009,ST018,Retiro,Villa Crespo,-34.570346,-58.412202,-34.576118,-58.346187,4.501,388.14,63
T0000196,2026-03-26T22:24:00+00:00,2026-03-26T22:28:35+00:00,275,R0008,V0006,ST003,ST015,Belgrano,Belgrano,-34.576528,-58.407896,-34.625648,-58.392026,0.1,180.25,80
T0000197,2026-05-06T10:18:00+00:00,2026-05-06T10:25:59+00:00,479,R0053,V0018,ST010,ST010,Microcentro,Microcentro,-34.598502,-58.399031,-34.598502,-58.399031,0.329,260.81,63
T0000198,2026-03-29T14:09:00+00:00,2026-03-29T14:18:59+00:00,599,R0093,V0063,ST001,ST003,Recoleta,Belgrano,-34.610295,-58.397389,-34.576528,-58.407896,4.379,464.79,0
T0000199,2026-04-29T19:48:00+00:00,2026-04-29T19:55:57+00:00,477,R0015,V0059,ST019,ST003,Nunez,Belgrano,-34.591041,-58.407355,-34.576528,-58.407896,0.34,260.54,0
T0000200,2026-04-05T10:19:00+00:00,2026-04-05T10:20:49+00:00,109,R0032,V0059,ST019,ST016,Nunez,Caballito,-34.591041,-58.407355,-34.633031,-58.362781,7.354,412.3,0
T0000201,2026-04-14T23:26:00+00:00,2026-04-14T23:28:39+00:00,159,R0034,V0033,ST013,ST023,Recoleta,Chacarita,-34.609842,-58.376294,-34.580066,-58.364739,0.749,165.63,80
T0000202,2026-04-07T11:10:00+00:00,2026-04-07T11:13:17+00:00,197,R0030,V0070,ST014,ST021,San Telmo,Retiro,-34.578076,-58.40303,-34.587639,-58.392154,6.362,403.45,3
T0000203,2026-05-29T15:05:00+00:00,2026-05-29T15:13:18+00:00,498,R0082,V0038,ST015,ST019,Belgrano,Nunez,-34.625648,-58.392026,-34.591041,-58.407355,6.638,519.8,0
T0000204,2026-03-23T04:32:00+00:00,2026-03-23T04:39:54+00:00,474,R0080,V0059,ST006,ST011,Villa Crespo,Chacarita,-34.635972,-58.409566,-34.614375,-58.40349,5.821,478.72,63
T0000205,2026-04-10T15:12:00+00:00,2026-04-10T15:16:31+00:00,271,R0074,V0053,ST011,ST016,Chacarita,Caballito,-34.614375,-58.40349,-34.633031,-58.362781,0.1,178.85,0
T0000206,2026-04-20T13:48:00+00:00,2026-04-20T13:49:32+00:00,92,R0009,V0032,ST005,ST009,Almagro,Retiro,-34.583016,-58.36633,-34.570346,-58.412202,7.279,403.37,0
T0000207,2026-05-29T04:38:00+00:00,2026-05-29T04:40:42+00:00,162,R0024,V0051,ST004,ST000,Caballito,Palermo,-34.593884,-58.383394,-34.577947,-58.413815,4.977,335.79,2
T0000208,2026-04-23T13:12:00+00:00,2026-04-23T13:14:45+00:00,165,R0111,V0060,ST022,ST021,Microcentro,Retiro,-34.632494,-58.417063,-34.587639,-58.392154,5.398,353.68,3
T0000209,2026-05-24T23:22:00+00:00,2026-05-24T23:25:25+00:00,205,R0067,V0028,ST022,ST001,Microcentro,Recoleta,-34.632494,-58.417063,-34.610295,-58.397389,4.447,329.65,63
T0000210,2026-03-15T07:24:00+00:00,2026-03-15T07:26:09+00:00,129,R0054,V0059,ST018,ST004,Villa Crespo,Caballito,-34.576118,-58.346187,-34.593884,-58.383394,1.206,173.39,2
T0000211,2026-05-23T22:41:00+00:00,2026-05-23T22:45:08+00:00,248,R0007,V0074,ST021,ST018,Retiro,Villa Crespo,-34.587639,-58.392154,-34.576118,-58.346187,1.063,209.31,0
T0000212,2026-03-27T04:53:00+00:00,2026-03-27T04:54:13+00:00,73,R0074,V0023,ST005,ST019,Almagro,Nunez,-34.583016,-58.36633,-34.591041,-58.407355,5.916,342.19,2
T0000213,2026-05-09T01:36:00+00:00,2026-05-09T01:42:45+00:00,405,R0008,V0067,ST019,ST001,Nunez,Recoleta,-34.591041,-58.407355,-34.610295,-58.397389,3.842,375.42,3
T0000214,2026-04-09T01:38:00+00:00,2026-04-09T01:40:03+00:00,123,R0090,V0067,ST015,ST001,Belgrano,Recoleta,-34.625648,-58.392026,-34.610295,-58.397389,6.627,388.13,1
T0000215,2026-03-01T13:18:00+00:00,2026-03-01T13:20:09+00:00,129,R0067,V0023,ST000,ST013,Palermo,Recoleta,-34.577947,-58.413815,-34.609842,-58.376294,4.94,322.77,0
T0000216,2026-05-04T00:48:00+00:00,2026-05-04T00:48:08+00:00,8,R0042,V0071,ST022,ST008,Microcentro,Colegiales,-34.632494,-58.417063,-34.60824,-58.367253,1.395,138.61,2
T0000217,2026-05-15T10:20:00+00:00,2026-05-15T10:24:42+00:00,282,R0004,V0014,ST002,ST015,San Telmo,Belgrano,-34.610974,-58.389171,-34.625648,-58.392026,3.542,320.36,80
T0000218,2026-03-07T07:31:00+00:00,2026-03-07T07:39:07+00:00,487,R0064,V0071,ST011,ST021,Chacarita,Retiro,-34.614375,-58.40349,-34.587639,-58.392154,3.829,403.63,0
T0000219,2026-03-28T12:08:00+00:00,2026-03-28T12:12:17+00:00,257,R0070,V0048,ST015,ST021,Belgrano,Retiro,-34.625648,-58.392026,-34.587639,-58.392154,0.1,173.95,63
T0000220,2026-05-07T06:21:00+00:00,2026-05-07T06:24:04+00:00,184,R0109,V0015,ST000,ST000,Palermo,Palermo,-34.577947,-58.413815,-34.577947,-58.413815,0.28,155.6,80
T0000221,2026-03-20T00:06:00+00:00,2026-03-20T00:07:12+00:00,72,R0057,V0015,ST002,ST015,San Telmo,Belgrano,-34.610974,-58.389171,-34.625648,-58.392026,0.546,127.03,63
T0000222,2026-03-21T08:42:00+00:00,2026-03-21T08:44:28+00:00,148,R0101,V0004,ST000,ST003,Palermo,Belgrano,-34.577947,-58.413815,-34.576528,-58.407896,6.236,381.24,1
T0000223,2026-04-10T23:01:00+00:00,2026-04-10T23:13:51+00:00,771,R0031,V0028,ST023,ST007,Chacarita,Nunez,-34.580066,-58.364739,-34.605502,-58.409497,5.183,557.17,0
T0000224,2026-03-10T22:31:00+00:00,2026-03-10T22:38:56+00:00,476,R0013,V0006,ST018,ST019,Villa Crespo,Nunez,-34.576118,-58.346187,-34.591041,-58.407355,2.428,343.73,2
T0000225,2026-05-23T04:48:00+00:00,2026-05-23T04:48:08+00:00,8,R0007,V0051,ST006,ST004,Villa Crespo,Caballito,-34.635972,-58.409566,-34.593884,-58.383394,3.011,203.23,80
T0000226,2026-04-16T23:00:00+00:00,2026-04-16T23:04:55+00:00,295,R0094,V0052,ST020,ST002,Colegiales,San Telmo,-34.611329,-58.358197,-34.610974,-58.389171,5.306,395.49,2
T0000227,2026-05-26T19:41:00+00:00,2026-05-26T19:50:07+00:00,547,R0074,V0012,ST004,ST010,Caballito,Microcentro,-34.593884,-58.383394,-34.598502,-58.399031,1.566,334.07,0
T0000228,2026-05-22T23:46:00+00:00,2026-05-22T23:51:10+00:00,310,R0077,V0034,ST001,ST004,Recoleta,Caballito,-34.610295,-58.397389,-34.593884,-58.383394,4.873,383.4,1
T0000229,2026-03-09T23:33:00+00:00,2026-03-09T23:35:05+00:00,125,R0093,V0016,ST003,ST012,Belgrano,Palermo,-34.576528,-58.407896,-34.594241,-58.405192,8.112,448.22,0
T0000230,2026-05-10T19:07:00+00:00,2026-05-10T19:12:03+00:00,303,R0105,V0055,ST012,ST021,Palermo,Retiro,-34.594241,-58.405192,-34.587639,-58.392154,1.469,244.8,0
T0000231,2026-04-14T20:02:00+00:00,2026-04-14T20:06:43+00:00,283,R0082,V0021,ST011,ST015,Chacarita,Belgrano,-34.614375,-58.40349,-34.625648,-58.392026,7.707,487.34,80
T0000232,2026-03-11T10:05:00+00:00,2026-03-11T10:08:13+00:00,193,R0026,V0007,ST005,ST014,Almagro,San Telmo,-34.583016,-58.36633,-34.578076,-58.40303,7.68,454.73,3
T0000233,2026-05-12T01:17:00+00:00,2026-05-12T01:19:54+00:00,174,R0104,V0001,ST002,ST015,San Telmo,Belgrano,-34.610974,-58.389171,-34.625648,-58.392026,4.438,318.41,0
T0000234,2026-04-13T17:32:00+00:00,2026-04-13T17:34:07+00:00,127,R0002,V0044,ST010,ST023,Microcentro,Chacarita,-34.598502,-58.399031,-34.580066,-58.364739,3.987,283.91,0
T0000235,2026-03-22T21:25:00+00:00,2026-03-22T21:27:21+00:00,141,R0096,V0045,ST014,ST022,San Telmo,Microcentro,-34.578076,-58.40303,-34.632494,-58.417063,1.72,198.15,61
T0000236,2026-03-28T05:41:00+00:00,2026-03-28T05:47:54+00:00,414,R0016,V0033,ST003,ST001,Belgrano,Recoleta,-34.576528,-58.407896,-34.610295,-58.397389,2.78,336.11,80
T0000237,2026-03-20T12:48:00+00:00,2026-03-20T12:51:39+00:00,219,R0113,V0025,ST001,ST006,Recoleta,Villa Crespo,-34.610295,-58.397389,-34.635972,-58.409566,4.153,322.77,2
T0000238,2026-04-29T22:59:00+00:00,2026-04-29T23:05:12+00:00,372,R0078,V0031,ST005,ST015,Almagro,Belgrano,-34.583016,-58.36633,-34.625648,-58.392026,4.882,405.49,0
T0000239,2026-05-01T20:20:00+00:00,2026-05-01T20:27:24+00:00,444,R0075,V0003,ST021,ST013,Retiro,Recoleta,-34.587639,-58.392154,-34.609842,-58.376294,3.934,392.76,1
T0000240,2026-04-13T13:37:00+00:00,2026-04-13T13:40:58+00:00,238,R0037,V0020,ST019,ST008,Nunez,Colegiales,-34.591041,-58.407355,-34.60824,-58.367253,4.837,356.77,80
T0000241,2026-05-01T02:01:00+00:00,2026-05-01T02:04:02+00:00,182,R0076,V0004,ST013,ST001,Recoleta,Recoleta,-34.609842,-58.376294,-34.610295,-58.397389,6.732,412.98,0
T0000242,2026-04-12T14:22:00+00:00,2026-04-12T14:24:19+00:00,139,R0010,V0044,ST011,ST023,Chacarita,Chacarita,-34.614375,-58.40349,-34.580066,-58.364739,3.183,255.96,0
T0000243,2026-05-16T21:00:00+00:00,2026-05-16T21:01:06+00:00,66,R0076,V0041,ST018,ST013,Villa Crespo,Recoleta,-34.576118,-58.346187,-34.609842,-58.376294,4.564,285.66,2
T0000244,2026-03-31T06:35:00+00:00,2026-03-31T06:38:03+00:00,183,R0073,V0068,ST012,ST013,Palermo,Recoleta,-34.594241,-58.405192,-34.609842,-58.376294,8.228,473.16,61
T0000245,2026-04-29T09:14:00+00:00,2026-04-29T09:21:58+00:00,478,R0081,V0014,ST021,ST011,Retiro,Chacarita,-34.587639,-58.392154,-34.614375,-58.40349,7.542,548.97,0
T0000246,2026-03-03T10:14:00+00:00,2026-03-03T10:18:32+00:00,272,R0021,V0060,ST004,ST016,Caballito,Caballito,-34.593884,-58.383394,-34.633031,-58.362781,4.01,335.61,2
T0000247,2026-05-16T16:36:00+00:00,2026-05-16T16:38:59+00:00,179,R0085,V0008,ST020,ST015,Colegiales,Belgrano,-34.611329,-58.358197,-34.625648,-58.392026,7.382,437.94,0
T0000248,2026-05-02T00:33:00+00:00,2026-05-02T00:34:50+00:00,110,R0076,V0053,ST023,ST016,Chacarita,Caballito,-34.580066,-58.364739,-34.633031,-58.362781,4.45,296.5,0
T0000249,2026-03-23T08:06:00+00:00,2026-03-23T08:14:02+00:00,482,R0046,V0019,ST009,ST015,Retiro,Belgrano,-34.570346,-58.412202,-34.625648,-58.392026,2.173,335.64,80
T0000250,2026-03-15T04:08:00+00:00,2026-03-15T04:20:33+00:00,753,R0105,V0043,ST012,ST011,Palermo,Chacarita,-34.594241,-58.405192,-34.614375,-58.40349,4.568,526.27,0
T0000251,2026-05-13T01:37:00+00:00,2026-05-13T01:40:53+00:00,233,R0046,V0040,ST007,ST017,Nunez,Almagro,-34.605502,-58.409497,-34.588172,-58.363104,5.679,388.72,63
T0000252,2026-05-19T20:09:00+00:00,2026-05-19T20:21:55+00:00,775,R0020,V0026,ST008,ST022,Colegiales,Microcentro,-34.60824,-58.367253,-34.632494,-58.417063,3.437,488.71,0
T0000253,2026-04-26T21:28:00+00:00,2026-04-26T21:30:51+00:00,171,R0072,V0053,ST002,ST021,San Telmo,Retiro,-34.610974,-58.389171,-34.587639,-58.392154,3.012,260.33,1
T0000254,2026-03-25T14:01:00+00:00,2026-03-25T14:18:01+00:00,1021,R0082,V0072,ST001,ST013,Recoleta,Recoleta,-34.610295,-58.397389,-34.609842,-58.376294,1.176,484.41,0
T0000255,2026-03-30T04:58:00+00:00,2026-03-30T05:00:45+00:00,165,R0111,V0013,ST016,ST001,Caballito,Recoleta,-34.633031,-58.362781,-34.610295,-58.397389,2.66,244.13,0
T0000256,2026-04-10T02:16:00+00:00,2026-04-10T02:26:03+00:00,603,R0055,V0034,ST006,ST001,Villa Crespo,Recoleta,-34.635972,-58.409566,-34.610295,-58.397389,5.337,504.52,1
T0000257,2026-03-19T16:58:00+00:00,2026-03-19T17:03:49+00:00,349,R0053,V0053,ST010,ST008,Microcentro,Colegiales,-34.598502,-58.399031,-34.60824,-58.367253,4.111,366.61,0
T0000258,2026-04-30T04:14:00+00:00,2026-04-30T04:14:12+00:00,12,R0069,V0067,ST009,ST001,Retiro,Recoleta,-34.570346,-58.412202,-34.610295,-58.397389,5.76,314.6,2
T0000259,2026-05-12T04:45:00+00:00,2026-05-12T04:54:55+00:00,595,R0038,V0004,ST001,ST020,Recoleta,Colegiales,-34.610295,-58.397389,-34.611329,-58.358197,3.09,411.85,3
T0000260,2026-04-23T17:58:00+00:00,2026-04-23T17:59:17+00:00,77,R0044,V0023,ST005,ST010,Almagro,Microcentro,-34.583016,-58.36633,-34.598502,-58.399031,7.234,396.3,1
T0000261,2026-05-07T08:28:00+00:00,2026-05-07T08:34:46+00:00,406,R0089,V0054,ST018,ST008,Villa Crespo,Colegiales,-34.576118,-58.346187,-34.60824,-58.367253,8.192,549.78,1
T0000262,2026-05-26T23:39:00+00:00,2026-05-26T23:43:30+00:00,270,R0028,V0018,ST008,ST021,Colegiales,Retiro,-34.60824,-58.367253,-34.587639,-58.392154,5.667,401.18,0
T0000263,2026-05-13T20:25:00+00:00,2026-05-13T20:30:40+00:00,340,R0102,V0070,ST016,ST020,Caballito,Colegiales,-34.633031,-58.362781,-34.611329,-58.358197,0.873,233.92,61
T0000264,2026-03-15T03:00:00+00:00,2026-03-15T03:02:12+00:00,132,R0102,V0043,ST021,ST006,Retiro,Villa Crespo,-34.587639,-58.392154,-34.635972,-58.409566,7.337,419.68,63
T0000265,2026-05-13T17:31:00+00:00,2026-05-13T17:34:34+00:00,214,R0014,V0027,ST007,ST018,Nunez,Villa Crespo,-34.605502,-58.409497,-34.576118,-58.346187,5.4,370.9,2
T0000266,2026-04-11T03:08:00+00:00,2026-04-11T03:11:36+00:00,216,R0070,V0044,ST016,ST020,Caballito,Colegiales,-34.633031,-58.362781,-34.611329,-58.358197,1.996,235.46,0
T0000267,2026-03-23T08:29:00+00:00,2026-03-23T08:33:31+00:00,271,R0047,V0035,ST006,ST011,Villa Crespo,Chacarita,-34.635972,-58.409566,-34.614375,-58.40349,2.823,287.76,0
T0000268,2026-04-24T01:26:00+00:00,2026-04-24T01:28:10+00:00,130,R0116,V0065,ST019,ST020,Nunez,Colegiales,-34.591041,-58.407355,-34.611329,-58.358197,3.175,252.5,2
T0000269,2026-05-13T20:51:00+00:00,2026-05-13T20:53:40+00:00,160,R0062,V0057,ST019,ST003,Nunez,Belgrano,-34.591041,-58.407355,-34.576528,-58.407896,8.481,475.25,2
T0000270,2026-04-25T17:09:00+00:00,2026-04-25T17:15:13+00:00,373,R0048,V0074,ST020,ST011,Colegiales,Chacarita,-34.611329,-58.358197,-34.614375,-58.40349,1.576,273.59,80
T0000271,2026-05-03T05:33:00+00:00,2026-05-03T05:45:15+00:00,735,R0103,V0040,ST004,ST015,Caballito,Belgrano,-34.593884,-58.383394,-34.625648,-58.392026,7.088,620.76,80
T0000272,2026-04-01T18:37:00+00:00,2026-04-01T18:39:09+00:00,129,R0014,V0072,ST015,ST016,Belgrano,Caballito,-34.625648,-58.392026,-34.633031,-58.362781,2.871,239.98,3
T0000273,2026-04-23T16:50:00+00:00,2026-04-23T16:53:33+00:00,213,R0069,V0034,ST004,ST008,Caballito,Colegiales,-34.593884,-58.383394,-34.60824,-58.367253,1.775,225.53,1
T0000274,2026-03-27T01:26:00+00:00,2026-03-27T01:35:10+00:00,550,R0082,V0078,ST002,ST010,San Telmo,Microcentro,-34.610974,-58.389171,-34.598502,-58.399031,2.379,367.68,0
T0000275,2026-04-16T09:08:00+00:00,2026-04-16T09:13:24+00:00,324,R0049,V0028,ST018,ST016,Villa Crespo,Caballito,-34.576118,-58.346187,-34.633031,-58.362781,6.658,459.71,80
T0000276,2026-03-06T14:29:00+00:00,2026-03-06T14:33:51+00:00,291,R0042,V0033,ST000,ST012,Palermo,Palermo,-34.577947,-58.413815,-34.594241,-58.405192,5.774,412.83,2
T0000277,2026-05-25T02:47:00+00:00,2026-05-25T02:49:52+00:00,172,R0028,V0079,ST020,ST008,Colegiales,Colegiales,-34.611329,-58.358197,-34.60824,-58.367253,6.858,414.54,61
T0000278,2026-03-21T08:13:00+00:00,2026-03-21T08:26:58+00:00,838,R0050,V0072,ST001,ST002,Recoleta,San Telmo,-34.610295,-58.397389,-34.610974,-58.389171,3.36,507.72,3
T0000279,2026-04-26T01:09:00+00:00,2026-04-26T01:11:57+00:00,177,R0052,V0037,ST010,ST003,Microcentro,Belgrano,-34.598502,-58.399031,-34.576528,-58.407896,5.449,359.9,0
T0000280,2026-04-22T18:07:00+00:00,2026-04-22T18:10:36+00:00,216,R0015,V0070,ST013,ST020,Recoleta,Colegiales,-34.609842,-58.376294,-34.611329,-58.358197,7.711,464.04,0
T0000281,2026-03-30T22:08:00+00:00,2026-03-30T22:28:04+00:00,1204,R0028,V0037,ST014,ST006,San Telmo,Villa Crespo,-34.578076,-58.40303,-34.635972,-58.409566,2.017,582.08,0
T0000282,2026-03-25T18:42:00+00:00,2026-03-25T18:50:02+00:00,482,R0019,V0009,ST022,ST000,Microcentro,Palermo,-34.632494,-58.417063,-34.577947,-58.413815,2.527,349.79,0
T0000283,2026-03-15T03:24:00+00:00,2026-03-15T03:32:12+00:00,492,R0018,V0077,ST005,ST009,Almagro,Retiro,-34.583016,-58.36633,-34.570346,-58.412202,1.131,297.44,0
T0000284,2026-03-25T23:45:00+00:00,2026-03-25T23:49:00+00:00,240,R0032,V0070,ST010,ST021,Microcentro,Retiro,-34.598502,-58.399031,-34.587639,-58.392154,8.432,501.28,1
T0000285,2026-05-06T17:55:00+00:00,2026-05-06T17:57:57+00:00,177,R0027,V0039,ST004,ST001,Caballito,Recoleta,-34.593884,-58.383394,-34.610295,-58.397389,4.213,310.49,63
T0000286,2026-05-27T17:18:00+00:00,2026-05-27T17:19:06+00:00,66,R0069,V0045,ST004,ST000,Caballito,Palermo,-34.593884,-58.383394,-34.577947,-58.413815,4.022,263.97,61
T0000287,2026-03-05T14:49:00+00:00,2026-03-05T14:51:04+00:00,124,R0050,V0030,ST007,ST008,Nunez,Colegiales,-34.605502,-58.409497,-34.60824,-58.367253,8.265,454.01,0
T0000288,2026-04-22T07:54:00+00:00,2026-04-22T07:55:49+00:00,109,R0027,V0008,ST003,ST004,Belgrano,Caballito,-34.576528,-58.407896,-34.593884,-58.383394,5.146,324.01,3
T0000289,2026-05-28T09:08:00+00:00,2026-05-28T09:12:39+00:00,279,R0037,V0040,ST004,ST012,Caballito,Palermo,-34.593884,-58.383394,-34.594241,-58.405192,5.995,417.46,61
T0000290,2026-04-21T09:19:00+00:00,2026-04-21T09:23:54+00:00,294,R0045,V0046,ST008,ST003,Colegiales,Belgrano,-34.60824,-58.367253,-34.576528,-58.407896,6.481,442.13,63
T0000291,2026-05-05T20:56:00+00:00,2026-05-05T21:01:01+00:00,301,R0056,V0011,ST012,ST021,Palermo,Retiro,-34.594241,-58.405192,-34.587639,-58.392154,3.591,328.99,0
T0000292,2026-05-28T00:19:00+00:00,2026-05-28T00:21:58+00:00,178,R0046,V0029,ST010,ST015,Microcentro,Belgrano,-34.598502,-58.399031,-34.625648,-58.392026,3.743,292.01,0
T0000293,2026-03-17T22:01:00+00:00,2026-03-17T22:04:10+00:00,190,R0019,V0034,ST012,ST006,Palermo,Villa Crespo,-34.594241,-58.405192,-34.635972,-58.409566,3.18,273.7,3
T0000294,2026-03-14T01:47:00+00:00,2026-03-14T01:50:16+00:00,196,R0008,V0051,ST006,ST018,Villa Crespo,Villa Crespo,-34.635972,-58.409566,-34.576118,-58.346187,7.849,462.55,61
T0000295,2026-03-25T18:14:00+00:00,2026-03-25T18:15:48+00:00,108,R0058,V0024,ST001,ST020,Recoleta,Colegiales,-34.610295,-58.397389,-34.611329,-58.358197,2.271,208.62,0
T0000296,2026-03-11T01:58:00+00:00,2026-03-11T02:01:31+00:00,211,R0117,V0016,ST015,ST022,Belgrano,Microcentro,-34.625648,-58.392026,-34.632494,-58.417063,0.773,184.76,0
T0000297,2026-05-05T06:29:00+00:00,2026-05-05T06:31:04+00:00,124,R0056,V0058,ST015,ST001,Belgrano,Recoleta,-34.625648,-58.392026,-34.610295,-58.397389,6.143,369.12,80
T0000298,2026-03-01T08:55:00+00:00,2026-03-01T09:00:03+00:00,303,R0025,V0037,ST017,ST020,Almagro,Colegiales,-34.588172,-58.363104,-34.611329,-58.358197,7.294,477.81,63
T0000299,2026-05-09T17:56:00+00:00,2026-05-09T17:57:54+00:00,114,R0072,V0075,ST006,ST015,Villa Crespo,Belgrano,-34.635972,-58.409566,-34.625648,-58.392026,3.339,253.45,0
T0000300,2026-04-07T19:17:00+00:00,2026-04-07T19:20:29+00:00,209,R0059,V0062,ST019,ST019,Nunez,Nunez,-34.591041,-58.407355,-34.591041,-58.407355,0.39,168.75,2
T0000301,2026-03-17T02:21:00+00:00,2026-03-17T02:22:40+00:00,100,R0049,V0075,ST011,ST003,Chacarita,Belgrano,-34.614375,-58.40349,-34.576528,-58.407896,4.374,289.98,2
T0000302,2026-04-01T20:28:00+00:00,2026-04-01T20:50:58+00:00,1378,R0109,V0037,ST002,ST001,San Telmo,Recoleta,-34.610974,-58.389171,-34.610295,-58.397389,7.619,867.06,63
T0000303,2026-05-21T12:58:00+00:00,2026-05-21T13:00:08+00:00,128,R0117,V0002,ST002,ST010,San Telmo,Microcentro,-34.610974,-58.389171,-34.598502,-58.399031,3.82,277.6,0
T0000304,2026-05-17T00:50:00+00:00,2026-05-17T00:50:49+00:00,49,R0074,V0066,ST014,ST017,San Telmo,Almagro,-34.578076,-58.40303,-34.588172,-58.363104,3.68,244.34,3
T0000305,2026-03-28T19:54:00+00:00,2026-03-28T20:01:04+00:00,424,R0034,V0000,ST002,ST009,San Telmo,Retiro,-34.610974,-58.389171,-34.570346,-58.412202,2.583,331.73,61
T0000306,2026-05-28T03:06:00+00:00,2026-05-28T03:12:14+00:00,374,R0043,V0047,ST003,ST006,Belgrano,Villa Crespo,-34.576528,-58.407896,-34.635972,-58.409566,2.67,317.71,61
T0000307,2026-04-27T14:15:00+00:00,2026-04-27T14:22:53+00:00,473,R0017,V0067,ST022,ST018,Microcentro,Villa Crespo,-34.632494,-58.417063,-34.576118,-58.346187,0.137,251.02,61
T0000308,2026-04-13T23:59:00+00:00,2026-04-14T00:04:21+00:00,321,R0112,V0046,ST010,ST010,Microcentro,Microcentro,-34.598502,-58.399031,-34.598502,-58.399031,0.058,194.67,1
T0000309,2026-05-14T08:50:00+00:00,2026-05-14T08:53:41+00:00,221,R0090,V0033,ST015,ST007,Belgrano,Nunez,-34.625648,-58.392026,-34.605502,-58.409497,7.176,444.38,63
T0000310,2026-05-26T07:14:00+00:00,2026-05-26T07:29:03+00:00,903,R0016,V0027,ST014,ST020,San Telmo,Colegiales,-34.578076,-58.40303,-34.611329,-58.358197,5.36,610.47,3
T0000311,2026-05-26T05:52:00+00:00,2026-05-26T05:57:38+00:00,338,R0081,V0002,ST000,ST000,Palermo,Palermo,-34.577947,-58.413815,-34.577947,-58.413815,0.18,205.5,0
T0000312,2026-04-29T04:54:00+00:00,2026-04-29T04:55:50+00:00,110,R0072,V0019,ST023,ST015,Chacarita,Belgrano,-34.580066,-58.364739,-34.625648,-58.392026,2.708,226.81,3
T0000313,2026-05-24T03:12:00+00:00,2026-05-24T03:27:59+00:00,959,R0039,V0042,ST019,ST014,Nunez,San Telmo,-34.591041,-58.407355,-34.578076,-58.40303,5.221,624.49,1
T0000314,2026-05-14T01:12:00+00:00,2026-05-14T01:16:59+00:00,299,R0084,V0065,ST017,ST022,Almagro,Microcentro,-34.588172,-58.363104,-34.632494,-58.417063,4.159,350.99,0
T0000315,2026-04-07T11:20:00+00:00,2026-04-07T11:22:55+00:00,175,R0061,V0013,ST015,ST016,Belgrano,Caballito,-34.625648,-58.392026,-34.633031,-58.362781,5.585,364.64,0
T0000316,2026-05-06T18:24:00+00:00,2026-05-06T18:25:40+00:00,100,R0053,V0055,ST012,ST021,Palermo,Retiro,-34.594241,-58.405192,-34.587639,-58.392154,4.852,309.06,3
T0000317,2026-03-18T11:26:00+00:00,2026-03-18T11:36:08+00:00,608,R0053,V0073,ST015,ST020,Belgrano,Colegiales,-34.625648,-58.392026,-34.611329,-58.358197,3.372,427.68,0
T0000318,2026-03-01T06:17:00+00:00,2026-03-01T06:28:51+00:00,711,R0012,V0004,ST011,ST001,Chacarita,Recoleta,-34.614375,-58.40349,-34.610295,-58.397389,6.787,600.32,2
T0000319,2026-04-02T16:37:00+00:00,2026-04-02T16:40:22+00:00,202,R0072,V0074,ST017,ST000,Almagro,Palermo,-34.588172,-58.363104,-34.577947,-58.413815,1.633,216.03,1
T0000320,2026-05-27T04:15:00+00:00,2026-05-27T04:23:34+00:00,514,R0107,V0043,ST022,ST008,Microcentro,Colegiales,-34.632494,-58.417063,-34.60824,-58.367253,2.177,346.99,0
T0000321,2026-05-23T21:12:00+00:00,2026-05-23T21:16:49+00:00,289,R0098,V0050,ST008,ST010,Colegiales,Microcentro,-34.60824,-58.367253,-34.598502,-58.399031,5.297,393.05,0
T0000322,2026-04-12T14:44:00+00:00,2026-04-12T14:45:39+00:00,99,R0000,V0000,ST005,ST011,Almagro,Chacarita,-34.583016,-58.36633,-34.614375,-58.40349,4.077,277.72,2
T0000323,2026-04-30T14:36:00+00:00,2026-04-30T14:37:16+00:00,76,R0119,V0070,ST014,ST020,San Telmo,Colegiales,-34.578076,-58.40303,-34.611329,-58.358197,0.155,112.78,61
T0000324,2026-04-03T20:30:00+00:00,2026-04-03T20:32:01+00:00,121,R0051,V0062,ST019,ST022,Nunez,Microcentro,-34.591041,-58.407355,-34.632494,-58.417063,2.076,205.38,2
T0000325,2026-05-09T21:24:00+00:00,2026-05-09T21:27:23+00:00,203,R0090,V0018,ST021,ST016,Retiro,Caballito,-34.587639,-58.392154,-34.633031,-58.362781,4.808,343.36,61
T0000326,2026-05-29T05:51:00+00:00,2026-05-29T05:53:25+00:00,145,R0071,V0033,ST020,ST007,Colegiales,Nunez,-34.611329,-58.358197,-34.605502,-58.409497,2.473,229.66,2
T0000327,2026-05-01T21:05:00+00:00,2026-05-01T21:10:34+00:00,334,R0046,V0038,ST009,ST022,Retiro,Microcentro,-34.570346,-58.412202,-34.632494,-58.417063,1.559,259.26,80
T0000328,2026-04-26T10:10:00+00:00,2026-04-26T10:13:20+00:00,200,R0018,V0070,ST018,ST005,Villa Crespo,Almagro,-34.576118,-58.346187,-34.583016,-58.36633,3.127,275.06,80
T0000329,2026-04-01T00:35:00+00:00,2026-04-01T00:37:09+00:00,129,R0079,V0005,ST000,ST002,Palermo,San Telmo,-34.577947,-58.413815,-34.610974,-58.389171,4.198,293.05,1
T0000330,2026-04-04T19:34:00+00:00,2026-04-04T19:44:12+00:00,612,R0034,V0061,ST007,ST018,Nunez,Villa Crespo,-34.605502,-58.409497,-34.576118,-58.346187,2.554,396.35,1
T0000331,2026-03-08T04:50:00+00:00,2026-03-08T04:52:51+00:00,171,R0092,V0039,ST006,ST018,Villa Crespo,Villa Crespo,-34.635972,-58.409566,-34.576118,-58.346187,8.373,474.77,0
T0000332,2026-05-12T00:53:00+00:00,2026-05-12T00:56:06+00:00,186,R0093,V0025,ST003,ST003,Belgrano,Belgrano,-34.576528,-58.407896,-34.576528,-58.407896,0.329,158.26,0
T0000333,2026-04-27T07:06:00+00:00,2026-04-27T07:09:17+00:00,197,R0039,V0000,ST008,ST015,Colegiales,Belgrano,-34.60824,-58.367253,-34.625648,-58.392026,1.505,209.15,0
T0000334,2026-05-03T00:58:00+00:00,2026-05-03T01:03:40+00:00,340,R0062,V0053,ST012,ST011,Palermo,Chacarita,-34.594241,-58.405192,-34.614375,-58.40349,2.57,301.82,3
T0000335,2026-05-27T23:58:00+00:00,2026-05-28T00:01:00+00:00,180,R0065,V0071,ST001,ST010,Recoleta,Microcentro,-34.610295,-58.397389,-34.598502,-58.399031,7.428,440.11,61
T0000336,2026-04-17T05:41:00+00:00,2026-04-17T05:42:05+00:00,65,R0075,V0075,ST008,ST020,Colegiales,Colegiales,-34.60824,-58.367253,-34.611329,-58.358197,8.09,426.34,3
T0000337,2026-03-22T14:58:00+00:00,2026-03-22T15:09:55+00:00,715,R0102,V0031,ST002,ST016,San Telmo,Caballito,-34.610974,-58.389171,-34.633031,-58.362781,5.772,561.13,2
T0000338,2026-05-28T02:24:00+00:00,2026-05-28T02:27:01+00:00,181,R0029,V0004,ST014,ST006,San Telmo,Villa Crespo,-34.578076,-58.40303,-34.635972,-58.409566,8.086,466.79,1
T0000339,2026-03-20T19:37:00+00:00,2026-03-20T20:00:22+00:00,1402,R0057,V0035,ST000,ST017,Palermo,Almagro,-34.577947,-58.413815,-34.588172,-58.363104,7.458,869.03,0
T0000340,2026-05-28T22:59:00+00:00,2026-05-28T23:03:57+00:00,297,R0054,V0075,ST005,ST019,Almagro,Nunez,-34.583016,-58.36633,-34.591041,-58.407355,3.633,329.26,3
T0000341,2026-05-27T09:25:00+00:00,2026-05-27T09:26:14+00:00,74,R0012,V0029,ST020,ST007,Colegiales,Nunez,-34.611329,-58.358197,-34.605502,-58.409497,1.439,163.48,0
T0000342,2026-05-27T16:58:00+00:00,2026-05-27T17:11:56+00:00,836,R0024,V0053,ST016,ST012,Caballito,Palermo,-34.633031,-58.362781,-34.594241,-58.405192,6.666,639.24,0
T0000343,2026-05-14T05:52:00+00:00,2026-05-14T06:01:15+00:00,555,R0048,V0009,ST009,ST022,Retiro,Microcentro,-34.570346,-58.412202,-34.632494,-58.417063,3.267,404.92,61
T0000344,2026-04-14T21:41:00+00:00,2026-04-14T21:42:49+00:00,109,R0054,V0055,ST005,ST022,Almagro,Microcentro,-34.583016,-58.36633,-34.632494,-58.417063,1.401,174.2,0
T0000345,2026-04-29T09:29:00+00:00,2026-04-29T10:09:20+00:00,2420,R0088,V0011,ST018,ST014,Villa Crespo,San Telmo,-34.576118,-58.346187,-34.578076,-58.40303,8.462,1265.49,80
T0000346,2026-04-14T22:20:00+00:00,2026-04-14T22:24:24+00:00,264,R0103,V0045,ST009,ST021,Retiro,Retiro,-34.570346,-58.412202,-34.587639,-58.392154,3.389,307.98,61
T0000347,2026-04-15T23:34:00+00:00,2026-04-15T23:35:36+00:00,96,R0081,V0000,ST017,ST002,Almagro,San Telmo,-34.588172,-58.363104,-34.610974,-58.389171,1.09,157.21,2
T0000348,2026-05-09T03:57:00+00:00,2026-05-09T04:01:59+00:00,299,R0039,V0063,ST023,ST014,Chacarita,San Telmo,-34.580066,-58.364739,-34.578076,-58.40303,6.034,426.02,3
T0000349,2026-04-22T13:44:00+00:00,2026-04-22T13:50:19+00:00,379,R0020,V0033,ST007,ST012,Nunez,Palermo,-34.605502,-58.409497,-34.594241,-58.405192,5.722,441.55,2
T0000350,2026-03-21T17:27:00+00:00,2026-03-21T17:30:52+00:00,232,R0067,V0012,ST022,ST005,Microcentro,Almagro,-34.632494,-58.417063,-34.583016,-58.36633,5.38,376.39,63
T0000351,2026-03-08T07:49:00+00:00,2026-03-08T07:52:11+00:00,191,R0085,V0038,ST014,ST014,San Telmo,San Telmo,-34.578076,-58.40303,-34.578076,-58.40303,0.235,156.25,0
T0000352,2026-04-20T22:10:00+00:00,2026-04-20T22:13:45+00:00,225,R0049,V0027,ST023,ST011,Chacarita,Chacarita,-34.580066,-58.364739,-34.614375,-58.40349,0.686,186.19,80
T0000353,2026-03-09T19:04:00+00:00,2026-03-09T19:04:46+00:00,46,R0070,V0030,ST002,ST021,San Telmo,Retiro,-34.610974,-58.389171,-34.587639,-58.392154,1.688,163.61,0
T0000354,2026-05-04T22:07:00+00:00,2026-05-04T22:21:13+00:00,853,R0093,V0041,ST008,ST019,Colegiales,Nunez,-34.60824,-58.367253,-34.591041,-58.407355,4.122,543.44,3
T0000355,2026-04-28T09:29:00+00:00,2026-04-28T09:38:36+00:00,576,R0079,V0029,ST003,ST003,Belgrano,Belgrano,-34.576528,-58.407896,-34.576528,-58.407896,0.147,287.48,80
T0000356,2026-05-08T09:06:00+00:00,2026-05-08T09:17:35+00:00,695,R0067,V0042,ST017,ST007,Almagro,Nunez,-34.588172,-58.363104,-34.605502,-58.409497,0.591,346.87,0
T0000357,2026-05-06T02:26:00+00:00,2026-05-06T02:36:23+00:00,623,R0008,V0010,ST004,ST022,Caballito,Microcentro,-34.593884,-58.383394,-34.632494,-58.417063,8.499,638.01,80
T0000358,2026-04-02T17:27:00+00:00,2026-04-02T17:29:26+00:00,146,R0063,V0069,ST015,ST000,Belgrano,Palermo,-34.625648,-58.392026,-34.577947,-58.413815,5.705,359.31,61
T0000359,2026-03-12T14:32:00+00:00,2026-03-12T14:34:23+00:00,143,R0108,V0060,ST013,ST014,Recoleta,San Telmo,-34.609842,-58.376294,-34.578076,-58.40303,7.822,442.92,63
T0000360,2026-04-07T14:59:00+00:00,2026-04-07T15:00:37+00:00,97,R0019,V0024,ST003,ST019,Belgrano,Nunez,-34.576528,-58.407896,-34.591041,-58.407355,1.439,171.49,0
T0000361,2026-05-17T04:55:00+00:00,2026-05-17T04:58:00+00:00,180,R0071,V0078,ST023,ST017,Chacarita,Almagro,-34.580066,-58.364739,-34.588172,-58.363104,6.402,399.07,0
T0000362,2026-03-17T00:37:00+00:00,2026-03-17T00:38:25+00:00,85,R0075,V0013,ST005,ST020,Almagro,Colegiales,-34.583016,-58.36633,-34.611329,-58.358197,7.489,409.29,0
T0000363,2026-03-05T10:26:00+00:00,2026-03-05T10:29:58+00:00,238,R0039,V0042,ST010,ST022,Microcentro,Microcentro,-34.598502,-58.399031,-34.632494,-58.417063,7.093,447.03,80
T0000364,2026-04-11T09:16:00+00:00,2026-04-11T09:22:27+00:00,387,R0118,V0046,ST022,ST022,Microcentro,Microcentro,-34.632494,-58.417063,-34.632494,-58.417063,0.328,228.57,0
T0000365,2026-04-13T10:20:00+00:00,2026-04-13T10:23:28+00:00,208,R0025,V0039,ST005,ST001,Almagro,Recoleta,-34.583016,-58.36633,-34.610295,-58.397389,5.094,356.56,63
T0000366,2026-05-17T05:09:00+00:00,2026-05-17T05:10:32+00:00,92,R0012,V0030,ST008,ST019,Colegiales,Nunez,-34.60824,-58.367253,-34.591041,-58.407355,0.1,116.2,0
T0000367,2026-03-14T11:22:00+00:00,2026-03-14T11:33:22+00:00,682,R0088,V0001,ST018,ST014,Villa Crespo,San Telmo,-34.576118,-58.346187,-34.578076,-58.40303,0.246,328.52,63
T0000368,2026-03-25T03:43:00+00:00,2026-03-25T03:48:33+00:00,333,R0069,V0048,ST018,ST014,Villa Crespo,San Telmo,-34.576118,-58.346187,-34.578076,-58.40303,7.158,482.89,0
T0000369,2026-04-15T17:40:00+00:00,2026-04-15T17:41:47+00:00,107,R0110,V0022,ST005,ST006,Almagro,Villa Crespo,-34.583016,-58.36633,-34.635972,-58.409566,6.845,391.24,0
T0000370,2026-05-16T00:22:00+00:00,2026-05-16T00:24:26+00:00,146,R0082,V0047,ST012,ST019,Palermo,Nunez,-34.594241,-58.405192,-34.591041,-58.407355,7.909,447.45,0
T0000371,2026-03-30T23:53:00+00:00,2026-03-30T23:55:08+00:00,128,R0058,V0023,ST006,ST001,Villa Crespo,Recoleta,-34.635972,-58.409566,-34.610295,-58.397389,7.547,426.7,0
T0000372,2026-05-07T18:57:00+00:00,2026-05-07T18:59:11+00:00,131,R0100,V0033,ST015,ST000,Belgrano,Palermo,-34.625648,-58.392026,-34.577947,-58.413815,1.613,190.37,0
T0000373,2026-03-14T23:46:00+00:00,2026-03-14T23:47:24+00:00,84,R0116,V0025,ST000,ST016,Palermo,Caballito,-34.577947,-58.413815,-34.633031,-58.362781,6.849,383.36,0
T0000374,2026-03-09T15:28:00+00:00,2026-03-09T15:37:29+00:00,569,R0033,V0073,ST016,ST023,Caballito,Chacarita,-34.633031,-58.362781,-34.580066,-58.364739,6.595,542.97,1
T0000375,2026-05-26T08:09:00+00:00,2026-05-26T08:11:43+00:00,163,R0026,V0025,ST014,ST019,San Telmo,Nunez,-34.578076,-58.40303,-34.591041,-58.407355,4.103,301.16,3
T0000376,2026-04-13T08:56:00+00:00,2026-04-13T09:06:05+00:00,605,R0111,V0033,ST005,ST012,Almagro,Palermo,-34.583016,-58.36633,-34.594241,-58.405192,0.612,316.23,1
T0000377,2026-05-15T10:22:00+00:00,2026-05-15T10:24:31+00:00,151,R0083,V0024,ST002,ST002,San Telmo,San Telmo,-34.610974,-58.389171,-34.610974,-58.389171,0.312,145.33,63
T0000378,2026-05-10T23:04:00+00:00,2026-05-10T23:11:48+00:00,468,R0101,V0003,ST009,ST001,Retiro,Recoleta,-34.570346,-58.412202,-34.610295,-58.397389,7.142,529.47,0
T0000379,2026-04-23T16:16:00+00:00,2026-04-23T16:37:42+00:00,1302,R0015,V0049,ST021,ST001,Retiro,Recoleta,-34.587639,-58.392154,-34.610295,-58.397389,7.534,837.05,0
T0000380,2026-03-12T13:37:00+00:00,2026-03-12T13:39:55+00:00,175,R0035,V0064,ST022,ST015,Microcentro,Belgrano,-34.632494,-58.417063,-34.625648,-58.392026,1.908,217.56,0
T0000381,2026-04-20T15:09:00+00:00,2026-04-20T15:16:43+00:00,463,R0007,V0077,ST012,ST000,Palermo,Palermo,-34.594241,-58.405192,-34.577947,-58.413815,5.348,455.96,2
T0000382,2026-05-04T02:36:00+00:00,2026-05-04T02:44:19+00:00,499,R0057,V0031,ST019,ST022,Nunez,Microcentro,-34.591041,-58.407355,-34.632494,-58.417063,8.47,593.46,1
T0000383,2026-03-18T04:29:00+00:00,2026-03-18T04:32:21+00:00,201,R0098,V0012,ST000,ST022,Palermo,Microcentro,-34.577947,-58.413815,-34.632494,-58.417063,5.161,356.8,0
T0000384,2026-05-17T22:47:00+00:00,2026-05-17T22:48:32+00:00,92,R0108,V0031,ST008,ST017,Colegiales,Almagro,-34.60824,-58.367253,-34.588172,-58.363104,4.8,304.19,2
T0000385,2026-03-21T00:08:00+00:00,2026-03-21T00:13:35+00:00,335,R0013,V0065,ST013,ST001,Recoleta,Recoleta,-34.609842,-58.376294,-34.610295,-58.397389,0.1,201.25,2
T0000386,2026-03-18T12:41:00+00:00,2026-03-18T12:47:07+00:00,367,R0073,V0011,ST022,ST000,Microcentro,Palermo,-34.632494,-58.417063,-34.577947,-58.413815,4.473,387.36,63
T0000387,2026-04-23T07:29:00+00:00,2026-04-23T07:32:14+00:00,194,R0010,V0008,ST012,ST014,Palermo,San Telmo,-34.594241,-58.405192,-34.578076,-58.40303,3.438,285.42,0
T0000388,2026-04-27T08:38:00+00:00,2026-04-27T08:40:34+00:00,154,R0114,V0045,ST016,ST000,Caballito,Palermo,-34.633031,-58.362781,-34.577947,-58.413815,3.589,277.47,0
T0000389,2026-04-04T20:54:00+00:00,2026-04-04T20:55:06+00:00,66,R0002,V0012,ST009,ST004,Retiro,Caballito,-34.570346,-58.412202,-34.593884,-58.383394,2.438,200.61,63
T0000390,2026-05-10T01:14:00+00:00,2026-05-10T01:19:11+00:00,311,R0014,V0079,ST004,ST016,Caballito,Caballito,-34.593884,-58.383394,-34.633031,-58.362781,7.373,483.76,0
T0000391,2026-05-28T22:09:00+00:00,2026-05-28T22:13:50+00:00,290,R0040,V0071,ST018,ST003,Villa Crespo,Belgrano,-34.576118,-58.346187,-34.576528,-58.407896,1.989,261.06,1
T0000392,2026-03-28T23:54:00+00:00,2026-03-29T00:02:48+00:00,528,R0105,V0046,ST009,ST012,Retiro,Palermo,-34.570346,-58.412202,-34.594241,-58.405192,6.278,515.9,1
T0000393,2026-04-20T15:19:00+00:00,2026-04-20T15:20:24+00:00,84,R0027,V0014,ST014,ST002,San Telmo,San Telmo,-34.578076,-58.40303,-34.610974,-58.389171,5.54,330.98,3
T0000394,2026-03-10T18:33:00+00:00,2026-03-10T18:43:39+00:00,639,R0039,V0011,ST009,ST008,Retiro,Colegiales,-34.570346,-58.412202,-34.60824,-58.367253,2.782,414.95,80
T0000395,2026-03-08T05:15:00+00:00,2026-03-08T05:20:27+00:00,327,R0028,V0036,ST006,ST023,Villa Crespo,Chacarita,-34.635972,-58.409566,-34.580066,-58.364739,7.259,484.8,0
T0000396,2026-05-24T01:47:00+00:00,2026-05-24T01:57:47+00:00,647,R0081,V0071,ST007,ST023,Nunez,Chacarita,-34.605502,-58.409497,-34.580066,-58.364739,4.676,493.49,61
T0000397,2026-03-07T13:54:00+00:00,2026-03-07T13:59:58+00:00,358,R0065,V0073,ST002,ST015,San Telmo,Belgrano,-34.610974,-58.389171,-34.625648,-58.392026,4.972,404.17,61
T0000398,2026-03-14T07:07:00+00:00,2026-03-14T07:12:31+00:00,331,R0075,V0003,ST014,ST010,San Telmo,Microcentro,-34.578076,-58.40303,-34.598502,-58.399031,4.44,373.47,63
T0000399,2026-03-15T06:06:00+00:00,2026-03-15T06:12:52+00:00,412,R0051,V0063,ST000,ST001,Palermo,Recoleta,-34.577947,-58.413815,-34.610295,-58.397389,3.772,375.09,0
T0000400,2026-04-16T08:53:00+00:00,2026-04-16T09:00:18+00:00,438,R0073,V0071,ST012,ST006,Palermo,Villa Crespo,-34.594241,-58.405192,-34.635972,-58.409566,3.242,363.0,3
T0000401,2026-04-11T01:40:00+00:00,2026-04-11T01:41:22+00:00,82,R0097,V0076,ST019,ST002,Nunez,San Telmo,-34.591041,-58.407355,-34.610974,-58.389171,4.691,296.36,2
T0000402,2026-03-29T15:19:00+00:00,2026-03-29T15:30:28+00:00,688,R0114,V0052,ST021,ST016,Retiro,Caballito,-34.587639,-58.392154,-34.633031,-58.362781,5.334,534.17,1
T0000403,2026-03-16T14:10:00+00:00,2026-03-16T14:12:20+00:00,140,R0011,V0008,ST019,ST018,Nunez,Villa Crespo,-34.591041,-58.407355,-34.576118,-58.346187,5.04,330.59,0
T0000404,2026-05-13T19:00:00+00:00,2026-05-13T19:01:51+00:00,111,R0045,V0058,ST000,ST008,Palermo,Colegiales,-34.577947,-58.413815,-34.60824,-58.367253,1.521,179.69,1
T0000405,2026-03-27T01:17:00+00:00,2026-03-27T01:19:46+00:00,166,R0084,V0059,ST003,ST003,Belgrano,Belgrano,-34.576528,-58.407896,-34.576528,-58.407896,0.164,144.66,3
T0000406,2026-04-16T14:29:00+00:00,2026-04-16T14:34:30+00:00,330,R0119,V0032,ST017,ST015,Almagro,Belgrano,-34.588172,-58.363104,-34.625648,-58.392026,1.036,236.94,2
T0000407,2026-03-22T11:56:00+00:00,2026-03-22T11:58:27+00:00,147,R0104,V0071,ST019,ST021,Nunez,Retiro,-34.591041,-58.407355,-34.587639,-58.392154,4.884,326.82,2
T0000408,2026-03-14T05:28:00+00:00,2026-03-14T05:30:33+00:00,153,R0050,V0074,ST013,ST016,Recoleta,Caballito,-34.609842,-58.376294,-34.633031,-58.362781,4.78,324.74,63
T0000409,2026-04-17T04:04:00+00:00,2026-04-17T04:12:21+00:00,501,R0057,V0038,ST006,ST006,Villa Crespo,Villa Crespo,-34.635972,-58.409566,-34.635972,-58.409566,0.207,263.63,61
T0000410,2026-04-06T12:51:00+00:00,2026-04-06T12:59:07+00:00,487,R0042,V0076,ST020,ST020,Colegiales,Colegiales,-34.611329,-58.358197,-34.611329,-58.358197,0.031,251.69,63
T0000411,2026-04-06T17:40:00+00:00,2026-04-06T17:41:27+00:00,87,R0010,V0032,ST021,ST006,Retiro,Villa Crespo,-34.587639,-58.392154,-34.635972,-58.409566,5.335,323.87,80
T0000412,2026-05-04T13:25:00+00:00,2026-05-04T13:27:13+00:00,133,R0101,V0025,ST018,ST000,Villa Crespo,Palermo,-34.576118,-58.346187,-34.577947,-58.413815,7.154,412.72,63
T0000413,2026-05-25T01:53:00+00:00,2026-05-25T01:54:54+00:00,114,R0025,V0057,ST007,ST007,Nunez,Nunez,-34.605502,-58.409497,-34.605502,-58.409497,0.367,134.58,2
T0000414,2026-04-08T08:33:00+00:00,2026-04-08T08:34:52+00:00,112,R0000,V0029,ST021,ST023,Retiro,Chacarita,-34.587639,-58.392154,-34.580066,-58.364739,2.226,208.23,80
T0000415,2026-03-09T19:39:00+00:00,2026-03-09T19:51:40+00:00,760,R0032,V0031,ST011,ST009,Chacarita,Retiro,-34.614375,-58.40349,-34.570346,-58.412202,7.998,665.93,2
T0000416,2026-04-16T09:06:00+00:00,2026-04-16T09:07:21+00:00,81,R0009,V0024,ST012,ST012,Palermo,Palermo,-34.594241,-58.405192,-34.594241,-58.405192,0.204,116.51,1
T0000417,2026-04-02T06:08:00+00:00,2026-04-02T06:17:09+00:00,549,R0032,V0016,ST015,ST009,Belgrano,Retiro,-34.625648,-58.392026,-34.570346,-58.412202,5.313,484.66,0
T0000418,2026-04-14T11:36:00+00:00,2026-04-14T11:38:41+00:00,161,R0038,V0048,ST011,ST007,Chacarita,Nunez,-34.614375,-58.40349,-34.605502,-58.409497,3.106,260.59,1
T0000419,2026-04-14T08:40:00+00:00,2026-04-14T08:42:07+00:00,127,R0023,V0075,ST000,ST000,Palermo,Palermo,-34.577947,-58.413815,-34.577947,-58.413815,0.295,136.25,3
T0000420,2026-03-22T09:16:00+00:00,2026-03-22T09:25:56+00:00,596,R0055,V0012,ST002,ST023,San Telmo,Chacarita,-34.610974,-58.389171,-34.580066,-58.364739,4.518,469.3,3
T0000421,2026-03-09T16:02:00+00:00,2026-03-09T16:07:20+00:00,320,R0033,V0004,ST017,ST005,Almagro,Almagro,-34.588172,-58.363104,-34.583016,-58.36633,4.754,382.18,0
T0000422,2026-03-23T14:35:00+00:00,2026-03-23T14:35:45+00:00,45,R0062,V0010,ST012,ST004,Palermo,Caballito,-34.594241,-58.405192,-34.593884,-58.383394,7.592,399.41,61
T0000423,2026-05-26T16:09:00+00:00,2026-05-26T16:12:42+00:00,222,R0111,V0038,ST010,ST006,Microcentro,Villa Crespo,-34.598502,-58.399031,-34.635972,-58.409566,0.956,195.95,3
T0000424,2026-03-05T15:04:00+00:00,2026-03-05T15:06:49+00:00,169,R0011,V0037,ST003,ST007,Belgrano,Nunez,-34.576528,-58.407896,-34.605502,-58.409497,5.425,356.14,1
T0000425,2026-03-05T09:17:00+00:00,2026-03-05T09:20:55+00:00,235,R0052,V0044,ST015,ST012,Belgrano,Palermo,-34.625648,-58.392026,-34.594241,-58.405192,0.474,181.19,0
T0000426,2026-04-03T20:30:00+00:00,2026-04-03T20:31:59+00:00,119,R0062,V0044,ST006,ST009,Villa Crespo,Retiro,-34.635972,-58.409566,-34.570346,-58.412202,5.796,353.5,0
T0000427,2026-03-26T02:21:00+00:00,2026-03-26T02:26:31+00:00,331,R0105,V0062,ST011,ST008,Chacarita,Colegiales,-34.614375,-58.40349,-34.60824,-58.367253,7.479,495.0,63
T0000428,2026-05-04T01:15:00+00:00,2026-05-04T01:19:23+00:00,263,R0054,V0022,ST020,ST012,Colegiales,Palermo,-34.611329,-58.358197,-34.594241,-58.405192,2.786,283.5,80
T0000429,2026-05-18T10:53:00+00:00,2026-05-18T11:01:10+00:00,490,R0029,V0072,ST016,ST022,Caballito,Microcentro,-34.633031,-58.362781,-34.632494,-58.417063,1.826,324.54,0
T0000430,2026-03-16T11:19:00+00:00,2026-03-16T11:20:05+00:00,65,R0002,V0045,ST003,ST007,Belgrano,Nunez,-34.576528,-58.407896,-34.605502,-58.409497,6.108,347.07,80
T0000431,2026-03-02T06:22:00+00:00,2026-03-02T06:26:29+00:00,269,R0056,V0043,ST005,ST016,Almagro,Caballito,-34.583016,-58.36633,-34.633031,-58.362781,6.049,416.11,0
T0000432,2026-04-28T10:24:00+00:00,2026-04-28T10:26:21+00:00,141,R0074,V0062,ST022,ST019,Microcentro,Nunez,-34.632494,-58.417063,-34.591041,-58.407355,2.578,232.49,63
T0000433,2026-05-15T01:44:00+00:00,2026-05-15T01:47:17+00:00,197,R0025,V0033,ST016,ST016,Caballito,Caballito,-34.633031,-58.362781,-34.633031,-58.362781,0.144,154.71,3
T0000434,2026-03-25T09:26:00+00:00,2026-03-25T09:29:10+00:00,190,R0064,V0031,ST010,ST006,Microcentro,Villa Crespo,-34.598502,-58.399031,-34.635972,-58.409566,3.993,306.21,3
T0000435,2026-05-05T12:26:00+00:00,2026-05-05T12:27:37+00:00,97,R0048,V0016,ST022,ST022,Microcentro,Microcentro,-34.632494,-58.417063,-34.632494,-58.417063,0.248,123.87,0
T0000436,2026-04-24T02:34:00+00:00,2026-04-24T02:35:40+00:00,100,R0032,V0034,ST002,ST018,San Telmo,Villa Crespo,-34.610974,-58.389171,-34.576118,-58.346187,7.836,428.45,3
T0000437,2026-04-08T04:11:00+00:00,2026-04-08T04:19:28+00:00,508,R0104,V0003,ST002,ST019,San Telmo,Nunez,-34.610974,-58.389171,-34.591041,-58.407355,5.494,477.56,0
T0000438,2026-04-11T21:37:00+00:00,2026-04-11T21:42:21+00:00,321,R0033,V0035,ST010,ST001,Microcentro,Recoleta,-34.598502,-58.399031,-34.610295,-58.397389,1.388,247.86,61
T0000439,2026-05-21T13:36:00+00:00,2026-05-21T13:40:08+00:00,248,R0004,V0054,ST005,ST004,Almagro,Caballito,-34.583016,-58.36633,-34.593884,-58.383394,2.443,264.54,80
T0000440,2026-04-26T20:34:00+00:00,2026-04-26T20:36:17+00:00,137,R0020,V0025,ST009,ST020,Retiro,Colegiales,-34.570346,-58.412202,-34.611329,-58.358197,6.514,388.51,61
T0000441,2026-04-09T07:38:00+00:00,2026-04-09T07:39:54+00:00,114,R0081,V0060,ST021,ST005,Retiro,Almagro,-34.587639,-58.392154,-34.583016,-58.36633,7.501,419.95,61
T0000442,2026-03-23T04:19:00+00:00,2026-03-23T04:25:26+00:00,386,R0047,V0029,ST007,ST000,Nunez,Palermo,-34.605502,-58.409497,-34.577947,-58.413815,2.022,295.99,1
T0000443,2026-05-08T13:58:00+00:00,2026-05-08T14:01:40+00:00,220,R0062,V0068,ST001,ST001,Recoleta,Recoleta,-34.610295,-58.397389,-34.610295,-58.397389,0.198,164.92,0
T0000444,2026-03-08T22:56:00+00:00,2026-03-08T23:03:36+00:00,456,R0037,V0054,ST012,ST018,Palermo,Villa Crespo,-34.594241,-58.405192,-34.576118,-58.346187,2.585,343.02,1
T0000445,2026-04-25T23:08:00+00:00,2026-04-25T23:18:09+00:00,609,R0070,V0052,ST008,ST020,Colegiales,Colegiales,-34.60824,-58.367253,-34.611329,-58.358197,7.35,587.16,61
T0000446,2026-04-23T22:47:00+00:00,2026-04-23T22:53:15+00:00,375,R0059,V0043,ST013,ST012,Recoleta,Palermo,-34.609842,-58.376294,-34.594241,-58.405192,1.713,279.76,0
T0000447,2026-04-05T07:50:00+00:00,2026-04-05T07:51:21+00:00,81,R0061,V0013,ST019,ST021,Nunez,Retiro,-34.591041,-58.407355,-34.587639,-58.392154,5.26,318.74,63
T0000448,2026-05-19T06:22:00+00:00,2026-05-19T06:28:03+00:00,363,R0078,V0003,ST020,ST000,Colegiales,Palermo,-34.611329,-58.358197,-34.577947,-58.413815,4.624,392.0,63
T0000449,2026-03-13T14:36:00+00:00,2026-03-13T14:38:04+00:00,124,R0075,V0063,ST022,ST012,Microcentro,Palermo,-34.632494,-58.417063,-34.594241,-58.405192,7.445,421.21,63
T0000450,2026-04-17T20:44:00+00:00,2026-04-17T20:51:03+00:00,423,R0080,V0073,ST007,ST003,Nunez,Belgrano,-34.605502,-58.409497,-34.576528,-58.407896,4.81,420.44,2
T0000451,2026-05-23T11:07:00+00:00,2026-05-23T11:11:31+00:00,271,R0097,V0007,ST007,ST022,Nunez,Microcentro,-34.605502,-58.409497,-34.632494,-58.417063,1.259,225.19,1
T0000452,2026-03-06T10:45:00+00:00,2026-03-06T10:49:15+00:00,255,R0093,V0065,ST004,ST006,Caballito,Villa Crespo,-34.593884,-58.383394,-34.635972,-58.409566,5.007,369.52,0
T0000453,2026-04-01T19:49:00+00:00,2026-04-01T19:56:47+00:00,467,R0097,V0044,ST019,ST019,Nunez,Nunez,-34.591041,-58.407355,-34.591041,-58.407355,0.001,243.49,0
T0000454,2026-03-27T15:25:00+00:00,2026-03-27T15:32:03+00:00,423,R0000,V0028,ST020,ST013,Colegiales,Recoleta,-34.611329,-58.358197,-34.609842,-58.376294,7.12,512.87,0
T0000455,2026-05-03T19:08:00+00:00,2026-05-03T19:15:16+00:00,436,R0039,V0016,ST009,ST021,Retiro,Retiro,-34.570346,-58.412202,-34.587639,-58.392154,1.542,294.26,80
T0000456,2026-03-26T18:16:00+00:00,2026-03-26T18:19:30+00:00,210,R0058,V0054,ST000,ST006,Palermo,Villa Crespo,-34.577947,-58.413815,-34.635972,-58.409566,4.797,345.38,80
T0000457,2026-03-29T00:26:00+00:00,2026-03-29T00:29:10+00:00,190,R0105,V0071,ST012,ST016,Palermo,Caballito,-34.594241,-58.405192,-34.633031,-58.362781,8.034,467.85,1
T0000458,2026-05-03T08:14:00+00:00,2026-05-03T08:15:12+00:00,72,R0015,V0042,ST000,ST010,Palermo,Microcentro,-34.577947,-58.413815,-34.598502,-58.399031,2.82,218.01,3
T0000459,2026-03-24T18:18:00+00:00,2026-03-24T18:29:48+00:00,708,R0100,V0042,ST008,ST009,Colegiales,Retiro,-34.60824,-58.367253,-34.570346,-58.412202,2.769,438.56,0
T0000460,2026-05-13T19:49:00+00:00,2026-05-13T19:52:56+00:00,236,R0103,V0079,ST019,ST006,Nunez,Villa Crespo,-34.591041,-58.407355,-34.635972,-58.409566,8.214,491.17,61
T0000461,2026-04-18T14:43:00+00:00,2026-04-18T14:45:41+00:00,161,R0052,V0049,ST004,ST001,Caballito,Recoleta,-34.593884,-58.383394,-34.610295,-58.397389,7.672,443.21,1
T0000462,2026-04-10T04:13:00+00:00,2026-04-10T04:20:11+00:00,431,R0110,V0061,ST015,ST000,Belgrano,Palermo,-34.625648,-58.392026,-34.577947,-58.413815,1.129,276.02,0
T0000463,2026-04-20T05:48:00+00:00,2026-04-20T05:56:39+00:00,519,R0035,V0072,ST005,ST011,Almagro,Chacarita,-34.583016,-58.36633,-34.614375,-58.40349,2.597,365.54,3
T0000464,2026-04-13T05:32:00+00:00,2026-04-13T05:39:01+00:00,421,R0047,V0014,ST013,ST014,Recoleta,San Telmo,-34.609842,-58.376294,-34.578076,-58.40303,0.987,266.84,0
T0000465,2026-04-11T01:59:00+00:00,2026-04-11T02:11:51+00:00,771,R0075,V0061,ST003,ST019,Belgrano,Nunez,-34.576528,-58.407896,-34.591041,-58.407355,7.822,662.72,80
T0000466,2026-03-24T20:57:00+00:00,2026-03-24T21:05:02+00:00,482,R0061,V0065,ST015,ST004,Belgrano,Caballito,-34.625648,-58.392026,-34.593884,-58.383394,7.875,563.69,61
T0000467,2026-03-04T09:47:00+00:00,2026-03-04T09:49:40+00:00,160,R0017,V0075,ST017,ST016,Almagro,Caballito,-34.588172,-58.363104,-34.633031,-58.362781,6.322,388.89,0
T0000468,2026-03-18T06:16:00+00:00,2026-03-18T06:19:52+00:00,232,R0077,V0052,ST018,ST021,Villa Crespo,Retiro,-34.576118,-58.346187,-34.587639,-58.392154,6.472,420.07,0
T0000469,2026-05-22T08:44:00+00:00,2026-05-22T08:49:13+00:00,313,R0112,V0026,ST007,ST002,Nunez,San Telmo,-34.605502,-58.409497,-34.610974,-58.389171,0.271,200.37,61
T0000470,2026-05-05T04:10:00+00:00,2026-05-05T04:12:00+00:00,120,R0053,V0071,ST010,ST002,Microcentro,San Telmo,-34.598502,-58.399031,-34.610974,-58.389171,5.09,325.59,3
T0000471,2026-04-19T21:48:00+00:00,2026-04-19T21:51:11+00:00,191,R0101,V0039,ST000,ST022,Palermo,Microcentro,-34.577947,-58.413815,-34.632494,-58.417063,7.234,436.22,80
T0000472,2026-03-16T04:09:00+00:00,2026-03-16T04:31:00+00:00,1320,R0059,V0042,ST001,ST002,Recoleta,San Telmo,-34.610295,-58.397389,-34.610974,-58.389171,4.144,707.75,0
T0000473,2026-03-27T22:58:00+00:00,2026-03-27T23:03:15+00:00,315,R0116,V0004,ST006,ST020,Villa Crespo,Colegiales,-34.635972,-58.409566,-34.611329,-58.358197,2.237,279.74,61
T0000474,2026-05-21T23:19:00+00:00,2026-05-21T23:21:28+00:00,148,R0093,V0014,ST020,ST007,Colegiales,Nunez,-34.611329,-58.358197,-34.605502,-58.409497,7.229,420.98,0
T0000475,2026-05-24T02:18:00+00:00,2026-05-24T02:19:46+00:00,106,R0086,V0056,ST012,ST007,Palermo,Nunez,-34.594241,-58.405192,-34.605502,-58.409497,1.727,186.18,0
T0000476,2026-03-06T16:02:00+00:00,2026-03-06T16:05:14+00:00,194,R0034,V0063,ST019,ST017,Nunez,Almagro,-34.591041,-58.407355,-34.588172,-58.363104,6.058,390.23,0
T0000477,2026-04-13T03:51:00+00:00,2026-04-13T03:56:27+00:00,327,R0006,V0017,ST008,ST007,Colegiales,Nunez,-34.60824,-58.367253,-34.605502,-58.409497,8.383,529.77,1
T0000478,2026-05-03T10:31:00+00:00,2026-05-03T10:38:10+00:00,430,R0055,V0050,ST014,ST018,San Telmo,Villa Crespo,-34.578076,-58.40303,-34.576118,-58.346187,2.442,328.17,0
T0000479,2026-04-17T10:52:00+00:00,2026-04-17T10:55:59+00:00,239,R0065,V0072,ST009,ST020,Retiro,Colegiales,-34.570346,-58.412202,-34.611329,-58.358197,0.1,167.65,61
T0000480,2026-04-09T09:50:00+00:00,2026-04-09T09:51:48+00:00,108,R0087,V0051,ST002,ST015,San Telmo,Belgrano,-34.610974,-58.389171,-34.625648,-58.392026,4.185,285.18,80
T0000481,2026-04-07T21:19:00+00:00,2026-04-07T21:22:42+00:00,222,R0112,V0002,ST017,ST000,Almagro,Palermo,-34.588172,-58.363104,-34.577947,-58.413815,0.279,168.84,0
T0000482,2026-04-12T21:04:00+00:00,2026-04-12T21:05:51+00:00,111,R0008,V0060,ST023,ST014,Chacarita,San Telmo,-34.580066,-58.364739,-34.578076,-58.40303,7.481,418.1,63
T0000483,2026-05-09T09:10:00+00:00,2026-05-09T09:13:04+00:00,184,R0048,V0055,ST003,ST022,Belgrano,Microcentro,-34.576528,-58.407896,-34.632494,-58.417063,7.021,425.24,0
T0000484,2026-03-16T13:49:00+00:00,2026-03-16T13:50:31+00:00,91,R0032,V0031,ST022,ST008,Microcentro,Colegiales,-34.632494,-58.417063,-34.60824,-58.367253,2.143,197.56,61
T0000485,2026-03-27T16:48:00+00:00,2026-03-27T16:48:45+00:00,45,R0068,V0024,ST005,ST008,Almagro,Colegiales,-34.583016,-58.36633,-34.60824,-58.367253,3.854,249.91,3
T0000486,2026-03-03T08:30:00+00:00,2026-03-03T08:33:04+00:00,184,R0007,V0068,ST012,ST003,Palermo,Belgrano,-34.594241,-58.405192,-34.576528,-58.407896,8.122,469.29,0
T0000487,2026-03-21T20:11:00+00:00,2026-03-21T20:14:39+00:00,219,R0090,V0062,ST012,ST000,Palermo,Palermo,-34.594241,-58.405192,-34.577947,-58.413815,1.397,212.52,61
T0000488,2026-04-20T04:58:00+00:00,2026-04-20T05:08:46+00:00,646,R0028,V0013,ST015,ST008,Belgrano,Colegiales,-34.625648,-58.392026,-34.60824,-58.367253,3.25,436.09,1
T0000489,2026-03-02T05:20:00+00:00,2026-03-02T05:25:36+00:00,336,R0050,V0035,ST005,ST007,Almagro,Nunez,-34.583016,-58.36633,-34.605502,-58.409497,4.995,397.41,61
T0000490,2026-04-13T18:26:00+00:00,2026-04-13T18:29:21+00:00,201,R0082,V0012,ST000,ST009,Palermo,Retiro,-34.577947,-58.413815,-34.570346,-58.412202,4.135,315.73,63
T0000491,2026-04-11T08:51:00+00:00,2026-04-11T08:54:40+00:00,220,R0045,V0061,ST016,ST013,Caballito,Recoleta,-34.633031,-58.362781,-34.609842,-58.376294,7.74,466.62,1
T0000492,2026-03-10T22:40:00+00:00,2026-03-10T22:42:10+00:00,130,R0071,V0018,ST009,ST000,Retiro,Palermo,-34.570346,-58.412202,-34.577947,-58.413815,4.169,292.25,2
T0000493,2026-05-13T17:56:00+00:00,2026-05-13T17:58:07+00:00,127,R0021,V0079,ST012,ST009,Palermo,Retiro,-34.594241,-58.405192,-34.570346,-58.412202,1.692,192.11,0
T0000494,2026-04-17T11:12:00+00:00,2026-04-17T11:30:27+00:00,1107,R0020,V0000,ST022,ST013,Microcentro,Recoleta,-34.632494,-58.417063,-34.609842,-58.376294,7.164,754.02,80
T0000495,2026-04-04T07:46:00+00:00,2026-04-04T07:46:45+00:00,45,R0045,V0054,ST010,ST000,Microcentro,Palermo,-34.598502,-58.399031,-34.577947,-58.413815,5.53,316.97,0
T0000496,2026-04-05T02:08:00+00:00,2026-04-05T02:12:13+00:00,253,R0073,V0009,ST021,ST003,Retiro,Belgrano,-34.587639,-58.392154,-34.576528,-58.407896,3.405,304.73,0
T0000497,2026-03-09T22:41:00+00:00,2026-03-09T22:54:51+00:00,831,R0057,V0054,ST004,ST021,Caballito,Retiro,-34.593884,-58.383394,-34.587639,-58.392154,5.849,604.83,0
T0000498,2026-03-26T09:01:00+00:00,2026-03-26T09:02:46+00:00,106,R0005,V0054,ST023,ST015,Chacarita,Belgrano,-34.580066,-58.364739,-34.625648,-58.392026,6.029,358.24,3
T0000499,2026-03-23T02:54:00+00:00,2026-03-23T02:55:52+00:00,112,R0019,V0018,ST013,ST014,Recoleta,San Telmo,-34.609842,-58.376294,-34.578076,-58.40303,1.326,172.23,61
T0000500,2026-05-26T21:44:00+00:00,2026-05-26T21:47:28+00:00,208,R0117,V0020,ST004,ST017,Caballito,Almagro,-34.593884,-58.383394,-34.588172,-58.363104,1.743,222.54,0
T0000501,2026-05-25T20:53:00+00:00,2026-05-25T20:59:07+00:00,367,R0083,V0024,ST003,ST010,Belgrano,Microcentro,-34.576528,-58.407896,-34.598502,-58.399031,6.334,461.81,3
T0000502,2026-05-22T07:57:00+00:00,2026-05-22T07:59:26+00:00,146,R0048,V0038,ST018,ST022,Villa Crespo,Microcentro,-34.576118,-58.346187,-34.632494,-58.417063,3.334,264.45,0
T0000503,2026-03-31T18:51:00+00:00,2026-03-31T18:57:47+00:00,407,R0035,V0069,ST012,ST017,Palermo,Almagro,-34.594241,-58.405192,-34.588172,-58.363104,3.315,355.03,63
T0000504,2026-04-19T18:23:00+00:00,2026-04-19T18:24:47+00:00,107,R0063,V0067,ST019,ST019,Nunez,Nunez,-34.591041,-58.407355,-34.591041,-58.407355,0.046,119.29,80
T0000505,2026-04-25T15:31:00+00:00,2026-04-25T15:33:12+00:00,132,R0055,V0045,ST006,ST019,Villa Crespo,Nunez,-34.635972,-58.409566,-34.591041,-58.407355,1.482,185.46,0
T0000506,2026-03-08T22:02:00+00:00,2026-03-08T22:06:17+00:00,257,R0105,V0016,ST023,ST016,Chacarita,Caballito,-34.580066,-58.364739,-34.633031,-58.362781,7.581,473.21,2
T0000507,2026-03-31T07:34:00+00:00,2026-03-31T07:44:30+00:00,630,R0107,V0035,ST007,ST005,Nunez,Almagro,-34.605502,-58.409497,-34.583016,-58.36633,2.395,396.3,0
T0000508,2026-03-22T19:54:00+00:00,2026-03-22T19:54:45+00:00,45,R0060,V0047,ST014,ST020,San Telmo,Colegiales,-34.578076,-58.40303,-34.611329,-58.358197,2.22,184.56,3
T0000509,2026-03-15T19:33:00+00:00,2026-03-15T19:49:15+00:00,975,R0105,V0068,ST009,ST001,Retiro,Recoleta,-34.570346,-58.412202,-34.610295,-58.397389,6.964,699.8,63
T0000510,2026-03-24T16:20:00+00:00,2026-03-24T16:22:10+00:00,130,R0109,V0076,ST003,ST023,Belgrano,Chacarita,-34.576528,-58.407896,-34.580066,-58.364739,4.645,311.3,61
T0000511,2026-03-03T18:43:00+00:00,2026-03-03T18:44:01+00:00,61,R0068,V0012,ST015,ST001,Belgrano,Recoleta,-34.625648,-58.392026,-34.610295,-58.397389,1.268,152.07,0
T0000512,2026-03-04T07:27:00+00:00,2026-03-04T07:29:50+00:00,170,R0079,V0023,ST004,ST005,Caballito,Almagro,-34.593884,-58.383394,-34.583016,-58.36633,7.062,421.99,63
T0000513,2026-03-09T18:41:00+00:00,2026-03-09T18:50:19+00:00,559,R0094,V0032,ST019,ST015,Nunez,Belgrano,-34.591041,-58.407355,-34.625648,-58.392026,3.715,424.26,0
T0000514,2026-05-29T09:20:00+00:00,2026-05-29T09:26:41+00:00,401,R0001,V0029,ST016,ST013,Caballito,Recoleta,-34.633031,-58.362781,-34.609842,-58.376294,6.757,490.63,2
T0000515,2026-03-23T22:52:00+00:00,2026-03-23T22:55:11+00:00,191,R0094,V0057,ST002,ST008,San Telmo,Colegiales,-34.610974,-58.389171,-34.60824,-58.367253,0.336,160.31,0
T0000516,2026-05-18T14:24:00+00:00,2026-05-18T14:25:54+00:00,114,R0085,V0025,ST003,ST013,Belgrano,Recoleta,-34.576528,-58.407896,-34.609842,-58.376294,6.123,364.84,61
T0000517,2026-05-21T01:04:00+00:00,2026-05-21T01:08:00+00:00,240,R0108,V0020,ST000,ST014,Palermo,San Telmo,-34.577947,-58.413815,-34.578076,-58.40303,5.075,366.99,2
T0000518,2026-04-08T07:06:00+00:00,2026-04-08T07:09:50+00:00,230,R0063,V0075,ST022,ST023,Microcentro,Chacarita,-34.632494,-58.417063,-34.580066,-58.364739,3.097,284.39,61
T0000519,2026-05-26T23:05:00+00:00,2026-05-26T23:22:48+00:00,1068,R0027,V0053,ST013,ST015,Recoleta,Belgrano,-34.609842,-58.376294,-34.625648,-58.392026,2.801,565.84,0
T0000520,2026-05-16T07:31:00+00:00,2026-05-16T07:31:08+00:00,8,R0099,V0000,ST005,ST015,Almagro,Belgrano,-34.583016,-58.36633,-34.625648,-58.392026,3.299,214.75,63
T0000521,2026-04-13T17:51:00+00:00,2026-04-13T18:03:56+00:00,776,R0036,V0069,ST010,ST019,Microcentro,Nunez,-34.598502,-58.399031,-34.591041,-58.407355,3.551,493.62,2
T0000522,2026-05-17T12:35:00+00:00,2026-05-17T12:37:11+00:00,131,R0052,V0009,ST001,ST006,Recoleta,Villa Crespo,-34.610295,-58.397389,-34.635972,-58.409566,7.899,441.8,63
T0000523,2026-05-07T06:21:00+00:00,2026-05-07T06:25:09+00:00,249,R0074,V0019,ST017,ST007,Almagro,Nunez,-34.588172,-58.363104,-34.605502,-58.409497,7.193,454.88,0
T0000524,2026-05-10T17:07:00+00:00,2026-05-10T17:11:03+00:00,243,R0108,V0078,ST020,ST001,Colegiales,Recoleta,-34.611329,-58.358197,-34.610295,-58.397389,1.846,238.88,61
T0000525,2026-03-09T09:14:00+00:00,2026-03-09T09:15:53+00:00,113,R0040,V0005,ST009,ST011,Retiro,Chacarita,-34.570346,-58.412202,-34.614375,-58.40349,3.971,278.4,80
T0000526,2026-03-02T11:23:00+00:00,2026-03-02T11:26:12+00:00,192,R0114,V0018,ST009,ST001,Retiro,Recoleta,-34.570346,-58.412202,-34.610295,-58.397389,3.711,295.63,0
T0000527,2026-04-20T22:45:00+00:00,2026-04-20T22:49:34+00:00,274,R0076,V0042,ST016,ST018,Caballito,Villa Crespo,-34.633031,-58.362781,-34.576118,-58.346187,4.092,339.57,1
T0000528,2026-05-19T09:01:00+00:00,2026-05-19T09:05:36+00:00,276,R0005,V0062,ST000,ST023,Palermo,Chacarita,-34.577947,-58.413815,-34.580066,-58.364739,1.877,251.68,80
T0000529,2026-05-24T21:24:00+00:00,2026-05-24T21:25:37+00:00,97,R0047,V0030,ST010,ST001,Microcentro,Recoleta,-34.598502,-58.399031,-34.610295,-58.397389,0.201,121.98,80
T0000530,2026-05-08T09:33:00+00:00,2026-05-08T09:35:27+00:00,147,R0012,V0048,ST014,ST001,San Telmo,Recoleta,-34.578076,-58.40303,-34.610295,-58.397389,2.616,236.09,2
T0000531,2026-05-14T01:55:00+00:00,2026-05-14T01:57:35+00:00,155,R0083,V0064,ST017,ST000,Almagro,Palermo,-34.588172,-58.363104,-34.577947,-58.413815,6.094,378.01,61
T0000532,2026-03-27T16:10:00+00:00,2026-03-27T16:20:08+00:00,608,R0011,V0065,ST002,ST020,San Telmo,Colegiales,-34.610974,-58.389171,-34.611329,-58.358197,5.179,499.95,1
T0000533,2026-05-02T09:05:00+00:00,2026-05-02T09:19:48+00:00,888,R0052,V0057,ST009,ST020,Retiro,Colegiales,-34.570346,-58.412202,-34.611329,-58.358197,1.358,445.11,2
T0000534,2026-05-15T10:14:00+00:00,2026-05-15T10:16:41+00:00,161,R0016,V0043,ST016,ST012,Caballito,Palermo,-34.633031,-58.362781,-34.594241,-58.405192,2.814,248.89,2
T0000535,2026-04-17T13:21:00+00:00,2026-04-17T13:29:25+00:00,505,R0065,V0056,ST019,ST002,Nunez,San Telmo,-34.591041,-58.407355,-34.610974,-58.389171,4.994,456.5,2
T0000536,2026-05-26T03:24:00+00:00,2026-05-26T03:33:04+00:00,544,R0066,V0062,ST014,ST018,San Telmo,Villa Crespo,-34.578076,-58.40303,-34.576118,-58.346187,7.994,590.15,0
T0000537,2026-05-10T14:49:00+00:00,2026-05-10T20:22:20+00:00,20000,R0049,V0051,ST001,ST006,Recoleta,Villa Crespo,-34.610295,-58.397389,-34.635972,-58.409566,7.054,7362.17,0
T0000538,2026-03-08T21:44:00+00:00,2026-03-08T21:47:26+00:00,206,R0056,V0058,ST005,ST007,Almagro,Nunez,-34.583016,-58.36633,-34.605502,-58.409497,6.945,429.92,0
T0000539,2026-03-20T05:08:00+00:00,2026-03-20T05:10:36+00:00,156,R0103,V0071,ST002,ST021,San Telmo,Retiro,-34.610974,-58.389171,-34.587639,-58.392154,3.685,282.0,1
T0000540,2026-05-26T07:27:00+00:00,2026-05-26T07:28:47+00:00,107,R0098,V0038,ST021,ST017,Retiro,Almagro,-34.587639,-58.392154,-34.588172,-58.363104,7.211,405.91,0
T0000541,2026-04-15T17:43:00+00:00,2026-04-15T23:16:20+00:00,20000,R0100,V0019,ST000,ST022,Palermo,Microcentro,-34.577947,-58.413815,-34.632494,-58.417063,7.462,7378.47,80
T0000542,2026-04-21T10:20:00+00:00,2026-04-21T10:25:12+00:00,312,R0032,V0029,ST013,ST018,Recoleta,Villa Crespo,-34.609842,-58.376294,-34.576118,-58.346187,0.983,228.53,2
T0000543,2026-05-07T09:02:00+00:00,2026-05-07T09:05:00+00:00,180,R0081,V0026,ST023,ST000,Chacarita,Palermo,-34.580066,-58.364739,-34.577947,-58.413815,4.085,306.39,63
T0000544,2026-04-02T10:20:00+00:00,2026-04-02T10:31:50+00:00,710,R0118,V0008,ST003,ST003,Belgrano,Belgrano,-34.576528,-58.407896,-34.576528,-58.407896,0.001,328.54,0
T0000545,2026-03-29T11:25:00+00:00,2026-03-29T11:30:37+00:00,337,R0077,V0003,ST020,ST001,Colegiales,Recoleta,-34.611329,-58.358197,-34.610295,-58.397389,2.051,279.98,63
T0000546,2026-03-18T13:14:00+00:00,2026-03-18T13:16:27+00:00,147,R0094,V0079,ST019,ST013,Nunez,Recoleta,-34.591041,-58.407355,-34.609842,-58.376294,2.973,250.38,0
T0000547,2026-03-16T01:13:00+00:00,2026-03-16T01:16:27+00:00,207,R0025,V0058,ST000,ST007,Palermo,Nunez,-34.577947,-58.413815,-34.605502,-58.409497,7.704,460.61,0
T0000548,2026-03-01T23:39:00+00:00,2026-03-01T23:54:05+00:00,905,R0033,V0000,ST017,ST017,Almagro,Almagro,-34.588172,-58.363104,-34.588172,-58.363104,0.144,402.51,80
T0000549,2026-03-15T08:39:00+00:00,2026-03-15T08:44:12+00:00,312,R0049,V0031,ST018,ST000,Villa Crespo,Palermo,-34.576118,-58.346187,-34.577947,-58.413815,3.539,330.75,0
T0000550,2026-03-04T05:51:00+00:00,2026-03-04T05:53:59+00:00,179,R0066,V0050,ST020,ST014,Colegiales,San Telmo,-34.611329,-58.358197,-34.578076,-58.40303,1.788,214.16,80
T0000551,2026-04-26T02:18:00+00:00,2026-04-26T02:19:15+00:00,75,R0110,V0059,ST019,ST021,Nunez,Retiro,-34.591041,-58.407355,-34.587639,-58.392154,3.952,264.35,80
T0000552,2026-04-04T14:21:00+00:00,2026-04-04T14:26:26+00:00,326,R0001,V0049,ST016,ST019,Caballito,Nunez,-34.633031,-58.362781,-34.591041,-58.407355,8.35,528.11,0
T0000553,2026-03-03T07:21:00+00:00,2026-03-03T07:22:58+00:00,118,R0089,V0018,ST019,ST002,Nunez,San Telmo,-34.591041,-58.407355,-34.610974,-58.389171,1.408,177.61,0
T0000554,2026-03-03T13:08:00+00:00,2026-03-03T13:21:03+00:00,783,R0063,V0024,ST008,ST007,Colegiales,Nunez,-34.60824,-58.367253,-34.605502,-58.409497,3.042,475.72,0
T0000555,2026-03-29T23:28:00+00:00,2026-03-29T23:34:59+00:00,419,R0096,V0015,ST006,ST009,Villa Crespo,Retiro,-34.635972,-58.409566,-34.570346,-58.412202,3.127,351.74,0
T0000556,2026-03-12T14:28:00+00:00,2026-03-12T14:29:42+00:00,102,R0045,V0061,ST000,ST018,Palermo,Villa Crespo,-34.577947,-58.413815,-34.576118,-58.346187,3.072,238.6,0
T0000557,2026-05-17T18:20:00+00:00,2026-05-17T18:22:37+00:00,157,R0070,V0024,ST011,ST022,Chacarita,Microcentro,-34.614375,-58.40349,-34.632494,-58.417063,6.118,379.68,63
T0000558,2026-03-07T02:10:00+00:00,2026-03-07T02:14:17+00:00,257,R0011,V0073,ST004,ST012,Caballito,Palermo,-34.593884,-58.383394,-34.594241,-58.405192,5.378,385.05,2
T0000559,2026-05-22T15:18:00+00:00,2026-05-22T15:22:27+00:00,267,R0052,V0057,ST004,ST010,Caballito,Microcentro,-34.593884,-58.383394,-34.598502,-58.399031,6.456,431.71,0
T0000560,2026-03-02T10:17:00+00:00,2026-03-02T10:23:27+00:00,387,R0107,V0017,ST022,ST009,Microcentro,Retiro,-34.632494,-58.417063,-34.570346,-58.412202,4.341,389.07,61
T0000561,2026-03-25T09:50:00+00:00,2026-03-25T09:51:14+00:00,74,R0101,V0002,ST013,ST018,Recoleta,Villa Crespo,-34.609842,-58.376294,-34.576118,-58.346187,1.965,184.48,63
T0000562,2026-05-14T09:42:00+00:00,2026-05-14T09:48:46+00:00,406,R0079,V0067,ST014,ST013,San Telmo,Recoleta,-34.578076,-58.40303,-34.609842,-58.376294,6.608,486.43,1
T0000563,2026-03-06T03:37:00+00:00,2026-03-06T03:37:59+00:00,59,R0114,V0014,ST006,ST001,Villa Crespo,Recoleta,-34.635972,-58.409566,-34.610295,-58.397389,6.257,350.93,0
T0000564,2026-04-14T23:24:00+00:00,2026-04-14T23:27:28+00:00,208,R0012,V0003,ST003,ST013,Belgrano,Recoleta,-34.576528,-58.407896,-34.609842,-58.376294,7.518,453.51,63
T0000565,2026-04-04T12:38:00+00:00,2026-04-04T12:43:15+00:00,315,R0034,V0065,ST017,ST007,Almagro,Nunez,-34.588172,-58.363104,-34.605502,-58.409497,3.994,349.99,80
T0000566,2026-03-27T10:57:00+00:00,2026-03-27T11:02:40+00:00,340,R0112,V0003,ST022,ST005,Microcentro,Almagro,-34.632494,-58.417063,-34.583016,-58.36633,5.312,411.5,2
T0000567,2026-05-04T19:13:00+00:00,2026-05-04T19:23:06+00:00,606,R0070,V0009,ST000,ST012,Palermo,Palermo,-34.577947,-58.413815,-34.594241,-58.405192,4.918,488.82,3
T0000568,2026-03-10T03:31:00+00:00,2026-03-10T03:35:47+00:00,287,R0034,V0071,ST013,ST014,Recoleta,San Telmo,-34.609842,-58.376294,-34.578076,-58.40303,2.762,290.94,63
T0000569,2026-03-13T01:22:00+00:00,2026-03-13T01:33:47+00:00,707,R0031,V0068,ST000,ST005,Palermo,Almagro,-34.577947,-58.413815,-34.583016,-58.36633,3.822,480.34,1
T0000570,2026-03-14T11:15:00+00:00,2026-03-14T11:20:22+00:00,322,R0112,V0021,ST019,ST012,Nunez,Palermo,-34.591041,-58.407355,-34.594241,-58.405192,6.461,451.15,61
T0000571,2026-05-23T23:33:00+00:00,2026-05-23T23:35:39+00:00,159,R0076,V0028,ST001,ST002,Recoleta,San Telmo,-34.610295,-58.397389,-34.610974,-58.389171,8.084,459.01,3
T0000572,2026-05-17T05:59:00+00:00,2026-05-17T06:02:50+00:00,230,R0033,V0013,ST001,ST000,Recoleta,Palermo,-34.610295,-58.397389,-34.577947,-58.413815,4.116,325.14,63
T0000573,2026-03-19T07:00:00+00:00,2026-03-19T07:03:55+00:00,235,R0091,V0015,ST022,ST012,Microcentro,Palermo,-34.632494,-58.417063,-34.594241,-58.405192,2.114,246.82,0
T0000574,2026-05-02T18:40:00+00:00,2026-05-02T18:40:53+00:00,53,R0106,V0073,ST022,ST006,Microcentro,Villa Crespo,-34.632494,-58.417063,-34.635972,-58.409566,4.568,281.26,63
T0000575,2026-03-05T23:53:00+00:00,2026-03-05T23:57:41+00:00,281,R0079,V0074,ST015,ST012,Belgrano,Palermo,-34.625648,-58.392026,-34.594241,-58.405192,5.259,388.72,1
T0000576,2026-05-11T15:49:00+00:00,2026-05-11T16:00:21+00:00,681,R0049,V0016,ST008,ST005,Colegiales,Almagro,-34.60824,-58.367253,-34.583016,-58.36633,1.486,377.79,0
T0000577,2026-03-13T17:21:00+00:00,2026-03-13T17:25:37+00:00,277,R0094,V0066,ST001,ST004,Recoleta,Caballito,-34.610295,-58.397389,-34.593884,-58.383394,3.019,297.72,0
T0000578,2026-04-29T01:06:00+00:00,2026-04-29T01:12:03+00:00,363,R0091,V0064,ST014,ST007,San Telmo,Nunez,-34.578076,-58.40303,-34.605502,-58.409497,5.721,435.87,1
T0000579,2026-05-19T05:14:00+00:00,2026-05-19T05:15:03+00:00,63,R0002,V0001,ST022,ST006,Microcentro,Villa Crespo,-34.632494,-58.417063,-34.635972,-58.409566,3.228,231.18,0
T0000580,2026-03-09T17:23:00+00:00,2026-03-09T17:24:43+00:00,103,R0045,V0077,ST007,ST009,Nunez,Retiro,-34.605502,-58.409497,-34.570346,-58.412202,2.592,219.73,61
T0000581,2026-03-23T10:27:00+00:00,2026-03-23T10:28:19+00:00,79,R0116,V0063,ST010,ST015,Microcentro,Belgrano,-34.598502,-58.399031,-34.625648,-58.392026,7.278,398.79,0
T0000582,2026-05-22T09:45:00+00:00,2026-05-22T09:47:59+00:00,179,R0053,V0059,ST000,ST019,Palermo,Nunez,-34.577947,-58.413815,-34.591041,-58.407355,5.138,348.18,0
T0000583,2026-04-07T15:33:00+00:00,2026-04-07T15:36:21+00:00,201,R0076,V0013,ST023,ST021,Chacarita,Retiro,-34.580066,-58.364739,-34.587639,-58.392154,2.327,243.42,0
T0000584,2026-04-19T22:15:00+00:00,2026-04-19T22:19:19+00:00,259,R0040,V0045,ST007,ST012,Nunez,Palermo,-34.605502,-58.409497,-34.594241,-58.405192,1.57,233.46,0
T0000585,2026-03-18T17:52:00+00:00,2026-03-18T18:00:54+00:00,534,R0103,V0035,ST000,ST016,Palermo,Caballito,-34.577947,-58.413815,-34.633031,-58.362781,7.417,563.56,1
T0000586,2026-05-03T03:46:00+00:00,2026-05-03T03:52:32+00:00,392,R0102,V0003,ST007,ST006,Nunez,Villa Crespo,-34.605502,-58.409497,-34.635972,-58.409566,6.858,491.51,61
T0000587,2026-04-17T10:30:00+00:00,2026-04-17T10:38:41+00:00,521,R0051,V0064,ST006,ST018,Villa Crespo,Villa Crespo,-34.635972,-58.409566,-34.576118,-58.346187,6.747,532.23,80
T0000588,2026-04-01T13:52:00+00:00,2026-04-01T13:56:35+00:00,275,R0000,V0068,ST018,ST019,Villa Crespo,Nunez,-34.576118,-58.346187,-34.591041,-58.407355,2.308,268.58,0
T0000589,2026-03-14T18:01:00+00:00,2026-03-14T18:09:47+00:00,527,R0034,V0026,ST015,ST015,Belgrano,Belgrano,-34.625648,-58.392026,-34.625648,-58.392026,0.118,269.17,0
T0000590,2026-05-03T05:05:00+00:00,2026-05-03T05:10:03+00:00,303,R0086,V0014,ST015,ST018,Belgrano,Villa Crespo,-34.625648,-58.392026,-34.576118,-58.346187,5.487,405.54,1
T0000591,2026-03-10T21:45:00+00:00,2026-03-10T21:49:58+00:00,298,R0078,V0078,ST011,ST006,Chacarita,Villa Crespo,-34.614375,-58.40349,-34.635972,-58.409566,4.048,346.24,3
T0000592,2026-03-28T08:34:00+00:00,2026-03-28T08:44:57+00:00,657,R0078,V0015,ST021,ST003,Retiro,Belgrano,-34.587639,-58.392154,-34.576528,-58.407896,7.17,596.76,3
T0000593,2026-04-17T16:28:00+00:00,2026-04-17T16:31:24+00:00,204,R0062,V0060,ST015,ST020,Belgrano,Colegiales,-34.625648,-58.392026,-34.611329,-58.358197,5.082,354.7,0
T0000594,2026-03-28T07:50:00+00:00,2026-03-28T07:52:25+00:00,145,R0005,V0032,ST005,ST005,Almagro,Almagro,-34.583016,-58.36633,-34.583016,-58.36633,0.024,131.71,3
T0000595,2026-04-05T17:06:00+00:00,2026-04-05T17:09:26+00:00,206,R0059,V0022,ST011,ST022,Chacarita,Microcentro,-34.614375,-58.40349,-34.632494,-58.417063,2.862,266.58,0
T0000596,2026-05-26T21:28:00+00:00,2026-05-26T21:36:51+00:00,531,R0031,V0076,ST018,ST015,Villa Crespo,Belgrano,-34.576118,-58.346187,-34.625648,-58.392026,1.052,307.94,0
T0000597,2026-03-06T19:23:00+00:00,2026-03-06T19:25:10+00:00,130,R0078,V0031,ST008,ST021,Colegiales,Retiro,-34.60824,-58.367253,-34.587639,-58.392154,4.307,297.76,61
T0000598,2026-04-18T19:01:00+00:00,2026-04-18T19:06:34+00:00,334,R0038,V0040,ST010,ST020,Microcentro,Colegiales,-34.598502,-58.399031,-34.611329,-58.358197,0.634,222.28,3
T0000599,2026-04-30T17:44:00+00:00,2026-04-30T17:49:23+00:00,323,R0056,V0018,ST021,ST000,Retiro,Palermo,-34.587639,-58.392154,-34.577947,-58.413815,4.551,375.1,1
T0000600,2026-04-02T00:18:00+00:00,2026-04-02T00:20:50+00:00,170,R0094,V0008,ST021,ST021,Retiro,Retiro,-34.587639,-58.392154,-34.587639,-58.392154,0.035,140.9,80
T0000601,2026-05-27T07:17:00+00:00,2026-05-27T07:20:12+00:00,192,R0050,V0068,ST022,ST008,Microcentro,Colegiales,-34.632494,-58.417063,-34.60824,-58.367253,4.598,331.12,0
T0000602,2026-04-05T12:24:00+00:00,2026-04-05T12:25:24+00:00,84,R0101,V0071,ST000,ST021,Palermo,Retiro,-34.577947,-58.413815,-34.587639,-58.392154,3.781,260.65,80
T0000603,2026-04-04T19:19:00+00:00,2026-04-04T19:24:16+00:00,316,R0115,V0008,ST002,ST000,San Telmo,Palermo,-34.610974,-58.389171,-34.577947,-58.413815,1.717,259.29,80
T0000604,2026-05-19T19:09:00+00:00,2026-05-19T19:11:17+00:00,137,R0110,V0020,ST016,ST008,Caballito,Colegiales,-34.633031,-58.362781,-34.60824,-58.367253,0.837,161.41,61
T0000605,2026-03-27T20:56:00+00:00,2026-03-27T21:00:43+00:00,283,R0009,V0063,ST012,ST014,Palermo,San Telmo,-34.594241,-58.405192,-34.578076,-58.40303,3.985,338.47,1
T0000606,2026-05-28T07:57:00+00:00,2026-05-28T08:03:22+00:00,382,R0082,V0066,ST014,ST021,San Telmo,Retiro,-34.578076,-58.40303,-34.587639,-58.392154,2.494,313.45,80
T0000607,2026-03-21T18:52:00+00:00,2026-03-21T18:58:26+00:00,386,R0042,V0063,ST021,ST008,Retiro,Colegiales,-34.587639,-58.392154,-34.60824,-58.367253,6.053,457.22,61
T0000608,2026-05-19T09:05:00+00:00,2026-05-19T09:07:35+00:00,155,R0065,V0023,ST011,ST008,Chacarita,Colegiales,-34.614375,-58.40349,-34.60824,-58.367253,5.435,351.64,0
T0000609,2026-05-14T03:06:00+00:00,2026-05-14T03:09:00+00:00,180,R0010,V0030,ST003,ST020,Belgrano,Colegiales,-34.576528,-58.407896,-34.611329,-58.358197,7.615,447.59,80
T0000610,2026-04-11T09:32:00+00:00,2026-04-11T09:35:02+00:00,182,R0084,V0053,ST011,ST007,Chacarita,Nunez,-34.614375,-58.40349,-34.605502,-58.409497,6.641,409.32,0
T0000611,2026-05-13T04:11:00+00:00,2026-05-13T04:15:52+00:00,292,R0111,V0068,ST016,ST005,Caballito,Almagro,-34.633031,-58.362781,-34.583016,-58.36633,4.753,372.31,0
T0000612,2026-04-28T23:25:00+00:00,2026-04-28T23:29:22+00:00,262,R0096,V0061,ST006,ST021,Villa Crespo,Retiro,-34.635972,-58.409566,-34.587639,-58.392154,3.487,311.17,0
T0000613,2026-04-07T05:15:00+00:00,2026-04-07T05:16:31+00:00,91,R0074,V0072,ST016,ST019,Caballito,Nunez,-34.633031,-58.362781,-34.591041,-58.407355,7.619,416.63,2
T0000614,2026-03-14T15:42:00+00:00,2026-03-14T15:49:03+00:00,423,R0061,V0016,ST001,ST008,Recoleta,Colegiales,-34.610295,-58.397389,-34.60824,-58.367253,3.277,359.15,63
T0000615,2026-03-08T00:27:00+00:00,2026-03-08T00:31:06+00:00,246,R0107,V0058,ST016,ST021,Caballito,Retiro,-34.633031,-58.362781,-34.587639,-58.392154,7.626,471.14,2
T0000616,2026-03-07T23:21:00+00:00,2026-03-07T23:26:21+00:00,321,R0106,V0059,ST011,ST005,Chacarita,Almagro,-34.614375,-58.40349,-34.583016,-58.36633,4.316,365.01,0
T0000617,2026-03-22T10:37:00+00:00,2026-03-22T10:45:07+00:00,487,R0051,V0010,ST008,ST012,Colegiales,Palermo,-34.60824,-58.367253,-34.594241,-58.405192,5.574,473.42,63
T0000618,2026-04-23T18:21:00+00:00,2026-04-23T18:33:57+00:00,777,R0077,V0031,ST017,ST009,Almagro,Retiro,-34.588172,-58.363104,-34.570346,-58.412202,6.787,623.42,1
T0000619,2026-05-03T07:20:00+00:00,2026-05-03T07:23:25+00:00,205,R0102,V0038,ST000,ST018,Palermo,Villa Crespo,-34.577947,-58.413815,-34.576118,-58.346187,2.96,270.14,0
T0000620,2026-04-28T06:53:00+00:00,2026-04-28T06:58:56+00:00,356,R0102,V0078,ST005,ST005,Almagro,Almagro,-34.583016,-58.36633,-34.583016,-58.36633,0.153,210.72,0
T0000621,2026-03-07T08:16:00+00:00,2026-03-07T08:27:13+00:00,673,R0023,V0027,ST016,ST010,Caballito,Microcentro,-34.633031,-58.362781,-34.598502,-58.399031,8.237,645.05,0
T0000622,2026-05-12T08:44:00+00:00,2026-05-12T08:48:47+00:00,287,R0009,V0036,ST003,ST005,Belgrano,Almagro,-34.576528,-58.407896,-34.583016,-58.36633,7.665,487.06,3
T0000623,2026-05-13T01:29:00+00:00,2026-05-13T01:42:52+00:00,832,R0009,V0009,ST002,ST011,San Telmo,Chacarita,-34.610974,-58.389171,-34.614375,-58.40349,3.614,515.77,80
T0000624,2026-03-27T23:59:00+00:00,2026-03-28T00:00:29+00:00,89,R0012,V0068,ST018,ST008,Villa Crespo,Colegiales,-34.576118,-58.346187,-34.60824,-58.367253,6.322,364.02,0
T0000625,2026-03-25T19:14:00+00:00,2026-03-25T19:17:07+00:00,187,R0100,V0011,ST016,ST007,Caballito,Nunez,-34.633031,-58.362781,-34.605502,-58.409497,7.428,442.57,0
T0000626,2026-05-10T14:20:00+00:00,2026-05-10T14:23:10+00:00,190,R0118,V0070,ST019,ST003,Nunez,Belgrano,-34.591041,-58.407355,-34.576528,-58.407896,2.746,256.33,0
T0000627,2026-03-16T01:21:00+00:00,2026-03-16T01:22:44+00:00,104,R0062,V0075,ST009,ST002,Retiro,San Telmo,-34.570346,-58.412202,-34.610974,-58.389171,4.319,289.18,63
T0000628,2026-03-31T08:48:00+00:00,2026-03-31T08:50:14+00:00,134,R0114,V0033,ST010,ST021,Microcentro,Retiro,-34.598502,-58.399031,-34.587639,-58.392154,0.697,154.76,0
T0000629,2026-03-26T23:14:00+00:00,2026-03-26T23:17:27+00:00,207,R0090,V0014,ST019,ST002,Nunez,San Telmo,-34.591041,-58.407355,-34.610974,-58.389171,7.594,456.2,80
T0000630,2026-04-17T07:27:00+00:00,2026-04-17T07:33:50+00:00,410,R0119,V0072,ST013,ST001,Recoleta,Recoleta,-34.609842,-58.376294,-34.610295,-58.397389,1.682,290.77,61
T0000631,2026-05-11T00:12:00+00:00,2026-05-11T00:15:52+00:00,232,R0068,V0024,ST000,ST018,Palermo,Villa Crespo,-34.577947,-58.413815,-34.576118,-58.346187,5.71,389.61,63
T0000632,2026-05-03T07:06:00+00:00,2026-05-03T07:09:25+00:00,205,R0039,V0055,ST010,ST004,Microcentro,Caballito,-34.598502,-58.399031,-34.593884,-58.383394,2.686,259.19,61
T0000633,2026-03-16T07:44:00+00:00,2026-03-16T07:49:24+00:00,324,R0033,V0066,ST003,ST018,Belgrano,Villa Crespo,-34.576528,-58.407896,-34.576118,-58.346187,4.637,378.88,0
T0000634,2026-04-27T19:26:00+00:00,2026-04-27T19:30:26+00:00,266,R0115,V0036,ST006,ST001,Villa Crespo,Recoleta,-34.635972,-58.409566,-34.610295,-58.397389,6.185,420.5,0
T0000635,2026-05-08T22:31:00+00:00,2026-05-08T22:39:05+00:00,485,R0076,V0003,ST005,ST000,Almagro,Palermo,-34.583016,-58.36633,-34.577947,-58.413815,7.199,537.7,0
T0000636,2026-03-24T10:38:00+00:00,2026-03-24T10:43:35+00:00,335,R0054,V0049,ST010,ST009,Microcentro,Retiro,-34.598502,-58.399031,-34.570346,-58.412202,5.719,426.03,2
T0000637,2026-04-22T15:32:00+00:00,2026-04-22T15:40:00+00:00,480,R0005,V0057,ST013,ST013,Recoleta,Recoleta,-34.609842,-58.376294,-34.609842,-58.376294,0.2,256.0,0
T0000638,2026-05-20T19:25:00+00:00,2026-05-20T19:31:38+00:00,398,R0032,V0006,ST013,ST022,Recoleta,Microcentro,-34.609842,-58.376294,-34.632494,-58.417063,4.138,384.83,3
T0000639,2026-05-27T00:30:00+00:00,2026-05-27T00:32:56+00:00,176,R0023,V0021,ST018,ST022,Villa Crespo,Microcentro,-34.576118,-58.346187,-34.632494,-58.417063,2.643,247.31,2
T0000640,2026-04-04T19:10:00+00:00,2026-04-04T19:26:10+00:00,970,R0061,V0051,ST019,ST011,Nunez,Chacarita,-34.591041,-58.407355,-34.614375,-58.40349,5.092,623.18,0
T0000641,2026-04-19T16:07:00+00:00,2026-04-19T16:12:18+00:00,318,R0040,V0030,ST006,ST005,Villa Crespo,Almagro,-34.635972,-58.409566,-34.583016,-58.36633,5.203,399.42,3
T0000642,2026-04-18T02:33:00+00:00,2026-04-18T02:34:56+00:00,116,R0114,V0020,ST010,ST001,Microcentro,Recoleta,-34.598502,-58.399031,-34.610295,-58.397389,7.882,435.87,0
T0000643,2026-04-09T20:59:00+00:00,2026-04-09T21:13:48+00:00,888,R0007,V0013,ST010,ST010,Microcentro,Microcentro,-34.598502,-58.399031,-34.598502,-58.399031,0.067,393.48,2
T0000644,2026-05-13T09:20:00+00:00,2026-05-13T09:21:44+00:00,104,R0051,V0071,ST015,ST015,Belgrano,Belgrano,-34.625648,-58.392026,-34.625648,-58.392026,0.326,129.44,80
T0000645,2026-05-22T00:10:00+00:00,2026-05-22T00:11:35+00:00,95,R0092,V0077,ST023,ST017,Chacarita,Almagro,-34.580066,-58.364739,-34.588172,-58.363104,5.652,339.33,0
T0000646,2026-03-23T11:30:00+00:00,2026-03-23T11:35:43+00:00,343,R0059,V0074,ST002,ST023,San Telmo,Chacarita,-34.610974,-58.389171,-34.580066,-58.364739,3.553,342.17,0
T0000647,2026-03-06T08:14:00+00:00,2026-03-06T08:22:28+00:00,508,R0015,V0069,ST008,ST007,Colegiales,Nunez,-34.60824,-58.367253,-34.605502,-58.409497,6.673,524.73,1
T0000648,2026-04-17T14:06:00+00:00,2026-04-17T14:15:55+00:00,595,R0040,V0041,ST008,ST002,Colegiales,San Telmo,-34.60824,-58.367253,-34.610974,-58.389171,6.514,548.81,3
T0000649,2026-04-16T06:30:00+00:00,2026-04-16T06:32:46+00:00,166,R0093,V0026,ST022,ST003,Microcentro,Belgrano,-34.632494,-58.417063,-34.576528,-58.407896,0.758,168.4,80
T0000650,2026-04-02T07:33:00+00:00,2026-04-02T07:33:12+00:00,12,R0064,V0017,ST016,ST014,Caballito,San Telmo,-34.633031,-58.362781,-34.578076,-58.40303,5.129,289.37,3
T0000651,2026-03-11T08:37:00+00:00,2026-03-11T08:38:34+00:00,94,R0091,V0074,ST004,ST014,Caballito,San Telmo,-34.593884,-58.383394,-34.578076,-58.40303,7.867,427.59,0
T0000652,2026-03-10T16:49:00+00:00,2026-03-10T16:53:36+00:00,276,R0034,V0023,ST007,ST021,Nunez,Retiro,-34.605502,-58.409497,-34.587639,-58.392154,2.559,278.95,61
T0000653,2026-03-01T21:01:00+00:00,2026-03-01T21:05:58+00:00,298,R0076,V0000,ST003,ST003,Belgrano,Belgrano,-34.576528,-58.407896,-34.576528,-58.407896,0.082,187.58,0
T0000654,2026-03-19T06:58:00+00:00,2026-03-19T07:02:08+00:00,248,R0106,V0012,ST023,ST012,Chacarita,Palermo,-34.580066,-58.364739,-34.594241,-58.405192,0.352,180.87,1
T0000655,2026-03-25T03:10:00+00:00,2026-03-25T03:21:27+00:00,687,R0099,V0061,ST016,ST011,Caballito,Chacarita,-34.633031,-58.362781,-34.614375,-58.40349,4.877,515.55,0
T0000656,2026-04-18T16:52:00+00:00,2026-04-18T16:53:17+00:00,77,R0082,V0071,ST014,ST017,San Telmo,Almagro,-34.578076,-58.40303,-34.588172,-58.363104,2.153,193.05,61
T0000657,2026-04-12T03:21:00+00:00,2026-04-12T03:24:18+00:00,198,R0110,V0020,ST009,ST019,Retiro,Nunez,-34.570346,-58.412202,-34.591041,-58.407355,7.581,452.54,61
T0000658,2026-04-10T20:29:00+00:00,2026-04-10T20:33:53+00:00,293,R0055,V0026,ST017,ST018,Almagro,Villa Crespo,-34.588172,-58.363104,-34.576118,-58.346187,4.601,366.6,3
T0000659,2026-03-06T11:42:00+00:00,2026-03-06T12:00:29+00:00,1109,R0116,V0035,ST003,ST001,Belgrano,Recoleta,-34.576528,-58.407896,-34.610295,-58.397389,2.804,580.32,2
T0000660,2026-05-04T12:56:00+00:00,2026-05-04T12:58:33+00:00,153,R0048,V0079,ST001,ST016,Recoleta,Caballito,-34.610295,-58.397389,-34.633031,-58.362781,7.169,420.3,3
T0000661,2026-04-29T10:56:00+00:00,2026-04-29T11:05:24+00:00,564,R0083,V0058,ST022,ST002,Microcentro,San Telmo,-34.632494,-58.417063,-34.610974,-58.389171,1.892,353.07,0
T0000662,2026-04-27T10:59:00+00:00,2026-04-27T11:05:20+00:00,380,R0068,V0004,ST007,ST009,Nunez,Retiro,-34.605502,-58.409497,-34.570346,-58.412202,5.115,417.6,61
T0000663,2026-05-13T08:36:00+00:00,2026-05-13T08:39:34+00:00,214,R0051,V0008,ST020,ST005,Colegiales,Almagro,-34.611329,-58.358197,-34.583016,-58.36633,0.713,183.42,3
T0000664,2026-05-10T06:24:00+00:00,2026-05-10T06:25:28+00:00,88,R0112,V0014,ST000,ST008,Palermo,Colegiales,-34.577947,-58.413815,-34.60824,-58.367253,5.478,329.91,61
T0000665,2026-04-29T09:26:00+00:00,2026-04-29T09:28:40+00:00,160,R0014,V0073,ST019,ST013,Nunez,Recoleta,-34.591041,-58.407355,-34.609842,-58.376294,2.308,228.31,61
T0000666,2026-04-09T22:56:00+00:00,2026-04-09T22:58:37+00:00,157,R0032,V0003,ST017,ST012,Almagro,Palermo,-34.588172,-58.363104,-34.594241,-58.405192,8.459,473.3,3
T0000667,2026-05-17T11:44:00+00:00,2026-05-17T11:47:21+00:00,201,R0028,V0064,ST004,ST009,Caballito,Retiro,-34.593884,-58.383394,-34.570346,-58.412202,6.506,410.6,80
T0000668,2026-04-09T20:28:00+00:00,2026-04-09T20:30:26+00:00,146,R0039,V0070,ST018,ST016,Villa Crespo,Caballito,-34.576118,-58.346187,-34.633031,-58.362781,6.88,406.29,3
T0000669,2026-03-10T08:16:00+00:00,2026-03-10T08:21:19+00:00,319,R0113,V0077,ST021,ST014,Retiro,San Telmo,-34.587639,-58.392154,-34.578076,-58.40303,0.348,205.58,80
T0000670,2026-05-16T00:20:00+00:00,2026-05-16T00:21:18+00:00,78,R0080,V0019,ST001,ST001,Recoleta,Recoleta,-34.610295,-58.397389,-34.610295,-58.397389,0.235,116.7,0
T0000671,2026-03-03T10:43:00+00:00,2026-03-03T10:51:48+00:00,528,R0009,V0049,ST015,ST019,Belgrano,Nunez,-34.625648,-58.392026,-34.591041,-58.407355,6.945,542.62,1
T0000672,2026-04-11T12:53:00+00:00,2026-04-11T13:00:52+00:00,472,R0025,V0068,ST005,ST023,Almagro,Chacarita,-34.583016,-58.36633,-34.580066,-58.364739,3.246,375.02,0
T0000673,2026-05-04T06:23:00+00:00,2026-05-04T06:33:49+00:00,649,R0067,V0005,ST009,ST023,Retiro,Chacarita,-34.570346,-58.412202,-34.580066,-58.364739,4.653,493.25,61
T0000674,2026-03-03T12:15:00+00:00,2026-03-03T12:16:58+00:00,118,R0064,V0007,ST007,ST018,Nunez,Villa Crespo,-34.605502,-58.409497,-34.576118,-58.346187,6.969,400.05,2
T0000675,2026-04-26T10:00:00+00:00,2026-04-26T10:04:24+00:00,264,R0078,V0026,ST013,ST015,Recoleta,Belgrano,-34.609842,-58.376294,-34.625648,-58.392026,5.012,372.88,2
T0000676,2026-03-09T19:02:00+00:00,2026-03-09T19:05:38+00:00,218,R0037,V0002,ST009,ST011,Retiro,Chacarita,-34.570346,-58.412202,-34.614375,-58.40349,1.422,213.17,80
T0000677,2026-04-16T22:45:00+00:00,2026-04-16T22:48:11+00:00,191,R0113,V0012,ST019,ST008,Nunez,Colegiales,-34.591041,-58.407355,-34.60824,-58.367253,1.505,207.07,0
T0000678,2026-03-05T05:48:00+00:00,2026-03-05T05:54:06+00:00,366,R0021,V0070,ST007,ST008,Nunez,Colegiales,-34.605502,-58.409497,-34.60824,-58.367253,4.729,397.25,1
T0000679,2026-05-07T11:14:00+00:00,2026-05-07T11:20:27+00:00,387,R0107,V0025,ST005,ST014,Almagro,San Telmo,-34.583016,-58.36633,-34.578076,-58.40303,0.839,249.01,0
T0000680,2026-04-19T11:12:00+00:00,2026-04-19T11:14:34+00:00,154,R0099,V0016,ST016,ST011,Caballito,Chacarita,-34.633031,-58.362781,-34.614375,-58.40349,1.477,192.97,61
T0000681,2026-03-16T23:26:00+00:00,2026-03-16T23:29:45+00:00,225,R0092,V0035,ST023,ST022,Chacarita,Microcentro,-34.580066,-58.364739,-34.632494,-58.417063,6.734,428.13,0
T0000682,2026-03-04T14:46:00+00:00,2026-03-04T14:47:45+00:00,105,R0118,V0043,ST023,ST007,Chacarita,Nunez,-34.580066,-58.364739,-34.605502,-58.409497,6.009,357.12,80
T0000683,2026-03-19T12:33:00+00:00,2026-03-19T12:36:26+00:00,206,R0092,V0018,ST008,ST004,Colegiales,Caballito,-34.60824,-58.367253,-34.593884,-58.383394,7.039,433.66,3
T0000684,2026-03-23T06:12:00+00:00,2026-03-23T06:15:47+00:00,227,R0000,V0007,ST009,ST006,Retiro,Villa Crespo,-34.570346,-58.412202,-34.635972,-58.409566,2.656,265.7,80
T0000685,2026-05-08T04:50:00+00:00,2026-05-08T04:53:08+00:00,188,R0035,V0018,ST006,ST012,Villa Crespo,Palermo,-34.635972,-58.409566,-34.594241,-58.405192,8.065,468.42,0
T0000686,2026-04-12T19:15:00+00:00,2026-04-12T19:17:39+00:00,159,R0039,V0062,ST019,ST010,Nunez,Microcentro,-34.591041,-58.407355,-34.598502,-58.399031,5.779,366.81,2
T0000687,2026-04-09T23:41:00+00:00,2026-04-09T23:50:48+00:00,588,R0044,V0051,ST005,ST023,Almagro,Chacarita,-34.583016,-58.36633,-34.580066,-58.364739,5.429,502.98,61
T0000688,2026-04-30T22:16:00+00:00,2026-04-30T22:21:13+00:00,313,R0005,V0058,ST016,ST014,Caballito,San Telmo,-34.633031,-58.362781,-34.578076,-58.40303,7.166,476.2,63
T0000689,2026-03-20T06:48:00+00:00,2026-03-20T06:50:33+00:00,153,R0097,V0040,ST014,ST016,San Telmo,Caballito,-34.578076,-58.40303,-34.633031,-58.362781,4.012,294.03,2
T0000690,2026-04-13T11:37:00+00:00,2026-04-13T11:41:06+00:00,246,R0057,V0037,ST019,ST005,Nunez,Almagro,-34.591041,-58.407355,-34.583016,-58.36633,8.258,496.44,0
T0000691,2026-03-21T20:32:00+00:00,2026-03-21T20:41:37+00:00,577,R0029,V0056,ST018,ST007,Villa Crespo,Nunez,-34.576118,-58.346187,-34.605502,-58.409497,2.991,401.61,0
T0000692,2026-04-24T05:26:00+00:00,2026-04-24T05:27:23+00:00,83,R0012,V0072,ST012,ST022,Palermo,Microcentro,-34.594241,-58.405192,-34.632494,-58.417063,0.825,142.06,0
T0000693,2026-03-19T09:05:00+00:00,2026-03-19T09:11:12+00:00,372,R0114,V0031,ST022,ST018,Microcentro,Villa Crespo,-34.632494,-58.417063,-34.576118,-58.346187,0.1,214.2,61
T0000694,2026-05-24T11:39:00+00:00,2026-05-24T11:42:29+00:00,209,R0038,V0068,ST001,ST013,Recoleta,Recoleta,-34.610295,-58.397389,-34.609842,-58.376294,1.898,229.06,61
T0000695,2026-03-30T07:42:00+00:00,2026-03-30T07:42:12+00:00,12,R0110,V0056,ST003,ST008,Belgrano,Colegiales,-34.576528,-58.407896,-34.60824,-58.367253,3.028,205.34,2
T0000696,2026-05-25T08:46:00+00:00,2026-05-25T08:47:59+00:00,119,R0001,V0011,ST000,ST003,Palermo,Belgrano,-34.577947,-58.413815,-34.576528,-58.407896,3.953,279.78,63
T0000697,2026-04-28T06:30:00+00:00,2026-04-28T06:31:50+00:00,110,R0060,V0044,ST013,ST005,Recoleta,Almagro,-34.609842,-58.376294,-34.583016,-58.36633,3.766,269.14,0
T0000698,2026-05-14T18:26:00+00:00,2026-05-14T18:27:16+00:00,76,R0003,V0066,ST007,ST019,Nunez,Nunez,-34.605502,-58.409497,-34.591041,-58.407355,1.474,165.55,0
T0000699,2026-05-01T01:45:00+00:00,2026-05-01T01:46:06+00:00,66,R0055,V0079,ST008,ST015,Colegiales,Belgrano,-34.60824,-58.367253,-34.625648,-58.392026,5.081,306.33,2
T0000700,2026-05-16T01:41:00+00:00,2026-05-16T01:45:38+00:00,278,R0083,V0032,ST001,ST005,Recoleta,Almagro,-34.610295,-58.397389,-34.583016,-58.36633,7.741,486.94,2
T0000701,2026-05-11T01:26:00+00:00,2026-05-11T01:26:12+00:00,12,R0091,V0014,ST010,ST005,Microcentro,Almagro,-34.598502,-58.399031,-34.583016,-58.36633,7.013,364.73,80
T0000702,2026-05-21T18:11:00+00:00,2026-05-21T18:17:03+00:00,363,R0020,V0054,ST001,ST013,Recoleta,Recoleta,-34.610295,-58.397389,-34.609842,-58.376294,2.17,293.85,1
T0000703,2026-05-19T00:56:00+00:00,2026-05-19T01:00:39+00:00,279,R0052,V0040,ST002,ST001,San Telmo,Recoleta,-34.610974,-58.389171,-34.610295,-58.397389,7.058,459.99,2
T0000704,2026-03-13T07:30:00+00:00,2026-03-13T07:36:57+00:00,417,R0018,V0027,ST012,ST009,Palermo,Retiro,-34.594241,-58.405192,-34.570346,-58.412202,2.245,315.74,0
T0000705,2026-05-19T13:48:00+00:00,2026-05-19T13:51:33+00:00,213,R0045,V0010,ST008,ST011,Colegiales,Chacarita,-34.60824,-58.367253,-34.614375,-58.40349,6.451,412.6,3
T0000706,2026-03-21T03:23:00+00:00,2026-03-21T03:28:37+00:00,337,R0018,V0047,ST007,ST021,Nunez,Retiro,-34.605502,-58.409497,-34.587639,-58.392154,6.842,471.63,63
T0000707,2026-04-24T10:48:00+00:00,2026-04-24T10:51:18+00:00,198,R0030,V0029,ST013,ST010,Recoleta,Microcentro,-34.609842,-58.376294,-34.598502,-58.399031,5.154,355.45,0
T0000708,2026-05-21T00:17:00+00:00,2026-05-21T00:22:00+00:00,300,R0112,V0074,ST012,ST016,Palermo,Caballito,-34.594241,-58.405192,-34.633031,-58.362781,2.559,287.35,0
T0000709,2026-05-08T23:03:00+00:00,2026-05-08T23:09:21+00:00,381,R0040,V0059,ST002,ST003,San Telmo,Belgrano,-34.610974,-58.389171,-34.576528,-58.407896,5.982,452.63,61
T0000710,2026-03-19T10:51:00+00:00,2026-03-19T11:00:34+00:00,574,R0031,V0033,ST019,ST019,Nunez,Nunez,-34.591041,-58.407355,-34.591041,-58.407355,0.137,286.38,63
T0000711,2026-04-09T12:37:00+00:00,2026-04-09T12:38:55+00:00,115,R0092,V0059,ST003,ST011,Belgrano,Chacarita,-34.576528,-58.407896,-34.614375,-58.40349,8.02,441.03,80
T0000712,2026-04-22T00:46:00+00:00,2026-04-22T00:51:24+00:00,324,R0085,V0053,ST012,ST014,Palermo,San Telmo,-34.594241,-58.405192,-34.578076,-58.40303,5.937,430.9,80
T0000713,2026-03-08T22:13:00+00:00,2026-03-08T22:15:22+00:00,142,R0003,V0051,ST010,ST020,Microcentro,Colegiales,-34.598502,-58.399031,-34.611329,-58.358197,3.045,251.5,0
T0000714,2026-05-26T00:21:00+00:00,2026-05-26T00:28:02+00:00,422,R0043,V0009,ST022,ST020,Microcentro,Colegiales,-34.632494,-58.417063,-34.611329,-58.358197,4.58,410.88,0
T0000715,2026-03-20T16:26:00+00:00,2026-03-20T16:34:02+00:00,482,R0104,V0014,ST002,ST023,San Telmo,Chacarita,-34.610974,-58.389171,-34.580066,-58.364739,7.586,552.14,63
T0000716,2026-03-16T03:50:00+00:00,2026-03-16T03:51:42+00:00,102,R0101,V0045,ST012,ST004,Palermo,Caballito,-34.594241,-58.405192,-34.593884,-58.383394,0.292,127.38,1
T0000717,2026-03-08T01:46:00+00:00,2026-03-08T01:51:38+00:00,338,R0020,V0075,ST006,ST014,Villa Crespo,San Telmo,-34.635972,-58.409566,-34.578076,-58.40303,1.523,259.22,0
T0000718,2026-03-31T15:27:00+00:00,2026-03-31T15:27:45+00:00,45,R0088,V0039,ST017,ST002,Almagro,San Telmo,-34.588172,-58.363104,-34.610974,-58.389171,4.698,283.67,63
T0000719,2026-03-26T23:49:00+00:00,2026-03-26T23:56:01+00:00,421,R0082,V0023,ST002,ST001,San Telmo,Recoleta,-34.610974,-58.389171,-34.610295,-58.397389,0.1,231.35,3
T0000720,2026-04-12T03:47:00+00:00,2026-04-12T03:49:43+00:00,163,R0117,V0068,ST019,ST019,Nunez,Nunez,-34.591041,-58.407355,-34.591041,-58.407355,0.102,141.13,3
T0000721,2026-03-08T04:47:00+00:00,2026-03-08T05:01:53+00:00,893,R0052,V0022,ST009,ST023,Retiro,Chacarita,-34.570346,-58.412202,-34.580066,-58.364739,6.649,658.5,63
T0000722,2026-04-06T09:34:00+00:00,2026-04-06T09:41:25+00:00,445,R0045,V0070,ST021,ST011,Retiro,Chacarita,-34.587639,-58.392154,-34.614375,-58.40349,1.925,312.76,63
T0000723,2026-04-19T00:34:00+00:00,2026-04-19T00:37:09+00:00,189,R0112,V0045,ST015,ST018,Belgrano,Villa Crespo,-34.625648,-58.392026,-34.576118,-58.346187,0.89,181.75,3
T0000724,2026-04-25T17:05:00+00:00,2026-04-25T17:06:40+00:00,100,R0119,V0041,ST002,ST002,San Telmo,San Telmo,-34.610974,-58.389171,-34.610974,-58.389171,0.182,122.28,3
T0000725,2026-03-17T19:03:00+00:00,2026-03-17T19:04:09+00:00,69,R0060,V0046,ST002,ST003,San Telmo,Belgrano,-34.610974,-58.389171,-34.576528,-58.407896,1.388,159.67,61
T0000726,2026-04-23T00:04:00+00:00,2026-04-23T00:12:01+00:00,481,R0094,V0069,ST007,ST000,Nunez,Palermo,-34.605502,-58.409497,-34.577947,-58.413815,1.17,295.16,0
T0000727,2026-04-22T16:00:00+00:00,2026-04-22T16:11:03+00:00,663,R0109,V0026,ST010,ST016,Microcentro,Caballito,-34.598502,-58.399031,-34.633031,-58.362781,0.1,316.05,0
T0000728,2026-04-09T18:03:00+00:00,2026-04-09T18:21:55+00:00,1135,R0094,V0034,ST021,ST010,Retiro,Microcentro,-34.587639,-58.392154,-34.598502,-58.399031,4.26,647.64,2
T0000729,2026-04-09T01:55:00+00:00,2026-04-09T02:00:10+00:00,310,R0002,V0023,ST003,ST016,Belgrano,Caballito,-34.576528,-58.407896,-34.633031,-58.362781,6.949,466.46,0
T0000730,2026-05-24T23:14:00+00:00,2026-05-24T23:16:18+00:00,138,R0033,V0005,ST007,ST019,Nunez,Nunez,-34.605502,-58.409497,-34.591041,-58.407355,4.956,326.53,3
T0000731,2026-03-23T03:15:00+00:00,2026-03-23T03:16:43+00:00,103,R0028,V0033,ST002,ST017,San Telmo,Almagro,-34.610974,-58.389171,-34.588172,-58.363104,3.319,248.79,3
T0000732,2026-05-06T11:26:00+00:00,2026-05-06T11:35:14+00:00,554,R0097,V0077,ST019,ST006,Nunez,Villa Crespo,-34.591041,-58.407355,-34.635972,-58.409566,5.11,478.31,1
T0000733,2026-04-14T12:06:00+00:00,2026-04-14T12:08:59+00:00,179,R0004,V0005,ST013,ST004,Recoleta,Caballito,-34.609842,-58.376294,-34.593884,-58.383394,5.85,376.64,1
T0000734,2026-03-31T10:24:00+00:00,2026-03-31T10:25:22+00:00,82,R0012,V0044,ST022,ST008,Microcentro,Colegiales,-34.632494,-58.417063,-34.60824,-58.367253,6.138,354.23,2
T0000735,2026-04-13T03:02:00+00:00,2026-04-13T03:03:45+00:00,105,R0007,V0075,ST000,ST010,Palermo,Microcentro,-34.577947,-58.413815,-34.598502,-58.399031,8.466,455.39,0
T0000736,2026-03-19T05:25:00+00:00,2026-03-19T05:26:24+00:00,84,R0018,V0079,ST015,ST009,Belgrano,Retiro,-34.625648,-58.392026,-34.570346,-58.412202,1.184,156.78,80
T0000737,2026-05-25T06:07:00+00:00,2026-05-25T06:11:59+00:00,299,R0112,V0010,ST009,ST007,Retiro,Nunez,-34.570346,-58.412202,-34.605502,-58.409497,0.471,203.5,3
T0000738,2026-03-02T17:09:00+00:00,2026-03-02T17:11:01+00:00,121,R0083,V0062,ST005,ST019,Almagro,Nunez,-34.583016,-58.36633,-34.591041,-58.407355,3.952,280.43,0
T0000739,2026-04-02T03:33:00+00:00,2026-04-02T03:39:07+00:00,367,R0048,V0041,ST007,ST004,Nunez,Caballito,-34.605502,-58.409497,-34.593884,-58.383394,2.991,328.1,2
T0000740,2026-05-18T21:47:00+00:00,2026-05-18T21:51:19+00:00,259,R0107,V0024,ST017,ST004,Almagro,Caballito,-34.588172,-58.363104,-34.593884,-58.383394,6.017,411.33,2
T0000741,2026-04-28T07:13:00+00:00,2026-04-28T07:14:04+00:00,64,R0043,V0068,ST013,ST020,Recoleta,Colegiales,-34.609842,-58.376294,-34.611329,-58.358197,5.444,320.17,3
T0000742,2026-05-26T06:59:00+00:00,2026-05-26T07:08:49+00:00,589,R0059,V0040,ST021,ST009,Retiro,Retiro,-34.587639,-58.392154,-34.570346,-58.412202,2.679,393.3,63
T0000743,2026-04-26T18:53:00+00:00,2026-04-26T18:55:03+00:00,123,R0059,V0001,ST008,ST002,Colegiales,San Telmo,-34.60824,-58.367253,-34.610974,-58.389171,0.195,130.84,3
T0000744,2026-05-14T11:16:00+00:00,2026-05-14T11:24:14+00:00,494,R0013,V0018,ST019,ST011,Nunez,Chacarita,-34.591041,-58.407355,-34.614375,-58.40349,6.606,517.15,0
T0000745,2026-05-06T04:51:00+00:00,2026-05-06T04:54:53+00:00,233,R0117,V0005,ST016,ST003,Caballito,Belgrano,-34.633031,-58.362781,-34.576528,-58.407896,7.419,458.29,2
T0000746,2026-04-30T10:00:00+00:00,2026-04-30T10:12:37+00:00,757,R0086,V0057,ST022,ST010,Microcentro,Microcentro,-34.632494,-58.417063,-34.598502,-58.399031,3.469,483.69,0
T0000747,2026-03-16T15:57:00+00:00,2026-03-16T15:58:50+00:00,110,R0078,V0079,ST021,ST003,Retiro,Belgrano,-34.587639,-58.392154,-34.576528,-58.407896,6.267,369.19,2
T0000748,2026-05-11T11:30:00+00:00,2026-05-11T11:33:53+00:00,233,R0068,V0022,ST003,ST018,Belgrano,Villa Crespo,-34.576528,-58.407896,-34.576118,-58.346187,8.095,485.36,0
T0000749,2026-03-10T16:32:00+00:00,2026-03-10T16:36:20+00:00,260,R0084,V0003,ST014,ST020,San Telmo,Colegiales,-34.578076,-58.40303,-34.611329,-58.358197,6.549,432.96,63
T0000750,2026-04-29T22:32:00+00:00,2026-04-29T22:33:44+00:00,104,R0025,V0013,ST009,ST005,Retiro,Almagro,-34.570346,-58.412202,-34.583016,-58.36633,0.861,150.85,3
T0000751,2026-03-27T14:09:00+00:00,2026-03-27T14:16:53+00:00,473,R0029,V0036,ST011,ST023,Chacarita,Chacarita,-34.614375,-58.40349,-34.580066,-58.364739,2.774,356.52,3
T0000752,2026-03-01T20:49:00+00:00,2026-03-01T20:53:25+00:00,265,R0021,V0043,ST008,ST019,Colegiales,Nunez,-34.60824,-58.367253,-34.591041,-58.407355,6.331,425.98,0
T0000753,2026-04-28T19:00:00+00:00,2026-04-28T19:06:03+00:00,363,R0077,V0004,ST004,ST023,Caballito,Chacarita,-34.593884,-58.383394,-34.580066,-58.364739,5.981,446.28,63
T0000754,2026-04-02T19:24:00+00:00,2026-04-02T19:32:31+00:00,511,R0064,V0021,ST016,ST023,Caballito,Chacarita,-34.633031,-58.362781,-34.580066,-58.364739,7.707,567.11,0
T0000755,2026-03-02T04:02:00+00:00,2026-03-02T04:07:21+00:00,321,R0087,V0073,ST002,ST012,San Telmo,Palermo,-34.610974,-58.389171,-34.594241,-58.405192,8.067,515.03,0
T0000756,2026-05-06T01:20:00+00:00,2026-05-06T01:21:21+00:00,81,R0077,V0032,ST004,ST014,Caballito,San Telmo,-34.593884,-58.383394,-34.578076,-58.40303,7.98,427.53,0
T0000757,2026-03-07T21:03:00+00:00,2026-03-07T21:03:45+00:00,45,R0116,V0062,ST015,ST006,Belgrano,Villa Crespo,-34.625648,-58.392026,-34.635972,-58.409566,7.376,390.79,80
T0000758,2026-04-06T11:34:00+00:00,2026-04-06T11:38:12+00:00,252,R0100,V0059,ST021,ST013,Retiro,Recoleta,-34.587639,-58.392154,-34.609842,-58.376294,7.919,484.97,63
T0000759,2026-03-20T00:04:00+00:00,2026-03-20T00:10:40+00:00,400,R0113,V0052,ST000,ST023,Palermo,Chacarita,-34.577947,-58.413815,-34.580066,-58.364739,2.746,329.85,1
T0000760,2026-04-29T07:31:00+00:00,2026-04-29T07:33:48+00:00,168,R0062,V0014,ST018,ST014,Villa Crespo,San Telmo,-34.576118,-58.346187,-34.578076,-58.40303,0.184,146.17,1
T0000761,2026-03-10T03:05:00+00:00,2026-03-10T03:12:54+00:00,474,R0005,V0044,ST012,ST023,Palermo,Chacarita,-34.594241,-58.405192,-34.580066,-58.364739,4.881,441.14,3
T0000762,2026-05-02T22:14:00+00:00,2026-05-02T22:18:02+00:00,242,R0010,V0055,ST017,ST020,Almagro,Colegiales,-34.588172,-58.363104,-34.611329,-58.358197,7.891,480.35,0
T0000763,2026-04-18T18:33:00+00:00,2026-04-18T18:48:47+00:00,947,R0004,V0014,ST008,ST018,Colegiales,Villa Crespo,-34.60824,-58.367253,-34.576118,-58.346187,0.675,438.46,61
T0000764,2026-04-14T23:30:00+00:00,2026-04-14T23:31:23+00:00,83,R0009,V0042,ST010,ST003,Microcentro,Belgrano,-34.598502,-58.399031,-34.576528,-58.407896,5.041,310.69,80
T0000765,2026-03-04T10:00:00+00:00,2026-03-04T10:29:09+00:00,1749,R0028,V0010,ST017,ST012,Almagro,Palermo,-34.588172,-58.363104,-34.594241,-58.405192,5.877,927.25,3
T0000766,2026-04-12T08:31:00+00:00,2026-04-12T08:38:04+00:00,424,R0047,V0064,ST009,ST000,Retiro,Palermo,-34.570346,-58.412202,-34.577947,-58.413815,0.904,264.56,63
T0000767,2026-04-06T01:57:00+00:00,2026-04-06T02:01:05+00:00,245,R0056,V0077,ST001,ST016,Recoleta,Caballito,-34.610295,-58.397389,-34.633031,-58.362781,3.966,324.38,61
T0000768,2026-05-22T22:19:00+00:00,2026-05-22T22:23:51+00:00,291,R0114,V0005,ST011,ST017,Chacarita,Almagro,-34.614375,-58.40349,-34.588172,-58.363104,2.479,281.0,2
T0000769,2026-05-14T13:28:00+00:00,2026-05-14T13:39:38+00:00,698,R0002,V0001,ST010,ST014,Microcentro,San Telmo,-34.598502,-58.399031,-34.578076,-58.40303,7.514,624.84,61
T0000770,2026-03-13T21:00:00+00:00,2026-03-13T21:02:20+00:00,140,R0062,V0003,ST020,ST020,Colegiales,Colegiales,-34.611329,-58.358197,-34.611329,-58.358197,0.297,140.88,2
T0000771,2026-05-25T08:20:00+00:00,2026-05-25T08:25:03+00:00,303,R0016,V0025,ST011,ST019,Chacarita,Nunez,-34.614375,-58.40349,-34.591041,-58.407355,0.294,197.8,61
T0000772,2026-04-20T09:54:00+00:00,2026-04-20T09:58:39+00:00,279,R0061,V0011,ST002,ST002,San Telmo,San Telmo,-34.610974,-58.389171,-34.610974,-58.389171,0.277,188.73,63
T0000773,2026-04-24T07:12:00+00:00,2026-04-24T07:22:29+00:00,629,R0063,V0047,ST015,ST021,Belgrano,Retiro,-34.625648,-58.392026,-34.587639,-58.392154,3.694,447.91,63
T0000774,2026-05-09T10:22:00+00:00,2026-05-09T11:01:31+00:00,2371,R0070,V0029,ST019,ST021,Nunez,Retiro,-34.591041,-58.407355,-34.587639,-58.392154,1.355,964.06,0
T0000775,2026-03-13T01:52:00+00:00,2026-03-13T01:53:57+00:00,117,R0031,V0018,ST022,ST015,Microcentro,Belgrano,-34.632494,-58.417063,-34.625648,-58.392026,1.252,171.02,3
T0000776,2026-03-07T03:18:00+00:00,2026-03-07T03:19:28+00:00,88,R0022,V0015,ST000,ST019,Palermo,Nunez,-34.577947,-58.413815,-34.591041,-58.407355,8.442,448.5,3
T0000777,2026-05-04T15:29:00+00:00,2026-05-04T15:40:30+00:00,690,R0008,V0070,ST001,ST022,Recoleta,Microcentro,-34.610295,-58.397389,-34.632494,-58.417063,2.908,437.84,0
T0000778,2026-05-10T15:50:00+00:00,2026-05-10T15:59:21+00:00,561,R0012,V0030,ST014,ST006,San Telmo,Villa Crespo,-34.578076,-58.40303,-34.635972,-58.409566,6.921,553.19,63
T0000779,2026-03-11T17:37:00+00:00,2026-03-11T17:41:03+00:00,243,R0088,V0056,ST019,ST020,Nunez,Colegiales,-34.591041,-58.407355,-34.611329,-58.358197,6.018,405.77,63
T0000780,2026-04-15T18:24:00+00:00,2026-04-15T18:25:56+00:00,116,R0023,V0019,ST018,ST023,Villa Crespo,Chacarita,-34.576118,-58.346187,-34.580066,-58.364739,1.124,165.57,0
T0000781,2026-03-09T07:13:00+00:00,2026-03-09T07:15:43+00:00,163,R0036,V0072,ST005,ST000,Almagro,Palermo,-34.583016,-58.36633,-34.577947,-58.413815,4.3,309.03,0
T0000782,2026-05-09T01:51:00+00:00,2026-05-09T02:00:40+00:00,580,R0091,V0010,ST019,ST019,Nunez,Nunez,-34.591041,-58.407355,-34.591041,-58.407355,0.245,292.8,80
T0000783,2026-04-02T14:23:00+00:00,2026-04-02T14:32:22+00:00,562,R0067,V0047,ST005,ST020,Almagro,Colegiales,-34.583016,-58.36633,-34.611329,-58.358197,8.143,602.4,0
T0000784,2026-03-23T21:53:00+00:00,2026-03-23T21:54:26+00:00,86,R0020,V0037,ST000,ST013,Palermo,Recoleta,-34.577947,-58.413815,-34.609842,-58.376294,0.749,140.06,61
T0000785,2026-05-24T16:01:00+00:00,2026-05-24T16:06:15+00:00,315,R0112,V0024,ST010,ST017,Microcentro,Almagro,-34.598502,-58.399031,-34.588172,-58.363104,0.722,219.12,0
T0000786,2026-05-09T16:57:00+00:00,2026-05-09T16:58:48+00:00,108,R0069,V0070,ST008,ST013,Colegiales,Recoleta,-34.60824,-58.367253,-34.609842,-58.376294,5.049,319.75,0
T0000787,2026-03-10T21:29:00+00:00,2026-03-10T21:35:27+00:00,387,R0110,V0022,ST008,ST002,Colegiales,San Telmo,-34.60824,-58.367253,-34.610974,-58.389171,5.305,427.65,3
T0000788,2026-04-29T15:28:00+00:00,2026-04-29T15:31:34+00:00,214,R0119,V0029,ST008,ST019,Colegiales,Nunez,-34.60824,-58.367253,-34.591041,-58.407355,7.844,468.68,0
T0000789,2026-05-19T12:03:00+00:00,2026-05-19T12:06:39+00:00,219,R0041,V0052,ST004,ST015,Caballito,Belgrano,-34.593884,-58.383394,-34.625648,-58.392026,4.301,328.69,0
T0000790,2026-05-01T13:36:00+00:00,2026-05-01T19:09:20+00:00,20000,R0061,V0049,ST023,ST012,Chacarita,Palermo,-34.580066,-58.364739,-34.594241,-58.405192,5.678,7307.12,0
T0000791,2026-04-12T06:15:00+00:00,2026-04-12T06:18:26+00:00,206,R0062,V0076,ST018,ST005,Villa Crespo,Almagro,-34.576118,-58.346187,-34.583016,-58.36633,1.122,196.97,2
T0000792,2026-03-05T04:47:00+00:00,2026-03-05T04:54:21+00:00,441,R0076,V0068,ST007,ST020,Nunez,Colegiales,-34.605502,-58.409497,-34.611329,-58.358197,2.271,325.18,2
T0000793,2026-05-01T14:53:00+00:00,2026-05-01T14:59:10+00:00,370,R0072,V0038,ST007,ST020,Nunez,Colegiales,-34.605502,-58.409497,-34.611329,-58.358197,6.901,485.55,0
T0000794,2026-04-17T20:47:00+00:00,2026-04-17T20:48:37+00:00,97,R0064,V0073,ST003,ST020,Belgrano,Colegiales,-34.576528,-58.407896,-34.611329,-58.358197,5.457,332.22,3
T0000795,2026-05-25T12:48:00+00:00,2026-05-25T12:50:03+00:00,123,R0016,V0026,ST006,ST009,Villa Crespo,Retiro,-34.635972,-58.409566,-34.570346,-58.412202,0.264,133.62,0
T0000796,2026-05-17T09:50:00+00:00,2026-05-17T09:52:24+00:00,144,R0022,V0048,ST006,ST012,Villa Crespo,Palermo,-34.635972,-58.409566,-34.594241,-58.405192,2.228,219.53,61
T0000797,2026-04-18T16:13:00+00:00,2026-04-18T16:16:11+00:00,191,R0010,V0074,ST001,ST008,Recoleta,Colegiales,-34.610295,-58.397389,-34.60824,-58.367253,4.853,340.97,0
T0000798,2026-05-20T05:33:00+00:00,2026-05-20T05:35:34+00:00,154,R0035,V0025,ST009,ST006,Retiro,Villa Crespo,-34.570346,-58.412202,-34.635972,-58.409566,4.795,325.7,0
T0000799,2026-03-23T09:09:00+00:00,2026-03-23T09:11:07+00:00,127,R0020,V0043,ST020,ST013,Colegiales,Recoleta,-34.611329,-58.358197,-34.609842,-58.376294,0.435,141.85,63
T0000800,2026-03-21T03:42:00+00:00,2026-03-21T03:47:42+00:00,342,R0040,V0020,ST006,ST020,Villa Crespo,Colegiales,-34.635972,-58.409566,-34.611329,-58.358197,6.187,447.18,63
T0000801,2026-04-17T05:01:00+00:00,2026-04-17T05:07:21+00:00,381,R0060,V0033,ST013,ST000,Recoleta,Palermo,-34.609842,-58.376294,-34.577947,-58.413815,2.727,322.45,0
T0000802,2026-05-21T00:45:00+00:00,2026-05-21T00:49:11+00:00,251,R0047,V0069,ST019,ST011,Nunez,Chacarita,-34.591041,-58.407355,-34.614375,-58.40349,4.87,362.65,1
T0000803,2026-04-19T14:44:00+00:00,2026-04-19T14:45:28+00:00,88,R0051,V0012,ST020,ST016,Colegiales,Caballito,-34.611329,-58.358197,-34.633031,-58.362781,2.959,229.15,61
T0000804,2026-05-25T01:20:00+00:00,2026-05-25T01:25:18+00:00,318,R0019,V0056,ST006,ST001,Villa Crespo,Recoleta,-34.635972,-58.409566,-34.610295,-58.397389,6.386,446.72,0
T0000805,2026-05-08T12:18:00+00:00,2026-05-08T12:19:01+00:00,61,R0100,V0051,ST009,ST000,Retiro,Palermo,-34.570346,-58.412202,-34.577947,-58.413815,5.709,329.69,0
T0000806,2026-03-21T04:14:00+00:00,2026-03-21T04:17:36+00:00,216,R0033,V0068,ST003,ST006,Belgrano,Villa Crespo,-34.576528,-58.407896,-34.635972,-58.409566,5.312,368.09,61
T0000807,2026-03-09T23:12:00+00:00,2026-03-09T23:18:10+00:00,370,R0060,V0052,ST016,ST005,Caballito,Almagro,-34.633031,-58.362781,-34.583016,-58.36633,0.512,229.98,0
T0000808,2026-04-24T07:34:00+00:00,2026-04-24T07:38:04+00:00,244,R0024,V0025,ST005,ST004,Almagro,Caballito,-34.583016,-58.36633,-34.593884,-58.383394,0.607,189.69,80
T0000809,2026-05-18T13:27:00+00:00,2026-05-18T13:32:11+00:00,311,R0104,V0046,ST006,ST016,Villa Crespo,Caballito,-34.635972,-58.409566,-34.633031,-58.362781,3.878,343.99,0
T0000810,2026-03-12T22:51:00+00:00,2026-03-12T22:55:28+00:00,268,R0069,V0022,ST002,ST020,San Telmo,Colegiales,-34.610974,-58.389171,-34.611329,-58.358197,5.634,399.16,0
T0000811,2026-05-11T07:09:00+00:00,2026-05-11T07:14:49+00:00,349,R0102,V0038,ST002,ST016,San Telmo,Caballito,-34.610974,-58.389171,-34.633031,-58.362781,6.908,478.47,0
T0000812,2026-03-19T12:35:00+00:00,2026-03-19T12:40:29+00:00,329,R0103,V0035,ST020,ST004,Colegiales,Caballito,-34.611329,-58.358197,-34.593884,-58.383394,4.078,358.25,0
T0000813,2026-04-14T08:29:00+00:00,2026-04-14T08:32:56+00:00,236,R0028,V0052,ST001,ST002,Recoleta,San Telmo,-34.610295,-58.397389,-34.610974,-58.389171,1.45,220.6,1
T0000814,2026-04-11T22:44:00+00:00,2026-04-11T22:59:03+00:00,903,R0033,V0056,ST014,ST002,San Telmo,San Telmo,-34.578076,-58.40303,-34.610974,-58.389171,6.571,658.89,2
T0000815,2026-04-21T08:15:00+00:00,2026-04-21T08:18:07+00:00,187,R0104,V0069,ST017,ST023,Almagro,Chacarita,-34.588172,-58.363104,-34.580066,-58.364739,0.724,174.42,0
T0000816,2026-04-01T22:07:00+00:00,2026-04-01T22:10:44+00:00,224,R0054,V0037,ST023,ST005,Chacarita,Almagro,-34.580066,-58.364739,-34.583016,-58.36633,1.216,207.04,1
T0000817,2026-03-20T15:42:00+00:00,2026-03-20T15:45:29+00:00,209,R0039,V0035,ST001,ST003,Recoleta,Belgrano,-34.610295,-58.397389,-34.576528,-58.407896,6.64,418.76,1
T0000818,2026-05-08T17:48:00+00:00,2026-05-08T17:53:18+00:00,318,R0079,V0020,ST022,ST017,Microcentro,Almagro,-34.632494,-58.417063,-34.588172,-58.363104,3.464,329.87,0
T0000819,2026-04-04T23:57:00+00:00,2026-04-04T23:58:40+00:00,100,R0027,V0021,ST010,ST011,Microcentro,Chacarita,-34.598502,-58.399031,-34.614375,-58.40349,4.029,276.14,0
T0000820,2026-04-11T16:33:00+00:00,2026-04-11T16:43:56+00:00,656,R0029,V0076,ST001,ST008,Recoleta,Colegiales,-34.610295,-58.397389,-34.60824,-58.367253,4.107,473.87,61
T0000821,2026-05-18T09:37:00+00:00,2026-05-18T09:38:20+00:00,80,R0081,V0064,ST015,ST014,Belgrano,San Telmo,-34.625648,-58.392026,-34.578076,-58.40303,1.1,152.01,80
T0000822,2026-04-05T22:02:00+00:00,2026-04-05T22:04:48+00:00,168,R0042,V0057,ST016,ST013,Caballito,Recoleta,-34.633031,-58.362781,-34.609842,-58.376294,4.265,309.38,80
T0000823,2026-05-07T23:53:00+00:00,2026-05-08T00:09:11+00:00,971,R0098,V0076,ST012,ST011,Palermo,Chacarita,-34.594241,-58.405192,-34.614375,-58.40349,5.618,644.59,63
T0000824,2026-05-28T19:18:00+00:00,2026-05-28T19:32:05+00:00,845,R0034,V0021,ST017,ST004,Almagro,Caballito,-34.588172,-58.363104,-34.593884,-58.383394,1.931,452.99,3
T0000825,2026-04-25T14:38:00+00:00,2026-04-25T14:39:41+00:00,101,R0091,V0012,ST017,ST007,Almagro,Nunez,-34.588172,-58.363104,-34.605502,-58.409497,6.442,373.01,0
T0000826,2026-04-06T00:23:00+00:00,2026-04-06T00:25:38+00:00,158,R0018,V0011,ST002,ST007,San Telmo,Nunez,-34.610974,-58.389171,-34.605502,-58.409497,7.248,425.22,3
T0000827,2026-03-22T09:30:00+00:00,2026-03-22T09:31:29+00:00,89,R0006,V0079,ST004,ST015,Caballito,Belgrano,-34.593884,-58.383394,-34.625648,-58.392026,3.441,248.79,63
T0000828,2026-03-22T22:25:00+00:00,2026-03-22T22:31:45+00:00,405,R0015,V0063,ST006,ST002,Villa Crespo,San Telmo,-34.635972,-58.409566,-34.610974,-58.389171,0.656,248.01,1
T0000829,2026-03-28T20:37:00+00:00,2026-03-28T20:39:07+00:00,127,R0013,V0003,ST012,ST005,Palermo,Almagro,-34.594241,-58.405192,-34.583016,-58.36633,3.383,259.76,2
T0000830,2026-03-26T19:52:00+00:00,2026-03-26T19:53:37+00:00,97,R0000,V0076,ST010,ST019,Microcentro,Nunez,-34.598502,-58.399031,-34.591041,-58.407355,2.387,209.42,2
T0000831,2026-04-21T16:58:00+00:00,2026-04-21T17:02:16+00:00,256,R0043,V0038,ST003,ST020,Belgrano,Colegiales,-34.576528,-58.407896,-34.611329,-58.358197,2.847,283.46,61
T0000832,2026-05-14T20:42:00+00:00,2026-05-14T20:46:19+00:00,259,R0069,V0006,ST000,ST005,Palermo,Almagro,-34.577947,-58.413815,-34.583016,-58.36633,2.878,285.76,80
T0000833,2026-05-15T12:14:00+00:00,2026-05-15T12:17:20+00:00,200,R0099,V0023,ST013,ST006,Recoleta,Villa Crespo,-34.609842,-58.376294,-34.635972,-58.409566,4.369,324.78,1
T0000834,2026-03-31T01:02:00+00:00,2026-03-31T01:05:40+00:00,220,R0045,V0001,ST009,ST004,Retiro,Caballito,-34.570346,-58.412202,-34.593884,-58.383394,0.138,162.52,61
T0000835,2026-04-02T05:14:00+00:00,2026-04-02T05:15:37+00:00,97,R0106,V0071,ST018,ST000,Villa Crespo,Palermo,-34.576118,-58.346187,-34.577947,-58.413815,4.725,302.94,3
T0000836,2026-05-09T06:53:00+00:00,2026-05-09T06:53:55+00:00,55,R0042,V0006,ST021,ST021,Retiro,Retiro,-34.587639,-58.392154,-34.587639,-58.392154,0.349,113.21,80
T0000837,2026-04-01T22:49:00+00:00,2026-04-01T22:54:20+00:00,320,R0022,V0011,ST002,ST014,San Telmo,San Telmo,-34.610974,-58.389171,-34.578076,-58.40303,8.33,525.19,1
T0000838,2026-04-18T07:04:00+00:00,2026-04-18T07:07:35+00:00,215,R0080,V0027,ST006,ST014,Villa Crespo,San Telmo,-34.635972,-58.409566,-34.578076,-58.40303,2.58,258.43,63
T0000839,2026-04-19T20:30:00+00:00,2026-04-19T20:31:19+00:00,79,R0047,V0041,ST008,ST019,Colegiales,Nunez,-34.60824,-58.367253,-34.591041,-58.407355,1.968,186.36,63
T0000840,2026-05-19T01:01:00+00:00,2026-05-19T01:04:00+00:00,180,R0014,V0007,ST001,ST017,Recoleta,Almagro,-34.610295,-58.397389,-34.588172,-58.363104,2.178,230.14,2
T0000841,2026-04-24T13:23:00+00:00,2026-04-24T13:26:41+00:00,221,R0069,V0058,ST022,ST003,Microcentro,Belgrano,-34.632494,-58.417063,-34.576528,-58.407896,6.641,423.01,2
T0000842,2026-04-10T01:08:00+00:00,2026-04-10T01:10:56+00:00,176,R0043,V0056,ST002,ST003,San Telmo,Belgrano,-34.610974,-58.389171,-34.576528,-58.407896,2.313,234.13,0
T0000843,2026-03-13T08:38:00+00:00,2026-03-13T08:43:57+00:00,357,R0038,V0067,ST008,ST019,Colegiales,Nunez,-34.60824,-58.367253,-34.591041,-58.407355,2.646,310.8,61
T0000844,2026-03-11T09:24:00+00:00,2026-03-11T09:25:46+00:00,106,R0080,V0069,ST008,ST011,Colegiales,Chacarita,-34.60824,-58.367253,-34.614375,-58.40349,3.794,268.87,0
T0000845,2026-05-11T16:28:00+00:00,2026-05-11T16:28:12+00:00,12,R0102,V0071,ST007,ST021,Nunez,Retiro,-34.605502,-58.409497,-34.587639,-58.392154,3.312,216.69,80
T0000846,2026-04-03T18:16:00+00:00,2026-04-03T18:18:39+00:00,159,R0071,V0069,ST002,ST019,San Telmo,Nunez,-34.610974,-58.389171,-34.591041,-58.407355,2.441,233.28,80
T0000847,2026-03-20T06:55:00+00:00,2026-03-20T06:58:24+00:00,204,R0103,V0011,ST014,ST018,San Telmo,Villa Crespo,-34.578076,-58.40303,-34.576118,-58.346187,2.523,252.34,61
T0000848,2026-04-04T04:49:00+00:00,2026-04-04T05:08:01+00:00,1141,R0083,V0067,ST020,ST020,Colegiales,Colegiales,-34.611329,-58.358197,-34.611329,-58.358197,0.097,483.23,2
T0000849,2026-05-07T09:39:00+00:00,2026-05-07T09:43:41+00:00,281,R0014,V0066,ST020,ST004,Colegiales,Caballito,-34.611329,-58.358197,-34.593884,-58.383394,5.579,401.52,3
T0000850,2026-04-11T04:15:00+00:00,2026-04-11T04:17:05+00:00,125,R0084,V0033,ST015,ST021,Belgrano,Retiro,-34.625648,-58.392026,-34.587639,-58.392154,3.81,276.15,2
T0000851,2026-04-20T14:31:00+00:00,2026-04-20T14:34:14+00:00,194,R0057,V0029,ST002,ST013,San Telmo,Recoleta,-34.610974,-58.389171,-34.609842,-58.376294,5.556,370.16,63
T0000852,2026-05-01T15:31:00+00:00,2026-05-01T15:33:21+00:00,141,R0117,V0053,ST022,ST019,Microcentro,Nunez,-34.632494,-58.417063,-34.591041,-58.407355,2.166,215.98,63
T0000853,2026-04-13T11:25:00+00:00,2026-04-13T11:31:51+00:00,411,R0108,V0071,ST021,ST015,Retiro,Belgrano,-34.587639,-58.392154,-34.625648,-58.392026,7.644,529.61,0
T0000854,2026-05-03T04:41:00+00:00,2026-05-03T04:43:50+00:00,170,R0061,V0061,ST005,ST009,Almagro,Retiro,-34.583016,-58.36633,-34.570346,-58.412202,5.422,356.39,0
T0000855,2026-03-22T04:09:00+00:00,2026-03-22T04:12:50+00:00,230,R0099,V0072,ST020,ST005,Colegiales,Almagro,-34.611329,-58.358197,-34.583016,-58.36633,5.75,390.5,61
T0000856,2026-04-15T12:05:00+00:00,2026-04-15T12:17:23+00:00,743,R0043,V0061,ST010,ST006,Microcentro,Villa Crespo,-34.598502,-58.399031,-34.635972,-58.409566,0.834,373.42,0
T0000857,2026-05-20T15:41:00+00:00,2026-05-20T15:46:10+00:00,310,R0118,V0077,ST018,ST013,Villa Crespo,Recoleta,-34.576118,-58.346187,-34.609842,-58.376294,1.342,242.19,2
T0000858,2026-03-16T04:34:00+00:00,2026-03-16T04:41:22+00:00,442,R0089,V0024,ST018,ST014,Villa Crespo,San Telmo,-34.576118,-58.346187,-34.578076,-58.40303,7.105,518.91,0
T0000859,2026-05-26T22:56:00+00:00,2026-05-26T22:57:42+00:00,102,R0067,V0024,ST008,ST015,Colegiales,Belgrano,-34.60824,-58.367253,-34.625648,-58.392026,5.446,333.52,0
T0000860,2026-03-29T21:21:00+00:00,2026-03-29T21:26:10+00:00,310,R0044,V0054,ST014,ST021,San Telmo,Retiro,-34.578076,-58.40303,-34.587639,-58.392154,0.583,211.8,0
T0000861,2026-04-04T18:59:00+00:00,2026-04-04T19:01:03+00:00,123,R0090,V0004,ST018,ST009,Villa Crespo,Retiro,-34.576118,-58.346187,-34.570346,-58.412202,7.371,417.88,0
T0000862,2026-04-09T22:48:00+00:00,2026-04-09T22:52:04+00:00,244,R0107,V0020,ST005,ST013,Almagro,Recoleta,-34.583016,-58.36633,-34.609842,-58.376294,0.662,191.88,0
T0000863,2026-05-13T01:20:00+00:00,2026-05-13T01:31:09+00:00,669,R0064,V0058,ST022,ST016,Microcentro,Caballito,-34.632494,-58.417063,-34.633031,-58.362781,1.881,389.37,0
T0000864,2026-04-08T13:57:00+00:00,2026-04-08T13:58:08+00:00,68,R0089,V0013,ST000,ST012,Palermo,Palermo,-34.577947,-58.413815,-34.594241,-58.405192,2.432,201.06,0
T0000865,2026-05-11T02:31:00+00:00,2026-05-11T02:34:29+00:00,209,R0006,V0062,ST010,ST002,Microcentro,San Telmo,-34.598502,-58.399031,-34.610974,-58.389171,0.168,159.87,1
T0000866,2026-05-25T16:15:00+00:00,2026-05-25T16:20:22+00:00,322,R0090,V0079,ST000,ST023,Palermo,Chacarita,-34.577947,-58.413815,-34.580066,-58.364739,4.791,384.34,2
T0000867,2026-03-18T02:29:00+00:00,2026-03-18T08:02:20+00:00,20000,R0083,V0060,ST013,ST006,Recoleta,Villa Crespo,-34.609842,-58.376294,-34.635972,-58.409566,7.25,7369.99,63
T0000868,2026-04-05T20:37:00+00:00,2026-04-05T20:42:01+00:00,301,R0087,V0052,ST000,ST020,Palermo,Colegiales,-34.577947,-58.413815,-34.611329,-58.358197,4.204,353.52,3
T0000869,2026-05-15T13:09:00+00:00,2026-05-15T13:10:27+00:00,87,R0107,V0018,ST012,ST023,Palermo,Chacarita,-34.594241,-58.405192,-34.580066,-58.364739,0.805,142.64,61
T0000870,2026-04-21T02:44:00+00:00,2026-04-21T02:45:23+00:00,83,R0090,V0044,ST023,ST006,Chacarita,Villa Crespo,-34.580066,-58.364739,-34.635972,-58.409566,0.324,122.03,0
T0000871,2026-04-09T13:40:00+00:00,2026-04-09T13:42:27+00:00,147,R0117,V0045,ST014,ST015,San Telmo,Belgrano,-34.578076,-58.40303,-34.625648,-58.392026,7.37,426.25,2
T0000872,2026-05-11T10:22:00+00:00,2026-05-11T10:28:01+00:00,361,R0090,V0064,ST013,ST000,Recoleta,Palermo,-34.609842,-58.376294,-34.577947,-58.413815,0.786,237.77,61
T0000873,2026-03-10T02:16:00+00:00,2026-03-10T02:22:14+00:00,374,R0004,V0027,ST008,ST022,Colegiales,Microcentro,-34.60824,-58.367253,-34.632494,-58.417063,2.831,324.14,1
T0000874,2026-04-22T12:07:00+00:00,2026-04-22T12:08:28+00:00,88,R0025,V0045,ST000,ST021,Palermo,Retiro,-34.577947,-58.413815,-34.587639,-58.392154,5.267,321.48,0
T0000875,2026-03-08T21:09:00+00:00,2026-03-08T21:12:59+00:00,239,R0060,V0037,ST004,ST006,Caballito,Villa Crespo,-34.593884,-58.383394,-34.635972,-58.409566,5.627,388.72,0
T0000876,2026-03-26T02:54:00+00:00,2026-03-26T02:55:39+00:00,99,R0118,V0036,ST009,ST002,Retiro,San Telmo,-34.570346,-58.412202,-34.610974,-58.389171,8.401,450.69,61
T0000877,2026-04-13T09:17:00+00:00,2026-04-13T09:31:10+00:00,850,R0014,V0036,ST008,ST005,Colegiales,Almagro,-34.60824,-58.367253,-34.583016,-58.36633,6.971,656.35,0
T0000878,2026-05-13T00:23:00+00:00,2026-05-13T00:26:52+00:00,232,R0027,V0017,ST008,ST010,Colegiales,Microcentro,-34.60824,-58.367253,-34.598502,-58.399031,1.81,233.58,1
T0000879,2026-05-24T01:56:00+00:00,2026-05-24T01:59:47+00:00,227,R0082,V0060,ST006,ST013,Villa Crespo,Recoleta,-34.635972,-58.409566,-34.609842,-58.376294,7.461,457.88,63
T0000880,2026-04-27T22:58:00+00:00,2026-04-27T23:10:16+00:00,736,R0031,V0055,ST013,ST004,Recoleta,Caballito,-34.609842,-58.376294,-34.593884,-58.383394,8.394,673.34,3
T0000881,2026-03-18T02:13:00+00:00,2026-03-18T02:21:12+00:00,492,R0001,V0069,ST007,ST017,Nunez,Almagro,-34.605502,-58.409497,-34.588172,-58.363104,1.151,298.25,2
T0000882,2026-05-19T23:51:00+00:00,2026-05-19T23:55:33+00:00,273,R0068,V0050,ST020,ST022,Colegiales,Microcentro,-34.611329,-58.358197,-34.632494,-58.417063,7.769,486.3,2
T0000883,2026-03-13T17:25:00+00:00,2026-03-13T17:31:13+00:00,373,R0110,V0004,ST016,ST018,Caballito,Villa Crespo,-34.633031,-58.362781,-34.576118,-58.346187,0.521,231.39,3
T0000884,2026-05-28T18:33:00+00:00,2026-05-28T18:43:09+00:00,609,R0001,V0076,ST011,ST021,Chacarita,Retiro,-34.614375,-58.40349,-34.587639,-58.392154,5.287,504.63,1
T0000885,2026-04-16T18:59:00+00:00,2026-04-16T19:05:34+00:00,394,R0052,V0003,ST010,ST023,Microcentro,Chacarita,-34.598502,-58.399031,-34.580066,-58.364739,2.274,308.87,61
T0000886,2026-05-06T14:54:00+00:00,2026-05-06T15:08:54+00:00,894,R0102,V0068,ST013,ST013,Recoleta,Recoleta,-34.609842,-58.376294,-34.609842,-58.376294,0.216,401.54,0
T0000887,2026-03-01T08:22:00+00:00,2026-03-01T08:33:08+00:00,668,R0091,V0070,ST021,ST014,Retiro,San Telmo,-34.587639,-58.392154,-34.578076,-58.40303,3.911,470.25,0
T0000888,2026-03-15T07:42:00+00:00,2026-03-15T07:55:31+00:00,811,R0060,V0031,ST008,ST015,Colegiales,Belgrano,-34.60824,-58.367253,-34.625648,-58.392026,1.683,431.17,2
T0000889,2026-05-03T15:04:00+00:00,2026-05-03T15:11:39+00:00,459,R0071,V0048,ST009,ST015,Retiro,Belgrano,-34.570346,-58.412202,-34.625648,-58.392026,5.575,463.63,1
T0000890,2026-05-23T19:47:00+00:00,2026-05-23T19:51:06+00:00,246,R0002,V0036,ST017,ST001,Almagro,Recoleta,-34.588172,-58.363104,-34.610295,-58.397389,0.308,178.42,0
T0000891,2026-04-18T16:08:00+00:00,2026-04-18T16:08:12+00:00,12,R0065,V0048,ST004,ST003,Caballito,Belgrano,-34.593884,-58.383394,-34.576528,-58.407896,5.7,312.19,63
T0000892,2026-03-23T04:30:00+00:00,2026-03-23T04:32:01+00:00,121,R0037,V0047,ST023,ST012,Chacarita,Palermo,-34.580066,-58.364739,-34.594241,-58.405192,2.2,210.37,0
T0000893,2026-03-01T00:52:00+00:00,2026-03-01T00:54:04+00:00,124,R0100,V0051,ST011,ST001,Chacarita,Recoleta,-34.614375,-58.40349,-34.610295,-58.397389,4.373,298.31,80
T0000894,2026-04-28T19:01:00+00:00,2026-04-28T19:04:58+00:00,238,R0077,V0069,ST011,ST016,Chacarita,Caballito,-34.614375,-58.40349,-34.633031,-58.362781,0.287,174.79,0
T0000895,2026-03-26T01:59:00+00:00,2026-03-26T02:00:55+00:00,115,R0092,V0050,ST002,ST021,San Telmo,Retiro,-34.610974,-58.389171,-34.587639,-58.392154,7.686,427.68,61
T0000896,2026-04-25T10:37:00+00:00,2026-04-25T10:40:03+00:00,183,R0013,V0021,ST001,ST005,Recoleta,Almagro,-34.610295,-58.397389,-34.583016,-58.36633,7.035,425.45,1
T0000897,2026-04-16T10:21:00+00:00,2026-04-16T10:23:11+00:00,131,R0052,V0019,ST019,ST010,Nunez,Microcentro,-34.591041,-58.407355,-34.598502,-58.399031,5.035,327.24,63
T0000898,2026-04-23T22:31:00+00:00,2026-04-23T22:32:34+00:00,94,R0116,V0058,ST009,ST001,Retiro,Recoleta,-34.570346,-58.412202,-34.610295,-58.397389,7.063,395.43,61
T0000899,2026-05-21T20:32:00+00:00,2026-05-21T20:33:03+00:00,63,R0035,V0038,ST008,ST015,Colegiales,Belgrano,-34.60824,-58.367253,-34.625648,-58.392026,6.505,362.26,2
T0000900,2026-04-30T16:54:00+00:00,2026-04-30T17:06:57+00:00,777,R0010,V0023,ST017,ST020,Almagro,Colegiales,-34.588172,-58.363104,-34.611329,-58.358197,5.788,583.49,2
T0000901,2026-05-16T15:13:00+00:00,2026-05-16T15:15:52+00:00,172,R0044,V0036,ST022,ST022,Microcentro,Microcentro,-34.632494,-58.417063,-34.632494,-58.417063,0.079,143.36,63
T0000902,2026-05-06T13:00:00+00:00,2026-05-06T13:01:54+00:00,114,R0058,V0029,ST000,ST020,Palermo,Colegiales,-34.577947,-58.413815,-34.611329,-58.358197,0.591,143.54,80
T0000903,2026-04-23T00:38:00+00:00,2026-04-23T00:41:54+00:00,234,R0000,V0002,ST020,ST018,Colegiales,Villa Crespo,-34.611329,-58.358197,-34.576118,-58.346187,4.197,329.79,80
T0000904,2026-05-11T09:11:00+00:00,2026-05-11T09:17:59+00:00,419,R0119,V0055,ST002,ST005,San Telmo,Almagro,-34.610974,-58.389171,-34.583016,-58.36633,1.876,301.68,1
T0000905,2026-05-12T22:01:00+00:00,2026-05-12T22:08:20+00:00,440,R0049,V0010,ST005,ST013,Almagro,Recoleta,-34.583016,-58.36633,-34.609842,-58.376294,2.435,331.41,80
T0000906,2026-04-11T01:57:00+00:00,2026-04-11T02:01:53+00:00,293,R0092,V0072,ST021,ST010,Retiro,Microcentro,-34.587639,-58.392154,-34.598502,-58.399031,2.293,274.28,0
T0000907,2026-05-29T04:01:00+00:00,2026-05-29T04:07:54+00:00,414,R0063,V0000,ST016,ST009,Caballito,Retiro,-34.633031,-58.362781,-34.570346,-58.412202,5.779,456.05,0
T0000908,2026-04-04T21:32:00+00:00,2026-04-04T21:33:32+00:00,92,R0119,V0070,ST019,ST005,Nunez,Almagro,-34.591041,-58.407355,-34.583016,-58.36633,6.055,354.39,1
T0000909,2026-03-01T05:03:00+00:00,2026-03-01T05:09:18+00:00,378,R0084,V0010,ST001,ST008,Recoleta,Colegiales,-34.610295,-58.397389,-34.60824,-58.367253,3.259,342.68,63
T0000910,2026-04-18T05:32:00+00:00,2026-04-18T05:38:24+00:00,384,R0047,V0047,ST022,ST014,Microcentro,San Telmo,-34.632494,-58.417063,-34.578076,-58.40303,7.366,509.03,1
T0000911,2026-05-24T16:34:00+00:00,2026-05-24T16:38:15+00:00,255,R0066,V0059,ST011,ST016,Chacarita,Caballito,-34.614375,-58.40349,-34.633031,-58.362781,4.606,353.49,0
T0000912,2026-05-19T17:55:00+00:00,2026-05-19T23:28:20+00:00,20000,R0072,V0075,ST013,ST010,Recoleta,Microcentro,-34.609842,-58.376294,-34.598502,-58.399031,1.128,7125.11,3
T0000913,2026-04-30T00:58:00+00:00,2026-04-30T01:00:52+00:00,172,R0010,V0030,ST023,ST023,Chacarita,Chacarita,-34.580066,-58.364739,-34.580066,-58.364739,0.097,144.08,0
T0000914,2026-04-07T04:39:00+00:00,2026-04-07T04:42:18+00:00,198,R0057,V0038,ST020,ST018,Colegiales,Villa Crespo,-34.611329,-58.358197,-34.576118,-58.346187,2.159,235.68,1
T0000915,2026-03-28T09:01:00+00:00,2026-03-28T09:02:56+00:00,116,R0083,V0053,ST003,ST010,Belgrano,Microcentro,-34.576528,-58.407896,-34.598502,-58.399031,6.848,394.52,1
T0000916,2026-05-10T08:52:00+00:00,2026-05-10T08:54:34+00:00,154,R0063,V0034,ST003,ST015,Belgrano,Belgrano,-34.576528,-58.407896,-34.625648,-58.392026,6.586,397.33,2
T0000917,2026-03-28T18:34:00+00:00,2026-03-28T18:40:50+00:00,410,R0047,V0039,ST009,ST018,Retiro,Villa Crespo,-34.570346,-58.412202,-34.576118,-58.346187,6.038,465.0,0
T0000918,2026-03-08T03:30:00+00:00,2026-03-08T03:31:24+00:00,84,R0003,V0019,ST003,ST020,Belgrano,Colegiales,-34.576528,-58.407896,-34.611329,-58.358197,0.34,122.98,2
T0000919,2026-05-26T14:59:00+00:00,2026-05-26T15:03:24+00:00,264,R0058,V0059,ST023,ST015,Chacarita,Belgrano,-34.580066,-58.364739,-34.625648,-58.392026,4.604,356.55,1
T0000920,2026-04-01T18:33:00+00:00,2026-04-01T18:42:03+00:00,543,R0119,V0045,ST010,ST006,Microcentro,Villa Crespo,-34.598502,-58.399031,-34.635972,-58.409566,7.543,571.77,61
T0000921,2026-04-04T10:25:00+00:00,2026-04-04T10:28:46+00:00,226,R0019,V0021,ST002,ST014,San Telmo,San Telmo,-34.610974,-58.389171,-34.578076,-58.40303,0.19,166.7,2
T0000922,2026-04-07T07:01:00+00:00,2026-04-07T07:04:48+00:00,228,R0001,V0070,ST012,ST012,Palermo,Palermo,-34.594241,-58.405192,-34.594241,-58.405192,0.329,172.96,61
T0000923,2026-05-25T13:14:00+00:00,2026-05-25T13:27:04+00:00,784,R0058,V0061,ST003,ST015,Belgrano,Belgrano,-34.576528,-58.407896,-34.625648,-58.392026,7.084,637.76,0
T0000924,2026-04-27T09:46:00+00:00,2026-04-27T09:52:21+00:00,381,R0056,V0076,ST018,ST007,Villa Crespo,Nunez,-34.576118,-58.346187,-34.605502,-58.409497,8.178,540.48,80
T0000925,2026-04-01T04:54:00+00:00,2026-04-01T04:56:50+00:00,170,R0039,V0024,ST002,ST020,San Telmo,Colegiales,-34.610974,-58.389171,-34.611329,-58.358197,7.554,441.66,63
T0000926,2026-03-30T01:25:00+00:00,2026-03-30T01:28:25+00:00,205,R0104,V0007,ST006,ST006,Villa Crespo,Villa Crespo,-34.635972,-58.409566,-34.635972,-58.409566,0.008,152.07,80
T0000927,2026-05-24T13:01:00+00:00,2026-05-24T13:02:10+00:00,70,R0104,V0056,ST002,ST014,San Telmo,San Telmo,-34.610974,-58.389171,-34.578076,-58.40303,2.109,188.86,0
T0000928,2026-05-27T18:37:00+00:00,2026-05-27T18:38:41+00:00,101,R0075,V0010,ST016,ST001,Caballito,Recoleta,-34.633031,-58.362781,-34.610295,-58.397389,6.185,362.76,2
T0000929,2026-05-01T02:14:00+00:00,2026-05-01T02:20:50+00:00,410,R0011,V0029,ST019,ST020,Nunez,Colegiales,-34.591041,-58.407355,-34.611329,-58.358197,1.143,269.23,2
T0000930,2026-03-13T20:52:00+00:00,2026-03-13T21:03:16+00:00,676,R0090,V0031,ST014,ST007,San Telmo,Nunez,-34.578076,-58.40303,-34.605502,-58.409497,1.975,395.58,0
T0000931,2026-04-27T12:24:00+00:00,2026-04-27T12:33:25+00:00,565,R0103,V0072,ST009,ST023,Retiro,Chacarita,-34.570346,-58.412202,-34.580066,-58.364739,5.153,483.87,0
T0000932,2026-04-28T14:56:00+00:00,2026-04-28T15:00:44+00:00,284,R0020,V0021,ST006,ST000,Villa Crespo,Palermo,-34.635972,-58.409566,-34.577947,-58.413815,6.775,450.42,0
T0000933,2026-04-20T05:31:00+00:00,2026-04-20T05:32:53+00:00,113,R0059,V0055,ST003,ST023,Belgrano,Chacarita,-34.576528,-58.407896,-34.580066,-58.364739,2.24,209.13,0
T0000934,2026-03-02T04:58:00+00:00,2026-03-02T04:59:34+00:00,94,R0092,V0006,ST004,ST007,Caballito,Nunez,-34.593884,-58.383394,-34.605502,-58.409497,0.84,146.49,2
T0000935,2026-05-17T15:31:00+00:00,2026-05-17T15:33:02+00:00,122,R0008,V0075,ST008,ST001,Colegiales,Recoleta,-34.60824,-58.367253,-34.610295,-58.397389,3.283,254.03,2
T0000936,2026-04-13T19:56:00+00:00,2026-04-13T19:56:12+00:00,12,R0042,V0061,ST004,ST002,Caballito,San Telmo,-34.593884,-58.383394,-34.610974,-58.389171,7.214,372.77,63
T0000937,2026-05-28T04:27:00+00:00,2026-05-28T04:35:20+00:00,500,R0050,V0036,ST003,ST005,Belgrano,Almagro,-34.576528,-58.407896,-34.583016,-58.36633,7.217,543.68,63
T0000938,2026-03-21T05:20:00+00:00,2026-03-21T05:25:18+00:00,318,R0116,V0009,ST017,ST010,Almagro,Microcentro,-34.588172,-58.363104,-34.598502,-58.399031,4.947,389.19,2
T0000939,2026-03-31T21:31:00+00:00,2026-03-31T21:32:31+00:00,91,R0039,V0039,ST011,ST008,Chacarita,Colegiales,-34.614375,-58.40349,-34.60824,-58.367253,0.711,140.3,0
T0000940,2026-05-10T14:09:00+00:00,2026-05-10T14:13:16+00:00,256,R0063,V0062,ST020,ST002,Colegiales,San Telmo,-34.611329,-58.358197,-34.610974,-58.389171,7.711,478.05,3
T0000941,2026-03-16T12:07:00+00:00,2026-03-16T12:12:15+00:00,315,R0112,V0043,ST003,ST014,Belgrano,San Telmo,-34.576528,-58.407896,-34.578076,-58.40303,5.292,401.95,80
T0000942,2026-03-18T20:13:00+00:00,2026-03-18T20:23:57+00:00,657,R0045,V0029,ST011,ST009,Chacarita,Retiro,-34.614375,-58.40349,-34.570346,-58.412202,3.84,463.54,3
T0000943,2026-03-30T15:44:00+00:00,2026-03-30T15:45:44+00:00,104,R0025,V0003,ST023,ST012,Chacarita,Palermo,-34.580066,-58.364739,-34.594241,-58.405192,1.414,172.95,63
T0000944,2026-04-17T05:22:00+00:00,2026-04-17T05:26:58+00:00,298,R0113,V0068,ST007,ST011,Nunez,Chacarita,-34.605502,-58.409497,-34.614375,-58.40349,3.62,329.1,0
T0000945,2026-04-30T15:44:00+00:00,2026-04-30T15:44:45+00:00,45,R0113,V0062,ST012,ST003,Palermo,Belgrano,-34.594241,-58.405192,-34.576528,-58.407896,2.412,192.23,80
T0000946,2026-05-05T14:01:00+00:00,2026-05-05T14:02:32+00:00,92,R0048,V0079,ST009,ST012,Retiro,Palermo,-34.570346,-58.412202,-34.594241,-58.405192,8.294,443.96,63
T0000947,2026-03-10T10:14:00+00:00,2026-03-10T10:22:38+00:00,518,R0024,V0008,ST000,ST016,Palermo,Caballito,-34.577947,-58.413815,-34.633031,-58.362781,4.911,457.75,2
T0000948,2026-05-03T09:19:00+00:00,2026-05-03T09:23:46+00:00,286,R0001,V0032,ST019,ST011,Nunez,Chacarita,-34.591041,-58.407355,-34.614375,-58.40349,1.151,226.15,61
T0000949,2026-05-07T07:20:00+00:00,2026-05-07T07:24:46+00:00,286,R0018,V0070,ST023,ST011,Chacarita,Chacarita,-34.580066,-58.364739,-34.614375,-58.40349,0.866,214.75,61
T0000950,2026-05-12T20:52:00+00:00,2026-05-12T20:52:08+00:00,8,R0097,V0009,ST015,ST015,Belgrano,Belgrano,-34.625648,-58.392026,-34.625648,-58.392026,0.031,84.04,1
T0000951,2026-05-29T11:44:00+00:00,2026-05-29T12:05:01+00:00,1261,R0047,V0022,ST016,ST019,Caballito,Nunez,-34.633031,-58.362781,-34.591041,-58.407355,5.698,749.27,1
T0000952,2026-04-10T19:43:00+00:00,2026-04-10T19:46:10+00:00,190,R0103,V0049,ST012,ST019,Palermo,Nunez,-34.594241,-58.405192,-34.591041,-58.407355,3.574,289.45,1
T0000953,2026-04-20T19:59:00+00:00,2026-04-20T20:05:07+00:00,367,R0110,V0037,ST022,ST014,Microcentro,San Telmo,-34.632494,-58.417063,-34.578076,-58.40303,0.699,236.43,2
T0000954,2026-04-27T17:18:00+00:00,2026-04-27T17:22:17+00:00,257,R0055,V0052,ST021,ST023,Retiro,Chacarita,-34.587639,-58.392154,-34.580066,-58.364739,6.392,425.63,0
T0000955,2026-04-07T18:12:00+00:00,2026-04-07T18:14:33+00:00,153,R0049,V0012,ST000,ST019,Palermo,Nunez,-34.577947,-58.413815,-34.591041,-58.407355,8.251,463.58,80
T0000956,2026-05-26T03:42:00+00:00,2026-05-26T03:44:56+00:00,176,R0104,V0043,ST015,ST007,Belgrano,Nunez,-34.625648,-58.392026,-34.605502,-58.409497,1.551,203.65,0
T0000957,2026-03-03T01:20:00+00:00,2026-03-03T01:32:41+00:00,761,R0008,V0036,ST018,ST005,Villa Crespo,Almagro,-34.576118,-58.346187,-34.583016,-58.36633,6.817,619.03,80
T0000958,2026-05-28T21:30:00+00:00,2026-05-28T21:31:25+00:00,85,R0013,V0069,ST002,ST006,San Telmo,Villa Crespo,-34.610974,-58.389171,-34.635972,-58.409566,0.973,148.66,0
T0000959,2026-03-31T17:55:00+00:00,2026-03-31T17:57:49+00:00,169,R0107,V0001,ST017,ST017,Almagro,Almagro,-34.588172,-58.363104,-34.588172,-58.363104,0.1,143.15,0
T0000960,2026-04-07T03:39:00+00:00,2026-04-07T03:44:14+00:00,314,R0001,V0031,ST003,ST007,Belgrano,Nunez,-34.576528,-58.407896,-34.605502,-58.409497,4.645,375.72,2
T0000961,2026-03-22T18:31:00+00:00,2026-03-22T18:38:15+00:00,435,R0098,V0072,ST011,ST009,Chacarita,Retiro,-34.614375,-58.40349,-34.570346,-58.412202,7.026,513.29,2
T0000962,2026-03-15T06:18:00+00:00,2026-03-15T06:21:15+00:00,195,R0073,V0059,ST000,ST007,Palermo,Nunez,-34.577947,-58.413815,-34.605502,-58.409497,2.155,234.45,61
T0000963,2026-03-13T11:06:00+00:00,2026-03-13T11:12:14+00:00,374,R0058,V0009,ST008,ST018,Colegiales,Villa Crespo,-34.60824,-58.367253,-34.576118,-58.346187,5.91,447.3,2
T0000964,2026-04-14T09:12:00+00:00,2026-04-14T09:16:44+00:00,284,R0119,V0000,ST007,ST008,Nunez,Colegiales,-34.605502,-58.409497,-34.60824,-58.367253,0.39,195.02,0
T0000965,2026-03-15T11:45:00+00:00,2026-03-15T11:46:11+00:00,71,R0049,V0039,ST006,ST002,Villa Crespo,San Telmo,-34.635972,-58.409566,-34.610974,-58.389171,7.895,420.65,0
T0000966,2026-03-03T17:01:00+00:00,2026-03-03T17:07:19+00:00,379,R0091,V0022,ST006,ST012,Villa Crespo,Palermo,-34.635972,-58.409566,-34.594241,-58.405192,4.065,375.23,0
T0000967,2026-05-23T12:03:00+00:00,2026-05-23T12:07:28+00:00,268,R0053,V0041,ST006,ST013,Villa Crespo,Recoleta,-34.635972,-58.409566,-34.609842,-58.376294,7.109,458.14,0
T0000968,2026-03-08T09:29:00+00:00,2026-03-08T09:38:06+00:00,546,R0063,V0067,ST021,ST012,Retiro,Palermo,-34.587639,-58.392154,-34.594241,-58.405192,2.492,370.77,80
T0000969,2026-04-24T17:33:00+00:00,2026-04-24T17:40:50+00:00,470,R0100,V0028,ST010,ST002,Microcentro,San Telmo,-34.598502,-58.399031,-34.610974,-58.389171,2.654,350.66,61
T0000970,2026-05-24T17:43:00+00:00,2026-05-24T17:43:56+00:00,56,R0075,V0034,ST022,ST021,Microcentro,Retiro,-34.632494,-58.417063,-34.587639,-58.392154,3.874,254.55,0
T0000971,2026-05-04T10:15:00+00:00,2026-05-04T10:18:16+00:00,196,R0069,V0062,ST020,ST015,Colegiales,Belgrano,-34.611329,-58.358197,-34.625648,-58.392026,3.925,305.61,3
T0000972,2026-03-19T14:05:00+00:00,2026-03-19T14:14:16+00:00,556,R0040,V0021,ST010,ST005,Microcentro,Almagro,-34.598502,-58.399031,-34.583016,-58.36633,8.159,600.95,2
T0000973,2026-03-08T13:55:00+00:00,2026-03-08T13:59:28+00:00,268,R0044,V0046,ST009,ST017,Retiro,Almagro,-34.570346,-58.412202,-34.588172,-58.363104,0.274,184.76,61
T0000974,2026-04-19T06:41:00+00:00,2026-04-19T06:42:56+00:00,116,R0015,V0053,ST018,ST014,Villa Crespo,San Telmo,-34.576118,-58.346187,-34.578076,-58.40303,7.636,426.04,61
T0000975,2026-05-29T14:46:00+00:00,2026-05-29T14:48:05+00:00,125,R0035,V0040,ST014,ST013,San Telmo,Recoleta,-34.578076,-58.40303,-34.609842,-58.376294,1.424,180.72,80
T0000976,2026-05-27T05:11:00+00:00,2026-05-27T05:27:45+00:00,1005,R0088,V0042,ST023,ST009,Chacarita,Retiro,-34.580066,-58.364739,-34.570346,-58.412202,7.41,728.15,80
T0000977,2026-04-03T06:00:00+00:00,2026-04-03T06:02:31+00:00,151,R0076,V0015,ST012,ST001,Palermo,Recoleta,-34.594241,-58.405192,-34.610295,-58.397389,6.5,392.86,0
T0000978,2026-03-05T00:53:00+00:00,2026-03-05T00:57:59+00:00,299,R0006,V0012,ST011,ST015,Chacarita,Belgrano,-34.614375,-58.40349,-34.625648,-58.392026,0.493,204.38,1
T0000979,2026-04-11T02:20:00+00:00,2026-04-11T02:22:05+00:00,125,R0087,V0047,ST011,ST009,Chacarita,Retiro,-34.614375,-58.40349,-34.570346,-58.412202,6.257,374.05,2
T0000980,2026-05-15T03:18:00+00:00,2026-05-15T03:18:12+00:00,12,R0027,V0041,ST004,ST020,Caballito,Colegiales,-34.593884,-58.383394,-34.611329,-58.358197,6.203,332.34,0
T0000981,2026-04-27T08:17:00+00:00,2026-04-27T08:23:01+00:00,361,R0111,V0062,ST015,ST023,Belgrano,Chacarita,-34.625648,-58.392026,-34.580066,-58.364739,0.25,216.36,0
T0000982,2026-04-17T10:06:00+00:00,2026-04-17T10:10:40+00:00,280,R0093,V0010,ST021,ST018,Retiro,Villa Crespo,-34.587639,-58.392154,-34.576118,-58.346187,6.176,425.05,0
T0000983,2026-03-03T09:26:00+00:00,2026-03-03T09:32:32+00:00,392,R0085,V0074,ST006,ST001,Villa Crespo,Recoleta,-34.635972,-58.409566,-34.610295,-58.397389,1.476,276.24,0
T0000984,2026-05-09T21:22:00+00:00,2026-05-09T21:23:56+00:00,116,R0109,V0067,ST016,ST015,Caballito,Belgrano,-34.633031,-58.362781,-34.625648,-58.392026,3.59,264.21,80
T0000985,2026-03-24T22:56:00+00:00,2026-03-24T23:05:59+00:00,599,R0081,V0015,ST004,ST016,Caballito,Caballito,-34.593884,-58.383394,-34.633031,-58.362781,1.629,354.81,0
T0000986,2026-05-13T01:57:00+00:00,2026-05-13T01:59:45+00:00,165,R0012,V0014,ST001,ST000,Recoleta,Palermo,-34.610295,-58.397389,-34.577947,-58.413815,2.102,221.82,63
T0000987,2026-05-23T06:17:00+00:00,2026-05-23T06:20:27+00:00,207,R0017,V0021,ST002,ST016,San Telmo,Caballito,-34.610974,-58.389171,-34.633031,-58.362781,4.089,316.01,0
T0000988,2026-03-01T08:46:00+00:00,2026-03-01T08:57:56+00:00,716,R0069,V0057,ST001,ST020,Recoleta,Colegiales,-34.610295,-58.397389,-34.611329,-58.358197,4.844,524.34,0
T0000989,2026-04-07T11:50:00+00:00,2026-04-07T12:02:37+00:00,757,R0055,V0037,ST013,ST004,Recoleta,Caballito,-34.609842,-58.376294,-34.593884,-58.383394,7.417,641.62,63
T0000990,2026-04-30T08:54:00+00:00,2026-04-30T09:00:19+00:00,379,R0010,V0009,ST021,ST018,Retiro,Villa Crespo,-34.587639,-58.392154,-34.576118,-58.346187,5.773,443.55,0
T0000991,2026-05-03T23:08:00+00:00,2026-05-03T23:11:06+00:00,186,R0019,V0065,ST003,ST001,Belgrano,Recoleta,-34.576528,-58.407896,-34.610295,-58.397389,5.839,378.68,63
T0000992,2026-05-01T05:26:00+00:00,2026-05-01T05:27:51+00:00,111,R0012,V0069,ST012,ST000,Palermo,Palermo,-34.594241,-58.405192,-34.577947,-58.413815,7.584,422.19,61
T0000993,2026-04-12T04:14:00+00:00,2026-04-12T04:18:13+00:00,253,R0025,V0061,ST014,ST010,San Telmo,Microcentro,-34.578076,-58.40303,-34.598502,-58.399031,7.728,477.67,1
T0000994,2026-05-08T22:50:00+00:00,2026-05-08T22:52:06+00:00,126,R0055,V0012,ST004,ST002,Caballito,San Telmo,-34.593884,-58.383394,-34.610974,-58.389171,5.309,336.48,61
T0000995,2026-03-06T11:12:00+00:00,2026-03-06T11:12:08+00:00,8,R0094,V0032,ST016,ST004,Caballito,Caballito,-34.633031,-58.362781,-34.593884,-58.383394,7.583,386.11,0
T0000996,2026-05-24T22:09:00+00:00,2026-05-24T22:14:59+00:00,359,R0067,V0020,ST014,ST007,San Telmo,Nunez,-34.578076,-58.40303,-34.605502,-58.409497,1.041,247.31,0
T0000997,2026-04-26T18:04:00+00:00,2026-04-26T18:09:51+00:00,351,R0091,V0059,ST005,ST014,Almagro,San Telmo,-34.583016,-58.36633,-34.578076,-58.40303,5.071,405.69,0
T0000998,2026-05-02T18:24:00+00:00,2026-05-02T18:24:08+00:00,8,R0116,V0011,ST018,ST023,Villa Crespo,Chacarita,-34.576118,-58.346187,-34.580066,-58.364739,0.564,105.37,0
T0000999,2026-04-02T05:46:00+00:00,2026-04-02T05:47:37+00:00,97,R0099,V0004,ST013,ST013,Recoleta,Recoleta,-34.609842,-58.376294,-34.609842,-58.376294,0.231,123.19,1
T0001000,2026-04-17T19:28:00+00:00,2026-04-17T19:30:09+00:00,129,R0015,V0036,ST017,ST020,Almagro,Colegiales,-34.588172,-58.363104,-34.611329,-58.358197,5.001,325.2,1
T0001001,2026-03-25T10:02:00+00:00,2026-03-25T10:12:05+00:00,605,R0109,V0072,ST014,ST008,San Telmo,Colegiales,-34.578076,-58.40303,-34.60824,-58.367253,1.223,340.66,61
T0001002,2026-04-12T11:56:00+00:00,2026-04-12T11:59:58+00:00,238,R0106,V0068,ST011,ST008,Chacarita,Colegiales,-34.614375,-58.40349,-34.60824,-58.367253,0.504,183.48,0
T0001003,2026-03-06T05:37:00+00:00,2026-03-06T05:42:32+00:00,332,R0020,V0073,ST021,ST023,Retiro,Chacarita,-34.587639,-58.392154,-34.580066,-58.364739,0.262,206.66,61
T0001004,2026-04-19T23:19:00+00:00,2026-04-19T23:22:44+00:00,224,R0108,V0008,ST018,ST013,Villa Crespo,Recoleta,-34.576118,-58.346187,-34.609842,-58.376294,2.754,268.56,0
T0001005,2026-04-25T04:20:00+00:00,2026-04-25T04:22:58+00:00,178,R0108,V0027,ST007,ST023,Nunez,Chacarita,-34.605502,-58.409497,-34.580066,-58.364739,1.921,219.15,1
T0001006,2026-05-15T08:33:00+00:00,2026-05-15T08:37:14+00:00,254,R0051,V0005,ST019,ST021,Nunez,Retiro,-34.591041,-58.407355,-34.587639,-58.392154,1.56,231.29,63
T0001007,2026-05-29T07:56:00+00:00,2026-05-29T07:57:02+00:00,62,R0042,V0078,ST020,ST015,Colegiales,Belgrano,-34.611329,-58.358197,-34.625648,-58.392026,5.873,336.6,3
T0001008,2026-03-10T00:13:00+00:00,2026-03-10T00:16:51+00:00,231,R0102,V0019,ST018,ST023,Villa Crespo,Chacarita,-34.576118,-58.346187,-34.580066,-58.364739,4.432,338.12,0
T0001009,2026-03-16T05:17:00+00:00,2026-03-16T05:21:23+00:00,263,R0013,V0065,ST004,ST020,Caballito,Colegiales,-34.593884,-58.383394,-34.611329,-58.358197,8.154,498.21,2
T0001010,2026-05-01T10:30:00+00:00,2026-05-01T10:33:19+00:00,199,R0001,V0017,ST014,ST010,San Telmo,Microcentro,-34.578076,-58.40303,-34.598502,-58.399031,0.437,167.12,2
T0001011,2026-04-08T21:55:00+00:00,2026-04-09T03:28:20+00:00,20000,R0061,V0038,ST006,ST016,Villa Crespo,Caballito,-34.635972,-58.409566,-34.633031,-58.362781,6.993,7359.71,0
T0001012,2026-04-11T05:31:00+00:00,2026-04-11T05:37:05+00:00,365,R0031,V0007,ST018,ST000,Villa Crespo,Palermo,-34.576118,-58.346187,-34.577947,-58.413815,4.169,374.51,63
T0001013,2026-05-18T19:24:00+00:00,2026-05-18T19:33:53+00:00,593,R0045,V0043,ST014,ST000,San Telmo,Palermo,-34.578076,-58.40303,-34.577947,-58.413815,4.971,486.38,2
T0001014,2026-05-28T19:55:00+00:00,2026-05-28T19:56:36+00:00,96,R0067,V0008,ST021,ST006,Retiro,Villa Crespo,-34.587639,-58.392154,-34.635972,-58.409566,4.079,276.78,80
T0001015,2026-04-14T09:38:00+00:00,2026-04-14T09:43:39+00:00,339,R0037,V0028,ST015,ST009,Belgrano,Retiro,-34.625648,-58.392026,-34.570346,-58.412202,4.229,367.83,80
T0001016,2026-05-25T15:58:00+00:00,2026-05-25T16:22:44+00:00,1484,R0089,V0027,ST011,ST019,Chacarita,Nunez,-34.614375,-58.40349,-34.591041,-58.407355,4.272,770.26,2
T0001017,2026-04-18T13:46:00+00:00,2026-04-18T13:51:27+00:00,327,R0102,V0065,ST013,ST021,Recoleta,Retiro,-34.609842,-58.376294,-34.587639,-58.392154,1.505,254.64,0
T0001018,2026-05-29T19:57:00+00:00,2026-05-29T20:05:17+00:00,497,R0052,V0065,ST004,ST017,Caballito,Almagro,-34.593884,-58.383394,-34.588172,-58.363104,0.544,275.7,63
T0001019,2026-05-18T20:54:00+00:00,2026-05-18T21:00:53+00:00,413,R0078,V0055,ST010,ST012,Microcentro,Palermo,-34.598502,-58.399031,-34.594241,-58.405192,1.319,277.29,63
T0001020,2026-04-28T06:03:00+00:00,2026-04-28T06:08:46+00:00,346,R0076,V0018,ST012,ST005,Palermo,Almagro,-34.594241,-58.405192,-34.583016,-58.36633,3.958,359.44,63
T0001021,2026-03-13T01:55:00+00:00,2026-03-13T01:56:52+00:00,112,R0092,V0047,ST004,ST021,Caballito,Retiro,-34.593884,-58.383394,-34.587639,-58.392154,6.87,394.0,3
T0001022,2026-05-17T17:55:00+00:00,2026-05-17T17:55:56+00:00,56,R0097,V0071,ST023,ST011,Chacarita,Chacarita,-34.580066,-58.364739,-34.614375,-58.40349,3.943,257.31,3
T0001023,2026-04-30T01:05:00+00:00,2026-04-30T01:11:42+00:00,402,R0037,V0004,ST013,ST006,Recoleta,Villa Crespo,-34.609842,-58.376294,-34.635972,-58.409566,5.927,457.78,0
T0001024,2026-04-24T03:19:00+00:00,2026-04-24T03:20:14+00:00,74,R0102,V0070,ST018,ST019,Villa Crespo,Nunez,-34.576118,-58.346187,-34.591041,-58.407355,0.514,126.44,3
T0001025,2026-04-27T21:11:00+00:00,2026-04-27T21:18:20+00:00,440,R0050,V0070,ST009,ST016,Retiro,Caballito,-34.570346,-58.412202,-34.633031,-58.362781,3.432,371.28,61
T0001026,2026-05-18T07:10:00+00:00,2026-05-18T07:15:23+00:00,323,R0012,V0047,ST022,ST015,Microcentro,Belgrano,-34.632494,-58.417063,-34.625648,-58.392026,3.316,325.7,0
T0001027,2026-04-16T08:39:00+00:00,2026-04-16T08:48:51+00:00,591,R0113,V0063,ST003,ST013,Belgrano,Recoleta,-34.576528,-58.407896,-34.609842,-58.376294,2.399,382.82,2
T0001028,2026-03-23T16:05:00+00:00,2026-03-23T16:08:36+00:00,216,R0104,V0008,ST021,ST015,Retiro,Belgrano,-34.587639,-58.392154,-34.625648,-58.392026,3.574,298.54,1
T0001029,2026-03-08T06:23:00+00:00,2026-03-08T06:36:50+00:00,830,R0012,V0026,ST000,ST013,Palermo,Recoleta,-34.577947,-58.413815,-34.609842,-58.376294,5.084,573.85,0
T0001030,2026-04-17T20:51:00+00:00,2026-04-17T21:02:48+00:00,708,R0037,V0079,ST020,ST015,Colegiales,Belgrano,-34.611329,-58.358197,-34.625648,-58.392026,2.858,442.13,63
T0001031,2026-05-21T14:36:00+00:00,2026-05-21T14:46:35+00:00,635,R0013,V0043,ST002,ST009,San Telmo,Retiro,-34.610974,-58.389171,-34.570346,-58.412202,3.195,430.07,3
T0001032,2026-03-27T10:37:00+00:00,2026-03-27T10:39:36+00:00,156,R0050,V0035,ST016,ST018,Caballito,Villa Crespo,-34.633031,-58.362781,-34.576118,-58.346187,4.377,309.67,0
T0001033,2026-03-28T14:16:00+00:00,2026-03-28T14:20:36+00:00,276,R0081,V0028,ST006,ST006,Villa Crespo,Villa Crespo,-34.635972,-58.409566,-34.635972,-58.409566,0.298,188.52,0
T0001034,2026-04-15T14:09:00+00:00,2026-04-15T14:20:52+00:00,712,R0119,V0011,ST003,ST007,Belgrano,Nunez,-34.576528,-58.407896,-34.605502,-58.409497,0.1,333.2,80
T0001035,2026-05-23T00:49:00+00:00,2026-05-23T00:51:17+00:00,137,R0015,V0020,ST018,ST002,Villa Crespo,San Telmo,-34.576118,-58.346187,-34.610974,-58.389171,4.734,317.31,61
T0001036,2026-03-03T14:48:00+00:00,2026-03-03T14:51:48+00:00,228,R0027,V0024,ST000,ST000,Palermo,Palermo,-34.577947,-58.413815,-34.577947,-58.413815,0.034,161.16,61
T0001037,2026-04-14T22:50:00+00:00,2026-04-14T22:52:36+00:00,156,R0022,V0005,ST022,ST020,Microcentro,Colegiales,-34.632494,-58.417063,-34.611329,-58.358197,5.264,345.16,61
T0001038,2026-04-12T10:10:00+00:00,2026-04-12T10:13:57+00:00,237,R0083,V0055,ST009,ST005,Retiro,Almagro,-34.570346,-58.412202,-34.583016,-58.36633,8.333,496.28,63
T0001039,2026-05-23T06:08:00+00:00,2026-05-23T06:09:41+00:00,101,R0089,V0036,ST004,ST020,Caballito,Colegiales,-34.593884,-58.383394,-34.611329,-58.358197,4.487,294.84,63
T0001040,2026-03-14T06:36:00+00:00,2026-03-14T06:37:47+00:00,107,R0049,V0072,ST004,ST018,Caballito,Villa Crespo,-34.593884,-58.383394,-34.576118,-58.346187,7.257,407.72,1
T0001041,2026-03-21T10:55:00+00:00,2026-03-21T10:59:01+00:00,241,R0034,V0071,ST009,ST014,Retiro,San Telmo,-34.570346,-58.412202,-34.578076,-58.40303,3.938,321.86,0
T0001042,2026-03-26T02:34:00+00:00,2026-03-26T02:36:13+00:00,133,R0117,V0008,ST008,ST001,Colegiales,Recoleta,-34.60824,-58.367253,-34.610295,-58.397389,2.875,241.54,3
T0001043,2026-05-10T19:35:00+00:00,2026-05-10T19:49:47+00:00,887,R0094,V0065,ST000,ST008,Palermo,Colegiales,-34.577947,-58.413815,-34.60824,-58.367253,8.355,724.63,80
T0001044,2026-05-07T07:26:00+00:00,2026-05-07T07:27:53+00:00,113,R0083,V0019,ST004,ST001,Caballito,Recoleta,-34.593884,-58.383394,-34.610295,-58.397389,6.188,367.06,2
T0001045,2026-03-10T07:35:00+00:00,2026-03-10T07:40:53+00:00,353,R0035,V0021,ST005,ST014,Almagro,San Telmo,-34.583016,-58.36633,-34.578076,-58.40303,0.329,216.71,80
T0001046,2026-05-20T22:31:00+00:00,2026-05-20T22:33:44+00:00,164,R0093,V0057,ST021,ST021,Retiro,Retiro,-34.587639,-58.392154,-34.587639,-58.392154,0.067,140.08,3
T0001047,2026-03-04T03:58:00+00:00,2026-03-04T04:01:17+00:00,197,R0086,V0013,ST013,ST020,Recoleta,Colegiales,-34.609842,-58.376294,-34.611329,-58.358197,2.297,240.81,61
T0001048,2026-03-13T15:44:00+00:00,2026-03-13T15:46:24+00:00,144,R0105,V0062,ST009,ST001,Retiro,Recoleta,-34.570346,-58.412202,-34.610295,-58.397389,4.536,311.84,2
T0001049,2026-05-25T20:32:00+00:00,2026-05-25T20:33:56+00:00,116,R0035,V0071,ST000,ST017,Palermo,Almagro,-34.577947,-58.413815,-34.588172,-58.363104,5.692,348.29,63
T0001050,2026-03-18T14:51:00+00:00,2026-03-18T14:58:32+00:00,452,R0064,V0014,ST004,ST013,Caballito,Recoleta,-34.593884,-58.383394,-34.609842,-58.376294,0.998,278.13,3
T0001051,2026-05-18T22:45:00+00:00,2026-05-18T22:46:22+00:00,82,R0084,V0075,ST013,ST022,Recoleta,Microcentro,-34.609842,-58.376294,-34.632494,-58.417063,3.396,244.55,0
T0001052,2026-05-01T23:31:00+00:00,2026-05-01T23:34:02+00:00,182,R0002,V0018,ST021,ST000,Retiro,Palermo,-34.587639,-58.392154,-34.577947,-58.413815,1.324,196.67,0
T0001053,2026-04-08T14:25:00+00:00,2026-04-08T14:32:38+00:00,458,R0025,V0031,ST013,ST011,Recoleta,Chacarita,-34.609842,-58.376294,-34.614375,-58.40349,2.203,328.41,2
T0001054,2026-04-01T00:06:00+00:00,2026-04-01T00:07:58+00:00,118,R0031,V0054,ST014,ST016,San Telmo,Caballito,-34.578076,-58.40303,-34.633031,-58.362781,5.947,359.18,63
T0001055,2026-04-08T05:42:00+00:00,2026-04-08T05:48:30+00:00,390,R0076,V0005,ST002,ST020,San Telmo,Colegiales,-34.610974,-58.389171,-34.611329,-58.358197,4.056,378.75,0
T0001056,2026-04-18T16:10:00+00:00,2026-04-18T16:29:07+00:00,1147,R0096,V0077,ST013,ST018,Recoleta,Villa Crespo,-34.609842,-58.376294,-34.576118,-58.346187,2.707,589.73,3
T0001057,2026-05-10T08:33:00+00:00,2026-05-10T08:37:52+00:00,292,R0016,V0014,ST020,ST022,Colegiales,Microcentro,-34.611329,-58.358197,-34.632494,-58.417063,1.683,249.52,0
T0001058,2026-04-15T10:17:00+00:00,2026-04-15T10:19:48+00:00,168,R0060,V0069,ST001,ST002,Recoleta,San Telmo,-34.610295,-58.397389,-34.610974,-58.389171,8.477,477.86,61
T0001059,2026-03-29T05:02:00+00:00,2026-03-29T05:08:07+00:00,367,R0117,V0056,ST005,ST002,Almagro,San Telmo,-34.583016,-58.36633,-34.610974,-58.389171,2.805,320.64,61
T0001060,2026-04-13T09:46:00+00:00,2026-04-13T09:48:04+00:00,124,R0026,V0071,ST010,ST015,Microcentro,Belgrano,-34.598502,-58.399031,-34.625648,-58.392026,4.637,308.9,63
T0001061,2026-05-06T04:27:00+00:00,2026-05-06T04:41:54+00:00,894,R0119,V0033,ST019,ST020,Nunez,Colegiales,-34.591041,-58.407355,-34.611329,-58.358197,1.311,445.34,63
T0001062,2026-04-06T20:27:00+00:00,2026-04-06T20:36:38+00:00,578,R0029,V0079,ST002,ST004,San Telmo,Caballito,-34.610974,-58.389171,-34.593884,-58.383394,7.072,565.18,61
T0001063,2026-04-04T21:56:00+00:00,2026-04-04T22:00:23+00:00,263,R0082,V0059,ST019,ST020,Nunez,Colegiales,-34.591041,-58.407355,-34.611329,-58.358197,1.971,250.89,61
T0001064,2026-05-16T06:28:00+00:00,2026-05-16T06:31:50+00:00,230,R0114,V0010,ST002,ST011,San Telmo,Chacarita,-34.610974,-58.389171,-34.614375,-58.40349,8.436,497.93,61
T0001065,2026-05-14T21:52:00+00:00,2026-05-14T22:03:06+00:00,666,R0042,V0039,ST016,ST004,Caballito,Caballito,-34.633031,-58.362781,-34.593884,-58.383394,4.747,502.99,0
T0001066,2026-03-17T21:56:00+00:00,2026-03-17T22:01:08+00:00,308,R0051,V0051,ST007,ST007,Nunez,Nunez,-34.605502,-58.409497,-34.605502,-58.409497,0.079,190.96,80
T0001067,2026-05-27T21:36:00+00:00,2026-05-27T21:42:21+00:00,381,R0032,V0069,ST013,ST004,Recoleta,Caballito,-34.609842,-58.376294,-34.593884,-58.383394,1.483,272.66,0
T0001068,2026-04-12T07:45:00+00:00,2026-04-12T07:55:27+00:00,627,R0103,V0070,ST023,ST016,Chacarita,Caballito,-34.580066,-58.364739,-34.633031,-58.362781,5.502,519.52,1
T0001069,2026-03-24T21:28:00+00:00,2026-03-24T21:33:56+00:00,356,R0040,V0044,ST010,ST023,Microcentro,Chacarita,-34.598502,-58.399031,-34.580066,-58.364739,2.813,317.13,0
T0001070,2026-03-12T01:31:00+00:00,2026-03-12T01:35:48+00:00,288,R0042,V0025,ST000,ST019,Palermo,Nunez,-34.577947,-58.413815,-34.591041,-58.407355,3.419,317.58,3
T0001071,2026-04-26T12:11:00+00:00,2026-04-26T12:15:18+00:00,258,R0020,V0007,ST001,ST010,Recoleta,Microcentro,-34.610295,-58.397389,-34.598502,-58.399031,0.159,176.67,2
T0001072,2026-04-19T23:15:00+00:00,2026-04-19T23:24:19+00:00,559,R0014,V0008,ST021,ST002,Retiro,San Telmo,-34.587639,-58.392154,-34.610974,-58.389171,0.173,282.58,0
T0001073,2026-05-20T03:11:00+00:00,2026-05-20T03:14:21+00:00,201,R0032,V0042,ST015,ST014,Belgrano,San Telmo,-34.625648,-58.392026,-34.578076,-58.40303,6.901,426.38,0
T0001074,2026-05-03T11:11:00+00:00,2026-05-03T11:26:20+00:00,920,R0105,V0016,ST001,ST019,Recoleta,Nunez,-34.610295,-58.397389,-34.591041,-58.407355,2.549,503.95,3
T0001075,2026-03-01T19:16:00+00:00,2026-03-01T19:21:34+00:00,334,R0117,V0007,ST009,ST019,Retiro,Nunez,-34.570346,-58.412202,-34.591041,-58.407355,7.898,512.83,61
T0001076,2026-05-15T20:45:00+00:00,2026-05-15T20:46:34+00:00,94,R0011,V0056,ST011,ST012,Chacarita,Palermo,-34.614375,-58.40349,-34.594241,-58.405192,5.547,334.78,0
T0001077,2026-05-16T17:08:00+00:00,2026-05-16T17:08:53+00:00,53,R0052,V0044,ST022,ST006,Microcentro,Villa Crespo,-34.632494,-58.417063,-34.635972,-58.409566,4.734,287.9,61
T0001078,2026-04-28T05:27:00+00:00,2026-04-28T05:29:31+00:00,151,R0032,V0077,ST002,ST010,San Telmo,Microcentro,-34.610974,-58.389171,-34.598502,-58.399031,1.996,212.71,0
T0001079,2026-04-05T22:56:00+00:00,2026-04-05T22:57:38+00:00,98,R0076,V0055,ST015,ST019,Belgrano,Nunez,-34.625648,-58.392026,-34.591041,-58.407355,2.484,213.65,63
T0001080,2026-04-17T13:39:00+00:00,2026-04-17T13:41:59+00:00,179,R0008,V0049,ST018,ST002,Villa Crespo,San Telmo,-34.576118,-58.346187,-34.610974,-58.389171,8.384,477.99,2
T0001081,2026-04-08T14:49:00+00:00,2026-04-08T14:51:19+00:00,139,R0068,V0011,ST001,ST022,Recoleta,Microcentro,-34.610295,-58.397389,-34.632494,-58.417063,7.296,420.5,0
T0001082,2026-03-12T11:07:00+00:00,2026-03-12T11:09:32+00:00,152,R0006,V0012,ST015,ST005,Belgrano,Almagro,-34.625648,-58.392026,-34.583016,-58.36633,2.073,216.11,2
T0001083,2026-04-19T00:17:00+00:00,2026-04-19T00:24:48+00:00,468,R0053,V0024,ST012,ST005,Palermo,Almagro,-34.594241,-58.405192,-34.583016,-58.36633,3.196,371.63,0
T0001084,2026-04-23T08:25:00+00:00,2026-04-23T08:36:05+00:00,665,R0077,V0032,ST005,ST014,Almagro,San Telmo,-34.583016,-58.36633,-34.578076,-58.40303,5.208,521.06,0
T0001085,2026-03-04T06:08:00+00:00,2026-03-04T06:09:09+00:00,69,R0009,V0006,ST004,ST006,Caballito,Villa Crespo,-34.593884,-58.383394,-34.635972,-58.409566,2.886,219.59,1
T0001086,2026-05-16T14:53:00+00:00,2026-05-16T14:56:08+00:00,188,R0117,V0002,ST008,ST023,Colegiales,Chacarita,-34.60824,-58.367253,-34.580066,-58.364739,2.079,228.95,61
T0001087,2026-03-03T22:26:00+00:00,2026-03-03T22:28:23+00:00,143,R0078,V0027,ST018,ST018,Villa Crespo,Villa Crespo,-34.576118,-58.346187,-34.576118,-58.346187,0.371,144.89,63
T0001088,2026-03-15T04:09:00+00:00,2026-03-15T04:15:04+00:00,364,R0062,V0030,ST004,ST010,Caballito,Microcentro,-34.593884,-58.383394,-34.598502,-58.399031,7.705,515.6,0
T0001089,2026-03-14T11:17:00+00:00,2026-03-14T11:17:12+00:00,12,R0022,V0036,ST014,ST017,San Telmo,Almagro,-34.578076,-58.40303,-34.588172,-58.363104,2.492,183.87,80
T0001090,2026-04-26T10:53:00+00:00,2026-04-26T10:55:19+00:00,139,R0077,V0010,ST004,ST019,Caballito,Nunez,-34.593884,-58.383394,-34.591041,-58.407355,2.107,212.95,3
T0001091,2026-04-24T21:51:00+00:00,2026-04-24T21:53:26+00:00,146,R0119,V0049,ST022,ST008,Microcentro,Colegiales,-34.632494,-58.417063,-34.60824,-58.367253,5.313,343.64,80
T0001092,2026-04-09T08:59:00+00:00,2026-04-09T09:04:07+00:00,307,R0051,V0025,ST001,ST018,Recoleta,Villa Crespo,-34.610295,-58.397389,-34.576118,-58.346187,4.86,381.87,0
T0001093,2026-03-07T22:06:00+00:00,2026-03-07T22:08:12+00:00,132,R0072,V0024,ST016,ST010,Caballito,Microcentro,-34.633031,-58.362781,-34.598502,-58.399031,4.116,290.85,2
T0001094,2026-04-10T01:25:00+00:00,2026-04-10T01:28:19+00:00,199,R0116,V0040,ST016,ST019,Caballito,Nunez,-34.633031,-58.362781,-34.591041,-58.407355,0.22,158.44,0
T0001095,2026-04-19T11:41:00+00:00,2026-04-19T17:14:20+00:00,20000,R0041,V0030,ST016,ST013,Caballito,Recoleta,-34.633031,-58.362781,-34.609842,-58.376294,3.141,7205.63,80
T0001096,2026-04-09T16:35:00+00:00,2026-04-09T16:37:00+00:00,120,R0039,V0061,ST000,ST014,Palermo,San Telmo,-34.577947,-58.413815,-34.578076,-58.40303,5.001,322.02,0
T0001097,2026-04-18T17:02:00+00:00,2026-04-18T17:06:19+00:00,259,R0058,V0019,ST013,ST018,Recoleta,Villa Crespo,-34.609842,-58.376294,-34.576118,-58.346187,7.095,454.45,63
T0001098,2026-04-16T11:21:00+00:00,2026-04-16T11:26:33+00:00,333,R0108,V0038,ST000,ST002,Palermo,San Telmo,-34.577947,-58.413815,-34.610974,-58.389171,1.272,247.44,2
T0001099,2026-05-19T11:40:00+00:00,2026-05-19T11:47:04+00:00,424,R0028,V0028,ST023,ST008,Chacarita,Colegiales,-34.580066,-58.364739,-34.60824,-58.367253,0.635,253.79,0
T0001100,2026-05-01T18:52:00+00:00,2026-05-01T18:55:41+00:00,221,R0081,V0033,ST016,ST000,Caballito,Palermo,-34.633031,-58.362781,-34.577947,-58.413815,5.981,396.59,61
T0001101,2026-04-21T03:42:00+00:00,2026-04-21T03:45:42+00:00,222,R0039,V0060,ST020,ST009,Colegiales,Retiro,-34.611329,-58.358197,-34.570346,-58.412202,7.807,469.97,80
T0001102,2026-03-20T08:19:00+00:00,2026-03-20T08:21:50+00:00,170,R0071,V0024,ST004,ST013,Caballito,Recoleta,-34.593884,-58.383394,-34.609842,-58.376294,2.841,253.12,61
T0001103,2026-04-02T19:19:00+00:00,2026-04-02T19:21:26+00:00,146,R0024,V0054,ST011,ST014,Chacarita,San Telmo,-34.614375,-58.40349,-34.578076,-58.40303,5.779,362.27,3
T0001104,2026-05-05T21:53:00+00:00,2026-05-05T21:56:56+00:00,236,R0094,V0020,ST003,ST014,Belgrano,San Telmo,-34.576528,-58.407896,-34.578076,-58.40303,3.788,314.13,3
T0001105,2026-05-11T23:14:00+00:00,2026-05-11T23:26:51+00:00,771,R0023,V0060,ST023,ST011,Chacarita,Chacarita,-34.580066,-58.364739,-34.614375,-58.40349,8.413,686.36,63
T0001106,2026-03-12T00:49:00+00:00,2026-03-12T00:51:38+00:00,158,R0099,V0011,ST006,ST004,Villa Crespo,Caballito,-34.635972,-58.409566,-34.593884,-58.383394,2.747,245.19,1
T0001107,2026-04-04T00:43:00+00:00,2026-04-04T00:53:12+00:00,612,R0101,V0041,ST020,ST013,Colegiales,Recoleta,-34.611329,-58.358197,-34.609842,-58.376294,7.184,581.56,0
T0001108,2026-03-24T06:09:00+00:00,2026-03-24T06:16:25+00:00,445,R0073,V0006,ST020,ST008,Colegiales,Colegiales,-34.611329,-58.358197,-34.60824,-58.367253,8.408,572.06,3
T0001109,2026-03-24T05:43:00+00:00,2026-03-24T05:44:37+00:00,97,R0042,V0060,ST002,ST003,San Telmo,Belgrano,-34.610974,-58.389171,-34.576528,-58.407896,5.159,320.32,61
T0001110,2026-04-22T21:09:00+00:00,2026-04-22T21:11:36+00:00,156,R0063,V0022,ST015,ST002,Belgrano,San Telmo,-34.625648,-58.392026,-34.610974,-58.389171,7.53,435.79,2
T0001111,2026-04-25T21:42:00+00:00,2026-04-25T21:46:41+00:00,281,R0116,V0000,ST006,ST000,Villa Crespo,Palermo,-34.635972,-58.409566,-34.577947,-58.413815,2.852,292.42,0
T0001112,2026-03-07T05:43:00+00:00,2026-03-07T05:46:25+00:00,205,R0112,V0067,ST023,ST021,Chacarita,Retiro,-34.580066,-58.364739,-34.587639,-58.392154,0.769,182.52,63
T0001113,2026-04-08T21:11:00+00:00,2026-04-08T21:14:42+00:00,222,R0028,V0056,ST020,ST016,Colegiales,Caballito,-34.611329,-58.358197,-34.633031,-58.362781,1.224,206.65,3
T0001114,2026-05-29T13:09:00+00:00,2026-05-29T13:11:40+00:00,160,R0118,V0058,ST015,ST017,Belgrano,Almagro,-34.625648,-58.392026,-34.588172,-58.363104,3.081,259.24,61
T0001115,2026-03-16T10:23:00+00:00,2026-03-16T10:24:22+00:00,82,R0066,V0002,ST014,ST023,San Telmo,Chacarita,-34.578076,-58.40303,-34.580066,-58.364739,1.682,175.99,2
T0001116,2026-04-07T01:08:00+00:00,2026-04-07T01:23:43+00:00,943,R0019,V0074,ST010,ST017,Microcentro,Almagro,-34.598502,-58.399031,-34.588172,-58.363104,5.646,635.88,0
T0001117,2026-03-31T20:11:00+00:00,2026-03-31T20:14:52+00:00,232,R0045,V0026,ST019,ST005,Nunez,Almagro,-34.591041,-58.407355,-34.583016,-58.36633,3.948,319.11,1
T0001118,2026-04-17T05:21:00+00:00,2026-04-17T05:24:39+00:00,219,R0089,V0045,ST006,ST002,Villa Crespo,San Telmo,-34.635972,-58.409566,-34.610974,-58.389171,2.722,265.53,0
T0001119,2026-03-12T18:15:00+00:00,2026-03-12T18:19:00+00:00,240,R0078,V0053,ST020,ST020,Colegiales,Colegiales,-34.611329,-58.358197,-34.611329,-58.358197,0.333,177.32,61
T0001120,2026-04-18T17:24:00+00:00,2026-04-18T17:28:31+00:00,271,R0056,V0073,ST017,ST005,Almagro,Almagro,-34.588172,-58.363104,-34.583016,-58.36633,3.477,313.95,80
T0001121,2026-03-02T04:08:00+00:00,2026-03-02T04:10:00+00:00,120,R0084,V0047,ST023,ST014,Chacarita,San Telmo,-34.580066,-58.364739,-34.578076,-58.40303,2.842,235.69,2
T0001122,2026-04-13T05:44:00+00:00,2026-04-13T06:04:53+00:00,1253,R0102,V0048,ST022,ST018,Microcentro,Villa Crespo,-34.632494,-58.417063,-34.576118,-58.346187,6.573,781.46,1
T0001123,2026-04-22T14:06:00+00:00,2026-04-22T14:08:34+00:00,154,R0105,V0038,ST001,ST013,Recoleta,Recoleta,-34.610295,-58.397389,-34.609842,-58.376294,0.92,170.7,0
T0001124,2026-04-29T12:59:00+00:00,2026-04-29T13:05:13+00:00,373,R0035,V0023,ST009,ST020,Retiro,Colegiales,-34.570346,-58.412202,-34.611329,-58.358197,7.504,510.73,0
T0001125,2026-03-15T13:57:00+00:00,2026-03-15T13:58:25+00:00,85,R0015,V0019,ST003,ST006,Belgrano,Villa Crespo,-34.576528,-58.407896,-34.635972,-58.409566,4.94,307.37,2
T0001126,2026-03-20T22:05:00+00:00,2026-03-20T22:08:21+00:00,201,R0046,V0000,ST005,ST008,Almagro,Colegiales,-34.583016,-58.36633,-34.60824,-58.367253,6.274,401.3,80
T0001127,2026-03-25T04:32:00+00:00,2026-03-25T04:39:44+00:00,464,R0053,V0031,ST011,ST004,Chacarita,Caballito,-34.614375,-58.40349,-34.593884,-58.383394,2.802,354.5,0
T0001128,2026-03-14T00:39:00+00:00,2026-03-14T00:43:02+00:00,242,R0061,V0019,ST008,ST002,Colegiales,San Telmo,-34.60824,-58.367253,-34.610974,-58.389171,4.441,342.33,0
T0001129,2026-05-21T18:56:00+00:00,2026-05-21T19:07:14+00:00,674,R0068,V0044,ST008,ST013,Colegiales,Recoleta,-34.60824,-58.367253,-34.609842,-58.376294,3.98,475.1,1
T0001130,2026-04-09T22:19:00+00:00,2026-04-09T22:22:59+00:00,239,R0001,V0064,ST005,ST014,Almagro,San Telmo,-34.583016,-58.36633,-34.578076,-58.40303,3.813,316.18,3
T0001131,2026-03-12T05:59:00+00:00,2026-03-12T05:59:08+00:00,8,R0050,V0059,ST008,ST001,Colegiales,Recoleta,-34.60824,-58.367253,-34.610295,-58.397389,7.378,377.93,3
T0001132,2026-04-05T13:04:00+00:00,2026-04-05T13:14:37+00:00,637,R0111,V0079,ST002,ST003,San Telmo,Belgrano,-34.610974,-58.389171,-34.576528,-58.407896,3.084,426.33,3
T0001133,2026-05-16T11:24:00+00:00,2026-05-16T16:57:20+00:00,20000,R0050,V0047,ST010,ST023,Microcentro,Chacarita,-34.598502,-58.399031,-34.580066,-58.364739,8.274,7410.95,63
T0001134,2026-05-01T00:21:00+00:00,2026-05-01T00:23:56+00:00,176,R0115,V0026,ST003,ST013,Belgrano,Recoleta,-34.576528,-58.407896,-34.609842,-58.376294,1.249,191.54,80
T0001135,2026-04-10T03:43:00+00:00,2026-04-10T03:50:07+00:00,427,R0054,V0057,ST015,ST008,Belgrano,Colegiales,-34.625648,-58.392026,-34.60824,-58.367253,3.37,364.25,0
T0001136,2026-04-16T08:22:00+00:00,2026-04-16T08:24:38+00:00,158,R0072,V0079,ST002,ST022,San Telmo,Microcentro,-34.610974,-58.389171,-34.632494,-58.417063,2.335,228.68,0
T0001137,2026-05-29T08:19:00+00:00,2026-05-29T08:25:51+00:00,411,R0094,V0036,ST002,ST010,San Telmo,Microcentro,-34.610974,-58.389171,-34.598502,-58.399031,6.755,494.06,1
T0001138,2026-03-23T02:25:00+00:00,2026-03-23T02:45:34+00:00,1234,R0036,V0010,ST004,ST004,Caballito,Caballito,-34.593884,-58.383394,-34.593884,-58.383394,0.319,524.66,3
T0001139,2026-04-20T12:15:00+00:00,2026-04-20T12:20:49+00:00,349,R0114,V0000,ST012,ST014,Palermo,San Telmo,-34.594241,-58.405192,-34.578076,-58.40303,0.1,206.15,1
T0001140,2026-04-29T11:09:00+00:00,2026-04-29T11:14:51+00:00,351,R0014,V0010,ST009,ST022,Retiro,Microcentro,-34.570346,-58.412202,-34.632494,-58.417063,4.442,380.52,63
T0001141,2026-05-28T13:23:00+00:00,2026-05-28T18:56:20+00:00,20000,R0078,V0041,ST023,ST006,Chacarita,Villa Crespo,-34.580066,-58.364739,-34.635972,-58.409566,1.669,7146.78,3
T0001142,2026-03-22T07:19:00+00:00,2026-03-22T07:23:03+00:00,243,R0070,V0019,ST000,ST007,Palermo,Nunez,-34.577947,-58.413815,-34.605502,-58.409497,1.221,213.91,0
T0001143,2026-03-04T06:52:00+00:00,2026-03-04T06:54:13+00:00,133,R0068,V0002,ST011,ST017,Chacarita,Almagro,-34.614375,-58.40349,-34.588172,-58.363104,3.521,267.38,2
T0001144,2026-04-24T02:24:00+00:00,2026-04-24T02:25:09+00:00,69,R0102,V0074,ST007,ST003,Nunez,Belgrano,-34.605502,-58.409497,-34.576528,-58.407896,3.561,246.59,1
T0001145,2026-04-12T02:02:00+00:00,2026-04-12T02:05:23+00:00,203,R0076,V0042,ST003,ST021,Belgrano,Retiro,-34.576528,-58.407896,-34.587639,-58.392154,1.646,216.88,3
T0001146,2026-04-20T11:37:00+00:00,2026-04-20T11:38:23+00:00,83,R0092,V0066,ST009,ST001,Retiro,Recoleta,-34.570346,-58.412202,-34.610295,-58.397389,6.858,383.36,80
T0001147,2026-04-06T16:20:00+00:00,2026-04-06T16:22:27+00:00,147,R0009,V0010,ST014,ST012,San Telmo,Palermo,-34.578076,-58.40303,-34.594241,-58.405192,6.917,408.12,2
T0001148,2026-05-27T05:15:00+00:00,2026-05-27T05:22:50+00:00,470,R0027,V0065,ST017,ST002,Almagro,San Telmo,-34.588172,-58.363104,-34.610974,-58.389171,4.51,424.88,1
T0001149,2026-05-22T23:01:00+00:00,2026-05-22T23:04:44+00:00,224,R0081,V0059,ST020,ST002,Colegiales,San Telmo,-34.611329,-58.358197,-34.610974,-58.389171,5.865,392.98,2
T0001150,2026-03-09T02:06:00+00:00,2026-03-09T02:17:26+00:00,686,R0082,V0035,ST002,ST009,San Telmo,Retiro,-34.610974,-58.389171,-34.570346,-58.412202,2.088,403.61,0
T0001151,2026-04-07T21:34:00+00:00,2026-04-07T21:34:08+00:00,8,R0082,V0067,ST007,ST022,Nunez,Microcentro,-34.605502,-58.409497,-34.632494,-58.417063,7.428,379.93,2
T0001152,2026-04-29T19:52:00+00:00,2026-04-29T19:53:28+00:00,88,R0017,V0001,ST006,ST010,Villa Crespo,Microcentro,-34.635972,-58.409566,-34.598502,-58.399031,2.956,229.05,80
T0001153,2026-03-15T01:26:00+00:00,2026-03-15T01:31:45+00:00,345,R0046,V0072,ST003,ST004,Belgrano,Caballito,-34.576528,-58.407896,-34.593884,-58.383394,8.017,521.43,3
T0001154,2026-04-10T20:43:00+00:00,2026-04-10T20:46:25+00:00,205,R0076,V0050,ST019,ST020,Nunez,Colegiales,-34.591041,-58.407355,-34.611329,-58.358197,7.766,462.38,0
T0001155,2026-05-19T15:27:00+00:00,2026-05-19T15:29:53+00:00,173,R0059,V0038,ST022,ST021,Microcentro,Retiro,-34.632494,-58.417063,-34.587639,-58.392154,3.198,268.47,61
T0001156,2026-03-02T12:58:00+00:00,2026-03-02T13:02:55+00:00,295,R0030,V0070,ST019,ST021,Nunez,Retiro,-34.591041,-58.407355,-34.587639,-58.392154,3.574,326.21,0
T0001157,2026-04-08T21:53:00+00:00,2026-04-08T21:54:49+00:00,109,R0048,V0071,ST007,ST021,Nunez,Retiro,-34.605502,-58.409497,-34.587639,-58.392154,0.978,157.28,0
T0001158,2026-05-13T19:24:00+00:00,2026-05-13T19:29:03+00:00,303,R0087,V0077,ST016,ST003,Caballito,Belgrano,-34.633031,-58.362781,-34.576528,-58.407896,5.763,416.58,63
T0001159,2026-05-09T03:11:00+00:00,2026-05-09T03:14:26+00:00,206,R0067,V0022,ST007,ST013,Nunez,Recoleta,-34.605502,-58.409497,-34.609842,-58.376294,2.815,264.7,61
T0001160,2026-05-16T21:02:00+00:00,2026-05-16T21:04:52+00:00,172,R0036,V0047,ST009,ST022,Retiro,Microcentro,-34.570346,-58.412202,-34.632494,-58.417063,3.7,288.21,0
T0001161,2026-04-02T03:06:00+00:00,2026-04-02T08:39:20+00:00,20000,R0041,V0073,ST007,ST004,Nunez,Caballito,-34.605502,-58.409497,-34.593884,-58.383394,7.824,7392.98,2
T0001162,2026-04-12T18:07:00+00:00,2026-04-12T18:10:48+00:00,228,R0117,V0019,ST002,ST017,San Telmo,Almagro,-34.610974,-58.389171,-34.588172,-58.363104,1.393,215.54,80
T0001163,2026-04-15T01:30:00+00:00,2026-04-15T01:33:04+00:00,184,R0056,V0042,ST013,ST018,Recoleta,Villa Crespo,-34.609842,-58.376294,-34.576118,-58.346187,7.386,439.83,61
T0001164,2026-05-18T19:19:00+00:00,2026-05-18T19:22:21+00:00,201,R0116,V0039,ST001,ST018,Recoleta,Villa Crespo,-34.610295,-58.397389,-34.576118,-58.346187,0.774,181.3,1
T0001165,2026-03-12T11:30:00+00:00,2026-03-12T11:40:41+00:00,641,R0006,V0042,ST014,ST000,San Telmo,Palermo,-34.578076,-58.40303,-34.577947,-58.413815,7.386,599.77,0
T0001166,2026-03-10T22:20:00+00:00,2026-03-10T22:21:51+00:00,111,R0042,V0066,ST009,ST023,Retiro,Chacarita,-34.570346,-58.412202,-34.580066,-58.364739,7.897,434.74,0
T0001167,2026-05-10T03:03:00+00:00,2026-05-10T03:05:54+00:00,174,R0076,V0063,ST010,ST017,Microcentro,Almagro,-34.598502,-58.399031,-34.588172,-58.363104,5.906,377.15,80
T0001168,2026-05-10T18:05:00+00:00,2026-05-10T18:15:54+00:00,654,R0071,V0036,ST017,ST010,Almagro,Microcentro,-34.588172,-58.363104,-34.598502,-58.399031,4.634,494.27,1
T0001169,2026-04-13T17:21:00+00:00,2026-04-13T17:24:27+00:00,207,R0097,V0002,ST009,ST000,Retiro,Palermo,-34.570346,-58.412202,-34.577947,-58.413815,5.426,369.48,2
T0001170,2026-04-28T11:05:00+00:00,2026-04-28T11:08:03+00:00,183,R0077,V0023,ST011,ST022,Chacarita,Microcentro,-34.614375,-58.40349,-34.632494,-58.417063,2.837,257.54,80
T0001171,2026-05-14T06:47:00+00:00,2026-05-14T07:04:22+00:00,1042,R0115,V0013,ST003,ST010,Belgrano,Microcentro,-34.576528,-58.407896,-34.598502,-58.399031,5.651,670.75,1
T0001172,2026-05-13T06:31:00+00:00,2026-05-13T06:37:10+00:00,370,R0033,V0065,ST008,ST023,Colegiales,Chacarita,-34.60824,-58.367253,-34.580066,-58.364739,2.489,309.06,80
T0001173,2026-03-09T01:02:00+00:00,2026-03-09T01:09:15+00:00,435,R0035,V0028,ST020,ST008,Colegiales,Colegiales,-34.611329,-58.358197,-34.60824,-58.367253,5.974,471.19,1
T0001174,2026-05-06T00:54:00+00:00,2026-05-06T00:57:38+00:00,218,R0027,V0041,ST007,ST004,Nunez,Caballito,-34.605502,-58.409497,-34.593884,-58.383394,6.916,432.92,1
T0001175,2026-04-29T15:21:00+00:00,2026-04-29T15:28:57+00:00,477,R0057,V0032,ST022,ST015,Microcentro,Belgrano,-34.632494,-58.417063,-34.625648,-58.392026,0.888,282.46,61
T0001176,2026-05-06T20:21:00+00:00,2026-05-06T20:23:44+00:00,164,R0024,V0073,ST017,ST012,Almagro,Palermo,-34.588172,-58.363104,-34.594241,-58.405192,2.827,250.49,2
T0001177,2026-05-05T15:12:00+00:00,2026-05-05T15:22:16+00:00,616,R0041,V0007,ST003,ST006,Belgrano,Villa Crespo,-34.576528,-58.407896,-34.635972,-58.409566,8.012,616.07,0
T0001178,2026-05-19T04:21:00+00:00,2026-05-19T04:23:47+00:00,167,R0106,V0034,ST023,ST010,Chacarita,Microcentro,-34.580066,-58.364739,-34.598502,-58.399031,3.755,288.64,63
T0001179,2026-03-01T11:39:00+00:00,2026-03-01T11:41:49+00:00,169,R0107,V0058,ST017,ST001,Almagro,Recoleta,-34.588172,-58.363104,-34.610295,-58.397389,4.027,300.21,3
T0001180,2026-05-10T18:11:00+00:00,2026-05-10T18:13:02+00:00,122,R0000,V0021,ST019,ST013,Nunez,Recoleta,-34.591041,-58.407355,-34.609842,-58.376294,4.334,296.08,80
T0001181,2026-03-17T08:01:00+00:00,2026-03-17T08:03:26+00:00,146,R0012,V0046,ST001,ST020,Recoleta,Colegiales,-34.610295,-58.397389,-34.611329,-58.358197,5.256,341.35,3
T0001182,2026-03-21T12:06:00+00:00,2026-03-21T12:11:52+00:00,352,R0106,V0004,ST000,ST006,Palermo,Villa Crespo,-34.577947,-58.413815,-34.635972,-58.409566,3.527,344.3,2
T0001183,2026-05-17T19:17:00+00:00,2026-05-17T19:20:58+00:00,238,R0045,V0001,ST019,ST011,Nunez,Chacarita,-34.591041,-58.407355,-34.614375,-58.40349,7.957,481.58,80
T0001184,2026-03-17T09:07:00+00:00,2026-03-17T09:11:56+00:00,296,R0024,V0010,ST014,ST008,San Telmo,Colegiales,-34.578076,-58.40303,-34.60824,-58.367253,4.659,369.95,0
T0001185,2026-03-06T03:50:00+00:00,2026-03-06T03:52:15+00:00,135,R0068,V0000,ST011,ST005,Chacarita,Almagro,-34.614375,-58.40349,-34.583016,-58.36633,7.301,419.3,0
T0001186,2026-05-06T05:22:00+00:00,2026-05-06T05:26:57+00:00,297,R0042,V0042,ST005,ST005,Almagro,Almagro,-34.583016,-58.36633,-34.583016,-58.36633,0.082,187.23,80
T0001187,2026-03-02T03:59:00+00:00,2026-03-02T04:04:17+00:00,317,R0041,V0001,ST001,ST001,Recoleta,Recoleta,-34.610295,-58.397389,-34.610295,-58.397389,0.051,192.99,80
T0001188,2026-04-26T00:55:00+00:00,2026-04-26T00:57:14+00:00,134,R0039,V0073,ST009,ST015,Retiro,Belgrano,-34.570346,-58.412202,-34.625648,-58.392026,4.837,320.37,0
T0001189,2026-04-04T12:50:00+00:00,2026-04-04T13:01:11+00:00,671,R0084,V0069,ST017,ST017,Almagro,Almagro,-34.588172,-58.363104,-34.588172,-58.363104,0.339,328.41,0
T0001190,2026-04-11T01:58:00+00:00,2026-04-11T02:02:04+00:00,244,R0110,V0067,ST006,ST001,Villa Crespo,Recoleta,-34.635972,-58.409566,-34.610295,-58.397389,7.104,449.56,63
T0001191,2026-03-13T22:46:00+00:00,2026-03-13T22:51:34+00:00,334,R0022,V0075,ST014,ST011,San Telmo,Chacarita,-34.578076,-58.40303,-34.614375,-58.40349,2.839,310.45,61
T0001192,2026-05-22T12:43:00+00:00,2026-05-22T12:48:11+00:00,311,R0069,V0060,ST005,ST005,Almagro,Almagro,-34.583016,-58.36633,-34.583016,-58.36633,0.267,199.53,80
T0001193,2026-04-16T14:00:00+00:00,2026-04-16T14:11:46+00:00,706,R0057,V0049,ST019,ST017,Nunez,Almagro,-34.591041,-58.407355,-34.588172,-58.363104,1.261,377.53,0
T0001194,2026-03-06T09:04:00+00:00,2026-03-06T09:08:23+00:00,263,R0114,V0018,ST003,ST020,Belgrano,Colegiales,-34.576528,-58.407896,-34.611329,-58.358197,3.102,296.12,80
T0001195,2026-03-01T09:43:00+00:00,2026-03-01T09:46:19+00:00,199,R0038,V0052,ST015,ST006,Belgrano,Villa Crespo,-34.625648,-58.392026,-34.635972,-58.409566,4.989,349.21,2
T0001196,2026-03-31T09:55:00+00:00,2026-03-31T09:58:50+00:00,230,R0052,V0072,ST016,ST007,Caballito,Nunez,-34.633031,-58.362781,-34.605502,-58.409497,6.511,420.94,1
T0001197,2026-03-27T23:30:00+00:00,2026-03-27T23:36:33+00:00,393,R0106,V0042,ST013,ST007,Recoleta,Nunez,-34.609842,-58.376294,-34.605502,-58.409497,3.828,370.68,0
T0001198,2026-05-12T03:59:00+00:00,2026-05-12T04:02:03+00:00,183,R0056,V0013,ST016,ST001,Caballito,Recoleta,-34.633031,-58.362781,-34.610295,-58.397389,6.773,414.96,2
T0001199,2026-05-17T08:46:00+00:00,2026-05-17T08:52:25+00:00,385,R0111,V0053,ST020,ST006,Colegiales,Villa Crespo,-34.611329,-58.358197,-34.635972,-58.409566,6.428,471.86,0
T0001200,2026-05-08T16:00:00+00:00,2026-05-08T16:04:47+00:00,287,R0041,V0063,ST005,ST008,Almagro,Colegiales,-34.583016,-58.36633,-34.60824,-58.367253,3.271,311.28,2
T0001201,2026-03-27T03:42:00+00:00,2026-03-27T03:43:54+00:00,114,R0080,V0056,ST008,ST013,Colegiales,Recoleta,-34.60824,-58.367253,-34.609842,-58.376294,0.494,139.66,3
T0001202,2026-04-27T10:55:00+00:00,2026-04-27T10:57:52+00:00,172,R0115,V0057,ST021,ST008,Retiro,Colegiales,-34.587639,-58.392154,-34.60824,-58.367253,6.433,397.51,1
T0001203,2026-03-25T02:22:00+00:00,2026-03-25T02:24:59+00:00,179,R0046,V0026,ST018,ST015,Villa Crespo,Belgrano,-34.576118,-58.346187,-34.625648,-58.392026,0.164,149.2,1
T0001204,2026-04-09T07:36:00+00:00,2026-04-09T07:41:52+00:00,352,R0037,V0010,ST016,ST015,Caballito,Belgrano,-34.633031,-58.362781,-34.625648,-58.392026,6.904,479.35,63
T0001205,2026-03-02T13:58:00+00:00,2026-03-02T14:04:46+00:00,406,R0058,V0013,ST015,ST014,Belgrano,San Telmo,-34.625648,-58.392026,-34.578076,-58.40303,3.105,346.31,2
T0001206,2026-05-15T01:33:00+00:00,2026-05-15T01:41:01+00:00,481,R0056,V0029,ST018,ST015,Villa Crespo,Belgrano,-34.576118,-58.346187,-34.625648,-58.392026,8.186,575.78,0
T0001207,2026-04-19T10:30:00+00:00,2026-04-19T10:31:35+00:00,95,R0072,V0068,ST012,ST018,Palermo,Villa Crespo,-34.594241,-58.405192,-34.576118,-58.346187,3.289,244.83,0
T0001208,2026-03-07T00:50:00+00:00,2026-03-07T00:52:43+00:00,163,R0050,V0060,ST012,ST020,Palermo,Colegiales,-34.594241,-58.405192,-34.611329,-58.358197,5.95,375.03,80
T0001209,2026-04-11T10:13:00+00:00,2026-04-11T10:14:00+00:00,60,R0054,V0039,ST003,ST007,Belgrano,Nunez,-34.576528,-58.407896,-34.605502,-58.409497,1.318,153.72,0
T0001210,2026-03-10T02:29:00+00:00,2026-03-10T02:35:32+00:00,392,R0091,V0037,ST012,ST001,Palermo,Recoleta,-34.594241,-58.405192,-34.610295,-58.397389,4.132,382.5,0
T0001211,2026-04-03T21:55:00+00:00,2026-04-03T21:56:48+00:00,108,R0091,V0005,ST000,ST005,Palermo,Almagro,-34.577947,-58.413815,-34.583016,-58.36633,4.708,306.13,61
T0001212,2026-03-27T08:20:00+00:00,2026-03-27T08:25:56+00:00,356,R0007,V0012,ST016,ST018,Caballito,Villa Crespo,-34.633031,-58.362781,-34.576118,-58.346187,2.574,307.56,63
T0001213,2026-05-05T12:25:00+00:00,2026-05-05T12:28:01+00:00,181,R0115,V0044,ST015,ST011,Belgrano,Chacarita,-34.625648,-58.392026,-34.614375,-58.40349,5.051,345.38,61
T0001214,2026-05-07T06:40:00+00:00,2026-05-07T06:45:18+00:00,318,R0062,V0045,ST008,ST011,Colegiales,Chacarita,-34.60824,-58.367253,-34.614375,-58.40349,3.654,337.48,0
T0001215,2026-04-27T18:33:00+00:00,2026-04-27T18:36:14+00:00,194,R0000,V0055,ST021,ST000,Retiro,Palermo,-34.587639,-58.392154,-34.577947,-58.413815,2.768,258.64,1
T0001216,2026-03-18T04:56:00+00:00,2026-03-18T05:03:39+00:00,459,R0114,V0073,ST018,ST017,Villa Crespo,Almagro,-34.576118,-58.346187,-34.588172,-58.363104,2.328,333.79,1
T0001217,2026-05-20T07:03:00+00:00,2026-05-20T07:04:34+00:00,94,R0102,V0003,ST000,ST001,Palermo,Recoleta,-34.577947,-58.413815,-34.610295,-58.397389,7.778,424.02,63
T0001218,2026-05-16T19:44:00+00:00,2026-05-16T19:46:17+00:00,137,R0023,V0056,ST015,ST023,Belgrano,Chacarita,-34.625648,-58.392026,-34.580066,-58.364739,7.218,416.66,1
T0001219,2026-03-04T12:32:00+00:00,2026-03-04T12:56:33+00:00,1473,R0110,V0000,ST001,ST014,Recoleta,San Telmo,-34.610295,-58.397389,-34.578076,-58.40303,6.812,868.01,3
T0001220,2026-03-07T05:43:00+00:00,2026-03-07T05:52:38+00:00,578,R0113,V0013,ST016,ST023,Caballito,Chacarita,-34.633031,-58.362781,-34.580066,-58.364739,4.08,445.5,61
T0001221,2026-05-28T05:20:00+00:00,2026-05-28T05:22:29+00:00,149,R0008,V0007,ST014,ST000,San Telmo,Palermo,-34.578076,-58.40303,-34.577947,-58.413815,2.415,228.75,1
T0001222,2026-03-05T06:34:00+00:00,2026-03-05T06:45:06+00:00,666,R0100,V0029,ST020,ST007,Colegiales,Nunez,-34.611329,-58.358197,-34.605502,-58.409497,5.058,515.43,80
T0001223,2026-05-11T21:35:00+00:00,2026-05-11T21:43:14+00:00,494,R0079,V0065,ST001,ST013,Recoleta,Recoleta,-34.610295,-58.397389,-34.609842,-58.376294,7.586,556.35,61
T0001224,2026-03-19T12:18:00+00:00,2026-03-19T12:25:20+00:00,440,R0063,V0055,ST017,ST002,Almagro,San Telmo,-34.588172,-58.363104,-34.610974,-58.389171,2.084,317.35,61
T0001225,2026-03-18T23:42:00+00:00,2026-03-18T23:43:43+00:00,103,R0117,V0078,ST010,ST012,Microcentro,Palermo,-34.598502,-58.399031,-34.594241,-58.405192,1.7,184.05,0
T0001226,2026-05-20T04:05:00+00:00,2026-05-20T04:06:52+00:00,112,R0074,V0060,ST012,ST008,Palermo,Colegiales,-34.594241,-58.405192,-34.60824,-58.367253,2.617,223.87,3
T0001227,2026-05-26T02:46:00+00:00,2026-05-26T02:51:23+00:00,323,R0060,V0020,ST017,ST010,Almagro,Microcentro,-34.588172,-58.363104,-34.598502,-58.399031,8.271,523.87,80
T0001228,2026-03-17T01:57:00+00:00,2026-03-17T02:02:26+00:00,326,R0118,V0050,ST006,ST011,Villa Crespo,Chacarita,-34.635972,-58.409566,-34.614375,-58.40349,5.103,398.2,0
T0001229,2026-04-07T22:52:00+00:00,2026-04-07T23:02:13+00:00,613,R0080,V0041,ST003,ST017,Belgrano,Almagro,-34.576528,-58.407896,-34.588172,-58.363104,0.114,299.12,2
T0001230,2026-05-17T08:58:00+00:00,2026-05-17T09:01:42+00:00,222,R0098,V0017,ST000,ST003,Palermo,Belgrano,-34.577947,-58.413815,-34.576528,-58.407896,2.987,277.2,0
T0001231,2026-05-08T00:20:00+00:00,2026-05-08T00:22:25+00:00,145,R0058,V0073,ST016,ST011,Caballito,Chacarita,-34.633031,-58.362781,-34.614375,-58.40349,5.344,344.51,0
T0001232,2026-04-18T20:46:00+00:00,2026-04-18T20:48:32+00:00,152,R0023,V0039,ST016,ST019,Caballito,Nunez,-34.633031,-58.362781,-34.591041,-58.407355,2.639,238.76,61
T0001233,2026-05-18T21:27:00+00:00,2026-05-18T21:28:52+00:00,112,R0095,V0051,ST020,ST004,Colegiales,Caballito,-34.611329,-58.358197,-34.593884,-58.383394,8.291,450.86,0
T0001234,2026-03-14T21:31:00+00:00,2026-03-14T21:35:28+00:00,268,R0020,V0061,ST005,ST000,Almagro,Palermo,-34.583016,-58.36633,-34.577947,-58.413815,6.947,451.69,0
T0001235,2026-03-29T19:15:00+00:00,2026-03-29T19:16:45+00:00,105,R0036,V0039,ST001,ST015,Recoleta,Belgrano,-34.610295,-58.397389,-34.625648,-58.392026,0.548,138.69,80
T0001236,2026-03-24T16:46:00+00:00,2026-03-24T16:49:57+00:00,237,R0004,V0012,ST016,ST022,Caballito,Microcentro,-34.633031,-58.362781,-34.632494,-58.417063,5.857,397.22,0
T0001237,2026-03-27T09:42:00+00:00,2026-03-27T09:46:28+00:00,268,R0001,V0063,ST007,ST012,Nunez,Palermo,-34.605502,-58.409497,-34.594241,-58.405192,7.104,457.96,0
T0001238,2026-05-07T20:30:00+00:00,2026-05-07T20:32:55+00:00,175,R0061,V0007,ST023,ST009,Chacarita,Retiro,-34.580066,-58.364739,-34.570346,-58.412202,1.804,213.42,0
T0001239,2026-04-11T07:08:00+00:00,2026-04-11T07:21:44+00:00,824,R0032,V0061,ST003,ST009,Belgrano,Retiro,-34.576528,-58.407896,-34.570346,-58.412202,1.351,422.42,61
T0001240,2026-05-22T02:31:00+00:00,2026-05-22T02:36:56+00:00,356,R0016,V0050,ST007,ST021,Nunez,Retiro,-34.605502,-58.409497,-34.587639,-58.392154,5.262,415.1,0
T0001241,2026-05-28T06:45:00+00:00,2026-05-28T06:48:01+00:00,181,R0119,V0073,ST000,ST016,Palermo,Caballito,-34.577947,-58.413815,-34.633031,-58.362781,6.224,392.32,0
T0001242,2026-03-24T07:49:00+00:00,2026-03-24T07:51:41+00:00,161,R0027,V0053,ST003,ST009,Belgrano,Retiro,-34.576528,-58.407896,-34.570346,-58.412202,8.416,472.99,1
T0001243,2026-03-11T08:25:00+00:00,2026-03-11T08:27:34+00:00,154,R0118,V0028,ST006,ST012,Villa Crespo,Palermo,-34.635972,-58.409566,-34.594241,-58.405192,6.447,391.77,63
T0001244,2026-05-09T14:39:00+00:00,2026-05-09T14:41:21+00:00,141,R0008,V0002,ST001,ST002,Recoleta,San Telmo,-34.610295,-58.397389,-34.610974,-58.389171,4.313,301.86,3
T0001245,2026-05-02T00:17:00+00:00,2026-05-02T00:18:43+00:00,103,R0097,V0051,ST009,ST006,Retiro,Villa Crespo,-34.570346,-58.412202,-34.635972,-58.409566,6.977,395.13,2
T0001246,2026-03-03T17:21:00+00:00,2026-03-03T17:30:44+00:00,584,R0075,V0074,ST014,ST014,San Telmo,San Telmo,-34.578076,-58.40303,-34.578076,-58.40303,0.216,293.04,3
T0001247,2026-05-17T14:07:00+00:00,2026-05-17T14:09:28+00:00,148,R0102,V0008,ST009,ST022,Retiro,Microcentro,-34.570346,-58.412202,-34.632494,-58.417063,4.272,302.67,80
T0001248,2026-05-07T21:47:00+00:00,2026-05-07T21:48:51+00:00,111,R0091,V0034,ST003,ST013,Belgrano,Recoleta,-34.576528,-58.407896,-34.609842,-58.376294,6.29,370.45,0
T0001249,2026-04-19T17:42:00+00:00,2026-04-19T17:51:36+00:00,576,R0118,V0056,ST001,ST009,Recoleta,Retiro,-34.610295,-58.397389,-34.570346,-58.412202,7.594,585.37,1
T0001250,2026-04-26T20:09:00+00:00,2026-04-26T20:13:47+00:00,287,R0045,V0071,ST012,ST011,Palermo,Chacarita,-34.594241,-58.405192,-34.614375,-58.40349,1.647,246.31,0
T0001251,2026-05-27T17:25:00+00:00,2026-05-27T17:27:15+00:00,135,R0012,V0031,ST011,ST005,Chacarita,Almagro,-34.614375,-58.40349,-34.583016,-58.36633,2.437,224.71,0
T0001252,2026-05-20T08:04:00+00:00,2026-05-20T08:09:35+00:00,335,R0026,V0040,ST023,ST009,Chacarita,Retiro,-34.580066,-58.364739,-34.570346,-58.412202,5.981,436.51,0
T0001253,2026-04-14T02:00:00+00:00,2026-04-14T02:04:43+00:00,283,R0013,V0039,ST003,ST014,Belgrano,San Telmo,-34.576528,-58.407896,-34.578076,-58.40303,6.097,422.94,0
T0001254,2026-03-20T22:59:00+00:00,2026-03-20T23:01:30+00:00,150,R0109,V0020,ST023,ST009,Chacarita,Retiro,-34.580066,-58.364739,-34.570346,-58.412202,2.958,250.83,2
T0001255,2026-04-16T18:48:00+00:00,2026-04-16T18:49:33+00:00,93,R0107,V0053,ST022,ST010,Microcentro,Microcentro,-34.632494,-58.417063,-34.598502,-58.399031,7.163,399.06,61
T0001256,2026-03-11T19:46:00+00:00,2026-03-11T20:06:30+00:00,1230,R0091,V0004,ST010,ST011,Microcentro,Chacarita,-34.598502,-58.399031,-34.614375,-58.40349,4.168,677.23,0
T0001257,2026-03-08T06:10:00+00:00,2026-03-08T06:14:36+00:00,276,R0084,V0024,ST022,ST005,Microcentro,Almagro,-34.632494,-58.417063,-34.583016,-58.36633,0.809,208.96,0
T0001258,2026-05-10T08:05:00+00:00,2026-05-10T08:08:19+00:00,199,R0043,V0056,ST009,ST014,Retiro,San Telmo,-34.570346,-58.412202,-34.578076,-58.40303,8.216,478.29,0
T0001259,2026-03-07T14:40:00+00:00,2026-03-07T14:42:21+00:00,141,R0069,V0032,ST013,ST019,Recoleta,Nunez,-34.609842,-58.376294,-34.591041,-58.407355,7.726,438.39,80
T0001260,2026-03-20T02:30:00+00:00,2026-03-20T02:34:50+00:00,290,R0087,V0008,ST008,ST010,Colegiales,Microcentro,-34.60824,-58.367253,-34.598502,-58.399031,8.161,507.96,80
T0001261,2026-05-23T21:42:00+00:00,2026-05-23T21:45:54+00:00,234,R0021,V0023,ST008,ST020,Colegiales,Colegiales,-34.60824,-58.367253,-34.611329,-58.358197,1.62,226.71,63
T0001262,2026-04-19T07:19:00+00:00,2026-04-19T07:26:37+00:00,457,R0007,V0013,ST003,ST002,Belgrano,San Telmo,-34.576528,-58.407896,-34.610974,-58.389171,5.249,449.89,80
T0001263,2026-04-25T08:52:00+00:00,2026-04-25T08:55:41+00:00,221,R0109,V0070,ST019,ST005,Nunez,Almagro,-34.591041,-58.407355,-34.583016,-58.36633,1.736,226.78,3
T0001264,2026-03-13T00:43:00+00:00,2026-03-13T00:44:16+00:00,76,R0019,V0017,ST023,ST006,Chacarita,Villa Crespo,-34.580066,-58.364739,-34.635972,-58.409566,5.036,308.06,2
T0001265,2026-04-07T19:12:00+00:00,2026-04-07T19:18:01+00:00,361,R0016,V0048,ST002,ST001,San Telmo,Recoleta,-34.610974,-58.389171,-34.610295,-58.397389,1.836,279.8,61
T0001266,2026-04-29T21:40:00+00:00,2026-04-29T21:45:58+00:00,358,R0115,V0004,ST015,ST001,Belgrano,Recoleta,-34.625648,-58.392026,-34.610295,-58.397389,2.109,289.66,0
T0001267,2026-05-06T08:58:00+00:00,2026-05-06T09:12:16+00:00,856,R0089,V0042,ST007,ST011,Nunez,Chacarita,-34.605502,-58.409497,-34.614375,-58.40349,3.771,530.43,2
T0001268,2026-03-18T18:54:00+00:00,2026-03-18T18:54:48+00:00,48,R0118,V0060,ST022,ST003,Microcentro,Belgrano,-34.632494,-58.417063,-34.576528,-58.407896,8.368,431.53,80
T0001269,2026-05-24T15:33:00+00:00,2026-05-24T15:57:04+00:00,1444,R0102,V0036,ST000,ST016,Palermo,Caballito,-34.577947,-58.413815,-34.633031,-58.362781,7.729,894.57,0
T0001270,2026-03-19T15:26:00+00:00,2026-03-19T15:27:45+00:00,105,R0016,V0061,ST014,ST011,San Telmo,Chacarita,-34.578076,-58.40303,-34.614375,-58.40349,5.913,353.26,80
T0001271,2026-05-05T05:34:00+00:00,2026-05-05T05:34:12+00:00,12,R0108,V0004,ST000,ST010,Palermo,Microcentro,-34.577947,-58.413815,-34.598502,-58.399031,1.923,161.12,61
T0001272,2026-05-25T00:33:00+00:00,2026-05-25T00:35:12+00:00,132,R0110,V0021,ST019,ST005,Nunez,Almagro,-34.591041,-58.407355,-34.583016,-58.36633,0.821,159.06,3
T0001273,2026-05-14T16:41:00+00:00,2026-05-14T16:45:29+00:00,269,R0050,V0052,ST004,ST002,Caballito,San Telmo,-34.593884,-58.383394,-34.610974,-58.389171,6.114,418.7,2
T0001274,2026-03-18T01:23:00+00:00,2026-03-18T01:26:18+00:00,198,R0035,V0049,ST012,ST013,Palermo,Recoleta,-34.594241,-58.405192,-34.609842,-58.376294,1.701,217.33,63
T0001275,2026-05-07T01:01:00+00:00,2026-05-07T01:02:41+00:00,101,R0056,V0069,ST011,ST019,Chacarita,Nunez,-34.614375,-58.40349,-34.591041,-58.407355,0.825,148.33,0
T0001276,2026-03-25T22:16:00+00:00,2026-03-25T22:17:55+00:00,115,R0045,V0029,ST014,ST017,San Telmo,Almagro,-34.578076,-58.40303,-34.588172,-58.363104,3.838,273.79,61
T0001277,2026-05-02T05:42:00+00:00,2026-05-02T05:43:43+00:00,103,R0059,V0010,ST008,ST012,Colegiales,Palermo,-34.60824,-58.367253,-34.594241,-58.405192,6.277,367.14,63
T0001278,2026-03-20T01:02:00+00:00,2026-03-20T01:29:09+00:00,1629,R0001,V0079,ST023,ST001,Chacarita,Recoleta,-34.580066,-58.364739,-34.610295,-58.397389,4.752,840.22,0
T0001279,2026-04-29T02:24:00+00:00,2026-04-29T02:29:12+00:00,312,R0073,V0072,ST022,ST003,Microcentro,Belgrano,-34.632494,-58.417063,-34.576528,-58.407896,0.637,214.69,63
T0001280,2026-03-22T08:52:00+00:00,2026-03-22T08:55:48+00:00,228,R0061,V0007,ST000,ST021,Palermo,Retiro,-34.577947,-58.413815,-34.587639,-58.392154,5.457,378.06,0
T0001281,2026-04-19T19:29:00+00:00,2026-04-19T19:36:21+00:00,441,R0106,V0079,ST020,ST015,Colegiales,Belgrano,-34.611329,-58.358197,-34.625648,-58.392026,3.946,392.18,80
T0001282,2026-04-23T21:16:00+00:00,2026-04-23T21:17:29+00:00,89,R0046,V0079,ST007,ST007,Nunez,Nunez,-34.605502,-58.409497,-34.605502,-58.409497,0.315,123.75,3
T0001283,2026-05-18T02:15:00+00:00,2026-05-18T02:16:27+00:00,87,R0110,V0069,ST006,ST010,Villa Crespo,Microcentro,-34.635972,-58.409566,-34.598502,-58.399031,3.194,238.19,2
T0001284,2026-03-02T20:54:00+00:00,2026-03-02T21:07:21+00:00,801,R0113,V0000,ST003,ST022,Belgrano,Microcentro,-34.576528,-58.407896,-34.632494,-58.417063,5.931,597.59,80
T0001285,2026-03-13T22:14:00+00:00,2026-03-13T22:27:03+00:00,783,R0015,V0054,ST015,ST019,Belgrano,Nunez,-34.625648,-58.392026,-34.591041,-58.407355,3.912,510.54,63
T0001286,2026-05-02T08:03:00+00:00,2026-05-02T08:06:41+00:00,221,R0016,V0063,ST006,ST015,Villa Crespo,Belgrano,-34.635972,-58.409566,-34.625648,-58.392026,8.457,495.64,80
T0001287,2026-05-17T06:37:00+00:00,2026-05-17T06:39:05+00:00,125,R0044,V0007,ST003,ST015,Belgrano,Belgrano,-34.576528,-58.407896,-34.625648,-58.392026,1.494,183.52,0
T0001288,2026-05-20T06:32:00+00:00,2026-05-20T06:35:54+00:00,234,R0045,V0058,ST002,ST006,San Telmo,Villa Crespo,-34.610974,-58.389171,-34.635972,-58.409566,0.387,177.39,1
T0001289,2026-03-25T20:13:00+00:00,2026-03-25T20:20:06+00:00,426,R0110,V0007,ST019,ST018,Nunez,Villa Crespo,-34.591041,-58.407355,-34.576118,-58.346187,4.783,420.42,0
T0001290,2026-03-24T11:11:00+00:00,2026-03-24T11:13:35+00:00,155,R0002,V0063,ST008,ST022,Colegiales,Microcentro,-34.60824,-58.367253,-34.632494,-58.417063,4.92,331.06,61
T0001291,2026-04-21T06:54:00+00:00,2026-04-21T06:57:23+00:00,203,R0066,V0041,ST011,ST023,Chacarita,Chacarita,-34.614375,-58.40349,-34.580066,-58.364739,5.93,388.27,2
T0001292,2026-03-29T00:53:00+00:00,2026-03-29T00:53:52+00:00,52,R0063,V0012,ST019,ST006,Nunez,Villa Crespo,-34.591041,-58.407355,-34.635972,-58.409566,1.494,157.98,0
T0001293,2026-03-29T00:07:00+00:00,2026-03-29T00:09:47+00:00,167,R0070,V0005,ST011,ST019,Chacarita,Nunez,-34.614375,-58.40349,-34.591041,-58.407355,7.942,456.11,0
T0001294,2026-03-19T06:13:00+00:00,2026-03-19T06:20:44+00:00,464,R0022,V0048,ST015,ST011,Belgrano,Chacarita,-34.625648,-58.392026,-34.614375,-58.40349,1.605,306.6,2
T0001295,2026-03-23T06:12:00+00:00,2026-03-23T06:19:06+00:00,426,R0035,V0041,ST022,ST011,Microcentro,Chacarita,-34.632494,-58.417063,-34.614375,-58.40349,1.109,273.46,3
T0001296,2026-03-03T17:05:00+00:00,2026-03-03T17:08:00+00:00,180,R0060,V0053,ST020,ST021,Colegiales,Retiro,-34.611329,-58.358197,-34.587639,-58.392154,8.251,473.02,0
T0001297,2026-04-03T13:10:00+00:00,2026-04-03T13:11:22+00:00,82,R0039,V0061,ST018,ST008,Villa Crespo,Colegiales,-34.576118,-58.346187,-34.60824,-58.367253,3.734,258.06,0
T0001298,2026-03-21T09:42:00+00:00,2026-03-21T09:52:11+00:00,611,R0080,V0054,ST006,ST006,Villa Crespo,Villa Crespo,-34.635972,-58.409566,-34.635972,-58.409566,0.025,294.85,0
T0001299,2026-05-21T03:11:00+00:00,2026-05-21T03:17:26+00:00,386,R0117,V0042,ST010,ST014,Microcentro,San Telmo,-34.598502,-58.399031,-34.578076,-58.40303,6.846,488.92,3
T0001300,2026-04-06T13:24:00+00:00,2026-04-06T13:32:43+00:00,523,R0032,V0064,ST003,ST001,Belgrano,Recoleta,-34.576528,-58.407896,-34.610295,-58.397389,7.772,573.95,63
T0001301,2026-04-03T06:59:00+00:00,2026-04-03T07:01:03+00:00,123,R0075,V0004,ST014,ST001,San Telmo,Recoleta,-34.578076,-58.40303,-34.610295,-58.397389,7.901,439.1,0
T0001302,2026-04-17T10:48:00+00:00,2026-04-17T10:50:54+00:00,174,R0007,V0002,ST007,ST015,Nunez,Belgrano,-34.605502,-58.409497,-34.625648,-58.392026,1.391,196.52,0
T0001303,2026-05-03T22:00:00+00:00,2026-05-03T22:01:47+00:00,107,R0078,V0049,ST011,ST022,Chacarita,Microcentro,-34.614375,-58.40349,-34.632494,-58.417063,2.514,218.01,1
T0001304,2026-04-25T21:33:00+00:00,2026-04-25T21:43:17+00:00,617,R0110,V0079,ST011,ST012,Chacarita,Palermo,-34.614375,-58.40349,-34.594241,-58.405192,6.648,561.88,0
T0001305,2026-03-13T13:22:00+00:00,2026-03-13T13:32:41+00:00,641,R0074,V0015,ST011,ST010,Chacarita,Microcentro,-34.614375,-58.40349,-34.598502,-58.399031,6.024,545.31,61
T0001306,2026-03-04T04:11:00+00:00,2026-03-04T04:14:27+00:00,207,R0078,V0013,ST005,ST013,Almagro,Recoleta,-34.583016,-58.36633,-34.609842,-58.376294,6.987,431.93,1
T0001307,2026-05-09T13:53:00+00:00,2026-05-09T14:03:03+00:00,603,R0059,V0053,ST001,ST003,Recoleta,Belgrano,-34.610295,-58.397389,-34.576528,-58.407896,2.087,374.54,80
T0001308,2026-03-22T15:40:00+00:00,2026-03-22T15:43:34+00:00,214,R0070,V0013,ST022,ST007,Microcentro,Nunez,-34.632494,-58.417063,-34.605502,-58.409497,2.078,238.03,3
T0001309,2026-03-14T17:06:00+00:00,2026-03-14T17:09:48+00:00,228,R0093,V0004,ST009,ST001,Retiro,Recoleta,-34.570346,-58.412202,-34.610295,-58.397389,3.266,290.45,61
T0001310,2026-05-19T23:37:00+00:00,2026-05-19T23:45:36+00:00,516,R0021,V0020,ST010,ST010,Microcentro,Microcentro,-34.598502,-58.399031,-34.598502,-58.399031,0.273,271.52,61
T0001311,2026-04-12T02:48:00+00:00,2026-04-12T02:51:47+00:00,227,R0014,V0040,ST006,ST002,Villa Crespo,San Telmo,-34.635972,-58.409566,-34.610974,-58.389171,1.957,237.73,1
T0001312,2026-05-22T23:47:00+00:00,2026-05-22T23:54:01+00:00,421,R0052,V0049,ST012,ST022,Palermo,Microcentro,-34.594241,-58.405192,-34.632494,-58.417063,1.376,282.38,1
T0001313,2026-03-27T05:02:00+00:00,2026-03-27T05:08:08+00:00,368,R0111,V0033,ST015,ST004,Belgrano,Caballito,-34.625648,-58.392026,-34.593884,-58.383394,8.422,545.7,80
T0001314,2026-04-04T05:03:00+00:00,2026-04-04T05:07:44+00:00,284,R0035,V0055,ST003,ST006,Belgrano,Villa Crespo,-34.576528,-58.407896,-34.635972,-58.409566,3.591,323.05,0
T0001315,2026-03-01T21:57:00+00:00,2026-03-01T21:58:31+00:00,91,R0108,V0007,ST016,ST011,Caballito,Chacarita,-34.633031,-58.362781,-34.614375,-58.40349,4.842,305.53,61
T0001316,2026-04-14T13:02:00+00:00,2026-04-14T13:03:21+00:00,81,R0098,V0054,ST023,ST000,Chacarita,Palermo,-34.580066,-58.364739,-34.577947,-58.413815,2.041,189.99,0
T0001317,2026-05-26T07:03:00+00:00,2026-05-26T07:05:45+00:00,165,R0113,V0009,ST007,ST001,Nunez,Recoleta,-34.605502,-58.409497,-34.610295,-58.397389,7.779,448.93,63
T0001318,2026-04-11T10:17:00+00:00,2026-04-11T10:34:08+00:00,1028,R0117,V0045,ST013,ST017,Recoleta,Almagro,-34.609842,-58.376294,-34.588172,-58.363104,0.964,478.34,80
T0001319,2026-03-18T17:03:00+00:00,2026-03-18T17:05:56+00:00,176,R0106,V0030,ST011,ST014,Chacarita,San Telmo,-34.614375,-58.40349,-34.578076,-58.40303,0.229,150.76,3
T0001320,2026-05-15T18:35:00+00:00,2026-05-15T18:35:08+00:00,8,R0103,V0008,ST022,ST006,Microcentro,Villa Crespo,-34.632494,-58.417063,-34.635972,-58.409566,3.589,226.38,0
T0001321,2026-04-13T19:44:00+00:00,2026-04-13T19:45:33+00:00,93,R0076,V0055,ST001,ST018,Recoleta,Villa Crespo,-34.610295,-58.397389,-34.576118,-58.346187,0.83,145.77,80
T0001322,2026-03-02T06:02:00+00:00,2026-03-02T06:05:41+00:00,221,R0075,V0036,ST005,ST005,Almagro,Almagro,-34.583016,-58.36633,-34.583016,-58.36633,0.321,170.19,61
T0001323,2026-03-08T06:24:00+00:00,2026-03-08T06:32:02+00:00,482,R0067,V0057,ST020,ST016,Colegiales,Caballito,-34.611329,-58.358197,-34.633031,-58.362781,3.979,407.87,61
T0001324,2026-03-09T10:45:00+00:00,2026-03-09T10:49:08+00:00,248,R0054,V0060,ST014,ST008,San Telmo,Colegiales,-34.578076,-58.40303,-34.60824,-58.367253,4.472,345.68,80
T0001325,2026-05-06T13:03:00+00:00,2026-05-06T13:03:12+00:00,12,R0063,V0034,ST019,ST020,Nunez,Colegiales,-34.591041,-58.407355,-34.611329,-58.358197,6.047,326.08,63
T0001326,2026-04-04T21:27:00+00:00,2026-04-04T21:28:52+00:00,112,R0047,V0005,ST002,ST005,San Telmo,Almagro,-34.610974,-58.389171,-34.583016,-58.36633,3.942,276.9,1
T0001327,2026-04-19T13:53:00+00:00,2026-04-19T13:54:20+00:00,80,R0065,V0012,ST002,ST002,San Telmo,San Telmo,-34.610974,-58.389171,-34.610974,-58.389171,0.303,120.12,2
T0001328,2026-03-14T19:03:00+00:00,2026-03-14T19:08:08+00:00,308,R0056,V0052,ST001,ST019,Recoleta,Nunez,-34.610295,-58.397389,-34.591041,-58.407355,1.936,265.24,61
T0001329,2026-03-16T16:16:00+00:00,2026-03-16T16:20:17+00:00,257,R0069,V0039,ST005,ST003,Almagro,Belgrano,-34.583016,-58.36633,-34.576528,-58.407896,2.916,286.61,0
T0001330,2026-05-27T06:22:00+00:00,2026-05-27T06:25:44+00:00,224,R0041,V0013,ST012,ST015,Palermo,Belgrano,-34.594241,-58.405192,-34.625648,-58.392026,0.904,194.57,0
T0001331,2026-05-16T09:07:00+00:00,2026-05-16T09:27:26+00:00,1226,R0024,V0030,ST017,ST022,Almagro,Microcentro,-34.588172,-58.363104,-34.632494,-58.417063,2.301,601.14,3
T0001332,2026-03-29T03:06:00+00:00,2026-03-29T03:09:56+00:00,236,R0095,V0077,ST011,ST022,Chacarita,Microcentro,-34.614375,-58.40349,-34.632494,-58.417063,6.725,431.59,0
T0001333,2026-03-16T01:21:00+00:00,2026-03-16T01:27:52+00:00,412,R0052,V0014,ST000,ST005,Palermo,Almagro,-34.577947,-58.413815,-34.583016,-58.36633,2.384,319.58,63
T0001334,2026-05-10T14:23:00+00:00,2026-05-10T14:24:31+00:00,91,R0069,V0001,ST009,ST000,Retiro,Palermo,-34.570346,-58.412202,-34.577947,-58.413815,1.775,182.84,0
T0001335,2026-04-11T22:40:00+00:00,2026-04-11T22:40:45+00:00,45,R0117,V0055,ST015,ST008,Belgrano,Colegiales,-34.625648,-58.392026,-34.60824,-58.367253,1.491,155.4,0
T0001336,2026-03-24T17:11:00+00:00,2026-03-24T17:16:31+00:00,331,R0021,V0071,ST012,ST017,Palermo,Almagro,-34.594241,-58.405192,-34.588172,-58.363104,8.431,533.07,61
T0001337,2026-05-15T07:22:00+00:00,2026-05-15T07:24:27+00:00,147,R0014,V0019,ST010,ST017,Microcentro,Almagro,-34.598502,-58.399031,-34.588172,-58.363104,6.794,403.19,61
T0001338,2026-03-03T10:27:00+00:00,2026-03-03T10:32:46+00:00,346,R0025,V0049,ST001,ST008,Recoleta,Colegiales,-34.610295,-58.397389,-34.60824,-58.367253,3.1,325.09,1
T0001339,2026-04-19T06:11:00+00:00,2026-04-19T06:18:41+00:00,461,R0005,V0071,ST018,ST016,Villa Crespo,Caballito,-34.576118,-58.346187,-34.633031,-58.362781,5.96,479.76,63
T0001340,2026-05-09T04:19:00+00:00,2026-05-09T04:33:22+00:00,862,R0023,V0020,ST012,ST008,Palermo,Colegiales,-34.594241,-58.405192,-34.60824,-58.367253,4.794,573.46,61
T0001341,2026-03-27T23:45:00+00:00,2026-03-27T23:49:25+00:00,265,R0119,V0076,ST001,ST005,Recoleta,Almagro,-34.610295,-58.397389,-34.583016,-58.36633,5.272,383.63,0
T0001342,2026-05-20T00:21:00+00:00,2026-05-20T00:29:38+00:00,518,R0027,V0052,ST015,ST012,Belgrano,Palermo,-34.625648,-58.392026,-34.594241,-58.405192,2.808,373.63,63
T0001343,2026-03-02T16:26:00+00:00,2026-03-02T16:29:08+00:00,188,R0035,V0059,ST004,ST018,Caballito,Villa Crespo,-34.593884,-58.383394,-34.576118,-58.346187,5.084,349.16,0
T0001344,2026-04-23T14:22:00+00:00,2026-04-23T14:28:29+00:00,389,R0048,V0037,ST018,ST008,Villa Crespo,Colegiales,-34.576118,-58.346187,-34.60824,-58.367253,6.34,469.76,3
T0001345,2026-05-21T23:37:00+00:00,2026-05-21T23:38:40+00:00,100,R0119,V0037,ST021,ST015,Retiro,Belgrano,-34.587639,-58.392154,-34.625648,-58.392026,3.745,264.79,80
T0001346,2026-04-06T23:58:00+00:00,2026-04-07T00:06:58+00:00,538,R0012,V0051,ST023,ST023,Chacarita,Chacarita,-34.580066,-58.364739,-34.580066,-58.364739,0.023,269.22,2
T0001347,2026-04-02T17:21:00+00:00,2026-04-02T17:28:02+00:00,422,R0119,V0038,ST003,ST004,Belgrano,Caballito,-34.576528,-58.407896,-34.593884,-58.383394,6.51,488.08,80
T0001348,2026-03-07T06:13:00+00:00,2026-03-07T06:14:36+00:00,96,R0035,V0062,ST006,ST000,Villa Crespo,Palermo,-34.635972,-58.409566,-34.577947,-58.413815,6.873,388.51,0
T0001349,2026-05-21T04:34:00+00:00,2026-05-21T04:53:03+00:00,1143,R0112,V0071,ST011,ST005,Chacarita,Almagro,-34.614375,-58.40349,-34.583016,-58.36633,0.122,484.93,0
T0001350,2026-03-31T13:07:00+00:00,2026-03-31T13:10:41+00:00,221,R0114,V0071,ST003,ST012,Belgrano,Palermo,-34.576528,-58.407896,-34.594241,-58.405192,5.75,387.35,0
T0001351,2026-03-30T09:34:00+00:00,2026-03-30T09:40:55+00:00,415,R0017,V0006,ST009,ST011,Retiro,Chacarita,-34.570346,-58.412202,-34.614375,-58.40349,3.642,370.93,2
T0001352,2026-04-15T22:25:00+00:00,2026-04-15T22:27:04+00:00,124,R0102,V0023,ST019,ST013,Nunez,Recoleta,-34.591041,-58.407355,-34.609842,-58.376294,7.279,414.57,0
T0001353,2026-04-22T05:20:00+00:00,2026-04-22T05:21:40+00:00,100,R0076,V0013,ST004,ST002,Caballito,San Telmo,-34.593884,-58.383394,-34.610974,-58.389171,5.418,331.71,0
T0001354,2026-04-02T20:53:00+00:00,2026-04-02T20:59:37+00:00,397,R0052,V0002,ST018,ST003,Villa Crespo,Belgrano,-34.576118,-58.346187,-34.576528,-58.407896,3.873,373.87,0
T0001355,2026-05-27T20:04:00+00:00,2026-05-27T20:06:47+00:00,167,R0042,V0034,ST003,ST016,Belgrano,Caballito,-34.576528,-58.407896,-34.633031,-58.362781,4.945,336.23,63
T0001356,2026-05-02T06:17:00+00:00,2026-05-02T06:20:39+00:00,219,R0037,V0064,ST006,ST004,Villa Crespo,Caballito,-34.635972,-58.409566,-34.593884,-58.383394,0.269,167.41,63
T0001357,2026-04-27T02:38:00+00:00,2026-04-27T02:40:33+00:00,153,R0033,V0018,ST002,ST019,San Telmo,Nunez,-34.610974,-58.389171,-34.591041,-58.407355,6.239,383.12,3
T0001358,2026-04-05T17:11:00+00:00,2026-04-05T17:14:36+00:00,216,R0073,V0007,ST009,ST010,Retiro,Microcentro,-34.570346,-58.412202,-34.598502,-58.399031,5.664,382.17,0
T0001359,2026-05-29T00:32:00+00:00,2026-05-29T00:33:36+00:00,96,R0075,V0015,ST020,ST012,Colegiales,Palermo,-34.611329,-58.358197,-34.594241,-58.405192,6.896,389.43,2
T0001360,2026-04-04T23:30:00+00:00,2026-04-04T23:32:37+00:00,157,R0018,V0048,ST013,ST009,Recoleta,Retiro,-34.609842,-58.376294,-34.570346,-58.412202,6.758,405.26,0
T0001361,2026-05-14T18:05:00+00:00,2026-05-14T18:13:37+00:00,517,R0071,V0031,ST007,ST002,Nunez,San Telmo,-34.605502,-58.409497,-34.610974,-58.389171,0.558,283.25,61
T0001362,2026-04-30T03:53:00+00:00,2026-04-30T03:57:11+00:00,251,R0112,V0060,ST005,ST005,Almagro,Almagro,-34.583016,-58.36633,-34.583016,-58.36633,0.312,180.33,0
T0001363,2026-05-08T01:40:00+00:00,2026-05-08T01:43:02+00:00,182,R0049,V0035,ST023,ST010,Chacarita,Microcentro,-34.580066,-58.364739,-34.598502,-58.399031,8.001,463.73,3
T0001364,2026-05-21T22:14:00+00:00,2026-05-21T22:20:01+00:00,361,R0083,V0015,ST022,ST022,Microcentro,Microcentro,-34.632494,-58.417063,-34.632494,-58.417063,0.163,212.87,0
T0001365,2026-05-14T17:46:00+00:00,2026-05-14T17:52:10+00:00,370,R0034,V0061,ST017,ST023,Almagro,Chacarita,-34.588172,-58.363104,-34.580066,-58.364739,0.826,242.52,3
T0001366,2026-03-22T19:32:00+00:00,2026-03-22T19:32:45+00:00,45,R0096,V0026,ST005,ST002,Almagro,San Telmo,-34.583016,-58.36633,-34.610974,-58.389171,3.349,229.69,0
T0001367,2026-03-01T21:36:00+00:00,2026-03-01T21:38:30+00:00,150,R0079,V0012,ST014,ST022,San Telmo,Microcentro,-34.578076,-58.40303,-34.632494,-58.417063,4.982,331.77,0
T0001368,2026-05-21T12:51:00+00:00,2026-05-21T12:53:16+00:00,136,R0058,V0047,ST021,ST018,Retiro,Villa Crespo,-34.587639,-58.392154,-34.576118,-58.346187,8.027,448.68,0
T0001369,2026-05-09T18:25:00+00:00,2026-05-09T18:29:41+00:00,281,R0092,V0014,ST007,ST009,Nunez,Retiro,-34.605502,-58.409497,-34.570346,-58.412202,8.098,502.27,63
T0001370,2026-03-25T10:16:00+00:00,2026-03-25T10:18:51+00:00,171,R0060,V0040,ST018,ST010,Villa Crespo,Microcentro,-34.576118,-58.346187,-34.598502,-58.399031,4.013,300.38,80
T0001371,2026-04-05T11:26:00+00:00,2026-04-05T11:30:23+00:00,263,R0089,V0025,ST000,ST021,Palermo,Retiro,-34.577947,-58.413815,-34.587639,-58.392154,3.71,320.46,0
T0001372,2026-05-21T14:22:00+00:00,2026-05-21T14:27:16+00:00,316,R0080,V0070,ST011,ST009,Chacarita,Retiro,-34.614375,-58.40349,-34.570346,-58.412202,1.359,244.95,2
T0001373,2026-03-13T18:30:00+00:00,2026-03-13T18:34:44+00:00,284,R0016,V0024,ST008,ST012,Colegiales,Palermo,-34.60824,-58.367253,-34.594241,-58.405192,0.776,210.45,0
T0001374,2026-03-07T08:45:00+00:00,2026-03-07T08:45:58+00:00,58,R0007,V0076,ST004,ST020,Caballito,Colegiales,-34.593884,-58.383394,-34.611329,-58.358197,3.391,235.96,0
T0001375,2026-05-28T16:09:00+00:00,2026-05-28T16:12:09+00:00,189,R0052,V0000,ST018,ST017,Villa Crespo,Almagro,-34.576118,-58.346187,-34.588172,-58.363104,5.397,362.01,3
T0001376,2026-05-06T03:17:00+00:00,2026-05-06T03:27:18+00:00,618,R0105,V0028,ST006,ST014,Villa Crespo,San Telmo,-34.635972,-58.409566,-34.578076,-58.40303,8.192,623.97,0
T0001377,2026-05-21T09:29:00+00:00,2026-05-21T09:30:52+00:00,112,R0082,V0024,ST003,ST021,Belgrano,Retiro,-34.576528,-58.407896,-34.587639,-58.392154,0.76,149.6,0
T0001378,2026-05-02T03:52:00+00:00,2026-05-02T03:54:37+00:00,157,R0054,V0043,ST006,ST000,Villa Crespo,Palermo,-34.635972,-58.409566,-34.577947,-58.413815,0.864,169.5,0
T0001379,2026-04-25T12:06:00+00:00,2026-04-25T12:06:08+00:00,8,R0022,V0017,ST009,ST017,Retiro,Almagro,-34.570346,-58.412202,-34.588172,-58.363104,6.792,354.5,0
T0001380,2026-03-27T01:11:00+00:00,2026-03-27T01:20:28+00:00,568,R0002,V0022,ST016,ST003,Caballito,Belgrano,-34.633031,-58.362781,-34.576528,-58.407896,3.739,428.38,80
T0001381,2026-03-28T14:58:00+00:00,2026-03-28T15:05:41+00:00,461,R0056,V0056,ST006,ST019,Villa Crespo,Nunez,-34.635972,-58.409566,-34.591041,-58.407355,8.485,580.73,80
T0001382,2026-04-10T03:43:00+00:00,2026-04-10T03:48:24+00:00,324,R0013,V0070,ST014,ST023,San Telmo,Chacarita,-34.578076,-58.40303,-34.580066,-58.364739,4.631,378.63,1
T0001383,2026-04-15T03:29:00+00:00,2026-04-15T03:32:51+00:00,231,R0065,V0019,ST012,ST010,Palermo,Microcentro,-34.594241,-58.405192,-34.598502,-58.399031,8.261,491.28,0
T0001384,2026-05-27T18:52:00+00:00,2026-05-27T18:56:51+00:00,291,R0111,V0033,ST002,ST011,San Telmo,Chacarita,-34.610974,-58.389171,-34.614375,-58.40349,0.507,202.15,1
T0001385,2026-03-19T10:13:00+00:00,2026-03-19T10:22:14+00:00,554,R0079,V0067,ST009,ST015,Retiro,Belgrano,-34.570346,-58.412202,-34.625648,-58.392026,2.653,380.03,0
T0001386,2026-03-05T20:35:00+00:00,2026-03-05T20:40:15+00:00,315,R0022,V0023,ST011,ST021,Chacarita,Retiro,-34.614375,-58.40349,-34.587639,-58.392154,5.728,419.36,0
T0001387,2026-04-02T11:11:00+00:00,2026-04-02T11:12:52+00:00,112,R0013,V0057,ST013,ST009,Recoleta,Retiro,-34.609842,-58.376294,-34.570346,-58.412202,4.987,318.7,3
T0001388,2026-03-18T03:03:00+00:00,2026-03-18T03:12:32+00:00,572,R0007,V0069,ST009,ST013,Retiro,Recoleta,-34.570346,-58.412202,-34.609842,-58.376294,3.764,430.78,0
T0001389,2026-05-11T07:20:00+00:00,2026-05-11T07:21:08+00:00,68,R0003,V0026,ST011,ST016,Chacarita,Caballito,-34.614375,-58.40349,-34.633031,-58.362781,5.684,331.17,80
T0001390,2026-05-01T23:05:00+00:00,2026-05-01T23:09:31+00:00,271,R0107,V0060,ST011,ST012,Chacarita,Palermo,-34.614375,-58.40349,-34.594241,-58.405192,7.929,492.01,63
T0001391,2026-03-14T06:40:00+00:00,2026-03-14T06:42:36+00:00,156,R0055,V0075,ST017,ST008,Almagro,Colegiales,-34.588172,-58.363104,-34.60824,-58.367253,3.869,289.34,0
T0001392,2026-03-15T17:11:00+00:00,2026-03-15T17:19:22+00:00,502,R0010,V0045,ST002,ST022,San Telmo,Microcentro,-34.610974,-58.389171,-34.632494,-58.417063,7.99,575.31,0
T0001393,2026-05-15T00:36:00+00:00,2026-05-15T00:38:02+00:00,122,R0030,V0054,ST013,ST004,Recoleta,Caballito,-34.609842,-58.376294,-34.593884,-58.383394,3.102,246.76,1
T0001394,2026-04-26T15:57:00+00:00,2026-04-26T15:58:37+00:00,97,R0012,V0026,ST019,ST021,Nunez,Retiro,-34.591041,-58.407355,-34.587639,-58.392154,6.668,380.66,2
T0001395,2026-05-07T14:34:00+00:00,2026-05-07T14:36:25+00:00,145,R0044,V0058,ST004,ST022,Caballito,Microcentro,-34.593884,-58.383394,-34.632494,-58.417063,6.952,408.83,2
T0001396,2026-05-12T19:15:00+00:00,2026-05-12T19:16:50+00:00,110,R0102,V0041,ST014,ST022,San Telmo,Microcentro,-34.578076,-58.40303,-34.632494,-58.417063,5.029,319.67,80
T0001397,2026-04-07T08:14:00+00:00,2026-04-07T08:17:29+00:00,209,R0004,V0071,ST004,ST008,Caballito,Colegiales,-34.593884,-58.383394,-34.60824,-58.367253,4.453,331.27,3
T0001398,2026-03-14T16:06:00+00:00,2026-03-14T16:08:57+00:00,177,R0091,V0054,ST021,ST005,Retiro,Almagro,-34.587639,-58.392154,-34.583016,-58.36633,1.446,199.8,0
T0001399,2026-05-01T20:22:00+00:00,2026-05-01T20:28:47+00:00,407,R0008,V0020,ST018,ST018,Villa Crespo,Villa Crespo,-34.576118,-58.346187,-34.576118,-58.346187,0.315,235.05,1
T0001400,2026-04-09T11:57:00+00:00,2026-04-09T12:05:37+00:00,517,R0056,V0016,ST008,ST010,Colegiales,Microcentro,-34.60824,-58.367253,-34.598502,-58.399031,5.569,483.71,0
T0001401,2026-05-25T20:12:00+00:00,2026-05-25T20:13:17+00:00,77,R0057,V0023,ST002,ST019,San Telmo,Nunez,-34.610974,-58.389171,-34.591041,-58.407355,0.694,134.7,3
T0001402,2026-03-02T14:41:00+00:00,2026-03-02T14:42:12+00:00,72,R0116,V0067,ST004,ST007,Caballito,Nunez,-34.593884,-58.383394,-34.605502,-58.409497,5.643,330.93,0
T0001403,2026-03-06T08:24:00+00:00,2026-03-06T08:30:49+00:00,409,R0054,V0033,ST022,ST020,Microcentro,Colegiales,-34.632494,-58.417063,-34.611329,-58.358197,3.298,355.07,2
T0001404,2026-05-12T21:39:00+00:00,2026-05-12T21:46:41+00:00,461,R0069,V0047,ST007,ST018,Nunez,Villa Crespo,-34.605502,-58.409497,-34.576118,-58.346187,6.977,520.41,0
T0001405,2026-03-24T01:53:00+00:00,2026-03-24T01:55:37+00:00,157,R0070,V0065,ST018,ST009,Villa Crespo,Retiro,-34.576118,-58.346187,-34.570346,-58.412202,0.275,145.95,0
T0001406,2026-04-08T02:55:00+00:00,2026-04-08T03:00:24+00:00,324,R0066,V0003,ST012,ST006,Palermo,Villa Crespo,-34.594241,-58.405192,-34.635972,-58.409566,8.45,531.4,0
T0001407,2026-03-30T16:43:00+00:00,2026-03-30T16:46:40+00:00,220,R0070,V0009,ST015,ST006,Belgrano,Villa Crespo,-34.625648,-58.392026,-34.635972,-58.409566,5.286,368.43,1
T0001408,2026-05-13T15:59:00+00:00,2026-05-13T16:05:14+00:00,374,R0033,V0062,ST023,ST011,Chacarita,Chacarita,-34.580066,-58.364739,-34.614375,-58.40349,3.244,340.64,1
T0001409,2026-03-01T22:16:00+00:00,2026-03-01T22:20:37+00:00,277,R0080,V0078,ST004,ST013,Caballito,Recoleta,-34.593884,-58.383394,-34.609842,-58.376294,7.451,475.0,80
T0001410,2026-04-16T14:13:00+00:00,2026-04-16T14:20:41+00:00,461,R0001,V0018,ST014,ST001,San Telmo,Recoleta,-34.578076,-58.40303,-34.610295,-58.397389,6.044,483.11,2
T0001411,2026-04-29T10:41:00+00:00,2026-04-29T10:43:20+00:00,140,R0102,V0014,ST022,ST008,Microcentro,Colegiales,-34.632494,-58.417063,-34.60824,-58.367253,3.49,268.6,63
T0001412,2026-05-07T21:14:00+00:00,2026-05-07T21:18:16+00:00,256,R0101,V0011,ST021,ST012,Retiro,Palermo,-34.587639,-58.392154,-34.594241,-58.405192,2.164,256.16,61
T0001413,2026-03-19T23:14:00+00:00,2026-03-19T23:16:07+00:00,127,R0108,V0059,ST022,ST007,Microcentro,Nunez,-34.632494,-58.417063,-34.605502,-58.409497,8.461,462.89,63
T0001414,2026-03-25T13:29:00+00:00,2026-03-25T13:30:30+00:00,90,R0079,V0030,ST012,ST008,Palermo,Colegiales,-34.594241,-58.405192,-34.60824,-58.367253,7.87,426.31,3
T0001415,2026-04-16T19:43:00+00:00,2026-04-16T19:54:10+00:00,670,R0116,V0003,ST017,ST004,Almagro,Caballito,-34.588172,-58.363104,-34.593884,-58.383394,4.782,505.76,2
T0001416,2026-05-23T04:47:00+00:00,2026-05-23T04:48:33+00:00,93,R0065,V0072,ST022,ST014,Microcentro,San Telmo,-34.632494,-58.417063,-34.578076,-58.40303,2.826,225.6,63
T0001417,2026-04-23T21:12:00+00:00,2026-04-23T21:17:31+00:00,331,R0055,V0057,ST019,ST006,Nunez,Villa Crespo,-34.591041,-58.407355,-34.635972,-58.409566,6.626,460.88,63
T0001418,2026-04-02T17:51:00+00:00,2026-04-02T17:59:36+00:00,516,R0098,V0023,ST003,ST010,Belgrano,Microcentro,-34.576528,-58.407896,-34.598502,-58.399031,1.332,313.87,63
T0001419,2026-05-07T14:23:00+00:00,2026-05-07T14:27:05+00:00,245,R0104,V0006,ST015,ST000,Belgrano,Palermo,-34.625648,-58.392026,-34.577947,-58.413815,6.64,431.35,80
T0001420,2026-04-15T14:53:00+00:00,2026-04-15T14:55:11+00:00,131,R0034,V0036,ST009,ST020,Retiro,Colegiales,-34.570346,-58.412202,-34.611329,-58.358197,5.892,361.54,3
T0001421,2026-05-07T18:11:00+00:00,2026-05-07T18:13:59+00:00,179,R0057,V0022,ST011,ST012,Chacarita,Palermo,-34.614375,-58.40349,-34.594241,-58.405192,1.69,210.24,63
T0001422,2026-04-15T09:35:00+00:00,2026-04-15T09:39:51+00:00,291,R0040,V0011,ST008,ST010,Colegiales,Microcentro,-34.60824,-58.367253,-34.598502,-58.399031,3.12,306.67,0
T0001423,2026-04-09T10:46:00+00:00,2026-04-09T10:52:20+00:00,380,R0041,V0053,ST011,ST011,Chacarita,Chacarita,-34.614375,-58.40349,-34.614375,-58.40349,0.377,228.08,3
T0001424,2026-04-25T23:29:00+00:00,2026-04-25T23:30:05+00:00,65,R0086,V0044,ST002,ST013,San Telmo,Recoleta,-34.610974,-58.389171,-34.609842,-58.376294,3.175,229.76,63
T0001425,2026-05-05T14:33:00+00:00,2026-05-05T14:43:22+00:00,622,R0067,V0079,ST013,ST023,Recoleta,Chacarita,-34.609842,-58.376294,-34.580066,-58.364739,8.071,620.53,0
T0001426,2026-03-24T18:54:00+00:00,2026-03-24T18:56:21+00:00,141,R0013,V0072,ST003,ST000,Belgrano,Palermo,-34.576528,-58.407896,-34.577947,-58.413815,7.335,422.75,0
T0001427,2026-04-08T07:47:00+00:00,2026-04-08T07:48:55+00:00,115,R0088,V0018,ST012,ST022,Palermo,Microcentro,-34.594241,-58.405192,-34.632494,-58.417063,5.986,359.7,80
T0001428,2026-04-22T16:07:00+00:00,2026-04-22T16:07:49+00:00,49,R0102,V0044,ST006,ST009,Villa Crespo,Retiro,-34.635972,-58.409566,-34.570346,-58.412202,4.39,272.73,0
T0001429,2026-04-03T02:57:00+00:00,2026-04-03T02:58:24+00:00,84,R0118,V0056,ST022,ST009,Microcentro,Retiro,-34.632494,-58.417063,-34.570346,-58.412202,8.322,442.26,2
T0001430,2026-04-26T02:18:00+00:00,2026-04-26T02:20:20+00:00,140,R0051,V0016,ST021,ST021,Retiro,Retiro,-34.587639,-58.392154,-34.587639,-58.392154,0.012,129.48,0
T0001431,2026-05-26T02:23:00+00:00,2026-05-26T02:31:11+00:00,491,R0004,V0055,ST008,ST023,Colegiales,Chacarita,-34.60824,-58.367253,-34.580066,-58.364739,1.085,295.26,2
T0001432,2026-05-11T05:02:00+00:00,2026-05-11T05:10:03+00:00,483,R0101,V0020,ST015,ST006,Belgrano,Villa Crespo,-34.625648,-58.392026,-34.635972,-58.409566,6.021,489.89,0
T0001433,2026-04-25T15:56:00+00:00,2026-04-25T16:02:46+00:00,406,R0047,V0025,ST012,ST011,Palermo,Chacarita,-34.594241,-58.405192,-34.614375,-58.40349,3.215,350.68,3
T0001434,2026-03-07T00:29:00+00:00,2026-03-07T00:36:45+00:00,465,R0092,V0001,ST008,ST004,Colegiales,Caballito,-34.60824,-58.367253,-34.593884,-58.383394,8.419,579.5,1
T0001435,2026-03-12T11:56:00+00:00,2026-03-12T11:58:26+00:00,146,R0013,V0051,ST007,ST001,Nunez,Recoleta,-34.605502,-58.409497,-34.610295,-58.397389,2.49,230.72,61
T0001436,2026-05-04T13:32:00+00:00,2026-05-04T13:33:38+00:00,98,R0027,V0023,ST003,ST012,Belgrano,Palermo,-34.576528,-58.407896,-34.594241,-58.405192,8.119,439.04,63
T0001437,2026-05-19T06:29:00+00:00,2026-05-19T06:34:33+00:00,333,R0114,V0029,ST022,ST001,Microcentro,Recoleta,-34.632494,-58.417063,-34.610295,-58.397389,3.323,329.46,1
T0001438,2026-04-27T20:14:00+00:00,2026-04-27T20:19:45+00:00,345,R0057,V0003,ST015,ST004,Belgrano,Caballito,-34.625648,-58.392026,-34.593884,-58.383394,7.25,490.75,0
T0001439,2026-05-28T20:53:00+00:00,2026-05-28T20:56:41+00:00,221,R0105,V0072,ST016,ST014,Caballito,San Telmo,-34.633031,-58.362781,-34.578076,-58.40303,6.204,405.52,63
T0001440,2026-04-19T08:52:00+00:00,2026-04-19T08:53:09+00:00,69,R0000,V0063,ST001,ST000,Recoleta,Palermo,-34.610295,-58.397389,-34.577947,-58.413815,3.808,256.48,80
T0001441,2026-04-27T06:31:00+00:00,2026-04-27T06:33:56+00:00,176,R0007,V0029,ST008,ST012,Colegiales,Palermo,-34.60824,-58.367253,-34.594241,-58.405192,1.652,207.69,3
T0001442,2026-03-15T05:07:00+00:00,2026-03-15T05:11:50+00:00,290,R0003,V0056,ST007,ST008,Nunez,Colegiales,-34.605502,-58.409497,-34.60824,-58.367253,7.364,476.06,61
T0001443,2026-04-02T08:50:00+00:00,2026-04-02T08:52:19+00:00,139,R0006,V0015,ST022,ST018,Microcentro,Villa Crespo,-34.632494,-58.417063,-34.576118,-58.346187,3.142,254.31,61
T0001444,2026-05-12T22:29:00+00:00,2026-05-12T22:33:32+00:00,272,R0071,V0033,ST022,ST011,Microcentro,Chacarita,-34.632494,-58.417063,-34.614375,-58.40349,4.323,348.14,0
T0001445,2026-05-29T09:32:00+00:00,2026-05-29T09:34:09+00:00,129,R0083,V0000,ST004,ST016,Caballito,Caballito,-34.593884,-58.383394,-34.633031,-58.362781,7.509,425.53,1
T0001446,2026-05-13T20:49:00+00:00,2026-05-13T20:52:03+00:00,183,R0052,V0079,ST019,ST011,Nunez,Chacarita,-34.591041,-58.407355,-34.614375,-58.40349,2.713,252.57,0
T0001447,2026-03-27T03:33:00+00:00,2026-03-27T03:35:34+00:00,154,R0085,V0051,ST016,ST004,Caballito,Caballito,-34.633031,-58.362781,-34.593884,-58.383394,6.466,392.55,0
T0001448,2026-05-10T19:33:00+00:00,2026-05-10T19:36:37+00:00,217,R0104,V0037,ST021,ST008,Retiro,Colegiales,-34.587639,-58.392154,-34.60824,-58.367253,5.449,373.91,61
T0001449,2026-03-05T16:38:00+00:00,2026-03-05T16:41:43+00:00,223,R0105,V0062,ST007,ST005,Nunez,Almagro,-34.605502,-58.409497,-34.583016,-58.36633,7.115,442.63,0
T0001450,2026-03-04T14:57:00+00:00,2026-03-04T15:02:44+00:00,344,R0037,V0062,ST006,ST010,Villa Crespo,Microcentro,-34.635972,-58.409566,-34.598502,-58.399031,2.532,301.69,0
T0001451,2026-03-18T13:44:00+00:00,2026-03-18T13:50:09+00:00,369,R0055,V0047,ST010,ST019,Microcentro,Nunez,-34.598502,-58.399031,-34.591041,-58.407355,8.173,536.05,0
T0001452,2026-04-09T01:11:00+00:00,2026-04-09T01:14:44+00:00,224,R0039,V0062,ST002,ST020,San Telmo,Colegiales,-34.610974,-58.389171,-34.611329,-58.358197,4.931,355.62,61
T0001453,2026-04-30T09:26:00+00:00,2026-04-30T09:30:19+00:00,259,R0095,V0009,ST019,ST000,Nunez,Palermo,-34.591041,-58.407355,-34.577947,-58.413815,7.822,483.54,0
T0001454,2026-05-14T22:40:00+00:00,2026-05-14T22:45:10+00:00,310,R0110,V0029,ST001,ST007,Recoleta,Nunez,-34.610295,-58.397389,-34.605502,-58.409497,3.359,322.87,63
T0001455,2026-03-05T18:56:00+00:00,2026-03-05T19:07:17+00:00,677,R0098,V0061,ST003,ST020,Belgrano,Colegiales,-34.576528,-58.407896,-34.611329,-58.358197,7.179,604.1,0
T0001456,2026-03-31T13:22:00+00:00,2026-03-31T13:25:20+00:00,200,R0022,V0049,ST010,ST003,Microcentro,Belgrano,-34.598502,-58.399031,-34.576528,-58.407896,1.334,203.38,1
T0001457,2026-05-18T02:10:00+00:00,2026-05-18T02:13:02+00:00,182,R0020,V0041,ST021,ST023,Retiro,Chacarita,-34.587639,-58.392154,-34.580066,-58.364739,2.023,224.62,0
T0001458,2026-05-05T14:40:00+00:00,2026-05-05T14:44:23+00:00,263,R0032,V0057,ST010,ST014,Microcentro,San Telmo,-34.598502,-58.399031,-34.578076,-58.40303,5.768,402.76,0
T0001459,2026-05-08T20:36:00+00:00,2026-05-08T20:46:39+00:00,639,R0083,V0008,ST013,ST005,Recoleta,Almagro,-34.609842,-58.376294,-34.583016,-58.36633,2.93,420.84,1
T0001460,2026-03-04T08:06:00+00:00,2026-03-04T08:06:45+00:00,45,R0116,V0014,ST007,ST008,Nunez,Colegiales,-34.605502,-58.409497,-34.60824,-58.367253,7.522,396.62,3
T0001461,2026-04-10T12:34:00+00:00,2026-04-10T12:36:55+00:00,175,R0032,V0003,ST017,ST010,Almagro,Microcentro,-34.588172,-58.363104,-34.598502,-58.399031,6.477,400.31,61
T0001462,2026-03-12T11:36:00+00:00,2026-03-12T11:41:58+00:00,358,R0057,V0020,ST001,ST000,Recoleta,Palermo,-34.610295,-58.397389,-34.577947,-58.413815,4.574,388.26,61
T0001463,2026-03-06T09:02:00+00:00,2026-03-06T09:08:33+00:00,393,R0071,V0070,ST004,ST013,Caballito,Recoleta,-34.593884,-58.383394,-34.609842,-58.376294,6.815,490.16,63
T0001464,2026-04-02T09:40:00+00:00,2026-04-02T09:46:18+00:00,378,R0058,V0025,ST013,ST003,Recoleta,Belgrano,-34.609842,-58.376294,-34.576528,-58.407896,1.762,282.79,3
T0001465,2026-04-04T22:02:00+00:00,2026-04-04T22:04:32+00:00,152,R0111,V0061,ST004,ST017,Caballito,Almagro,-34.593884,-58.383394,-34.588172,-58.363104,6.765,403.8,0
T0001466,2026-03-11T14:51:00+00:00,2026-03-11T14:55:28+00:00,268,R0026,V0010,ST011,ST015,Chacarita,Belgrano,-34.614375,-58.40349,-34.625648,-58.392026,4.529,354.96,3
T0001467,2026-04-21T21:50:00+00:00,2026-04-21T21:56:20+00:00,380,R0108,V0001,ST013,ST013,Recoleta,Recoleta,-34.609842,-58.376294,-34.609842,-58.376294,0.179,220.16,3
T0001468,2026-03-25T05:49:00+00:00,2026-03-25T06:02:06+00:00,786,R0073,V0019,ST011,ST000,Chacarita,Palermo,-34.614375,-58.40349,-34.577947,-58.413815,3.861,509.53,0
T0001469,2026-04-16T23:47:00+00:00,2026-04-16T23:50:51+00:00,231,R0097,V0064,ST023,ST006,Chacarita,Villa Crespo,-34.580066,-58.364739,-34.635972,-58.409566,6.666,427.49,3
T0001470,2026-04-09T12:07:00+00:00,2026-04-09T12:21:53+00:00,893,R0044,V0036,ST015,ST023,Belgrano,Chacarita,-34.625648,-58.392026,-34.580066,-58.364739,6.374,647.52,1
T0001471,2026-03-26T20:55:00+00:00,2026-03-26T20:59:58+00:00,298,R0048,V0021,ST008,ST014,Colegiales,San Telmo,-34.60824,-58.367253,-34.578076,-58.40303,3.771,335.14,2
T0001472,2026-04-22T15:36:00+00:00,2026-04-22T15:41:35+00:00,335,R0115,V0002,ST020,ST018,Colegiales,Villa Crespo,-34.611329,-58.358197,-34.576118,-58.346187,5.259,407.62,0
T0001473,2026-05-11T02:17:00+00:00,2026-05-11T02:32:14+00:00,914,R0077,V0000,ST009,ST023,Retiro,Chacarita,-34.570346,-58.412202,-34.580066,-58.364739,7.788,711.43,0
T0001474,2026-05-04T05:46:00+00:00,2026-05-04T06:07:05+00:00,1265,R0111,V0026,ST007,ST007,Nunez,Nunez,-34.605502,-58.409497,-34.605502,-58.409497,0.138,528.27,61
T0001475,2026-04-10T17:54:00+00:00,2026-04-10T17:55:35+00:00,95,R0034,V0077,ST011,ST011,Chacarita,Chacarita,-34.614375,-58.40349,-34.614375,-58.40349,0.225,122.25,63
T0001476,2026-03-14T09:02:00+00:00,2026-03-14T09:06:15+00:00,255,R0035,V0077,ST001,ST019,Recoleta,Nunez,-34.610295,-58.397389,-34.591041,-58.407355,0.841,202.9,63
T0001477,2026-03-18T04:44:00+00:00,2026-03-18T04:45:17+00:00,77,R0044,V0008,ST010,ST022,Microcentro,Microcentro,-34.598502,-58.399031,-34.632494,-58.417063,2.899,222.92,1
T0001478,2026-05-21T05:21:00+00:00,2026-05-21T05:26:54+00:00,354,R0014,V0048,ST008,ST010,Colegiales,Microcentro,-34.60824,-58.367253,-34.598502,-58.399031,7.89,519.48,0
T0001479,2026-04-02T17:03:00+00:00,2026-04-02T17:04:19+00:00,79,R0098,V0054,ST006,ST010,Villa Crespo,Microcentro,-34.635972,-58.409566,-34.598502,-58.399031,5.017,308.34,0
T0001480,2026-04-18T07:29:00+00:00,2026-04-18T07:37:17+00:00,497,R0067,V0076,ST010,ST018,Microcentro,Villa Crespo,-34.598502,-58.399031,-34.576118,-58.346187,4.38,429.15,1
T0001481,2026-03-04T05:07:00+00:00,2026-03-04T05:13:51+00:00,411,R0110,V0018,ST009,ST008,Retiro,Colegiales,-34.570346,-58.412202,-34.60824,-58.367253,7.943,541.57,0
T0001482,2026-05-16T00:04:00+00:00,2026-05-16T00:08:36+00:00,276,R0034,V0048,ST003,ST015,Belgrano,Belgrano,-34.576528,-58.407896,-34.625648,-58.392026,3.552,318.68,1
T0001483,2026-04-20T06:24:00+00:00,2026-04-20T06:26:51+00:00,171,R0097,V0063,ST019,ST010,Nunez,Microcentro,-34.591041,-58.407355,-34.598502,-58.399031,2.673,246.78,0
T0001484,2026-03-07T23:13:00+00:00,2026-03-07T23:16:36+00:00,216,R0006,V0067,ST006,ST008,Villa Crespo,Colegiales,-34.635972,-58.409566,-34.60824,-58.367253,6.091,399.25,80
T0001485,2026-04-20T05:02:00+00:00,2026-04-20T05:11:25+00:00,565,R0006,V0002,ST008,ST013,Colegiales,Recoleta,-34.60824,-58.367253,-34.609842,-58.376294,5.889,513.3,2
T0001486,2026-04-29T05:38:00+00:00,2026-04-29T05:46:38+00:00,518,R0109,V0058,ST015,ST014,Belgrano,San Telmo,-34.625648,-58.392026,-34.578076,-58.40303,4.302,433.38,0
T0001487,2026-04-15T03:41:00+00:00,2026-04-15T03:47:06+00:00,366,R0034,V0003,ST007,ST003,Nunez,Belgrano,-34.605502,-58.409497,-34.576528,-58.407896,3.864,362.68,61
T0001488,2026-03-26T19:00:00+00:00,2026-03-26T19:01:58+00:00,118,R0113,V0068,ST005,ST014,Almagro,San Telmo,-34.583016,-58.36633,-34.578076,-58.40303,6.719,390.06,80
T0001489,2026-05-23T12:24:00+00:00,2026-05-23T12:27:56+00:00,236,R0034,V0077,ST017,ST002,Almagro,San Telmo,-34.588172,-58.363104,-34.610974,-58.389171,0.1,166.6,0
T0001490,2026-05-02T03:38:00+00:00,2026-05-02T03:50:43+00:00,763,R0118,V0041,ST006,ST017,Villa Crespo,Almagro,-34.635972,-58.409566,-34.588172,-58.363104,4.68,534.23,0
T0001491,2026-05-22T18:34:00+00:00,2026-05-22T18:36:37+00:00,157,R0096,V0041,ST001,ST017,Recoleta,Almagro,-34.610295,-58.397389,-34.588172,-58.363104,5.059,337.33,3
T0001492,2026-04-24T21:33:00+00:00,2026-04-24T21:44:19+00:00,679,R0029,V0026,ST015,ST012,Belgrano,Palermo,-34.625648,-58.392026,-34.594241,-58.405192,4.199,485.62,3
T0001493,2026-05-10T22:53:00+00:00,2026-05-10T23:02:58+00:00,598,R0045,V0020,ST007,ST015,Nunez,Belgrano,-34.605502,-58.409497,-34.625648,-58.392026,8.111,613.73,0
T0001494,2026-04-20T13:22:00+00:00,2026-04-20T13:32:06+00:00,606,R0013,V0014,ST003,ST010,Belgrano,Microcentro,-34.576528,-58.407896,-34.598502,-58.399031,0.584,315.45,61
T0001495,2026-04-18T18:20:00+00:00,2026-04-18T18:39:56+00:00,1196,R0068,V0072,ST022,ST013,Microcentro,Recoleta,-34.632494,-58.417063,-34.609842,-58.376294,4.526,679.63,0
T0001496,2026-03-27T14:30:00+00:00,2026-03-27T14:34:03+00:00,243,R0075,V0000,ST014,ST008,San Telmo,Colegiales,-34.578076,-58.40303,-34.60824,-58.367253,4.943,362.76,63
T0001497,2026-04-30T00:54:00+00:00,2026-04-30T01:07:20+00:00,800,R0117,V0060,ST010,ST004,Microcentro,Caballito,-34.598502,-58.399031,-34.593884,-58.383394,4.791,551.63,1
T0001498,2026-05-01T21:22:00+00:00,2026-05-01T21:26:28+00:00,268,R0008,V0014,ST002,ST001,San Telmo,Recoleta,-34.610974,-58.389171,-34.610295,-58.397389,2.182,261.06,80
T0001499,2026-05-27T15:03:00+00:00,2026-05-27T15:07:31+00:00,271,R0022,V0019,ST022,ST009,Microcentro,Retiro,-34.632494,-58.417063,-34.570346,-58.412202,1.669,241.6,0
T0001500,2026-03-30T12:51:00+00:00,2026-03-30T12:52:19+00:00,79,R0069,V0057,ST016,ST015,Caballito,Belgrano,-34.633031,-58.362781,-34.625648,-58.392026,4.148,273.57,0
T0001501,2026-05-04T16:47:00+00:00,2026-05-04T16:53:47+00:00,407,R0036,V0004,ST013,ST001,Recoleta,Recoleta,-34.609842,-58.376294,-34.610295,-58.397389,7.19,510.04,0
T0001502,2026-03-31T18:56:00+00:00,2026-03-31T19:06:33+00:00,633,R0018,V0029,ST021,ST005,Retiro,Almagro,-34.587639,-58.392154,-34.583016,-58.36633,4.559,483.89,0
T0001503,2026-04-05T21:57:00+00:00,2026-04-05T22:01:07+00:00,247,R0059,V0006,ST007,ST019,Nunez,Nunez,-34.605502,-58.409497,-34.591041,-58.407355,6.172,413.34,0
T0001504,2026-04-16T16:01:00+00:00,2026-04-16T16:04:50+00:00,230,R0053,V0045,ST014,ST014,San Telmo,San Telmo,-34.578076,-58.40303,-34.578076,-58.40303,0.343,174.22,0
T0001505,2026-05-29T12:50:00+00:00,2026-05-29T12:52:39+00:00,159,R0035,V0026,ST011,ST008,Chacarita,Colegiales,-34.614375,-58.40349,-34.60824,-58.367253,7.376,430.71,2
T0001506,2026-05-20T03:51:00+00:00,2026-05-20T03:55:41+00:00,281,R0042,V0076,ST003,ST008,Belgrano,Colegiales,-34.576528,-58.407896,-34.60824,-58.367253,2.261,268.79,0
T0001507,2026-05-07T05:57:00+00:00,2026-05-07T05:58:12+00:00,72,R0059,V0024,ST010,ST012,Microcentro,Palermo,-34.598502,-58.399031,-34.594241,-58.405192,2.05,187.21,0
T0001508,2026-03-14T11:32:00+00:00,2026-03-14T11:35:16+00:00,196,R0066,V0059,ST008,ST019,Colegiales,Nunez,-34.60824,-58.367253,-34.591041,-58.407355,6.247,398.47,61
T0001509,2026-04-24T06:38:00+00:00,2026-04-24T06:41:44+00:00,224,R0068,V0033,ST010,ST011,Microcentro,Chacarita,-34.598502,-58.399031,-34.614375,-58.40349,0.985,197.8,63
T0001510,2026-04-03T23:09:00+00:00,2026-04-03T23:12:31+00:00,211,R0018,V0006,ST012,ST009,Palermo,Retiro,-34.594241,-58.405192,-34.570346,-58.412202,4.84,347.46,63
T0001511,2026-03-12T04:37:00+00:00,2026-03-12T04:45:16+00:00,496,R0075,V0045,ST010,ST021,Microcentro,Retiro,-34.598502,-58.399031,-34.587639,-58.392154,6.303,505.74,0
T0001512,2026-05-06T13:51:00+00:00,2026-05-06T13:53:57+00:00,177,R0028,V0049,ST001,ST000,Recoleta,Palermo,-34.610295,-58.397389,-34.577947,-58.413815,2.85,255.96,3
T0001513,2026-05-25T07:54:00+00:00,2026-05-25T07:58:32+00:00,272,R0033,V0037,ST021,ST013,Retiro,Recoleta,-34.587639,-58.392154,-34.609842,-58.376294,7.29,466.8,0
T0001514,2026-04-01T16:16:00+00:00,2026-04-01T16:22:53+00:00,413,R0099,V0042,ST014,ST008,San Telmo,Colegiales,-34.578076,-58.40303,-34.60824,-58.367253,1.348,278.46,0
T0001515,2026-04-09T21:13:00+00:00,2026-04-09T21:22:21+00:00,561,R0021,V0011,ST015,ST014,Belgrano,San Telmo,-34.625648,-58.392026,-34.578076,-58.40303,0.1,280.35,63
T0001516,2026-04-12T04:14:00+00:00,2026-04-12T04:17:04+00:00,184,R0055,V0073,ST017,ST000,Almagro,Palermo,-34.588172,-58.363104,-34.577947,-58.413815,6.963,422.9,63
T0001517,2026-04-03T16:23:00+00:00,2026-04-03T16:24:36+00:00,96,R0072,V0005,ST013,ST007,Recoleta,Nunez,-34.609842,-58.376294,-34.605502,-58.409497,0.177,120.67,80
T0001518,2026-04-21T22:51:00+00:00,2026-04-21T22:55:58+00:00,298,R0084,V0022,ST020,ST018,Colegiales,Villa Crespo,-34.611329,-58.358197,-34.576118,-58.346187,3.531,325.54,63
T0001519,2026-03-22T11:49:00+00:00,2026-03-22T11:59:41+00:00,641,R0094,V0060,ST023,ST003,Chacarita,Belgrano,-34.580066,-58.364739,-34.576528,-58.407896,2.692,412.03,0
T0001520,2026-05-19T12:05:00+00:00,2026-05-19T12:14:57+00:00,597,R0006,V0027,ST020,ST011,Colegiales,Chacarita,-34.611329,-58.358197,-34.614375,-58.40349,1.652,355.02,0
T0001521,2026-05-09T07:00:00+00:00,2026-05-09T07:02:35+00:00,155,R0086,V0023,ST006,ST002,Villa Crespo,San Telmo,-34.635972,-58.409566,-34.610974,-58.389171,0.1,138.25,0
T0001522,2026-04-25T00:32:00+00:00,2026-04-25T00:37:24+00:00,324,R0100,V0076,ST014,ST020,San Telmo,Colegiales,-34.578076,-58.40303,-34.611329,-58.358197,6.971,472.22,63
T0001523,2026-04-07T19:31:00+00:00,2026-04-07T19:34:46+00:00,226,R0035,V0042,ST011,ST004,Chacarita,Caballito,-34.614375,-58.40349,-34.593884,-58.383394,0.721,187.93,61
T0001524,2026-04-06T22:56:00+00:00,2026-04-06T22:59:56+00:00,236,R0107,V0033,ST003,ST021,Belgrano,Retiro,-34.576528,-58.407896,-34.587639,-58.392154,2.143,248.33,80
T0001525,2026-05-15T16:40:00+00:00,2026-05-15T17:02:28+00:00,1348,R0116,V0024,ST006,ST004,Villa Crespo,Caballito,-34.635972,-58.409566,-34.593884,-58.383394,2.506,652.05,2
T0001526,2026-05-08T19:54:00+00:00,2026-05-08T20:01:11+00:00,431,R0054,V0017,ST012,ST019,Palermo,Nunez,-34.594241,-58.405192,-34.591041,-58.407355,0.815,263.44,0
T0001527,2026-04-30T11:34:00+00:00,2026-04-30T11:37:10+00:00,190,R0087,V0076,ST019,ST002,Nunez,San Telmo,-34.591041,-58.407355,-34.610974,-58.389171,1.097,190.38,1
T0001528,2026-03-17T17:32:00+00:00,2026-03-17T17:35:57+00:00,237,R0042,V0050,ST006,ST001,Villa Crespo,Recoleta,-34.635972,-58.409566,-34.610295,-58.397389,5.392,378.63,3
T0001529,2026-05-29T11:19:00+00:00,2026-05-29T11:23:54+00:00,294,R0072,V0006,ST023,ST019,Chacarita,Nunez,-34.580066,-58.364739,-34.591041,-58.407355,5.155,389.1,0
T0001530,2026-04-23T14:52:00+00:00,2026-04-23T14:53:45+00:00,105,R0088,V0051,ST004,ST016,Caballito,Caballito,-34.593884,-58.383394,-34.633031,-58.362781,0.926,153.81,80
T0001531,2026-03-11T02:07:00+00:00,2026-03-11T02:09:33+00:00,153,R0014,V0037,ST007,ST019,Nunez,Nunez,-34.605502,-58.409497,-34.591041,-58.407355,4.602,317.62,0
T0001532,2026-05-03T20:14:00+00:00,2026-05-03T20:30:51+00:00,1011,R0065,V0028,ST010,ST019,Microcentro,Nunez,-34.598502,-58.399031,-34.591041,-58.407355,7.388,729.37,0
T0001533,2026-04-01T13:21:00+00:00,2026-04-01T13:24:59+00:00,239,R0001,V0033,ST015,ST012,Belgrano,Palermo,-34.625648,-58.392026,-34.594241,-58.405192,1.506,223.88,80
T0001534,2026-05-12T05:43:00+00:00,2026-05-12T05:46:14+00:00,194,R0109,V0037,ST005,ST022,Almagro,Microcentro,-34.583016,-58.36633,-34.632494,-58.417063,5.997,387.77,2
T0001535,2026-05-13T10:36:00+00:00,2026-05-13T10:38:28+00:00,148,R0067,V0016,ST023,ST004,Chacarita,Caballito,-34.580066,-58.364739,-34.593884,-58.383394,6.609,396.16,0
T0001536,2026-04-27T07:52:00+00:00,2026-04-27T07:54:15+00:00,135,R0073,V0042,ST012,ST007,Palermo,Nunez,-34.594241,-58.405192,-34.605502,-58.409497,6.764,397.79,0
T0001537,2026-05-01T11:12:00+00:00,2026-05-01T11:18:41+00:00,401,R0101,V0016,ST001,ST019,Recoleta,Nunez,-34.610295,-58.397389,-34.591041,-58.407355,7.719,529.11,63
T0001538,2026-03-07T06:55:00+00:00,2026-03-07T06:56:32+00:00,92,R0089,V0023,ST018,ST000,Villa Crespo,Palermo,-34.576118,-58.346187,-34.577947,-58.413815,8.316,444.85,80
T0001539,2026-03-25T21:52:00+00:00,2026-03-25T21:53:46+00:00,106,R0068,V0026,ST016,ST011,Caballito,Chacarita,-34.633031,-58.362781,-34.614375,-58.40349,4.38,292.31,0
T0001540,2026-04-12T19:26:00+00:00,2026-04-12T19:27:42+00:00,102,R0027,V0052,ST022,ST004,Microcentro,Caballito,-34.632494,-58.417063,-34.593884,-58.383394,1.127,160.78,0
T0001541,2026-03-19T23:26:00+00:00,2026-03-19T23:29:06+00:00,186,R0082,V0046,ST005,ST008,Almagro,Colegiales,-34.583016,-58.36633,-34.60824,-58.367253,5.875,380.11,0
T0001542,2026-04-27T20:13:00+00:00,2026-04-27T20:19:33+00:00,393,R0077,V0034,ST005,ST001,Almagro,Recoleta,-34.583016,-58.36633,-34.610295,-58.397389,7.449,515.51,1
T0001543,2026-04-07T09:49:00+00:00,2026-04-07T09:52:53+00:00,233,R0115,V0000,ST017,ST013,Almagro,Recoleta,-34.588172,-58.363104,-34.609842,-58.376294,7.855,475.75,0
T0001544,2026-03-10T00:43:00+00:00,2026-03-10T00:49:13+00:00,373,R0079,V0052,ST014,ST017,San Telmo,Almagro,-34.578076,-58.40303,-34.588172,-58.363104,7.305,502.76,61
T0001545,2026-04-05T08:15:00+00:00,2026-04-05T08:27:40+00:00,760,R0034,V0062,ST013,ST013,Recoleta,Recoleta,-34.609842,-58.376294,-34.609842,-58.376294,0.124,350.96,0
T0001546,2026-04-15T06:25:00+00:00,2026-04-15T06:27:12+00:00,132,R0026,V0063,ST018,ST014,Villa Crespo,San Telmo,-34.576118,-58.346187,-34.578076,-58.40303,6.672,393.08,80
T0001547,2026-04-02T22:15:00+00:00,2026-04-02T22:16:16+00:00,76,R0051,V0023,ST016,ST007,Caballito,Nunez,-34.633031,-58.362781,-34.605502,-58.409497,7.512,407.07,0
T0001548,2026-03-16T15:59:00+00:00,2026-03-16T16:00:31+00:00,91,R0059,V0066,ST002,ST005,San Telmo,Almagro,-34.610974,-58.389171,-34.583016,-58.36633,7.163,398.37,80
T0001549,2026-04-24T06:46:00+00:00,2026-04-24T06:48:51+00:00,171,R0028,V0011,ST009,ST010,Retiro,Microcentro,-34.570346,-58.412202,-34.598502,-58.399031,3.688,287.37,0
T0001550,2026-03-21T11:02:00+00:00,2026-03-21T11:05:38+00:00,218,R0069,V0018,ST012,ST022,Palermo,Microcentro,-34.594241,-58.405192,-34.632494,-58.417063,2.787,267.78,61
T0001551,2026-05-09T04:00:00+00:00,2026-05-09T04:01:53+00:00,113,R0061,V0033,ST009,ST008,Retiro,Colegiales,-34.570346,-58.412202,-34.60824,-58.367253,0.714,148.11,1
T0001552,2026-04-16T20:52:00+00:00,2026-04-16T21:01:42+00:00,582,R0009,V0025,ST004,ST021,Caballito,Retiro,-34.593884,-58.383394,-34.587639,-58.392154,1.327,336.8,0
T0001553,2026-03-01T13:28:00+00:00,2026-03-01T13:38:06+00:00,606,R0104,V0009,ST000,ST011,Palermo,Chacarita,-34.577947,-58.413815,-34.614375,-58.40349,3.945,449.9,2
T0001554,2026-05-17T11:52:00+00:00,2026-05-17T11:55:39+00:00,219,R0080,V0041,ST014,ST019,San Telmo,Nunez,-34.578076,-58.40303,-34.591041,-58.407355,0.143,162.39,80
T0001555,2026-04-15T16:32:00+00:00,2026-04-15T16:35:44+00:00,224,R0111,V0029,ST004,ST021,Caballito,Retiro,-34.593884,-58.383394,-34.587639,-58.392154,5.195,366.18,0
T0001556,2026-05-05T10:55:00+00:00,2026-05-05T10:57:10+00:00,130,R0060,V0071,ST015,ST004,Belgrano,Caballito,-34.625648,-58.392026,-34.593884,-58.383394,7.323,418.41,80
T0001557,2026-04-21T15:59:00+00:00,2026-04-21T16:14:16+00:00,916,R0000,V0072,ST015,ST022,Belgrano,Microcentro,-34.625648,-58.392026,-34.632494,-58.417063,8.162,727.1,1
T0001558,2026-04-04T22:40:00+00:00,2026-04-04T22:45:58+00:00,358,R0060,V0036,ST016,ST023,Caballito,Chacarita,-34.633031,-58.362781,-34.580066,-58.364739,6.98,484.5,63
T0001559,2026-03-25T16:11:00+00:00,2026-03-25T16:16:37+00:00,337,R0070,V0018,ST003,ST005,Belgrano,Almagro,-34.576528,-58.407896,-34.583016,-58.36633,1.929,275.13,63
T0001560,2026-05-11T12:55:00+00:00,2026-05-11T12:56:00+00:00,60,R0116,V0051,ST012,ST000,Palermo,Palermo,-34.594241,-58.405192,-34.577947,-58.413815,4.245,270.79,63
T0001561,2026-05-26T13:43:00+00:00,2026-05-26T13:44:01+00:00,61,R0040,V0027,ST022,ST017,Microcentro,Almagro,-34.632494,-58.417063,-34.588172,-58.363104,2.676,208.38,2
T0001562,2026-03-13T23:27:00+00:00,2026-03-13T23:30:48+00:00,228,R0008,V0000,ST012,ST019,Palermo,Nunez,-34.594241,-58.405192,-34.591041,-58.407355,3.408,296.11,0
T0001563,2026-05-14T20:38:00+00:00,2026-05-14T20:42:29+00:00,269,R0076,V0048,ST022,ST016,Microcentro,Caballito,-34.632494,-58.417063,-34.633031,-58.362781,4.608,358.46,63
T0001564,2026-04-04T05:02:00+00:00,2026-04-04T05:04:16+00:00,136,R0048,V0053,ST012,ST005,Palermo,Almagro,-34.594241,-58.405192,-34.583016,-58.36633,4.109,291.94,63
T0001565,2026-03-21T17:16:00+00:00,2026-03-21T17:19:15+00:00,195,R0061,V0057,ST012,ST020,Palermo,Colegiales,-34.594241,-58.405192,-34.611329,-58.358197,0.604,172.42,61
T0001566,2026-05-14T22:27:00+00:00,2026-05-14T22:30:28+00:00,208,R0069,V0030,ST000,ST000,Palermo,Palermo,-34.577947,-58.413815,-34.577947,-58.413815,0.363,167.32,61
T0001567,2026-04-30T07:02:00+00:00,2026-04-30T07:04:03+00:00,123,R0104,V0060,ST009,ST013,Retiro,Recoleta,-34.570346,-58.412202,-34.609842,-58.376294,3.953,281.18,3
T0001568,2026-05-13T11:49:00+00:00,2026-05-13T11:56:23+00:00,443,R0020,V0063,ST016,ST003,Caballito,Belgrano,-34.633031,-58.362781,-34.576528,-58.407896,8.072,557.93,0
T0001569,2026-03-25T20:13:00+00:00,2026-03-25T20:15:46+00:00,166,R0026,V0072,ST003,ST014,Belgrano,San Telmo,-34.576528,-58.407896,-34.578076,-58.40303,3.519,278.88,61
T0001570,2026-05-09T02:40:00+00:00,2026-05-09T02:50:05+00:00,605,R0028,V0045,ST013,ST022,Recoleta,Microcentro,-34.609842,-58.376294,-34.632494,-58.417063,5.125,496.74,0
T0001571,2026-03-27T23:01:00+00:00,2026-03-27T23:02:58+00:00,118,R0013,V0020,ST023,ST008,Chacarita,Colegiales,-34.580066,-58.364739,-34.60824,-58.367253,2.084,204.67,63
T0001572,2026-03-24T05:49:00+00:00,2026-03-24T05:51:31+00:00,151,R0107,V0037,ST023,ST002,Chacarita,San Telmo,-34.580066,-58.364739,-34.610974,-58.389171,2.554,235.0,2
T0001573,2026-04-22T03:23:00+00:00,2026-04-22T03:24:59+00:00,119,R0080,V0067,ST020,ST006,Colegiales,Villa Crespo,-34.611329,-58.358197,-34.635972,-58.409566,3.827,274.73,1
T0001574,2026-03-18T13:36:00+00:00,2026-03-18T13:42:51+00:00,411,R0095,V0077,ST008,ST021,Colegiales,Retiro,-34.60824,-58.367253,-34.587639,-58.392154,1.904,300.02,0
T0001575,2026-03-14T21:29:00+00:00,2026-03-14T21:30:48+00:00,108,R0003,V0076,ST017,ST005,Almagro,Almagro,-34.588172,-58.363104,-34.583016,-58.36633,4.05,279.78,0
T0001576,2026-03-25T05:30:00+00:00,2026-03-25T05:30:12+00:00,12,R0061,V0077,ST009,ST018,Retiro,Villa Crespo,-34.570346,-58.412202,-34.576118,-58.346187,4.929,281.35,61
T0001577,2026-04-26T05:55:00+00:00,2026-04-26T05:58:43+00:00,223,R0049,V0016,ST007,ST023,Nunez,Chacarita,-34.605502,-58.409497,-34.580066,-58.364739,6.236,407.49,0
T0001578,2026-03-28T13:57:00+00:00,2026-03-28T14:00:15+00:00,195,R0087,V0061,ST020,ST005,Colegiales,Almagro,-34.611329,-58.358197,-34.583016,-58.36633,7.551,450.28,0
T0001579,2026-05-13T15:13:00+00:00,2026-05-13T15:18:30+00:00,330,R0075,V0012,ST022,ST010,Microcentro,Microcentro,-34.632494,-58.417063,-34.598502,-58.399031,0.47,214.29,61
T0001580,2026-05-18T21:06:00+00:00,2026-05-18T21:10:06+00:00,246,R0080,V0013,ST022,ST010,Microcentro,Microcentro,-34.632494,-58.417063,-34.598502,-58.399031,7.756,476.32,61
T0001581,2026-03-07T23:21:00+00:00,2026-03-07T23:21:45+00:00,45,R0113,V0070,ST007,ST023,Nunez,Chacarita,-34.605502,-58.409497,-34.580066,-58.364739,0.263,106.28,0
T0001582,2026-04-06T18:27:00+00:00,2026-04-06T18:28:37+00:00,97,R0069,V0041,ST007,ST019,Nunez,Nunez,-34.605502,-58.409497,-34.591041,-58.407355,3.668,260.67,3
T0001583,2026-04-04T03:18:00+00:00,2026-04-04T03:22:58+00:00,298,R0113,V0044,ST014,ST001,San Telmo,Recoleta,-34.578076,-58.40303,-34.610295,-58.397389,3.476,323.35,0
T0001584,2026-03-02T07:20:00+00:00,2026-03-02T07:22:04+00:00,124,R0091,V0070,ST014,ST011,San Telmo,Chacarita,-34.578076,-58.40303,-34.614375,-58.40349,8.15,449.41,0
T0001585,2026-04-12T01:49:00+00:00,2026-04-12T01:50:12+00:00,72,R0094,V0069,ST008,ST016,Colegiales,Caballito,-34.60824,-58.367253,-34.633031,-58.362781,4.9,301.18,2
T0001586,2026-05-13T00:34:00+00:00,2026-05-13T00:38:14+00:00,254,R0005,V0032,ST010,ST016,Microcentro,Caballito,-34.598502,-58.399031,-34.633031,-58.362781,6.048,410.83,0
T0001587,2026-03-29T03:47:00+00:00,2026-03-29T03:49:05+00:00,125,R0038,V0066,ST010,ST005,Microcentro,Almagro,-34.598502,-58.399031,-34.583016,-58.36633,1.041,165.41,1
T0001588,2026-05-22T18:47:00+00:00,2026-05-22T18:55:08+00:00,488,R0000,V0068,ST016,ST007,Caballito,Nunez,-34.633031,-58.362781,-34.605502,-58.409497,0.282,262.08,80
T0001589,2026-05-24T02:54:00+00:00,2026-05-24T03:00:15+00:00,375,R0092,V0018,ST000,ST008,Palermo,Colegiales,-34.577947,-58.413815,-34.60824,-58.367253,6.864,485.81,0
T0001590,2026-04-07T11:16:00+00:00,2026-04-07T11:18:41+00:00,161,R0025,V0029,ST002,ST022,San Telmo,Microcentro,-34.610974,-58.389171,-34.632494,-58.417063,2.445,234.15,80
T0001591,2026-05-11T07:06:00+00:00,2026-05-11T07:11:44+00:00,344,R0081,V0012,ST006,ST021,Villa Crespo,Retiro,-34.635972,-58.409566,-34.587639,-58.392154,7.601,504.43,63
T0001592,2026-05-22T23:21:00+00:00,2026-05-22T23:23:09+00:00,129,R0093,V0024,ST002,ST000,San Telmo,Palermo,-34.610974,-58.389171,-34.577947,-58.413815,7.774,436.12,0
T0001593,2026-05-09T12:58:00+00:00,2026-05-09T13:00:43+00:00,163,R0093,V0017,ST011,ST023,Chacarita,Chacarita,-34.614375,-58.40349,-34.580066,-58.364739,2.049,219.03,80
T0001594,2026-04-04T15:20:00+00:00,2026-04-04T15:22:41+00:00,161,R0019,V0052,ST013,ST011,Recoleta,Chacarita,-34.609842,-58.376294,-34.614375,-58.40349,5.786,367.79,1
T0001595,2026-03-02T23:05:00+00:00,2026-03-02T23:06:41+00:00,101,R0005,V0040,ST012,ST019,Palermo,Nunez,-34.594241,-58.405192,-34.591041,-58.407355,0.341,128.99,80
T0001596,2026-04-01T06:20:00+00:00,2026-04-01T06:21:46+00:00,106,R0110,V0050,ST010,ST021,Microcentro,Retiro,-34.598502,-58.399031,-34.587639,-58.392154,2.797,229.0,0
T0001597,2026-03-19T22:36:00+00:00,2026-03-19T22:40:10+00:00,250,R0024,V0057,ST008,ST003,Colegiales,Belgrano,-34.60824,-58.367253,-34.576528,-58.407896,3.339,301.07,2
T0001598,2026-05-17T16:28:00+00:00,2026-05-17T16:40:14+00:00,734,R0049,V0031,ST020,ST000,Colegiales,Palermo,-34.611329,-58.358197,-34.577947,-58.413815,7.605,641.12,1
T0001599,2026-03-01T03:09:00+00:00,2026-03-01T03:12:14+00:00,194,R0090,V0058,ST015,ST021,Belgrano,Retiro,-34.625648,-58.392026,-34.587639,-58.392154,5.257,358.18,1
T0001600,2026-03-08T10:11:00+00:00,2026-03-08T10:14:36+00:00,216,R0104,V0032,ST012,ST009,Palermo,Retiro,-34.594241,-58.405192,-34.570346,-58.412202,5.714,384.15,0
T0001601,2026-05-10T13:12:00+00:00,2026-05-10T13:15:01+00:00,181,R0099,V0050,ST011,ST021,Chacarita,Retiro,-34.614375,-58.40349,-34.587639,-58.392154,3.209,271.71,63
T0001602,2026-04-19T01:12:00+00:00,2026-04-19T01:14:17+00:00,137,R0067,V0057,ST003,ST011,Belgrano,Chacarita,-34.576528,-58.407896,-34.614375,-58.40349,7.726,437.0,1
T0001603,2026-05-21T23:55:00+00:00,2026-05-21T23:59:50+00:00,290,R0014,V0049,ST016,ST004,Caballito,Caballito,-34.633031,-58.362781,-34.593884,-58.383394,7.675,488.51,0
T0001604,2026-03-28T07:06:00+00:00,2026-03-28T07:10:07+00:00,247,R0095,V0026,ST009,ST005,Retiro,Almagro,-34.570346,-58.412202,-34.583016,-58.36633,6.393,422.17,63
T0001605,2026-04-16T04:44:00+00:00,2026-04-16T04:50:20+00:00,380,R0016,V0040,ST009,ST009,Retiro,Retiro,-34.570346,-58.412202,-34.570346,-58.412202,0.39,228.6,0
T0001606,2026-05-17T09:42:00+00:00,2026-05-17T09:43:11+00:00,71,R0026,V0052,ST015,ST008,Belgrano,Colegiales,-34.625648,-58.392026,-34.60824,-58.367253,5.975,343.84,63
T0001607,2026-05-23T22:19:00+00:00,2026-05-23T22:19:57+00:00,57,R0017,V0004,ST016,ST022,Caballito,Microcentro,-34.633031,-58.362781,-34.632494,-58.417063,5.586,323.41,3
T0001608,2026-04-06T20:50:00+00:00,2026-04-06T20:52:18+00:00,138,R0066,V0057,ST022,ST011,Microcentro,Chacarita,-34.632494,-58.417063,-34.614375,-58.40349,4.705,316.5,1
T0001609,2026-05-26T09:12:00+00:00,2026-05-26T09:14:56+00:00,176,R0056,V0012,ST016,ST018,Caballito,Villa Crespo,-34.633031,-58.362781,-34.576118,-58.346187,0.1,145.6,63
T0001610,2026-05-17T12:52:00+00:00,2026-05-17T12:54:37+00:00,157,R0070,V0029,ST001,ST019,Recoleta,Nunez,-34.610295,-58.397389,-34.591041,-58.407355,2.965,253.56,63
T0001611,2026-04-12T21:44:00+00:00,2026-04-12T21:53:13+00:00,553,R0076,V0057,ST000,ST003,Palermo,Belgrano,-34.577947,-58.413815,-34.576528,-58.407896,4.574,456.52,2
T0001612,2026-04-07T12:38:00+00:00,2026-04-07T12:47:13+00:00,553,R0020,V0034,ST006,ST000,Villa Crespo,Palermo,-34.635972,-58.409566,-34.577947,-58.413815,7.817,586.22,63
T0001613,2026-03-05T03:48:00+00:00,2026-03-05T03:51:56+00:00,236,R0098,V0020,ST000,ST021,Palermo,Retiro,-34.577947,-58.413815,-34.587639,-58.392154,8.483,501.92,0
T0001614,2026-04-23T03:36:00+00:00,2026-04-23T03:42:20+00:00,380,R0001,V0072,ST010,ST005,Microcentro,Almagro,-34.598502,-58.399031,-34.583016,-58.36633,7.253,503.11,2
T0001615,2026-04-27T21:54:00+00:00,2026-04-27T22:00:06+00:00,366,R0075,V0039,ST015,ST011,Belgrano,Chacarita,-34.625648,-58.392026,-34.614375,-58.40349,2.941,325.73,2
T0001616,2026-04-22T19:40:00+00:00,2026-04-22T19:48:59+00:00,539,R0119,V0016,ST022,ST005,Microcentro,Almagro,-34.632494,-58.417063,-34.583016,-58.36633,6.241,518.28,1
T0001617,2026-03-20T03:55:00+00:00,2026-03-20T03:58:36+00:00,216,R0097,V0041,ST020,ST006,Colegiales,Villa Crespo,-34.611329,-58.358197,-34.635972,-58.409566,4.816,348.26,61
T0001618,2026-05-14T08:08:00+00:00,2026-05-14T08:12:56+00:00,296,R0007,V0032,ST015,ST004,Belgrano,Caballito,-34.625648,-58.392026,-34.593884,-58.383394,1.512,244.09,61
T0001619,2026-04-23T16:20:00+00:00,2026-04-23T16:29:41+00:00,581,R0119,V0020,ST019,ST013,Nunez,Recoleta,-34.591041,-58.407355,-34.609842,-58.376294,8.002,603.43,80
T0001620,2026-04-11T09:24:00+00:00,2026-04-11T09:27:00+00:00,180,R0047,V0069,ST021,ST012,Retiro,Palermo,-34.587639,-58.392154,-34.594241,-58.405192,1.906,219.24,0
T0001621,2026-04-05T14:24:00+00:00,2026-04-05T14:32:54+00:00,534,R0044,V0008,ST005,ST023,Almagro,Chacarita,-34.583016,-58.36633,-34.580066,-58.364739,1.399,322.85,3
T0001622,2026-03-31T19:30:00+00:00,2026-03-31T19:32:29+00:00,149,R0092,V0079,ST007,ST002,Nunez,San Telmo,-34.605502,-58.409497,-34.610974,-58.389171,8.192,459.83,2
T0001623,2026-03-30T11:44:00+00:00,2026-03-30T11:49:36+00:00,336,R0067,V0062,ST018,ST006,Villa Crespo,Villa Crespo,-34.576118,-58.346187,-34.635972,-58.409566,7.496,497.44,80
T0001624,2026-03-07T00:47:00+00:00,2026-03-07T00:49:30+00:00,150,R0020,V0033,ST005,ST023,Almagro,Chacarita,-34.583016,-58.36633,-34.580066,-58.364739,8.174,459.46,2
T0001625,2026-04-01T20:01:00+00:00,2026-04-01T20:09:07+00:00,487,R0071,V0012,ST023,ST018,Chacarita,Villa Crespo,-34.580066,-58.364739,-34.576118,-58.346187,7.753,560.58,0
T0001626,2026-03-30T09:41:00+00:00,2026-03-30T09:46:09+00:00,309,R0048,V0017,ST017,ST011,Almagro,Chacarita,-34.588172,-58.363104,-34.614375,-58.40349,3.588,331.66,3
T0001627,2026-04-15T07:19:00+00:00,2026-04-15T07:21:14+00:00,134,R0084,V0014,ST018,ST005,Villa Crespo,Almagro,-34.576118,-58.346187,-34.583016,-58.36633,6.291,378.56,0
T0001628,2026-05-15T05:09:00+00:00,2026-05-15T05:17:47+00:00,527,R0002,V0051,ST010,ST011,Microcentro,Chacarita,-34.598502,-58.399031,-34.614375,-58.40349,8.017,585.14,63
T0001629,2026-04-16T03:43:00+00:00,2026-04-16T03:45:12+00:00,132,R0085,V0023,ST017,ST007,Almagro,Nunez,-34.588172,-58.363104,-34.605502,-58.409497,2.933,243.51,3
T0001630,2026-04-23T10:15:00+00:00,2026-04-23T10:18:56+00:00,236,R0002,V0021,ST014,ST018,San Telmo,Villa Crespo,-34.578076,-58.40303,-34.576118,-58.346187,4.234,331.95,2
T0001631,2026-03-07T17:37:00+00:00,2026-03-07T17:40:47+00:00,227,R0033,V0076,ST012,ST010,Palermo,Microcentro,-34.594241,-58.405192,-34.598502,-58.399031,5.409,375.8,80
T0001632,2026-04-20T12:01:00+00:00,2026-04-20T12:02:44+00:00,104,R0046,V0036,ST002,ST002,San Telmo,San Telmo,-34.610974,-58.389171,-34.610974,-58.389171,0.011,116.84,1
T0001633,2026-04-11T12:38:00+00:00,2026-04-11T12:40:56+00:00,176,R0084,V0001,ST009,ST019,Retiro,Nunez,-34.570346,-58.412202,-34.591041,-58.407355,3.107,265.87,0
T0001634,2026-04-22T09:07:00+00:00,2026-04-22T09:09:38+00:00,158,R0084,V0067,ST007,ST011,Nunez,Chacarita,-34.605502,-58.409497,-34.614375,-58.40349,4.624,320.27,0
T0001635,2026-03-22T18:55:00+00:00,2026-03-22T18:57:32+00:00,152,R0031,V0027,ST002,ST022,San Telmo,Microcentro,-34.610974,-58.389171,-34.632494,-58.417063,1.505,193.42,63
T0001636,2026-05-27T07:37:00+00:00,2026-05-27T07:39:09+00:00,129,R0054,V0054,ST008,ST019,Colegiales,Nunez,-34.60824,-58.367253,-34.591041,-58.407355,2.653,231.25,0
T0001637,2026-05-11T00:28:00+00:00,2026-05-11T00:33:27+00:00,327,R0021,V0062,ST023,ST015,Chacarita,Belgrano,-34.580066,-58.364739,-34.625648,-58.392026,0.937,231.95,2
T0001638,2026-05-12T11:29:00+00:00,2026-05-12T11:36:49+00:00,469,R0030,V0001,ST003,ST023,Belgrano,Chacarita,-34.576528,-58.407896,-34.580066,-58.364739,6.72,512.95,2
T0001639,2026-05-02T14:42:00+00:00,2026-05-02T14:45:56+00:00,236,R0098,V0003,ST018,ST019,Villa Crespo,Nunez,-34.576118,-58.346187,-34.591041,-58.407355,6.465,421.18,0
T0001640,2026-04-21T21:36:00+00:00,2026-04-21T21:44:09+00:00,489,R0106,V0070,ST012,ST014,Palermo,San Telmo,-34.594241,-58.405192,-34.578076,-58.40303,1.187,298.62,0
T0001641,2026-03-03T01:37:00+00:00,2026-03-03T01:42:59+00:00,359,R0104,V0043,ST023,ST000,Chacarita,Palermo,-34.580066,-58.364739,-34.577947,-58.413815,7.602,509.74,0
T0001642,2026-04-14T22:23:00+00:00,2026-04-14T22:40:46+00:00,1066,R0038,V0047,ST020,ST018,Colegiales,Villa Crespo,-34.611329,-58.358197,-34.576118,-58.346187,2.224,542.06,80
T0001643,2026-05-01T11:43:00+00:00,2026-05-01T11:46:15+00:00,195,R0098,V0012,ST012,ST010,Palermo,Microcentro,-34.594241,-58.405192,-34.598502,-58.399031,1.365,202.86,0
T0001644,2026-05-12T12:44:00+00:00,2026-05-12T12:52:04+00:00,484,R0102,V0030,ST012,ST005,Palermo,Almagro,-34.594241,-58.405192,-34.583016,-58.36633,4.519,430.17,1
T0001645,2026-04-25T12:48:00+00:00,2026-04-25T12:50:41+00:00,161,R0110,V0001,ST004,ST002,Caballito,San Telmo,-34.593884,-58.383394,-34.610974,-58.389171,7.42,433.15,0
T0001646,2026-04-01T01:52:00+00:00,2026-04-01T01:58:41+00:00,401,R0107,V0057,ST017,ST010,Almagro,Microcentro,-34.588172,-58.363104,-34.598502,-58.399031,5.372,435.24,0
T0001647,2026-03-08T21:20:00+00:00,2026-03-08T21:24:28+00:00,268,R0023,V0074,ST006,ST001,Villa Crespo,Recoleta,-34.635972,-58.409566,-34.610295,-58.397389,6.974,452.78,0
T0001648,2026-03-06T07:58:00+00:00,2026-03-06T08:01:22+00:00,202,R0061,V0008,ST022,ST014,Microcentro,San Telmo,-34.632494,-58.417063,-34.578076,-58.40303,0.1,154.7,63
T0001649,2026-04-06T11:07:00+00:00,2026-04-06T11:18:48+00:00,708,R0064,V0039,ST013,ST014,Recoleta,San Telmo,-34.609842,-58.376294,-34.578076,-58.40303,5.566,550.44,1
T0001650,2026-04-04T22:35:00+00:00,2026-04-04T22:35:56+00:00,56,R0075,V0052,ST008,ST020,Colegiales,Colegiales,-34.60824,-58.367253,-34.611329,-58.358197,3.157,225.89,61
T0001651,2026-04-19T04:04:00+00:00,2026-04-19T04:08:42+00:00,282,R0011,V0009,ST012,ST015,Palermo,Belgrano,-34.594241,-58.405192,-34.625648,-58.392026,6.737,448.17,0
T0001652,2026-05-09T13:16:00+00:00,2026-05-09T13:19:29+00:00,209,R0090,V0057,ST008,ST015,Colegiales,Belgrano,-34.60824,-58.367253,-34.625648,-58.392026,8.304,485.31,80
T0001653,2026-05-07T13:32:00+00:00,2026-05-07T13:35:44+00:00,224,R0000,V0018,ST004,ST018,Caballito,Villa Crespo,-34.593884,-58.383394,-34.576118,-58.346187,8.322,491.3,63
T0001654,2026-04-12T15:15:00+00:00,2026-04-12T15:15:58+00:00,58,R0082,V0047,ST023,ST013,Chacarita,Recoleta,-34.580066,-58.364739,-34.609842,-58.376294,7.465,398.91,61
T0001655,2026-04-19T12:35:00+00:00,2026-04-19T12:37:36+00:00,156,R0052,V0075,ST006,ST014,Villa Crespo,San Telmo,-34.635972,-58.409566,-34.578076,-58.40303,5.013,335.11,1
T0001656,2026-05-07T06:52:00+00:00,2026-05-07T06:59:29+00:00,449,R0033,V0032,ST020,ST000,Colegiales,Palermo,-34.611329,-58.358197,-34.577947,-58.413815,7.46,535.57,80
T0001657,2026-03-15T23:30:00+00:00,2026-03-15T23:34:33+00:00,273,R0098,V0038,ST017,ST023,Almagro,Chacarita,-34.588172,-58.363104,-34.580066,-58.364739,1.397,231.44,0
T0001658,2026-05-08T14:35:00+00:00,2026-05-08T14:40:13+00:00,313,R0091,V0063,ST001,ST022,Recoleta,Microcentro,-34.610295,-58.397389,-34.632494,-58.417063,5.629,414.73,0
T0001659,2026-04-03T04:11:00+00:00,2026-04-03T04:16:46+00:00,346,R0097,V0064,ST012,ST018,Palermo,Villa Crespo,-34.594241,-58.405192,-34.576118,-58.346187,4.657,387.36,61
T0001660,2026-03-05T06:42:00+00:00,2026-03-05T06:47:51+00:00,351,R0076,V0023,ST003,ST017,Belgrano,Almagro,-34.576528,-58.407896,-34.588172,-58.363104,8.471,541.69,63
T0001661,2026-04-11T20:51:00+00:00,2026-04-11T20:56:57+00:00,357,R0035,V0049,ST012,ST008,Palermo,Colegiales,-34.594241,-58.405192,-34.60824,-58.367253,6.923,481.85,1
T0001662,2026-04-05T05:11:00+00:00,2026-04-05T05:13:44+00:00,164,R0098,V0028,ST001,ST016,Recoleta,Caballito,-34.610295,-58.397389,-34.633031,-58.362781,3.549,279.35,63
T0001663,2026-05-08T01:09:00+00:00,2026-05-08T01:18:31+00:00,571,R0017,V0048,ST011,ST004,Chacarita,Caballito,-34.614375,-58.40349,-34.593884,-58.383394,2.012,360.33,0
T0001664,2026-03-16T05:16:00+00:00,2026-03-16T05:18:38+00:00,158,R0079,V0051,ST011,ST022,Chacarita,Microcentro,-34.614375,-58.40349,-34.632494,-58.417063,4.497,315.2,63
T0001665,2026-05-14T21:59:00+00:00,2026-05-14T22:04:15+00:00,315,R0021,V0053,ST008,ST017,Colegiales,Almagro,-34.60824,-58.367253,-34.588172,-58.363104,1.804,262.43,0
T0001666,2026-04-05T19:58:00+00:00,2026-04-05T19:58:56+00:00,56,R0050,V0025,ST003,ST001,Belgrano,Recoleta,-34.576528,-58.407896,-34.610295,-58.397389,3.899,255.55,1
T0001667,2026-03-10T23:17:00+00:00,2026-03-10T23:23:35+00:00,395,R0117,V0007,ST005,ST021,Almagro,Retiro,-34.583016,-58.36633,-34.587639,-58.392154,2.509,318.6,3
T0001668,2026-05-12T19:54:00+00:00,2026-05-12T19:59:17+00:00,317,R0031,V0070,ST009,ST013,Retiro,Recoleta,-34.570346,-58.412202,-34.609842,-58.376294,3.442,328.64,1
T0001669,2026-03-29T00:22:00+00:00,2026-03-29T00:24:34+00:00,154,R0001,V0064,ST003,ST011,Belgrano,Chacarita,-34.576528,-58.407896,-34.614375,-58.40349,7.94,451.5,2
T0001670,2026-04-26T22:22:00+00:00,2026-04-26T22:23:40+00:00,100,R0014,V0044,ST018,ST007,Villa Crespo,Nunez,-34.576118,-58.346187,-34.605502,-58.409497,0.151,121.02,0
T0001671,2026-04-18T07:19:00+00:00,2026-04-18T07:20:37+00:00,97,R0067,V0020,ST018,ST003,Villa Crespo,Belgrano,-34.576118,-58.346187,-34.576528,-58.407896,2.882,229.21,2
T0001672,2026-05-04T16:08:00+00:00,2026-05-04T16:19:26+00:00,686,R0086,V0005,ST012,ST003,Palermo,Belgrano,-34.594241,-58.405192,-34.576528,-58.407896,0.476,339.13,61
T0001673,2026-03-28T08:29:00+00:00,2026-03-28T08:31:48+00:00,168,R0110,V0074,ST014,ST022,San Telmo,Microcentro,-34.578076,-58.40303,-34.632494,-58.417063,3.228,267.92,0
T0001674,2026-03-31T01:41:00+00:00,2026-03-31T01:45:30+00:00,270,R0040,V0027,ST005,ST022,Almagro,Microcentro,-34.583016,-58.36633,-34.632494,-58.417063,1.885,249.91,63
T0001675,2026-05-08T01:20:00+00:00,2026-05-08T01:24:55+00:00,295,R0101,V0070,ST002,ST002,San Telmo,San Telmo,-34.610974,-58.389171,-34.610974,-58.389171,0.321,196.09,61
T0001676,2026-05-17T07:20:00+00:00,2026-05-17T07:25:27+00:00,327,R0039,V0054,ST017,ST010,Almagro,Microcentro,-34.588172,-58.363104,-34.598502,-58.399031,0.408,210.77,80
T0001677,2026-05-07T02:46:00+00:00,2026-05-07T02:47:26+00:00,86,R0020,V0028,ST016,ST017,Caballito,Almagro,-34.633031,-58.362781,-34.588172,-58.363104,5.725,339.09,3
T0001678,2026-03-01T00:55:00+00:00,2026-03-01T01:06:02+00:00,662,R0096,V0056,ST006,ST008,Villa Crespo,Colegiales,-34.635972,-58.409566,-34.60824,-58.367253,4.49,491.31,0
T0001679,2026-04-10T06:46:00+00:00,2026-04-10T06:49:38+00:00,218,R0005,V0057,ST022,ST018,Microcentro,Villa Crespo,-34.632494,-58.417063,-34.576118,-58.346187,1.109,200.66,3
T0001680,2026-05-03T13:05:00+00:00,2026-05-03T13:12:46+00:00,466,R0010,V0003,ST013,ST015,Recoleta,Belgrano,-34.609842,-58.376294,-34.625648,-58.392026,5.377,458.18,0
T0001681,2026-05-14T22:02:00+00:00,2026-05-15T03:35:20+00:00,20000,R0007,V0060,ST022,ST008,Microcentro,Colegiales,-34.632494,-58.417063,-34.60824,-58.367253,0.425,7097.02,80
T0001682,2026-03-27T00:10:00+00:00,2026-03-27T00:16:59+00:00,419,R0097,V0012,ST008,ST014,Colegiales,San Telmo,-34.60824,-58.367253,-34.578076,-58.40303,7.802,538.72,0
T0001683,2026-03-05T12:36:00+00:00,2026-03-05T12:38:29+00:00,149,R0056,V0031,ST014,ST003,San Telmo,Belgrano,-34.578076,-58.40303,-34.576528,-58.407896,6.827,405.21,80
T0001684,2026-05-23T22:47:00+00:00,2026-05-23T22:52:34+00:00,334,R0067,V0052,ST007,ST000,Nunez,Palermo,-34.605502,-58.409497,-34.577947,-58.413815,6.585,460.28,63
T0001685,2026-03-09T01:14:00+00:00,2026-03-09T01:15:50+00:00,110,R0047,V0012,ST022,ST018,Microcentro,Villa Crespo,-34.632494,-58.417063,-34.576118,-58.346187,0.601,142.56,0
T0001686,2026-03-24T23:43:00+00:00,2026-03-24T23:46:31+00:00,211,R0101,V0036,ST014,ST012,San Telmo,Palermo,-34.578076,-58.40303,-34.594241,-58.405192,2.828,266.97,3
T0001687,2026-03-12T19:51:00+00:00,2026-03-12T19:53:16+00:00,136,R0029,V0004,ST017,ST011,Almagro,Chacarita,-34.588172,-58.363104,-34.614375,-58.40349,5.927,364.68,61
T0001688,2026-04-30T17:54:00+00:00,2026-04-30T18:06:08+00:00,728,R0078,V0069,ST019,ST021,Nunez,Retiro,-34.591041,-58.407355,-34.587639,-58.392154,3.687,482.29,1
T0001689,2026-05-20T15:57:00+00:00,2026-05-20T16:00:02+00:00,182,R0066,V0031,ST023,ST007,Chacarita,Nunez,-34.580066,-58.364739,-34.605502,-58.409497,3.902,299.77,63
T0001690,2026-03-21T11:22:00+00:00,2026-03-21T11:23:37+00:00,97,R0085,V0037,ST009,ST004,Retiro,Caballito,-34.570346,-58.412202,-34.593884,-58.383394,7.08,397.14,63
T0001691,2026-05-08T22:07:00+00:00,2026-05-08T22:10:16+00:00,196,R0055,V0044,ST009,ST014,Retiro,San Telmo,-34.570346,-58.412202,-34.578076,-58.40303,1.173,195.52,63
T0001692,2026-03-11T11:56:00+00:00,2026-03-11T11:58:46+00:00,166,R0086,V0015,ST021,ST006,Retiro,Villa Crespo,-34.587639,-58.392154,-34.635972,-58.409566,5.377,353.19,61
T0001693,2026-05-24T08:13:00+00:00,2026-05-24T08:19:46+00:00,406,R0106,V0047,ST004,ST005,Caballito,Almagro,-34.593884,-58.383394,-34.583016,-58.36633,7.854,536.26,3
T0001694,2026-04-29T23:38:00+00:00,2026-04-29T23:42:47+00:00,287,R0107,V0072,ST006,ST008,Villa Crespo,Colegiales,-34.635972,-58.409566,-34.60824,-58.367253,0.854,214.61,0
T0001695,2026-03-03T09:16:00+00:00,2026-03-03T09:20:41+00:00,281,R0056,V0043,ST002,ST019,San Telmo,Nunez,-34.610974,-58.389171,-34.591041,-58.407355,3.347,312.24,61
T0001696,2026-03-07T22:34:00+00:00,2026-03-07T22:36:17+00:00,137,R0030,V0051,ST021,ST001,Retiro,Recoleta,-34.587639,-58.392154,-34.610295,-58.397389,3.53,269.13,2
T0001697,2026-05-19T15:20:00+00:00,2026-05-19T15:25:03+00:00,303,R0068,V0000,ST014,ST009,San Telmo,Retiro,-34.578076,-58.40303,-34.570346,-58.412202,5.442,403.71,61
T0001698,2026-03-29T16:48:00+00:00,2026-03-29T16:49:06+00:00,66,R0077,V0058,ST014,ST021,San Telmo,Retiro,-34.578076,-58.40303,-34.587639,-58.392154,8.314,435.64,0
T0001699,2026-05-27T02:31:00+00:00,2026-05-27T02:33:15+00:00,135,R0039,V0033,ST014,ST010,San Telmo,Microcentro,-34.578076,-58.40303,-34.598502,-58.399031,2.432,224.52,63
T0001700,2026-05-18T19:55:00+00:00,2026-05-18T20:00:17+00:00,317,R0063,V0014,ST001,ST012,Recoleta,Palermo,-34.610295,-58.397389,-34.594241,-58.405192,7.535,492.33,0
T0001701,2026-05-24T23:28:00+00:00,2026-05-24T23:31:18+00:00,198,R0103,V0050,ST018,ST022,Villa Crespo,Microcentro,-34.576118,-58.346187,-34.632494,-58.417063,6.427,406.38,80
T0001702,2026-04-10T01:30:00+00:00,2026-04-10T01:36:01+00:00,361,R0063,V0079,ST016,ST004,Caballito,Caballito,-34.633031,-58.362781,-34.593884,-58.383394,5.306,418.59,0
T0001703,2026-05-23T03:53:00+00:00,2026-05-23T03:59:20+00:00,380,R0100,V0005,ST011,ST009,Chacarita,Retiro,-34.614375,-58.40349,-34.570346,-58.412202,1.571,275.86,0
T0001704,2026-04-05T07:11:00+00:00,2026-04-05T07:13:33+00:00,153,R0090,V0039,ST008,ST002,Colegiales,San Telmo,-34.60824,-58.367253,-34.610974,-58.389171,0.749,163.5,0
T0001705,2026-04-10T14:56:00+00:00,2026-04-10T14:57:36+00:00,96,R0051,V0008,ST020,ST014,Colegiales,San Telmo,-34.611329,-58.358197,-34.578076,-58.40303,6.694,381.37,61
T0001706,2026-04-27T15:55:00+00:00,2026-04-27T15:58:28+00:00,208,R0104,V0008,ST016,ST003,Caballito,Belgrano,-34.633031,-58.362781,-34.576528,-58.407896,6.404,408.96,2
T0001707,2026-04-14T09:54:00+00:00,2026-04-14T09:56:24+00:00,144,R0056,V0003,ST023,ST009,Chacarita,Retiro,-34.580066,-58.364739,-34.570346,-58.412202,3.401,266.43,0
T0001708,2026-04-27T03:48:00+00:00,2026-04-27T03:49:52+00:00,112,R0042,V0044,ST018,ST009,Villa Crespo,Retiro,-34.576118,-58.346187,-34.570346,-58.412202,4.531,300.46,61
T0001709,2026-04-24T21:04:00+00:00,2026-04-24T21:11:22+00:00,442,R0049,V0077,ST010,ST019,Microcentro,Nunez,-34.598502,-58.399031,-34.591041,-58.407355,7.683,542.01,0
T0001710,2026-05-14T13:15:00+00:00,2026-05-14T13:21:23+00:00,383,R0107,V0013,ST010,ST022,Microcentro,Microcentro,-34.598502,-58.399031,-34.632494,-58.417063,2.448,311.96,80
T0001711,2026-05-23T08:10:00+00:00,2026-05-23T08:12:58+00:00,178,R0049,V0033,ST019,ST017,Nunez,Almagro,-34.591041,-58.407355,-34.588172,-58.363104,8.118,467.02,3
T0001712,2026-03-01T12:05:00+00:00,2026-03-01T12:06:25+00:00,85,R0076,V0006,ST001,ST020,Recoleta,Colegiales,-34.610295,-58.397389,-34.611329,-58.358197,0.1,113.75,1
T0001713,2026-03-04T12:22:00+00:00,2026-03-04T12:30:13+00:00,493,R0019,V0003,ST009,ST023,Retiro,Chacarita,-34.570346,-58.412202,-34.580066,-58.364739,0.1,256.55,0
T0001714,2026-05-24T19:39:00+00:00,2026-05-24T19:50:18+00:00,678,R0083,V0062,ST011,ST016,Chacarita,Caballito,-34.614375,-58.40349,-34.633031,-58.362781,2.06,399.7,0
T0001715,2026-03-02T21:47:00+00:00,2026-03-02T21:57:43+00:00,643,R0099,V0061,ST005,ST012,Almagro,Palermo,-34.583016,-58.36633,-34.594241,-58.405192,0.912,341.53,61
T0001716,2026-03-23T15:32:00+00:00,2026-03-23T15:33:19+00:00,79,R0008,V0019,ST006,ST023,Villa Crespo,Chacarita,-34.635972,-58.409566,-34.580066,-58.364739,0.657,133.93,61
T0001717,2026-05-22T13:33:00+00:00,2026-05-22T13:39:23+00:00,383,R0025,V0028,ST020,ST020,Colegiales,Colegiales,-34.611329,-58.358197,-34.611329,-58.358197,0.282,225.33,2
T0001718,2026-05-17T17:53:00+00:00,2026-05-17T17:55:06+00:00,126,R0007,V0014,ST017,ST016,Almagro,Caballito,-34.588172,-58.363104,-34.633031,-58.362781,6.772,394.99,0
T0001719,2026-05-13T20:44:00+00:00,2026-05-13T20:45:25+00:00,85,R0031,V0026,ST004,ST002,Caballito,San Telmo,-34.593884,-58.383394,-34.610974,-58.389171,7.572,412.63,3
T0001720,2026-03-15T09:19:00+00:00,2026-03-15T09:24:29+00:00,329,R0116,V0074,ST018,ST009,Villa Crespo,Retiro,-34.576118,-58.346187,-34.570346,-58.412202,1.242,244.82,3
T0001721,2026-03-26T17:44:00+00:00,2026-03-26T17:55:06+00:00,666,R0062,V0009,ST000,ST015,Palermo,Belgrano,-34.577947,-58.413815,-34.625648,-58.392026,6.237,562.59,2
T0001722,2026-05-03T08:58:00+00:00,2026-05-03T08:59:27+00:00,87,R0022,V0023,ST021,ST018,Retiro,Villa Crespo,-34.587639,-58.392154,-34.576118,-58.346187,0.969,149.2,0
T0001723,2026-04-06T12:49:00+00:00,2026-04-06T12:51:04+00:00,124,R0037,V0055,ST023,ST007,Chacarita,Nunez,-34.580066,-58.364739,-34.605502,-58.409497,4.655,309.59,80
T0001724,2026-04-01T20:55:00+00:00,2026-04-01T20:57:37+00:00,157,R0065,V0032,ST012,ST002,Palermo,San Telmo,-34.594241,-58.405192,-34.610974,-58.389171,4.79,326.55,2
T0001725,2026-04-17T13:31:00+00:00,2026-04-17T13:38:17+00:00,437,R0090,V0002,ST012,ST023,Palermo,Chacarita,-34.594241,-58.405192,-34.580066,-58.364739,8.009,553.32,2
T0001726,2026-03-05T13:28:00+00:00,2026-03-05T13:35:10+00:00,430,R0047,V0013,ST007,ST002,Nunez,San Telmo,-34.605502,-58.409497,-34.610974,-58.389171,5.778,461.64,1
T0001727,2026-04-14T10:21:00+00:00,2026-04-14T10:24:25+00:00,205,R0104,V0000,ST019,ST005,Nunez,Almagro,-34.591041,-58.407355,-34.583016,-58.36633,1.056,194.01,1
T0001728,2026-04-06T09:10:00+00:00,2026-04-06T09:16:48+00:00,408,R0043,V0078,ST001,ST009,Recoleta,Retiro,-34.610295,-58.397389,-34.570346,-58.412202,5.801,454.86,63
T0001729,2026-05-14T18:32:00+00:00,2026-05-14T18:33:49+00:00,109,R0042,V0057,ST021,ST010,Retiro,Microcentro,-34.587639,-58.392154,-34.598502,-58.399031,4.536,299.57,1
T0001730,2026-05-19T08:38:00+00:00,2026-05-19T08:41:15+00:00,195,R0063,V0013,ST010,ST003,Microcentro,Belgrano,-34.598502,-58.399031,-34.576528,-58.407896,7.008,428.58,0
T0001731,2026-04-11T16:57:00+00:00,2026-04-11T17:00:05+00:00,185,R0078,V0064,ST002,ST005,San Telmo,Almagro,-34.610974,-58.389171,-34.583016,-58.36633,8.017,465.45,61
T0001732,2026-05-27T15:24:00+00:00,2026-05-27T15:27:51+00:00,231,R0010,V0005,ST001,ST002,Recoleta,San Telmo,-34.610295,-58.397389,-34.610974,-58.389171,1.863,235.36,0
T0001733,2026-03-09T08:47:00+00:00,2026-03-09T08:49:54+00:00,174,R0119,V0073,ST008,ST008,Colegiales,Colegiales,-34.60824,-58.367253,-34.60824,-58.367253,0.025,141.9,0
T0001734,2026-04-14T06:38:00+00:00,2026-04-14T06:40:58+00:00,178,R0029,V0077,ST007,ST015,Nunez,Belgrano,-34.605502,-58.409497,-34.625648,-58.392026,7.998,462.24,80
T0001735,2026-05-01T23:17:00+00:00,2026-05-01T23:18:50+00:00,110,R0048,V0001,ST011,ST014,Chacarita,San Telmo,-34.614375,-58.40349,-34.578076,-58.40303,3.56,260.88,1
T0001736,2026-04-10T20:46:00+00:00,2026-04-10T20:51:52+00:00,352,R0028,V0070,ST018,ST020,Villa Crespo,Colegiales,-34.576118,-58.346187,-34.611329,-58.358197,1.469,261.94,63
T0001737,2026-03-09T18:50:00+00:00,2026-03-09T18:59:18+00:00,558,R0074,V0009,ST017,ST000,Almagro,Palermo,-34.588172,-58.363104,-34.577947,-58.413815,2.171,362.13,80
T0001738,2026-05-09T04:02:00+00:00,2026-05-09T04:06:25+00:00,265,R0097,V0007,ST000,ST016,Palermo,Caballito,-34.577947,-58.413815,-34.633031,-58.362781,3.136,298.17,3
T0001739,2026-03-17T02:50:00+00:00,2026-03-17T02:52:18+00:00,138,R0089,V0038,ST008,ST000,Colegiales,Palermo,-34.60824,-58.367253,-34.577947,-58.413815,5.787,359.76,2
T0001740,2026-05-09T15:31:00+00:00,2026-05-09T15:36:49+00:00,349,R0032,V0012,ST002,ST005,San Telmo,Almagro,-34.610974,-58.389171,-34.583016,-58.36633,1.84,275.75,0
T0001741,2026-03-17T22:57:00+00:00,2026-03-17T23:00:48+00:00,228,R0038,V0029,ST003,ST008,Belgrano,Colegiales,-34.576528,-58.407896,-34.60824,-58.367253,7.674,466.75,0
T0001742,2026-03-24T03:28:00+00:00,2026-03-24T03:28:45+00:00,45,R0020,V0033,ST004,ST019,Caballito,Nunez,-34.593884,-58.383394,-34.591041,-58.407355,6.385,351.14,0
T0001743,2026-04-15T05:09:00+00:00,2026-04-15T05:14:35+00:00,335,R0031,V0024,ST007,ST003,Nunez,Belgrano,-34.605502,-58.409497,-34.576528,-58.407896,3.115,321.84,1
T0001744,2026-03-13T09:03:00+00:00,2026-03-13T09:08:12+00:00,312,R0111,V0068,ST014,ST010,San Telmo,Microcentro,-34.578076,-58.40303,-34.598502,-58.399031,5.548,411.11,61
T0001745,2026-05-15T20:29:00+00:00,2026-05-15T20:33:42+00:00,282,R0007,V0031,ST013,ST019,Recoleta,Nunez,-34.609842,-58.376294,-34.591041,-58.407355,6.864,453.24,0
T0001746,2026-05-17T09:27:00+00:00,2026-05-17T09:32:21+00:00,321,R0117,V0066,ST009,ST005,Retiro,Almagro,-34.570346,-58.412202,-34.583016,-58.36633,2.581,295.59,63
T0001747,2026-05-08T16:26:00+00:00,2026-05-08T21:59:20+00:00,20000,R0023,V0042,ST017,ST003,Almagro,Belgrano,-34.588172,-58.363104,-34.576528,-58.407896,7.491,7379.65,2
T0001748,2026-05-16T06:06:00+00:00,2026-05-16T06:08:52+00:00,172,R0053,V0051,ST003,ST016,Belgrano,Caballito,-34.576528,-58.407896,-34.633031,-58.362781,0.1,144.2,2
T0001749,2026-04-29T17:55:00+00:00,2026-04-29T18:01:09+00:00,369,R0064,V0031,ST000,ST018,Palermo,Villa Crespo,-34.577947,-58.413815,-34.576118,-58.346187,7.774,520.09,2
T0001750,2026-03-10T12:36:00+00:00,2026-03-10T12:47:37+00:00,697,R0022,V0043,ST006,ST018,Villa Crespo,Villa Crespo,-34.635972,-58.409566,-34.576118,-58.346187,2.953,442.07,0
T0001751,2026-04-13T21:41:00+00:00,2026-04-13T21:44:32+00:00,212,R0012,V0005,ST016,ST001,Caballito,Recoleta,-34.633031,-58.362781,-34.610295,-58.397389,0.967,192.9,0
T0001752,2026-04-09T14:17:00+00:00,2026-04-09T14:19:11+00:00,131,R0100,V0029,ST007,ST010,Nunez,Microcentro,-34.605502,-58.409497,-34.598502,-58.399031,1.244,175.6,0
T0001753,2026-05-24T23:45:00+00:00,2026-05-24T23:48:19+00:00,199,R0078,V0009,ST016,ST016,Caballito,Caballito,-34.633031,-58.362781,-34.633031,-58.362781,0.095,153.45,3
T0001754,2026-03-10T12:56:00+00:00,2026-03-10T12:58:26+00:00,146,R0052,V0046,ST018,ST001,Villa Crespo,Recoleta,-34.576118,-58.346187,-34.610295,-58.397389,3.582,274.38,2
T0001755,2026-05-06T13:23:00+00:00,2026-05-06T13:29:54+00:00,414,R0110,V0053,ST005,ST003,Almagro,Belgrano,-34.583016,-58.36633,-34.576528,-58.407896,4.865,419.5,0
T0001756,2026-04-04T21:40:00+00:00,2026-04-04T21:49:24+00:00,564,R0105,V0055,ST000,ST007,Palermo,Nunez,-34.577947,-58.413815,-34.605502,-58.409497,7.097,561.27,2
T0001757,2026-03-29T21:29:00+00:00,2026-03-29T21:33:54+00:00,294,R0046,V0067,ST020,ST004,Colegiales,Caballito,-34.611329,-58.358197,-34.593884,-58.383394,7.081,466.15,1
T0001758,2026-03-21T09:37:00+00:00,2026-03-21T09:38:55+00:00,115,R0111,V0036,ST016,ST022,Caballito,Microcentro,-34.633031,-58.362781,-34.632494,-58.417063,2.142,205.92,2
T0001759,2026-03-17T15:56:00+00:00,2026-03-17T16:00:18+00:00,258,R0064,V0050,ST008,ST010,Colegiales,Microcentro,-34.60824,-58.367253,-34.598502,-58.399031,4.641,355.95,2
T0001760,2026-03-06T06:01:00+00:00,2026-03-06T06:07:33+00:00,393,R0022,V0004,ST013,ST014,Recoleta,San Telmo,-34.609842,-58.376294,-34.578076,-58.40303,1.898,293.46,3
T0001761,2026-03-21T07:36:00+00:00,2026-03-21T07:39:26+00:00,206,R0080,V0039,ST019,ST007,Nunez,Nunez,-34.591041,-58.407355,-34.605502,-58.409497,8.061,474.52,0
T0001762,2026-03-17T03:10:00+00:00,2026-03-17T03:18:08+00:00,488,R0087,V0055,ST015,ST017,Belgrano,Almagro,-34.625648,-58.392026,-34.588172,-58.363104,2.726,359.84,80
T0001763,2026-04-18T16:07:00+00:00,2026-04-18T16:11:19+00:00,259,R0029,V0052,ST015,ST013,Belgrano,Recoleta,-34.625648,-58.392026,-34.609842,-58.376294,4.457,348.93,80
T0001764,2026-04-24T22:23:00+00:00,2026-04-24T22:26:22+00:00,202,R0051,V0007,ST023,ST017,Chacarita,Almagro,-34.580066,-58.364739,-34.588172,-58.363104,6.573,413.61,0
T0001765,2026-05-03T20:16:00+00:00,2026-05-03T20:17:28+00:00,88,R0088,V0078,ST010,ST018,Microcentro,Villa Crespo,-34.598502,-58.399031,-34.576118,-58.346187,1.168,157.53,80
T0001766,2026-04-26T16:08:00+00:00,2026-04-26T16:10:18+00:00,138,R0021,V0030,ST021,ST020,Retiro,Colegiales,-34.587639,-58.392154,-34.611329,-58.358197,0.408,144.61,80
T0001767,2026-03-16T21:37:00+00:00,2026-03-16T21:38:55+00:00,115,R0021,V0011,ST009,ST008,Retiro,Colegiales,-34.570346,-58.412202,-34.60824,-58.367253,6.623,385.15,3
T0001768,2026-04-21T02:20:00+00:00,2026-04-21T02:36:33+00:00,993,R0066,V0057,ST005,ST009,Almagro,Retiro,-34.583016,-58.36633,-34.570346,-58.412202,5.296,639.4,80
T0001769,2026-05-10T21:23:00+00:00,2026-05-10T21:26:28+00:00,208,R0117,V0010,ST000,ST015,Palermo,Belgrano,-34.577947,-58.413815,-34.625648,-58.392026,3.009,273.16,63
T0001770,2026-04-14T18:33:00+00:00,2026-04-14T18:38:47+00:00,347,R0104,V0057,ST016,ST010,Caballito,Microcentro,-34.633031,-58.362781,-34.598502,-58.399031,4.136,366.9,0
T0001771,2026-04-02T21:31:00+00:00,2026-04-02T21:34:22+00:00,202,R0051,V0073,ST015,ST018,Belgrano,Villa Crespo,-34.625648,-58.392026,-34.576118,-58.346187,5.241,360.34,61
T0001772,2026-04-30T04:55:00+00:00,2026-04-30T05:03:44+00:00,524,R0064,V0047,ST003,ST000,Belgrano,Palermo,-34.576528,-58.407896,-34.577947,-58.413815,2.177,350.48,1
T0001773,2026-03-17T03:15:00+00:00,2026-03-17T03:16:15+00:00,75,R0066,V0026,ST016,ST003,Caballito,Belgrano,-34.633031,-58.362781,-34.576528,-58.407896,3.996,266.09,2
T0001774,2026-05-14T12:55:00+00:00,2026-05-14T12:59:04+00:00,244,R0084,V0079,ST007,ST011,Nunez,Chacarita,-34.605502,-58.409497,-34.614375,-58.40349,1.456,223.62,63
T0001775,2026-04-30T17:53:00+00:00,2026-04-30T17:54:28+00:00,88,R0014,V0067,ST004,ST018,Caballito,Villa Crespo,-34.593884,-58.383394,-34.576118,-58.346187,3.236,240.25,3
T0001776,2026-04-01T14:41:00+00:00,2026-04-01T14:47:24+00:00,384,R0031,V0065,ST015,ST002,Belgrano,San Telmo,-34.625648,-58.392026,-34.610974,-58.389171,7.487,513.88,0
T0001777,2026-04-17T15:55:00+00:00,2026-04-17T16:00:06+00:00,306,R0077,V0062,ST012,ST010,Palermo,Microcentro,-34.594241,-58.405192,-34.598502,-58.399031,5.684,414.45,0
T0001778,2026-03-26T23:37:00+00:00,2026-03-26T23:41:39+00:00,279,R0066,V0005,ST023,ST014,Chacarita,San Telmo,-34.580066,-58.364739,-34.578076,-58.40303,2.527,278.72,2
T0001779,2026-05-21T05:21:00+00:00,2026-05-21T05:24:36+00:00,216,R0116,V0000,ST002,ST017,San Telmo,Almagro,-34.610974,-58.389171,-34.588172,-58.363104,7.262,446.1,61
T0001780,2026-05-05T12:47:00+00:00,2026-05-05T12:50:58+00:00,238,R0014,V0072,ST020,ST021,Colegiales,Retiro,-34.611329,-58.358197,-34.587639,-58.392154,0.252,173.39,1
T0001781,2026-05-04T09:51:00+00:00,2026-05-04T09:56:42+00:00,342,R0110,V0058,ST011,ST001,Chacarita,Recoleta,-34.614375,-58.40349,-34.610295,-58.397389,4.689,387.28,63
T0001782,2026-03-11T23:39:00+00:00,2026-03-11T23:43:44+00:00,284,R0066,V0060,ST016,ST004,Caballito,Caballito,-34.633031,-58.362781,-34.593884,-58.383394,8.373,514.31,61
T0001783,2026-05-15T14:32:00+00:00,2026-05-15T14:32:57+00:00,57,R0101,V0065,ST020,ST023,Colegiales,Chacarita,-34.611329,-58.358197,-34.580066,-58.364739,6.46,358.37,0
T0001784,2026-04-21T15:22:00+00:00,2026-04-21T15:27:01+00:00,301,R0090,V0000,ST012,ST023,Palermo,Chacarita,-34.594241,-58.405192,-34.580066,-58.364739,2.258,275.66,61
T0001785,2026-04-03T00:27:00+00:00,2026-04-03T00:32:34+00:00,334,R0074,V0054,ST019,ST009,Nunez,Retiro,-34.591041,-58.407355,-34.570346,-58.412202,3.046,318.75,3
T0001786,2026-03-15T17:55:00+00:00,2026-03-15T18:00:03+00:00,303,R0041,V0047,ST008,ST004,Colegiales,Caballito,-34.60824,-58.367253,-34.593884,-58.383394,2.635,291.46,1
T0001787,2026-04-16T11:55:00+00:00,2026-04-16T11:58:35+00:00,215,R0033,V0070,ST017,ST022,Almagro,Microcentro,-34.588172,-58.363104,-34.632494,-58.417063,4.079,318.39,2
T0001788,2026-03-05T13:45:00+00:00,2026-03-05T13:49:22+00:00,262,R0047,V0023,ST010,ST008,Microcentro,Colegiales,-34.598502,-58.399031,-34.60824,-58.367253,0.83,204.9,61
T0001789,2026-03-06T03:48:00+00:00,2026-03-06T03:55:17+00:00,437,R0041,V0053,ST005,ST011,Almagro,Chacarita,-34.583016,-58.36633,-34.614375,-58.40349,5.065,435.56,0
T0001790,2026-05-09T03:28:00+00:00,2026-05-09T03:33:14+00:00,314,R0054,V0010,ST018,ST015,Villa Crespo,Belgrano,-34.576118,-58.346187,-34.625648,-58.392026,5.293,401.6,2
T0001791,2026-03-25T16:33:00+00:00,2026-03-25T16:34:00+00:00,60,R0073,V0021,ST017,ST002,Almagro,San Telmo,-34.588172,-58.363104,-34.610974,-58.389171,7.57,403.81,2
T0001792,2026-05-24T14:27:00+00:00,2026-05-24T14:27:45+00:00,45,R0016,V0002,ST007,ST001,Nunez,Recoleta,-34.605502,-58.409497,-34.610295,-58.397389,5.136,301.18,1
T0001793,2026-04-20T04:37:00+00:00,2026-04-20T04:40:04+00:00,184,R0041,V0004,ST008,ST008,Colegiales,Colegiales,-34.60824,-58.367253,-34.60824,-58.367253,0.353,158.52,2
T0001794,2026-05-23T16:43:00+00:00,2026-05-23T16:49:26+00:00,386,R0056,V0014,ST010,ST006,Microcentro,Villa Crespo,-34.598502,-58.399031,-34.635972,-58.409566,8.098,539.03,1
T0001795,2026-03-03T03:36:00+00:00,2026-03-03T03:38:36+00:00,156,R0061,V0059,ST007,ST017,Nunez,Almagro,-34.605502,-58.409497,-34.588172,-58.363104,1.973,213.54,1
T0001796,2026-03-23T02:48:00+00:00,2026-03-23T02:57:02+00:00,542,R0073,V0034,ST001,ST000,Recoleta,Palermo,-34.610295,-58.397389,-34.577947,-58.413815,4.358,444.02,80
T0001797,2026-04-26T18:29:00+00:00,2026-04-26T18:32:36+00:00,216,R0022,V0041,ST022,ST010,Microcentro,Microcentro,-34.632494,-58.417063,-34.598502,-58.399031,3.86,310.01,0
T0001798,2026-05-04T19:20:00+00:00,2026-05-04T19:26:45+00:00,405,R0088,V0078,ST023,ST004,Chacarita,Caballito,-34.580066,-58.364739,-34.593884,-58.383394,4.482,401.01,0
T0001799,2026-03-24T16:02:00+00:00,2026-03-24T16:07:47+00:00,347,R0086,V0076,ST012,ST019,Palermo,Nunez,-34.594241,-58.405192,-34.591041,-58.407355,1.928,278.55,61
T0001800,2026-04-14T11:38:00+00:00,2026-04-14T11:40:58+00:00,178,R0033,V0076,ST005,ST014,Almagro,San Telmo,-34.583016,-58.36633,-34.578076,-58.40303,6.289,393.87,80
T0001801,2026-05-03T20:57:00+00:00,2026-05-03T20:57:45+00:00,45,R0074,V0054,ST021,ST020,Retiro,Colegiales,-34.587639,-58.392154,-34.611329,-58.358197,1.254,145.9,80
T0001802,2026-03-12T06:27:00+00:00,2026-03-12T06:32:45+00:00,345,R0050,V0025,ST022,ST010,Microcentro,Microcentro,-34.632494,-58.417063,-34.598502,-58.399031,1.638,266.25,1
T0001803,2026-03-03T12:07:00+00:00,2026-03-03T12:45:54+00:00,2334,R0008,V0040,ST009,ST021,Retiro,Retiro,-34.570346,-58.412202,-34.587639,-58.392154,3.221,1025.74,0
T0001804,2026-04-01T01:37:00+00:00,2026-04-01T01:41:22+00:00,262,R0088,V0046,ST015,ST011,Belgrano,Chacarita,-34.625648,-58.392026,-34.614375,-58.40349,3.504,311.86,0
T0001805,2026-05-07T09:05:00+00:00,2026-05-07T09:11:34+00:00,394,R0045,V0050,ST000,ST015,Palermo,Belgrano,-34.577947,-58.413815,-34.625648,-58.392026,2.255,308.1,2
T0001806,2026-05-22T04:34:00+00:00,2026-05-22T04:39:15+00:00,315,R0096,V0019,ST023,ST005,Chacarita,Almagro,-34.580066,-58.364739,-34.583016,-58.36633,7.683,497.58,3
T0001807,2026-05-15T07:38:00+00:00,2026-05-15T07:41:32+00:00,212,R0052,V0076,ST004,ST011,Caballito,Chacarita,-34.593884,-58.383394,-34.614375,-58.40349,8.191,481.83,0
T0001808,2026-04-07T10:41:00+00:00,2026-04-07T10:48:48+00:00,468,R0030,V0053,ST013,ST010,Recoleta,Microcentro,-34.609842,-58.376294,-34.598502,-58.399031,0.369,258.57,1
T0001809,2026-05-23T08:46:00+00:00,2026-05-23T08:53:43+00:00,463,R0065,V0047,ST018,ST005,Villa Crespo,Almagro,-34.576118,-58.346187,-34.583016,-58.36633,6.159,488.42,0
T0001810,2026-04-19T16:51:00+00:00,2026-04-19T16:52:11+00:00,71,R0056,V0063,ST019,ST023,Nunez,Chacarita,-34.591041,-58.407355,-34.580066,-58.364739,6.462,363.31,63
T0001811,2026-03-10T13:46:00+00:00,2026-03-10T13:51:11+00:00,311,R0011,V0024,ST015,ST011,Belgrano,Chacarita,-34.625648,-58.392026,-34.614375,-58.40349,1.933,266.17,1
T0001812,2026-04-18T08:46:00+00:00,2026-04-18T08:49:54+00:00,234,R0032,V0061,ST001,ST008,Recoleta,Colegiales,-34.610295,-58.397389,-34.60824,-58.367253,2.703,270.0,2
T0001813,2026-05-10T15:45:00+00:00,2026-05-10T15:49:00+00:00,240,R0098,V0048,ST000,ST023,Palermo,Chacarita,-34.577947,-58.413815,-34.580066,-58.364739,1.961,242.45,61
T0001814,2026-05-02T20:39:00+00:00,2026-05-02T20:43:47+00:00,287,R0093,V0066,ST006,ST019,Villa Crespo,Nunez,-34.635972,-58.409566,-34.591041,-58.407355,2.414,277.02,0
T0001815,2026-03-27T17:52:00+00:00,2026-03-27T18:02:13+00:00,613,R0119,V0066,ST017,ST006,Almagro,Villa Crespo,-34.588172,-58.363104,-34.635972,-58.409566,1.77,365.36,2
T0001816,2026-03-07T00:54:00+00:00,2026-03-07T00:56:11+00:00,131,R0066,V0013,ST008,ST010,Colegiales,Microcentro,-34.60824,-58.367253,-34.598502,-58.399031,8.327,458.93,0
T0001817,2026-04-23T06:31:00+00:00,2026-04-23T06:33:56+00:00,176,R0066,V0063,ST017,ST009,Almagro,Retiro,-34.588172,-58.363104,-34.570346,-58.412202,5.99,381.2,0
T0001818,2026-04-13T04:20:00+00:00,2026-04-13T04:23:16+00:00,196,R0112,V0020,ST023,ST020,Chacarita,Colegiales,-34.580066,-58.364739,-34.611329,-58.358197,2.279,239.77,80
T0001819,2026-05-17T03:21:00+00:00,2026-05-17T03:26:00+00:00,300,R0099,V0060,ST012,ST021,Palermo,Retiro,-34.594241,-58.405192,-34.587639,-58.392154,2.209,273.37,63
T0001820,2026-04-09T10:53:00+00:00,2026-04-09T10:55:45+00:00,165,R0105,V0079,ST005,ST022,Almagro,Microcentro,-34.583016,-58.36633,-34.632494,-58.417063,7.587,441.24,3
T0001821,2026-03-06T19:27:00+00:00,2026-03-06T19:33:35+00:00,395,R0103,V0049,ST011,ST017,Chacarita,Almagro,-34.614375,-58.40349,-34.588172,-58.363104,8.106,542.5,80
T0001822,2026-04-19T06:04:00+00:00,2026-04-19T06:10:22+00:00,382,R0032,V0057,ST014,ST019,San Telmo,Nunez,-34.578076,-58.40303,-34.591041,-58.407355,3.594,357.46,61
T0001823,2026-05-02T05:19:00+00:00,2026-05-02T05:25:38+00:00,398,R0097,V0019,ST003,ST001,Belgrano,Recoleta,-34.576528,-58.407896,-34.610295,-58.397389,5.545,441.08,1
T0001824,2026-05-02T00:09:00+00:00,2026-05-02T00:16:10+00:00,430,R0082,V0052,ST004,ST021,Caballito,Retiro,-34.593884,-58.383394,-34.587639,-58.392154,4.213,399.0,63
T0001825,2026-03-08T02:14:00+00:00,2026-03-08T02:22:47+00:00,527,R0026,V0067,ST015,ST016,Belgrano,Caballito,-34.625648,-58.392026,-34.633031,-58.362781,7.21,552.85,0
T0001826,2026-04-15T18:41:00+00:00,2026-04-15T18:44:21+00:00,201,R0000,V0074,ST018,ST016,Villa Crespo,Caballito,-34.576118,-58.346187,-34.633031,-58.362781,2.089,233.9,63
T0001827,2026-04-18T17:45:00+00:00,2026-04-18T17:46:47+00:00,107,R0062,V0011,ST003,ST022,Belgrano,Microcentro,-34.576528,-58.407896,-34.632494,-58.417063,4.51,297.87,0
T0001828,2026-04-09T00:23:00+00:00,2026-04-09T00:28:21+00:00,321,R0007,V0026,ST023,ST011,Chacarita,Chacarita,-34.580066,-58.364739,-34.614375,-58.40349,5.337,405.84,0
T0001829,2026-03-23T11:14:00+00:00,2026-03-23T11:18:33+00:00,273,R0067,V0002,ST008,ST022,Colegiales,Microcentro,-34.60824,-58.367253,-34.632494,-58.417063,3.437,313.03,63
T0001830,2026-03-28T02:37:00+00:00,2026-03-28T02:39:04+00:00,124,R0083,V0002,ST020,ST015,Colegiales,Belgrano,-34.611329,-58.358197,-34.625648,-58.392026,5.643,349.11,0
T0001831,2026-04-05T03:29:00+00:00,2026-04-05T03:31:13+00:00,133,R0049,V0015,ST007,ST011,Nunez,Chacarita,-34.605502,-58.409497,-34.614375,-58.40349,1.048,168.45,2
T0001832,2026-03-26T05:15:00+00:00,2026-03-26T05:17:52+00:00,172,R0048,V0008,ST007,ST014,Nunez,San Telmo,-34.605502,-58.409497,-34.578076,-58.40303,3.103,264.32,2
T0001833,2026-03-17T02:51:00+00:00,2026-03-17T02:53:28+00:00,148,R0032,V0010,ST022,ST022,Microcentro,Microcentro,-34.632494,-58.417063,-34.632494,-58.417063,0.297,143.68,0
T0001834,2026-05-08T14:17:00+00:00,2026-05-08T14:18:55+00:00,115,R0112,V0069,ST022,ST022,Microcentro,Microcentro,-34.632494,-58.417063,-34.632494,-58.417063,0.031,121.49,1
T0001835,2026-05-01T08:18:00+00:00,2026-05-01T08:20:08+00:00,128,R0064,V0007,ST017,ST010,Almagro,Microcentro,-34.588172,-58.363104,-34.598502,-58.399031,0.931,162.03,0
T0001836,2026-03-02T08:55:00+00:00,2026-03-02T08:59:50+00:00,290,R0115,V0060,ST017,ST021,Almagro,Retiro,-34.588172,-58.363104,-34.587639,-58.392154,7.578,484.63,1
T0001837,2026-05-08T15:35:00+00:00,2026-05-08T15:44:21+00:00,561,R0048,V0009,ST004,ST012,Caballito,Palermo,-34.593884,-58.383394,-34.594241,-58.405192,0.51,296.75,0
T0001838,2026-05-21T11:13:00+00:00,2026-05-21T11:17:59+00:00,299,R0115,V0012,ST015,ST017,Belgrano,Almagro,-34.625648,-58.392026,-34.588172,-58.363104,4.216,353.3,2
T0001839,2026-04-01T13:51:00+00:00,2026-04-01T13:57:32+00:00,392,R0058,V0008,ST017,ST007,Almagro,Nunez,-34.588172,-58.363104,-34.605502,-58.409497,6.962,495.69,3
T0001840,2026-05-16T13:45:00+00:00,2026-05-16T13:47:37+00:00,157,R0053,V0073,ST007,ST016,Nunez,Caballito,-34.605502,-58.409497,-34.633031,-58.362781,3.021,255.78,63
T0001841,2026-03-08T22:41:00+00:00,2026-03-08T22:44:11+00:00,191,R0107,V0027,ST019,ST001,Nunez,Recoleta,-34.591041,-58.407355,-34.610295,-58.397389,4.136,312.3,63
T0001842,2026-03-26T21:02:00+00:00,2026-03-26T21:10:36+00:00,516,R0047,V0052,ST000,ST018,Palermo,Villa Crespo,-34.577947,-58.413815,-34.576118,-58.346187,1.078,303.71,61
T0001843,2026-05-20T05:13:00+00:00,2026-05-20T05:18:28+00:00,328,R0109,V0036,ST023,ST020,Chacarita,Colegiales,-34.580066,-58.364739,-34.611329,-58.358197,0.719,223.55,0
T0001844,2026-05-09T03:52:00+00:00,2026-05-09T03:57:13+00:00,313,R0038,V0053,ST009,ST004,Retiro,Caballito,-34.570346,-58.412202,-34.593884,-58.383394,2.131,274.78,1
T0001845,2026-04-24T01:16:00+00:00,2026-04-24T01:18:54+00:00,174,R0022,V0065,ST000,ST015,Palermo,Belgrano,-34.577947,-58.413815,-34.625648,-58.392026,2.676,247.94,0
T0001846,2026-04-21T07:49:00+00:00,2026-04-21T07:52:54+00:00,234,R0024,V0073,ST000,ST020,Palermo,Colegiales,-34.577947,-58.413815,-34.611329,-58.358197,2.606,266.12,0
T0001847,2026-03-11T18:15:00+00:00,2026-03-11T18:17:14+00:00,134,R0003,V0023,ST013,ST007,Recoleta,Nunez,-34.609842,-58.376294,-34.605502,-58.409497,7.286,418.34,1
T0001848,2026-03-12T07:01:00+00:00,2026-03-12T07:07:28+00:00,388,R0108,V0050,ST011,ST007,Chacarita,Nunez,-34.614375,-58.40349,-34.605502,-58.409497,4.105,380.02,61
T0001849,2026-03-17T02:00:00+00:00,2026-03-17T02:00:55+00:00,55,R0008,V0056,ST021,ST003,Retiro,Belgrano,-34.587639,-58.392154,-34.576528,-58.407896,8.381,434.49,80
T0001850,2026-03-13T13:41:00+00:00,2026-03-13T13:43:06+00:00,126,R0023,V0019,ST007,ST021,Nunez,Retiro,-34.605502,-58.409497,-34.587639,-58.392154,0.717,152.77,0
T0001851,2026-04-16T05:53:00+00:00,2026-04-16T06:07:03+00:00,843,R0075,V0057,ST001,ST000,Recoleta,Palermo,-34.610295,-58.397389,-34.577947,-58.413815,2.059,457.41,0
T0001852,2026-03-15T14:06:00+00:00,2026-03-15T14:07:50+00:00,110,R0037,V0000,ST003,ST000,Belgrano,Palermo,-34.576528,-58.407896,-34.577947,-58.413815,1.625,183.52,63
T0001853,2026-04-24T04:17:00+00:00,2026-04-24T04:21:46+00:00,286,R0103,V0042,ST018,ST006,Villa Crespo,Villa Crespo,-34.576118,-58.346187,-34.635972,-58.409566,7.471,478.92,1
T0001854,2026-04-24T00:17:00+00:00,2026-04-24T00:21:01+00:00,241,R0085,V0031,ST023,ST006,Chacarita,Villa Crespo,-34.580066,-58.364739,-34.635972,-58.409566,4.654,350.52,63
T0001855,2026-04-24T17:31:00+00:00,2026-04-24T17:40:21+00:00,561,R0053,V0051,ST013,ST007,Recoleta,Nunez,-34.609842,-58.376294,-34.605502,-58.409497,2.588,379.89,80
T0001856,2026-03-04T08:57:00+00:00,2026-03-04T09:07:00+00:00,600,R0113,V0005,ST015,ST009,Belgrano,Retiro,-34.625648,-58.392026,-34.570346,-58.412202,3.763,440.51,2
T0001857,2026-05-27T15:18:00+00:00,2026-05-27T15:19:42+00:00,102,R0117,V0071,ST006,ST000,Villa Crespo,Palermo,-34.635972,-58.409566,-34.577947,-58.413815,2.153,201.83,0
T0001858,2026-05-29T18:02:00+00:00,2026-05-29T18:14:31+00:00,751,R0027,V0010,ST008,ST021,Colegiales,Retiro,-34.60824,-58.367253,-34.587639,-58.392154,8.197,670.72,2
T0001859,2026-03-13T01:25:00+00:00,2026-03-13T01:27:42+00:00,162,R0090,V0005,ST000,ST013,Palermo,Recoleta,-34.577947,-58.413815,-34.609842,-58.376294,3.552,278.79,0
T0001860,2026-05-05T02:07:00+00:00,2026-05-05T02:30:27+00:00,1407,R0047,V0056,ST012,ST016,Palermo,Caballito,-34.594241,-58.405192,-34.633031,-58.362781,4.263,742.96,0
T0001861,2026-03-16T20:26:00+00:00,2026-03-16T20:30:42+00:00,282,R0038,V0037,ST004,ST002,Caballito,San Telmo,-34.593884,-58.383394,-34.610974,-58.389171,5.472,397.59,0
T0001862,2026-04-23T07:19:00+00:00,2026-04-23T07:26:08+00:00,428,R0094,V0045,ST010,ST001,Microcentro,Recoleta,-34.598502,-58.399031,-34.610295,-58.397389,4.984,429.18,0
T0001863,2026-03-29T07:35:00+00:00,2026-03-29T07:35:54+00:00,54,R0007,V0072,ST009,ST008,Retiro,Colegiales,-34.570346,-58.412202,-34.60824,-58.367253,2.22,187.71,2
T0001864,2026-05-20T23:16:00+00:00,2026-05-20T23:17:11+00:00,71,R0039,V0020,ST014,ST012,San Telmo,Palermo,-34.578076,-58.40303,-34.594241,-58.405192,3.5,244.83,61
T0001865,2026-04-08T10:30:00+00:00,2026-04-08T10:32:45+00:00,165,R0046,V0057,ST006,ST017,Villa Crespo,Almagro,-34.635972,-58.409566,-34.588172,-58.363104,0.708,166.08,0
T0001866,2026-04-08T01:20:00+00:00,2026-04-08T01:25:43+00:00,343,R0057,V0070,ST001,ST023,Recoleta,Chacarita,-34.610295,-58.397389,-34.580066,-58.364739,6.882,475.35,63
T0001867,2026-05-01T01:11:00+00:00,2026-05-01T01:16:13+00:00,313,R0019,V0002,ST001,ST007,Recoleta,Nunez,-34.610295,-58.397389,-34.605502,-58.409497,8.466,528.18,0
T0001868,2026-03-30T01:43:00+00:00,2026-03-30T01:47:44+00:00,284,R0087,V0041,ST001,ST015,Recoleta,Belgrano,-34.610295,-58.397389,-34.625648,-58.392026,1.991,259.04,61
T0001869,2026-04-03T14:47:00+00:00,2026-04-03T14:47:45+00:00,45,R0057,V0015,ST001,ST005,Recoleta,Almagro,-34.610295,-58.397389,-34.583016,-58.36633,6.563,358.27,2
T0001870,2026-03-19T14:09:00+00:00,2026-03-19T14:10:35+00:00,95,R0119,V0023,ST010,ST005,Microcentro,Almagro,-34.598502,-58.399031,-34.583016,-58.36633,2.867,227.93,0
T0001871,2026-04-05T22:29:00+00:00,2026-04-05T22:31:25+00:00,145,R0110,V0012,ST004,ST005,Caballito,Almagro,-34.593884,-58.383394,-34.583016,-58.36633,6.89,406.35,2
T0001872,2026-03-03T06:01:00+00:00,2026-03-03T06:08:39+00:00,459,R0077,V0049,ST016,ST012,Caballito,Palermo,-34.633031,-58.362781,-34.594241,-58.405192,6.575,503.63,80
T0001873,2026-05-08T15:33:00+00:00,2026-05-08T15:35:06+00:00,126,R0059,V0031,ST010,ST006,Microcentro,Villa Crespo,-34.598502,-58.399031,-34.635972,-58.409566,4.451,302.13,2
T0001874,2026-03-03T22:55:00+00:00,2026-03-03T22:58:07+00:00,187,R0073,V0007,ST010,ST016,Microcentro,Caballito,-34.598502,-58.399031,-34.633031,-58.362781,2.779,256.61,1
T0001875,2026-05-08T05:25:00+00:00,2026-05-08T05:31:54+00:00,414,R0019,V0077,ST001,ST009,Recoleta,Retiro,-34.610295,-58.397389,-34.570346,-58.412202,2.347,318.76,63
T0001876,2026-03-21T12:39:00+00:00,2026-03-21T12:43:09+00:00,249,R0107,V0079,ST019,ST018,Nunez,Villa Crespo,-34.591041,-58.407355,-34.576118,-58.346187,7.867,481.83,3
T0001877,2026-03-27T22:40:00+00:00,2026-03-27T22:52:00+00:00,720,R0077,V0051,ST016,ST014,Caballito,San Telmo,-34.633031,-58.362781,-34.578076,-58.40303,1.907,408.29,2
T0001878,2026-04-11T01:28:00+00:00,2026-04-11T01:30:10+00:00,130,R0098,V0002,ST013,ST009,Recoleta,Retiro,-34.609842,-58.376294,-34.570346,-58.412202,4.926,322.55,2
T0001879,2026-05-11T23:52:00+00:00,2026-05-11T23:59:08+00:00,428,R0073,V0028,ST020,ST021,Colegiales,Retiro,-34.611329,-58.358197,-34.587639,-58.392154,3.493,369.54,63
T0001880,2026-03-11T12:35:00+00:00,2026-03-11T12:40:42+00:00,342,R0008,V0005,ST019,ST015,Nunez,Belgrano,-34.591041,-58.407355,-34.625648,-58.392026,7.32,492.51,0
T0001881,2026-03-26T21:18:00+00:00,2026-03-26T21:24:39+00:00,399,R0050,V0067,ST003,ST021,Belgrano,Retiro,-34.576528,-58.407896,-34.587639,-58.392154,5.417,436.33,0
T0001882,2026-03-14T05:30:00+00:00,2026-03-14T05:32:14+00:00,134,R0036,V0032,ST020,ST022,Colegiales,Microcentro,-34.611329,-58.358197,-34.632494,-58.417063,3.027,247.96,3
T0001883,2026-05-07T18:30:00+00:00,2026-05-07T18:33:51+00:00,231,R0099,V0074,ST011,ST019,Chacarita,Nunez,-34.614375,-58.40349,-34.591041,-58.407355,7.552,462.92,1
T0001884,2026-03-25T00:47:00+00:00,2026-03-25T00:49:38+00:00,158,R0089,V0056,ST019,ST013,Nunez,Recoleta,-34.591041,-58.407355,-34.609842,-58.376294,6.13,380.48,61
T0001885,2026-03-04T03:58:00+00:00,2026-03-04T04:01:20+00:00,200,R0092,V0014,ST003,ST007,Belgrano,Nunez,-34.576528,-58.407896,-34.605502,-58.409497,6.592,413.69,0
T0001886,2026-04-09T13:34:00+00:00,2026-04-09T13:44:42+00:00,642,R0110,V0011,ST007,ST004,Nunez,Caballito,-34.605502,-58.409497,-34.593884,-58.383394,1.626,369.73,0
T0001887,2026-04-25T09:12:00+00:00,2026-04-25T09:19:59+00:00,479,R0056,V0011,ST012,ST001,Palermo,Recoleta,-34.594241,-58.405192,-34.610295,-58.397389,6.027,488.73,1
T0001888,2026-03-24T00:28:00+00:00,2026-03-24T00:31:46+00:00,226,R0102,V0008,ST003,ST020,Belgrano,Colegiales,-34.576528,-58.407896,-34.611329,-58.358197,7.323,452.03,3
T0001889,2026-03-20T03:01:00+00:00,2026-03-20T03:04:49+00:00,229,R0029,V0031,ST018,ST019,Villa Crespo,Nunez,-34.576118,-58.346187,-34.591041,-58.407355,3.565,302.76,0
T0001890,2026-05-29T17:25:00+00:00,2026-05-29T17:26:33+00:00,93,R0042,V0018,ST003,ST015,Belgrano,Belgrano,-34.576528,-58.407896,-34.625648,-58.392026,0.297,124.43,0
T0001891,2026-05-09T19:56:00+00:00,2026-05-09T19:59:05+00:00,185,R0089,V0020,ST005,ST003,Almagro,Belgrano,-34.583016,-58.36633,-34.576528,-58.407896,5.369,359.53,2
T0001892,2026-04-22T02:31:00+00:00,2026-04-22T02:32:08+00:00,68,R0080,V0028,ST005,ST016,Almagro,Caballito,-34.583016,-58.36633,-34.633031,-58.362781,6.086,347.24,1
T0001893,2026-04-08T00:03:00+00:00,2026-04-08T00:11:01+00:00,481,R0092,V0077,ST008,ST001,Colegiales,Recoleta,-34.60824,-58.367253,-34.610295,-58.397389,0.821,281.19,0
T0001894,2026-04-16T11:37:00+00:00,2026-04-16T11:38:03+00:00,63,R0047,V0013,ST012,ST021,Palermo,Retiro,-34.594241,-58.405192,-34.587639,-58.392154,6.836,375.48,0
T0001895,2026-03-12T09:40:00+00:00,2026-03-12T09:42:40+00:00,160,R0107,V0048,ST012,ST009,Palermo,Retiro,-34.594241,-58.405192,-34.570346,-58.412202,7.857,450.29,0
T0001896,2026-03-08T22:02:00+00:00,2026-03-08T22:05:43+00:00,223,R0099,V0045,ST005,ST005,Almagro,Almagro,-34.583016,-58.36633,-34.583016,-58.36633,0.199,166.01,63
T0001897,2026-04-09T02:09:00+00:00,2026-04-09T02:16:02+00:00,422,R0051,V0070,ST005,ST006,Almagro,Villa Crespo,-34.583016,-58.36633,-34.635972,-58.409566,0.633,253.01,0
T0001898,2026-05-22T21:39:00+00:00,2026-05-22T21:44:01+00:00,301,R0025,V0070,ST004,ST019,Caballito,Nunez,-34.593884,-58.383394,-34.591041,-58.407355,4.496,365.18,80
T0001899,2026-03-31T20:48:00+00:00,2026-03-31T20:55:22+00:00,442,R0023,V0065,ST000,ST005,Palermo,Almagro,-34.577947,-58.413815,-34.583016,-58.36633,3.099,358.67,2
T0001900,2026-05-04T04:49:00+00:00,2026-05-04T04:49:46+00:00,46,R0103,V0026,ST003,ST003,Belgrano,Belgrano,-34.576528,-58.407896,-34.576528,-58.407896,0.122,100.98,0
T0001901,2026-03-04T04:31:00+00:00,2026-03-04T04:37:08+00:00,368,R0007,V0011,ST015,ST004,Belgrano,Caballito,-34.625648,-58.392026,-34.593884,-58.383394,1.44,266.39,80
T0001902,2026-05-10T16:30:00+00:00,2026-05-10T16:33:56+00:00,236,R0116,V0007,ST012,ST020,Palermo,Colegiales,-34.594241,-58.405192,-34.611329,-58.358197,0.299,174.57,3
T0001903,2026-05-25T17:50:00+00:00,2026-05-25T17:54:52+00:00,292,R0028,V0061,ST021,ST004,Retiro,Caballito,-34.587639,-58.392154,-34.593884,-58.383394,0.418,198.93,80
T0001904,2026-05-18T06:20:00+00:00,2026-05-18T06:29:04+00:00,544,R0013,V0056,ST020,ST020,Colegiales,Colegiales,-34.611329,-58.358197,-34.611329,-58.358197,0.247,280.28,2
T0001905,2026-05-29T18:59:00+00:00,2026-05-29T19:07:39+00:00,519,R0054,V0033,ST010,ST005,Microcentro,Almagro,-34.598502,-58.399031,-34.583016,-58.36633,4.31,434.07,0
T0001906,2026-05-11T18:41:00+00:00,2026-05-11T18:42:14+00:00,74,R0026,V0051,ST020,ST015,Colegiales,Belgrano,-34.611329,-58.358197,-34.625648,-58.392026,0.84,139.5,1
T0001907,2026-05-22T07:02:00+00:00,2026-05-22T07:09:20+00:00,440,R0039,V0008,ST017,ST020,Almagro,Colegiales,-34.588172,-58.363104,-34.611329,-58.358197,4.882,429.27,61
T0001908,2026-05-08T13:37:00+00:00,2026-05-08T13:40:41+00:00,221,R0102,V0005,ST009,ST019,Retiro,Nunez,-34.570346,-58.412202,-34.591041,-58.407355,6.481,416.6,61
T0001909,2026-04-08T20:39:00+00:00,2026-04-08T20:56:06+00:00,1026,R0035,V0041,ST004,ST018,Caballito,Villa Crespo,-34.593884,-58.383394,-34.576118,-58.346187,4.446,616.93,0
T0001910,2026-05-21T13:33:00+00:00,2026-05-21T13:44:26+00:00,686,R0044,V0067,ST020,ST009,Colegiales,Retiro,-34.611329,-58.358197,-34.570346,-58.412202,7.416,616.74,2
T0001911,2026-05-08T13:22:00+00:00,2026-05-08T13:23:46+00:00,106,R0050,V0054,ST012,ST012,Palermo,Palermo,-34.594241,-58.405192,-34.594241,-58.405192,0.172,123.98,0
T0001912,2026-05-01T18:20:00+00:00,2026-05-01T18:24:37+00:00,277,R0004,V0048,ST016,ST021,Caballito,Retiro,-34.633031,-58.362781,-34.587639,-58.392154,7.768,487.67,61
T0001913,2026-04-25T05:15:00+00:00,2026-04-25T05:17:39+00:00,159,R0033,V0021,ST012,ST014,Palermo,San Telmo,-34.594241,-58.405192,-34.578076,-58.40303,7.328,428.79,1
T0001914,2026-03-10T23:59:00+00:00,2026-03-11T00:02:25+00:00,205,R0108,V0022,ST018,ST023,Villa Crespo,Chacarita,-34.576118,-58.346187,-34.580066,-58.364739,0.668,178.46,61
T0001915,2026-04-14T23:56:00+00:00,2026-04-15T00:01:25+00:00,325,R0035,V0046,ST006,ST016,Villa Crespo,Caballito,-34.635972,-58.409566,-34.633031,-58.362781,5.686,421.18,3
T0001916,2026-05-21T12:42:00+00:00,2026-05-21T12:46:17+00:00,257,R0111,V0027,ST013,ST002,Recoleta,San Telmo,-34.609842,-58.376294,-34.610974,-58.389171,0.222,178.83,80
T0001917,2026-03-01T13:38:00+00:00,2026-03-01T13:40:57+00:00,177,R0024,V0000,ST011,ST000,Chacarita,Palermo,-34.614375,-58.40349,-34.577947,-58.413815,6.292,393.63,2
T0001918,2026-04-17T22:00:00+00:00,2026-04-17T22:02:51+00:00,171,R0028,V0028,ST022,ST012,Microcentro,Palermo,-34.632494,-58.417063,-34.594241,-58.405192,4.648,325.78,80
T0001919,2026-04-04T19:00:00+00:00,2026-04-04T19:07:34+00:00,454,R0054,V0069,ST011,ST013,Chacarita,Recoleta,-34.614375,-58.40349,-34.609842,-58.376294,6.899,514.85,3
T0001920,2026-04-18T00:02:00+00:00,2026-04-18T00:05:37+00:00,217,R0072,V0074,ST010,ST007,Microcentro,Nunez,-34.598502,-58.399031,-34.605502,-58.409497,2.844,269.71,2
T0001921,2026-03-26T08:55:00+00:00,2026-03-26T08:57:15+00:00,135,R0031,V0063,ST009,ST022,Retiro,Microcentro,-34.570346,-58.412202,-34.632494,-58.417063,2.657,233.54,1
T0001922,2026-05-23T23:00:00+00:00,2026-05-23T23:09:43+00:00,583,R0073,V0074,ST015,ST009,Belgrano,Retiro,-34.625648,-58.392026,-34.570346,-58.412202,7.735,593.45,3
T0001923,2026-04-19T00:17:00+00:00,2026-04-19T00:20:29+00:00,209,R0099,V0058,ST002,ST017,San Telmo,Almagro,-34.610974,-58.389171,-34.588172,-58.363104,5.066,355.78,3
T0001924,2026-05-13T21:22:00+00:00,2026-05-13T21:25:51+00:00,231,R0042,V0040,ST005,ST005,Almagro,Almagro,-34.583016,-58.36633,-34.583016,-58.36633,0.353,174.97,63
T0001925,2026-05-24T05:59:00+00:00,2026-05-24T06:17:49+00:00,1129,R0072,V0039,ST023,ST003,Chacarita,Belgrano,-34.580066,-58.364739,-34.576528,-58.407896,6.333,728.45,1
T0001926,2026-04-20T06:35:00+00:00,2026-04-20T06:38:52+00:00,232,R0000,V0037,ST019,ST008,Nunez,Colegiales,-34.591041,-58.407355,-34.60824,-58.367253,7.593,464.91,0
T0001927,2026-03-07T15:11:00+00:00,2026-03-07T15:16:34+00:00,334,R0048,V0027,ST018,ST014,Villa Crespo,San Telmo,-34.576118,-58.346187,-34.578076,-58.40303,8.161,523.36,0
T0001928,2026-03-12T14:31:00+00:00,2026-03-12T14:35:23+00:00,263,R0052,V0042,ST018,ST001,Villa Crespo,Recoleta,-34.576118,-58.346187,-34.610295,-58.397389,2.233,261.37,3
T0001929,2026-04-12T22:43:00+00:00,2026-04-12T22:45:36+00:00,156,R0044,V0054,ST012,ST003,Palermo,Belgrano,-34.594241,-58.405192,-34.576528,-58.407896,1.87,209.4,3
T0001930,2026-04-08T06:55:00+00:00,2026-04-08T06:55:12+00:00,12,R0032,V0054,ST006,ST019,Villa Crespo,Nunez,-34.635972,-58.409566,-34.591041,-58.407355,8.121,409.05,61
T0001931,2026-03-02T12:24:00+00:00,2026-03-02T12:27:36+00:00,216,R0031,V0053,ST011,ST007,Chacarita,Nunez,-34.614375,-58.40349,-34.605502,-58.409497,3.598,299.53,2
T0001932,2026-05-09T01:12:00+00:00,2026-05-09T01:16:06+00:00,246,R0015,V0056,ST012,ST008,Palermo,Colegiales,-34.594241,-58.405192,-34.60824,-58.367253,7.925,483.08,2
T0001933,2026-03-18T19:34:00+00:00,2026-03-18T19:38:42+00:00,282,R0044,V0032,ST003,ST001,Belgrano,Recoleta,-34.576528,-58.407896,-34.610295,-58.397389,6.663,445.23,1
T0001934,2026-04-11T09:19:00+00:00,2026-04-11T09:20:59+00:00,119,R0028,V0002,ST012,ST010,Palermo,Microcentro,-34.594241,-58.405192,-34.598502,-58.399031,7.879,436.81,1
T0001935,2026-03-03T21:28:00+00:00,2026-03-03T21:36:15+00:00,495,R0045,V0066,ST002,ST021,San Telmo,Retiro,-34.610974,-58.389171,-34.587639,-58.392154,1.767,323.95,0
T0001936,2026-05-18T04:53:00+00:00,2026-05-18T04:54:29+00:00,89,R0040,V0013,ST019,ST004,Nunez,Caballito,-34.591041,-58.407355,-34.593884,-58.383394,0.818,143.86,2
T0001937,2026-04-23T22:09:00+00:00,2026-04-23T22:11:39+00:00,159,R0079,V0048,ST008,ST009,Colegiales,Retiro,-34.60824,-58.367253,-34.570346,-58.412202,7.431,432.88,3
T0001938,2026-04-30T12:52:00+00:00,2026-04-30T12:56:03+00:00,243,R0061,V0011,ST001,ST005,Recoleta,Almagro,-34.610295,-58.397389,-34.583016,-58.36633,5.764,395.59,0
T0001939,2026-04-09T11:35:00+00:00,2026-04-09T11:36:58+00:00,118,R0036,V0028,ST018,ST014,Villa Crespo,San Telmo,-34.576118,-58.346187,-34.578076,-58.40303,2.274,212.25,1
T0001940,2026-03-16T21:58:00+00:00,2026-03-16T22:01:19+00:00,199,R0101,V0000,ST003,ST012,Belgrano,Palermo,-34.576528,-58.407896,-34.594241,-58.405192,0.396,165.48,0
T0001941,2026-04-27T13:23:00+00:00,2026-04-27T13:30:32+00:00,452,R0004,V0030,ST005,ST014,Almagro,San Telmo,-34.583016,-58.36633,-34.578076,-58.40303,8.259,568.55,0
T0001942,2026-04-12T21:38:00+00:00,2026-04-12T21:39:18+00:00,78,R0078,V0049,ST002,ST009,San Telmo,Retiro,-34.610974,-58.389171,-34.570346,-58.412202,1.268,158.04,2
T0001943,2026-03-14T12:13:00+00:00,2026-03-14T12:18:04+00:00,304,R0111,V0006,ST018,ST015,Villa Crespo,Belgrano,-34.576118,-58.346187,-34.625648,-58.392026,2.127,271.49,3
T0001944,2026-04-14T14:57:00+00:00,2026-04-14T14:59:00+00:00,120,R0084,V0049,ST019,ST000,Nunez,Palermo,-34.591041,-58.407355,-34.577947,-58.413815,0.777,153.09,61
T0001945,2026-03-13T20:53:00+00:00,2026-03-13T21:07:36+00:00,876,R0052,V0017,ST009,ST002,Retiro,San Telmo,-34.570346,-58.412202,-34.610974,-58.389171,4.181,553.82,0
T0001946,2026-03-29T08:00:00+00:00,2026-03-29T08:04:00+00:00,240,R0114,V0061,ST017,ST006,Almagro,Villa Crespo,-34.588172,-58.363104,-34.635972,-58.409566,6.217,412.68,0
T0001947,2026-03-20T07:56:00+00:00,2026-03-20T07:57:51+00:00,111,R0013,V0005,ST003,ST004,Belgrano,Caballito,-34.576528,-58.407896,-34.593884,-58.383394,0.46,137.26,2
T0001948,2026-05-23T01:35:00+00:00,2026-05-23T01:44:24+00:00,564,R0104,V0051,ST018,ST020,Villa Crespo,Colegiales,-34.576118,-58.346187,-34.611329,-58.358197,5.863,511.92,0
T0001949,2026-05-14T11:29:00+00:00,2026-05-14T11:30:46+00:00,106,R0018,V0003,ST009,ST023,Retiro,Chacarita,-34.570346,-58.412202,-34.580066,-58.364739,2.302,209.19,61
T0001950,2026-04-05T16:41:00+00:00,2026-04-05T16:44:35+00:00,215,R0045,V0018,ST012,ST012,Palermo,Palermo,-34.594241,-58.405192,-34.594241,-58.405192,0.333,168.57,80
T0001951,2026-03-28T18:15:00+00:00,2026-03-28T18:18:01+00:00,181,R0002,V0015,ST009,ST007,Retiro,Nunez,-34.570346,-58.412202,-34.605502,-58.409497,2.657,249.65,0
T0001952,2026-03-20T12:16:00+00:00,2026-03-20T12:26:28+00:00,628,R0118,V0038,ST001,ST011,Recoleta,Chacarita,-34.610295,-58.397389,-34.614375,-58.40349,2.941,417.45,0
T0001953,2026-03-27T20:05:00+00:00,2026-03-27T20:09:29+00:00,269,R0017,V0056,ST010,ST005,Microcentro,Almagro,-34.598502,-58.399031,-34.583016,-58.36633,6.622,439.02,0
T0001954,2026-05-26T04:52:00+00:00,2026-05-26T04:54:37+00:00,157,R0052,V0023,ST005,ST015,Almagro,Belgrano,-34.583016,-58.36633,-34.625648,-58.392026,3.492,274.62,0
T0001955,2026-05-05T17:12:00+00:00,2026-05-05T17:15:37+00:00,217,R0019,V0000,ST007,ST010,Nunez,Microcentro,-34.605502,-58.409497,-34.598502,-58.399031,7.911,472.38,63
T0001956,2026-05-19T21:39:00+00:00,2026-05-19T21:42:49+00:00,229,R0080,V0029,ST011,ST016,Chacarita,Caballito,-34.614375,-58.40349,-34.633031,-58.362781,7.533,461.47,0
T0001957,2026-04-06T20:45:00+00:00,2026-04-06T20:47:09+00:00,129,R0101,V0034,ST002,ST022,San Telmo,Microcentro,-34.610974,-58.389171,-34.632494,-58.417063,0.516,145.78,61
T0001958,2026-03-04T15:09:00+00:00,2026-03-04T15:13:22+00:00,262,R0082,V0036,ST009,ST006,Retiro,Villa Crespo,-34.570346,-58.412202,-34.635972,-58.409566,1.268,222.41,1
T0001959,2026-04-03T04:43:00+00:00,2026-04-03T04:47:04+00:00,244,R0056,V0039,ST007,ST005,Nunez,Almagro,-34.605502,-58.409497,-34.583016,-58.36633,2.162,251.89,80
T0001960,2026-03-03T03:27:00+00:00,2026-03-03T03:30:26+00:00,206,R0093,V0038,ST021,ST003,Retiro,Belgrano,-34.587639,-58.392154,-34.576528,-58.407896,6.712,420.6,0
T0001961,2026-04-02T21:18:00+00:00,2026-04-02T21:23:35+00:00,335,R0096,V0030,ST008,ST004,Colegiales,Caballito,-34.60824,-58.367253,-34.593884,-58.383394,6.817,469.93,2
T0001962,2026-05-28T11:46:00+00:00,2026-05-28T11:51:07+00:00,307,R0075,V0072,ST013,ST001,Recoleta,Recoleta,-34.609842,-58.376294,-34.610295,-58.397389,0.389,202.99,0
T0001963,2026-03-25T17:26:00+00:00,2026-03-25T17:29:21+00:00,201,R0020,V0046,ST014,ST018,San Telmo,Villa Crespo,-34.578076,-58.40303,-34.576118,-58.346187,1.51,210.74,61
T0001964,2026-05-24T18:15:00+00:00,2026-05-24T18:22:58+00:00,478,R0094,V0041,ST014,ST013,San Telmo,Recoleta,-34.578076,-58.40303,-34.609842,-58.376294,7.087,530.76,2
T0001965,2026-04-23T18:34:00+00:00,2026-04-23T18:39:11+00:00,311,R0104,V0021,ST017,ST020,Almagro,Colegiales,-34.588172,-58.363104,-34.611329,-58.358197,5.3,400.85,3
T0001966,2026-04-07T03:45:00+00:00,2026-04-07T03:56:31+00:00,691,R0076,V0001,ST003,ST019,Belgrano,Nunez,-34.576528,-58.407896,-34.591041,-58.407355,0.172,328.72,0
T0001967,2026-04-28T21:07:00+00:00,2026-04-28T21:27:36+00:00,1236,R0072,V0059,ST010,ST002,Microcentro,San Telmo,-34.598502,-58.399031,-34.610974,-58.389171,4.297,684.5,63
T0001968,2026-04-19T06:32:00+00:00,2026-04-19T06:35:02+00:00,182,R0065,V0011,ST018,ST002,Villa Crespo,San Telmo,-34.576118,-58.346187,-34.610974,-58.389171,1.449,201.65,0
T0001969,2026-05-14T09:57:00+00:00,2026-05-14T09:59:38+00:00,158,R0104,V0011,ST017,ST000,Almagro,Palermo,-34.588172,-58.363104,-34.577947,-58.413815,5.517,355.98,1
T0001970,2026-03-30T11:16:00+00:00,2026-03-30T11:21:24+00:00,324,R0042,V0075,ST004,ST022,Caballito,Microcentro,-34.593884,-58.383394,-34.632494,-58.417063,6.424,450.35,0
T0001971,2026-05-13T11:06:00+00:00,2026-05-13T11:11:12+00:00,312,R0040,V0076,ST016,ST009,Caballito,Retiro,-34.633031,-58.362781,-34.570346,-58.412202,1.634,254.55,3
T0001972,2026-04-01T07:45:00+00:00,2026-04-01T08:01:18+00:00,978,R0118,V0006,ST008,ST002,Colegiales,San Telmo,-34.60824,-58.367253,-34.610974,-58.389171,1.714,490.87,61
T0001973,2026-04-17T12:00:00+00:00,2026-04-17T12:08:00+00:00,480,R0002,V0060,ST018,ST010,Villa Crespo,Microcentro,-34.576118,-58.346187,-34.598502,-58.399031,4.795,439.8,3
T0001974,2026-03-24T06:08:00+00:00,2026-03-24T06:09:38+00:00,98,R0118,V0069,ST003,ST019,Belgrano,Nunez,-34.576528,-58.407896,-34.591041,-58.407355,5.157,320.58,1
T0001975,2026-03-13T16:56:00+00:00,2026-03-13T16:58:58+00:00,178,R0001,V0006,ST002,ST023,San Telmo,Chacarita,-34.610974,-58.389171,-34.580066,-58.364739,1.618,207.0,80
T0001976,2026-03-14T14:25:00+00:00,2026-03-14T14:37:40+00:00,760,R0087,V0018,ST019,ST008,Nunez,Colegiales,-34.591041,-58.407355,-34.60824,-58.367253,1.877,421.07,0
T0001977,2026-03-11T08:52:00+00:00,2026-03-11T08:54:35+00:00,155,R0101,V0079,ST003,ST002,Belgrano,San Telmo,-34.576528,-58.407896,-34.610974,-58.389171,2.909,250.61,3
T0001978,2026-03-10T08:40:00+00:00,2026-03-10T08:44:41+00:00,281,R0090,V0067,ST017,ST022,Almagro,Microcentro,-34.588172,-58.363104,-34.632494,-58.417063,3.923,335.28,2
T0001979,2026-03-22T00:33:00+00:00,2026-03-22T00:42:07+00:00,547,R0043,V0032,ST019,ST009,Nunez,Retiro,-34.591041,-58.407355,-34.570346,-58.412202,8.088,594.97,2
T0001980,2026-03-01T23:22:00+00:00,2026-03-01T23:30:37+00:00,517,R0085,V0019,ST009,ST000,Retiro,Palermo,-34.570346,-58.412202,-34.577947,-58.413815,0.99,300.55,80
T0001981,2026-03-05T14:12:00+00:00,2026-03-05T14:17:57+00:00,357,R0001,V0030,ST017,ST008,Almagro,Colegiales,-34.588172,-58.363104,-34.60824,-58.367253,3.824,357.92,0
T0001982,2026-04-29T19:20:00+00:00,2026-04-29T19:22:05+00:00,125,R0114,V0020,ST005,ST018,Almagro,Villa Crespo,-34.583016,-58.36633,-34.576118,-58.346187,6.57,386.56,63
T0001983,2026-04-18T20:51:00+00:00,2026-04-18T20:55:42+00:00,282,R0022,V0061,ST008,ST015,Colegiales,Belgrano,-34.60824,-58.367253,-34.625648,-58.392026,6.306,430.95,80
T0001984,2026-05-01T14:30:00+00:00,2026-05-01T14:33:23+00:00,203,R0058,V0027,ST006,ST020,Villa Crespo,Colegiales,-34.635972,-58.409566,-34.611329,-58.358197,5.143,356.78,2
T0001985,2026-03-28T08:25:00+00:00,2026-03-28T08:27:18+00:00,138,R0016,V0043,ST015,ST001,Belgrano,Recoleta,-34.625648,-58.392026,-34.610295,-58.397389,4.721,317.13,80
T0001986,2026-03-24T13:44:00+00:00,2026-03-24T13:49:21+00:00,321,R0023,V0058,ST009,ST017,Retiro,Almagro,-34.570346,-58.412202,-34.588172,-58.363104,3.607,336.63,0
T0001987,2026-04-23T20:24:00+00:00,2026-04-23T20:26:11+00:00,131,R0050,V0069,ST007,ST003,Nunez,Belgrano,-34.605502,-58.409497,-34.576528,-58.407896,7.353,419.96,0
T0001988,2026-04-22T11:14:00+00:00,2026-04-22T11:18:35+00:00,275,R0118,V0076,ST012,ST019,Palermo,Nunez,-34.594241,-58.405192,-34.591041,-58.407355,8.326,509.29,80
T0001989,2026-04-07T10:55:00+00:00,2026-04-07T10:57:45+00:00,165,R0084,V0056,ST016,ST011,Caballito,Chacarita,-34.633031,-58.362781,-34.614375,-58.40349,6.907,414.05,80
T0001990,2026-03-12T07:42:00+00:00,2026-03-12T07:46:58+00:00,298,R0095,V0073,ST008,ST014,Colegiales,San Telmo,-34.60824,-58.367253,-34.578076,-58.40303,2.713,292.84,2
T0001991,2026-05-07T06:18:00+00:00,2026-05-07T06:21:00+00:00,180,R0082,V0034,ST021,ST001,Retiro,Recoleta,-34.587639,-58.392154,-34.610295,-58.397389,0.236,152.46,80
T0001992,2026-04-08T08:01:00+00:00,2026-04-08T08:03:07+00:00,127,R0014,V0047,ST003,ST012,Belgrano,Palermo,-34.576528,-58.407896,-34.594241,-58.405192,4.409,300.81,80
T0001993,2026-03-05T21:50:00+00:00,2026-03-05T21:51:29+00:00,89,R0047,V0020,ST008,ST014,Colegiales,San Telmo,-34.60824,-58.367253,-34.578076,-58.40303,0.947,149.02,0
T0001994,2026-04-12T06:33:00+00:00,2026-04-12T06:35:53+00:00,173,R0067,V0045,ST009,ST016,Retiro,Caballito,-34.570346,-58.412202,-34.633031,-58.362781,7.693,448.26,2
T0001995,2026-05-16T23:43:00+00:00,2026-05-16T23:45:11+00:00,131,R0117,V0021,ST011,ST020,Chacarita,Colegiales,-34.614375,-58.40349,-34.611329,-58.358197,4.076,288.9,2
T0001996,2026-04-06T11:22:00+00:00,2026-04-06T11:23:27+00:00,87,R0032,V0023,ST009,ST010,Retiro,Microcentro,-34.570346,-58.412202,-34.598502,-58.399031,3.934,267.81,2
T0001997,2026-04-23T08:22:00+00:00,2026-04-23T08:24:40+00:00,160,R0001,V0065,ST010,ST013,Microcentro,Recoleta,-34.598502,-58.399031,-34.609842,-58.376294,8.34,469.58,61
T0001998,2026-04-12T04:33:00+00:00,2026-04-12T04:35:28+00:00,148,R0099,V0007,ST019,ST013,Nunez,Recoleta,-34.591041,-58.407355,-34.609842,-58.376294,2.81,244.2,3
T0001999,2026-05-02T11:25:00+00:00,2026-05-02T11:27:55+00:00,175,R0108,V0016,ST015,ST011,Belgrano,Chacarita,-34.625648,-58.392026,-34.614375,-58.40349,1.466,199.88,0
